"","SNP","effect_allele.exposure","other_allele.exposure","effect_allele.outcome","other_allele.outcome","beta.exposure","beta.outcome","eaf.exposure","eaf.outcome","remove","palindromic","ambiguous","id.outcome","pos.outcome","pval.outcome","se.outcome","outcome","mr_keep.outcome","pval_origin.outcome","data_source.outcome","chr.exposure","pos.exposure","se.exposure","pval.exposure","exposure","mr_keep.exposure","pval_origin.exposure","id.exposure","action","mr_keep","samplesize.outcome"
"1","rs1004787","A","G","A","G",0.0284143427641967,-0.0236526,0.552,0.624656,FALSE,FALSE,FALSE,"Dc9PNG",44931952,0.0112525,0.00933128,"outcome",TRUE,"reported","textfile",2,"45159091",0.00256203500595084,1.11e-28,"SmoInit",TRUE,"reported","G8JOQX",2,TRUE,NA
"2","rs10060196","A","C","A","C",0.0183115763240156,-0.0229605,0.580606,0.626338,FALSE,FALSE,FALSE,"Dc9PNG",107120287,0.0137972,0.00932406,"outcome",TRUE,"reported","textfile",5,"106455988",0.00258191380106852,1.29e-12,"SmoInit",TRUE,"reported","G8JOQX",2,TRUE,NA
"3","rs1008078","T","C","T","C",0.0228169281970342,0.0157252,0.402,0.56602,FALSE,FALSE,FALSE,"Dc9PNG",90724174,0.0858124,0.00915366,"outcome",TRUE,"reported","textfile",1,"91189731",0.0025985434719719,1.63e-18,"SmoInit",TRUE,"reported","G8JOQX",2,TRUE,NA
"4","rs1022376","C","T","C","T",-0.0147448388634785,0.00422877,0.515821,0.534058,FALSE,FALSE,FALSE,"Dc9PNG",21844341,0.640733,0.00906149,"outcome",TRUE,"reported","textfile",2,"22067213",0.00261062618216545,1.66e-08,"SmoInit",TRUE,"reported","G8JOQX",2,TRUE,NA
"5","rs10233018","G","A","G","A",0.0246124036923026,-0.00956238,0.516,0.597213,FALSE,FALSE,FALSE,"Dc9PNG",117883655,0.300343,0.00923278,"outcome",TRUE,"reported","textfile",7,"117523709",0.00254944750286814,4.77e-22,"SmoInit",TRUE,"reported","G8JOQX",2,TRUE,NA
"6","rs10279261","A","G","A","G",-0.0188726361055845,0.00588252,0.618,0.641049,FALSE,FALSE,FALSE,"Dc9PNG",133905093,0.532705,0.00942892,"outcome",TRUE,"reported","textfile",7,"133589846",0.00262221130993186,6.05e-13,"SmoInit",TRUE,"reported","G8JOQX",2,TRUE,NA
"7","rs1030015","T","G","T","G",0.014289634882684,0.00630965,0.519564,0.495201,FALSE,FALSE,FALSE,"Dc9PNG",78510264,0.486063,0.00905801,"outcome",TRUE,"reported","textfile",7,"78139581",0.00255009469713275,2.15e-08,"SmoInit",TRUE,"reported","G8JOQX",2,TRUE,NA
"8","rs10446419","G","A","G","A",-0.0195626336224949,-0.00721815,0.207,0.217364,FALSE,FALSE,FALSE,"Dc9PNG",25684010,0.510933,0.0109801,"outcome",TRUE,"reported","textfile",3,"25725501",0.00314464654906591,5.05e-10,"SmoInit",TRUE,"reported","G8JOQX",2,TRUE,NA
"9","rs10490159","T","C","T","C",0.0172365324259487,-0.0233969,0.394,0.36848,FALSE,FALSE,FALSE,"Dc9PNG",51114121,0.0124057,0.00935733,"outcome",TRUE,"reported","textfile",2,"51341259",0.00260740913197035,3.86e-11,"SmoInit",TRUE,"reported","G8JOQX",2,TRUE,NA
"10","rs1050847","T","C","T","C",-0.0148300166955147,0.007021,0.559,0.507914,FALSE,FALSE,FALSE,"Dc9PNG",87410128,0.439073,0.00907389,"outcome",TRUE,"reported","textfile",16,"87443734",0.00256606945167423,7.37e-09,"SmoInit",TRUE,"reported","G8JOQX",2,TRUE,NA
"11","rs10698713","A","G","A","G",-0.0335170218571916,-0.136143,0.0544,0.017931,FALSE,FALSE,FALSE,"Dc9PNG",158461288,0.000103586,0.03507,"outcome",TRUE,"reported","textfile",6,"158882320",0.00561746562616172,2.38e-09,"SmoInit",TRUE,"reported","G8JOQX",2,TRUE,NA
"12","rs10789369","G","A","G","A",-0.0234483812495865,0.00648626,0.615,0.639964,FALSE,FALSE,FALSE,"Dc9PNG",73359226,0.49025,0.00940159,"outcome",TRUE,"reported","textfile",1,"73824909",0.00261833784254063,3.39e-19,"SmoInit",TRUE,"reported","G8JOQX",2,TRUE,NA
"13","rs10805858","T","A","T","A",0.018124112672701,0.0213391,0.335286,0.33006,FALSE,TRUE,FALSE,"Dc9PNG",89578015,0.0270072,0.00964951,"outcome",TRUE,"reported","textfile",5,"88873832",0.00269878621059218,1.88e-11,"SmoInit",TRUE,"reported","G8JOQX",2,TRUE,NA
"14","rs10853981","A","G","A","G",0.0147872465733797,0.00339887,0.33036,0.26959,FALSE,FALSE,FALSE,"Dc9PNG",4965053,0.738921,0.0101981,"outcome",TRUE,"reported","textfile",19,"4965064",0.00270881398316067,4.88e-08,"SmoInit",TRUE,"reported","G8JOQX",2,TRUE,NA
"15","rs10858334","G","C","G","C",0.022870980938688,3.40559e-05,0.14,0.078296,FALSE,TRUE,FALSE,"Dc9PNG",135097939,0.998386,0.0168313,"outcome",TRUE,"reported","textfile",9,"137989785",0.00375996610500044,1.18e-09,"SmoInit",TRUE,"reported","G8JOQX",2,TRUE,NA
"16","rs10873871","G","A","G","A",0.0174520800792171,-0.0119336,0.207,0.202884,FALSE,FALSE,FALSE,"Dc9PNG",76223334,0.289048,0.0112559,"outcome",TRUE,"reported","textfile",1,"76689019",0.00314464654906591,2.82e-08,"SmoInit",TRUE,"reported","G8JOQX",2,TRUE,NA
"17","rs10885480","C","T","C","T",-0.0186774955897606,0.00710251,0.284,0.3023,FALSE,FALSE,FALSE,"Dc9PNG",113618605,0.471277,0.00985907,"outcome",TRUE,"reported","textfile",10,"115378364",0.00282538687942609,3.83e-11,"SmoInit",TRUE,"reported","G8JOQX",2,TRUE,NA
"18","rs10905461","C","T","C","T",-0.0163915428331727,-0.0159801,0.748,0.839931,FALSE,FALSE,FALSE,"Dc9PNG",8761588,0.193978,0.0123027,"outcome",TRUE,"reported","textfile",10,"8803551",0.00293455690782236,2.36e-08,"SmoInit",TRUE,"reported","G8JOQX",2,TRUE,NA
"19","rs10914684","A","G","A","G",-0.0158038428531466,-0.0103184,0.324,0.336297,FALSE,FALSE,FALSE,"Dc9PNG",33329971,0.279617,0.00954365,"outcome",TRUE,"reported","textfile",1,"33795572",0.00272237377287851,6.32e-09,"SmoInit",TRUE,"reported","G8JOQX",2,TRUE,NA
"20","rs10935779","T","C","T","C",-0.0143271831132136,-0.00862566,0.415,0.450465,FALSE,FALSE,FALSE,"Dc9PNG",149825315,0.342806,0.0090927,"outcome",TRUE,"reported","textfile",3,"149543102",0.00258578030838715,2.95e-08,"SmoInit",TRUE,"reported","G8JOQX",2,TRUE,NA
"21","rs10945141","A","G","A","G",0.0181417117497388,-0.0101419,0.263,0.237312,FALSE,FALSE,FALSE,"Dc9PNG",68760817,0.34089,0.0106487,"outcome",TRUE,"reported","textfile",6,"69470709",0.00289388978659556,3.59e-10,"SmoInit",TRUE,"reported","G8JOQX",2,TRUE,NA
"22","rs10953957","A","G","A","G",0.014405790066301,0.0199562,0.386,0.399638,FALSE,FALSE,FALSE,"Dc9PNG",122314655,0.031027,0.00925303,"outcome",TRUE,"reported","textfile",7,"121954709",0.00261707258061795,3.66e-08,"SmoInit",TRUE,"reported","G8JOQX",2,TRUE,NA
"23","rs10966092","C","T","C","T",-0.0204861923284094,-0.00895567,0.267,0.332689,FALSE,FALSE,FALSE,"Dc9PNG",23831660,0.35012,0.00958486,"outcome",TRUE,"reported","textfile",9,"23831658",0.00287995689236987,1.12e-12,"SmoInit",TRUE,"reported","G8JOQX",2,TRUE,NA
"24","rs10969352","A","T","A","T",0.0143467401373709,0.0196405,0.5,0.447101,FALSE,TRUE,TRUE,"Dc9PNG",29747490,0.0304138,0.00907323,"outcome",TRUE,"reported","textfile",9,"29747488",0.00254814185141429,1.82e-08,"SmoInit",TRUE,"reported","G8JOQX",2,FALSE,NA
"25","rs11057005","G","A","G","A",-0.0157139020028632,-0.00500233,0.441,0.545324,FALSE,FALSE,FALSE,"Dc9PNG",16595787,0.583324,0.00911944,"outcome",TRUE,"reported","textfile",12,"16748721",0.00256606945167423,9.12e-10,"SmoInit",TRUE,"reported","G8JOQX",2,TRUE,NA
"26","rs1106363","T","C","T","C",0.017374554238077,0.00642118,0.344579,0.433615,FALSE,FALSE,FALSE,"Dc9PNG",132096370,0.48166,0.00912573,"outcome",TRUE,"reported","textfile",11,"131966264",0.00268095192303335,9.2e-11,"SmoInit",TRUE,"reported","G8JOQX",2,TRUE,NA
"27","rs11076962","C","T","C","T",0.0182998664190876,0.0139255,0.279,0.248327,FALSE,FALSE,FALSE,"Dc9PNG",5761366,0.182766,0.0104523,"outcome",TRUE,"reported","textfile",16,"5811367",0.0028406901883061,1.2e-10,"SmoInit",TRUE,"reported","G8JOQX",2,TRUE,NA
"28","rs1108130","A","T","A","T",0.0239435516621278,0.00117318,0.212,0.253136,FALSE,TRUE,FALSE,"Dc9PNG",99996102,0.910238,0.0104062,"outcome",TRUE,"reported","textfile",13,"100648356",0.00311718491590551,1.57e-14,"SmoInit",TRUE,"reported","G8JOQX",2,TRUE,NA
"29","rs1109480","A","G","A","G",-0.016691703198282,0.00886764,0.384,0.3549,FALSE,FALSE,FALSE,"Dc9PNG",120645476,0.352182,0.00953135,"outcome",TRUE,"reported","textfile",12,"121083279",0.00261961601583743,1.84e-10,"SmoInit",TRUE,"reported","G8JOQX",2,TRUE,NA
"30","rs11128203","A","T","A","T",0.0204059665559331,0.00172862,0.53,0.505017,FALSE,TRUE,TRUE,"Dc9PNG",71015280,0.848644,0.00905752,"outcome",TRUE,"reported","textfile",3,"71064431",0.00255274092798555,1.29e-15,"SmoInit",TRUE,"reported","G8JOQX",2,FALSE,NA
"31","rs11162019","T","C","T","C",-0.0154947163221235,0.00115715,0.363,0.31409,FALSE,FALSE,FALSE,"Dc9PNG",87447493,0.905341,0.00973069,"outcome",TRUE,"reported","textfile",1,"87913176",0.00264954058636653,5.06e-09,"SmoInit",TRUE,"reported","G8JOQX",2,TRUE,NA
"32","rs1116690","G","A","G","A",0.0162912334988931,0.000851328,0.742,0.760676,FALSE,FALSE,FALSE,"Dc9PNG",142588995,0.935855,0.0105781,"outcome",TRUE,"reported","textfile",4,"143510148",0.00291193582568195,2.16e-08,"SmoInit",TRUE,"reported","G8JOQX",2,TRUE,NA
"33","rs11192347","A","G","A","G",-0.0264500127592952,0.017361,0.104,0.0710235,FALSE,FALSE,FALSE,"Dc9PNG",105169555,0.321095,0.0174973,"outcome",TRUE,"reported","textfile",10,"106929313",0.00427392108434006,6.15e-10,"SmoInit",TRUE,"reported","G8JOQX",2,TRUE,NA
"34","rs11258417","T","C","T","C",-0.0145136224014371,-0.00702287,0.391,0.32032,FALSE,FALSE,FALSE,"Dc9PNG",13491053,0.471646,0.00975664,"outcome",TRUE,"reported","textfile",10,"13533053",0.00261093812705026,2.71e-08,"SmoInit",TRUE,"reported","G8JOQX",2,TRUE,NA
"35","rs1126757","T","C","T","C",0.0141622770326115,-0.0102357,0.473,0.56478,FALSE,FALSE,FALSE,"Dc9PNG",55368504,0.261676,0.00911913,"outcome",TRUE,"reported","textfile",19,"55879872",0.00255186518715053,2.92e-08,"SmoInit",TRUE,"reported","G8JOQX",2,TRUE,NA
"36","rs112725451","T","C","T","C",0.026092001115637,0.00501311,0.169,0.189377,FALSE,FALSE,FALSE,"Dc9PNG",67151992,0.664538,0.0115601,"outcome",TRUE,"reported","textfile",4,"68017710",0.0033997715947909,1.65e-14,"SmoInit",TRUE,"reported","G8JOQX",2,TRUE,NA
"37","rs113230003","A","G","A","G",-0.0188761494045352,-0.0205477,0.255,0.211898,FALSE,FALSE,FALSE,"Dc9PNG",18350146,0.0630043,0.0110522,"outcome",TRUE,"reported","textfile",19,"18460956",0.00292311148053473,1.05e-10,"SmoInit",TRUE,"reported","G8JOQX",2,TRUE,NA
"38","rs1139897","A","G","A","G",-0.0240871922890012,0.003288,0.23,0.353962,FALSE,FALSE,FALSE,"Dc9PNG",670986,0.727626,0.00944053,"outcome",TRUE,"reported","textfile",16,"720986",0.00302750120470783,1.77e-15,"SmoInit",TRUE,"reported","G8JOQX",2,TRUE,NA
"39","rs1150668","G","T","G","T",-0.0185103038719593,-0.0184375,0.419,0.462337,FALSE,FALSE,FALSE,"Dc9PNG",28162011,0.0423506,0.00908224,"outcome",TRUE,"reported","textfile",6,"28129789",0.00258689360886741,8.54e-13,"SmoInit",TRUE,"reported","G8JOQX",2,TRUE,NA
"40","rs11594623","C","T","C","T",0.0274395987738761,0.0141626,0.234241,0.232221,FALSE,FALSE,FALSE,"Dc9PNG",102200594,0.186869,0.0107301,"outcome",TRUE,"reported","textfile",10,"103960351",0.00300826501889942,7.45e-20,"SmoInit",TRUE,"reported","G8JOQX",2,TRUE,NA
"41","rs1160685","G","C","G","C",0.0153017150999146,-0.0133848,0.45,0.378834,FALSE,TRUE,TRUE,"Dc9PNG",93131703,0.152126,0.00934655,"outcome",TRUE,"reported","textfile",4,"94052854",0.00256097891931598,2.31e-09,"SmoInit",TRUE,"reported","G8JOQX",2,FALSE,NA
"42","rs11611651","A","G","A","G",0.0271142761895211,-0.00257856,0.0868,0.0471009,FALSE,FALSE,FALSE,"Dc9PNG",132804204,0.904239,0.0214328,"outcome",TRUE,"reported","textfile",12,"133380790",0.00452533559069401,2.05e-09,"SmoInit",TRUE,"reported","G8JOQX",2,TRUE,NA
"43","rs11642231","A","G","A","G",-0.0155983426396819,0.0090282,0.369,0.443907,FALSE,FALSE,FALSE,"Dc9PNG",89542294,0.32434,0.0091603,"outcome",TRUE,"reported","textfile",16,"89608702",0.00264037579326386,3.44e-09,"SmoInit",TRUE,"reported","G8JOQX",2,TRUE,NA
"44","rs11651955","A","G","A","G",-0.0140263859163491,-0.0117074,0.499,0.487414,FALSE,FALSE,FALSE,"Dc9PNG",16332148,0.195494,0.00904398,"outcome",TRUE,"reported","textfile",17,"16235462",0.00254814694771328,3.74e-08,"SmoInit",TRUE,"reported","G8JOQX",2,TRUE,NA
"45","rs11692435","A","G","A","G",0.0250526290454763,-0.0214939,0.0848,0.233393,FALSE,FALSE,FALSE,"Dc9PNG",97658891,0.0461753,0.0107804,"outcome",TRUE,"reported","textfile",2,"98275354",0.00458160573453205,4.47e-08,"SmoInit",TRUE,"reported","G8JOQX",2,TRUE,NA
"46","rs11713899","C","A","C","A",0.0187188428376795,0.000621932,0.171,0.162434,FALSE,FALSE,FALSE,"Dc9PNG",2323342,0.959488,0.0122437,"outcome",TRUE,"reported","textfile",3,"2365026",0.00338390595551107,3.15e-08,"SmoInit",TRUE,"reported","G8JOQX",2,TRUE,NA
"47","rs1173461","T","C","T","C",0.0166091725862538,0.00418384,0.327,0.318214,FALSE,FALSE,FALSE,"Dc9PNG",158280563,0.666369,0.00970423,"outcome",TRUE,"reported","textfile",5,"157707571",0.00271589012993163,9.51e-10,"SmoInit",TRUE,"reported","G8JOQX",2,TRUE,NA
"48","rs117657830","G","A","G","A",-0.0377596875423349,-0.0483459,0.0417,0.0165439,FALSE,FALSE,FALSE,"Dc9PNG",75732975,0.169864,0.0352211,"outcome",TRUE,"reported","textfile",16,"75766873",0.0063734536771502,3.18e-09,"SmoInit",TRUE,"reported","G8JOQX",2,TRUE,NA
"49","rs11766326","C","T","C","T",-0.0175439611879407,-0.00315851,0.506,0.533411,FALSE,FALSE,FALSE,"Dc9PNG",111460529,0.727391,0.0090606,"outcome",TRUE,"reported","textfile",7,"111100585",0.00260950684557043,1.79e-11,"SmoInit",TRUE,"reported","G8JOQX",2,TRUE,NA
"50","rs11783093","T","C","T","C",-0.0471242780688017,-0.00945562,0.158,0.124391,FALSE,FALSE,FALSE,"Dc9PNG",27567832,0.491339,0.01374,"outcome",TRUE,"reported","textfile",8,"27425349",0.0034930838916647,2.07e-41,"SmoInit",TRUE,"reported","G8JOQX",2,TRUE,NA
"51","rs11791671","T","C","T","C",0.0278503598762205,0.0147945,0.067315,0.0305591,FALSE,FALSE,FALSE,"Dc9PNG",3398679,0.573875,0.0263081,"outcome",TRUE,"reported","textfile",9,"3398679",0.00508475677961425,4.24e-08,"SmoInit",TRUE,"reported","G8JOQX",2,TRUE,NA
"52","rs118202","T","G","T","G",-0.0367484077425043,-0.0189401,0.812,0.712067,FALSE,FALSE,FALSE,"Dc9PNG",111337168,0.058221,0.00999991,"outcome",TRUE,"reported","textfile",6,"111658371",0.00326089388209887,1.9e-29,"SmoInit",TRUE,"reported","G8JOQX",2,TRUE,NA
"53","rs11872397","A","G","A","G",-0.0171139489913003,-0.00894358,0.253,0.220816,FALSE,FALSE,FALSE,"Dc9PNG",74823326,0.412235,0.0109072,"outcome",TRUE,"reported","textfile",18,"72535282",0.00293071133297175,5.2e-09,"SmoInit",TRUE,"reported","G8JOQX",2,TRUE,NA
"54","rs1187820","T","C","T","C",-0.0142711560226536,-0.0108174,0.439,0.381915,FALSE,FALSE,FALSE,"Dc9PNG",173354794,0.247142,0.00934694,"outcome",TRUE,"reported","textfile",3,"173072584",0.00256731947035769,2.69e-08,"SmoInit",TRUE,"reported","G8JOQX",2,TRUE,NA
"55","rs11956866","G","T","G","T",-0.014838166648189,-0.0028111,0.567,0.472268,FALSE,FALSE,FALSE,"Dc9PNG",161591265,0.757804,0.00911615,"outcome",TRUE,"reported","textfile",5,"161018271",0.00257133184008107,7.82e-09,"SmoInit",TRUE,"reported","G8JOQX",2,TRUE,NA
"56","rs12022778","C","A","C","A",0.0268248011931265,0.00110436,0.202,0.196716,FALSE,FALSE,FALSE,"Dc9PNG",50138323,0.922533,0.0113567,"outcome",TRUE,"reported","textfile",1,"50603995",0.00317904382630837,3.18e-17,"SmoInit",TRUE,"reported","G8JOQX",2,TRUE,NA
"57","rs12130857","A","G","A","G",-0.0180031367822357,-0.00440395,0.324968,0.284952,FALSE,FALSE,FALSE,"Dc9PNG",7731401,0.661063,0.0100445,"outcome",TRUE,"reported","textfile",1,"7791461",0.00272026444960715,3.65e-11,"SmoInit",TRUE,"reported","G8JOQX",2,TRUE,NA
"58","rs12195240","A","G","A","G",0.0249107545835319,-0.0133141,0.285,0.330242,FALSE,FALSE,FALSE,"Dc9PNG",98189029,0.166205,0.0096165,"outcome",TRUE,"reported","textfile",6,"98636905",0.0028223973411325,1.08e-18,"SmoInit",TRUE,"reported","G8JOQX",2,TRUE,NA
"59","rs12474587","T","G","T","G",0.0242305775516422,-0.00720811,0.429,0.348729,FALSE,FALSE,FALSE,"Dc9PNG",161946483,0.44651,0.00946883,"outcome",TRUE,"reported","textfile",2,"162802993",0.00257422737863404,4.83e-21,"SmoInit",TRUE,"reported","G8JOQX",2,TRUE,NA
"60","rs12517438","G","T","G","T",0.015354478851039,0.0190077,0.538,0.50088,FALSE,FALSE,FALSE,"Dc9PNG",30841947,0.0359426,0.00906172,"outcome",TRUE,"reported","textfile",5,"30842054",0.00255553291864044,1.89e-09,"SmoInit",TRUE,"reported","G8JOQX",2,TRUE,NA
"61","rs12563365","A","G","A","G",0.0165589483633689,0.00778994,0.556,0.554261,FALSE,FALSE,FALSE,"Dc9PNG",236709529,0.391079,0.00908274,"outcome",TRUE,"reported","textfile",1,"236872829",0.00256427574444373,1.05e-10,"SmoInit",TRUE,"reported","G8JOQX",2,TRUE,NA
"62","rs12633090","C","G","C","G",-0.023019685930427,-0.00135435,0.182,0.13053,FALSE,TRUE,FALSE,"Dc9PNG",83192214,0.91971,0.0134361,"outcome",TRUE,"reported","textfile",3,"83241365",0.00330203186086922,3.16e-12,"SmoInit",TRUE,"reported","G8JOQX",2,TRUE,NA
"63","rs12714017","C","T","C","T",0.0153964967875365,-0.00169332,0.511,0.444626,FALSE,FALSE,FALSE,"Dc9PNG",80772273,0.851841,0.00906635,"outcome",TRUE,"reported","textfile",2,"80999398",0.00260995063881089,3.65e-09,"SmoInit",TRUE,"reported","G8JOQX",2,TRUE,NA
"64","rs12739243","C","T","C","T",-0.0212518379791449,-0.0130436,0.221,0.294593,FALSE,FALSE,FALSE,"Dc9PNG",210128698,0.187855,0.00990439,"outcome",TRUE,"reported","textfile",1,"210302043",0.00307063884430368,4.45e-12,"SmoInit",TRUE,"reported","G8JOQX",2,TRUE,NA
"65","rs12740789","A","G","A","G",-0.0284972685993262,-0.0317289,0.178,0.13977,FALSE,FALSE,FALSE,"Dc9PNG",72286390,0.0149279,0.0130351,"outcome",TRUE,"reported","textfile",1,"72752073",0.00333079339902209,1.18e-17,"SmoInit",TRUE,"reported","G8JOQX",2,TRUE,NA
"66","rs12755632","G","A","G","A",-0.0154051366259368,-0.0228092,0.316,0.343064,FALSE,FALSE,FALSE,"Dc9PNG",41310951,0.0166648,0.00952759,"outcome",TRUE,"reported","textfile",1,"41776623",0.0027404508225617,1.93e-08,"SmoInit",TRUE,"reported","G8JOQX",2,TRUE,NA
"67","rs12855717","T","C","T","C",0.0155236793185639,0.00837887,0.538,0.56675,FALSE,FALSE,FALSE,"Dc9PNG",100600381,0.361301,0.0091784,"outcome",TRUE,"reported","textfile",13,"101252635",0.00255553291864044,1.22e-09,"SmoInit",TRUE,"reported","G8JOQX",2,TRUE,NA
"68","rs12878369","A","C","A","C",0.0174372655171602,-0.0108331,0.414762,0.301142,FALSE,FALSE,FALSE,"Dc9PNG",27877296,0.272129,0.00986467,"outcome",TRUE,"reported","textfile",14,"28346502",0.00258791765964964,1.6e-11,"SmoInit",TRUE,"reported","G8JOQX",2,TRUE,NA
"69","rs12918191","G","A","G","A",-0.0197270353770097,0.00505998,0.243,0.176901,FALSE,FALSE,FALSE,"Dc9PNG",50911245,0.668113,0.011802,"outcome",TRUE,"reported","textfile",16,"50945156",0.00297058872733663,3.14e-11,"SmoInit",TRUE,"reported","G8JOQX",2,TRUE,NA
"70","rs1291821","G","A","G","A",0.0144929887207407,0.00840834,0.534,0.533322,FALSE,FALSE,FALSE,"Dc9PNG",11091860,0.353642,0.00906514,"outcome",TRUE,"reported","textfile",10,"11133823",0.00255405366546437,1.39e-08,"SmoInit",TRUE,"reported","G8JOQX",2,TRUE,NA
"71","rs13007361","A","G","A","G",0.017533824042557,0.0181014,0.208,0.100266,FALSE,FALSE,FALSE,"Dc9PNG",165393734,0.224894,0.0149153,"outcome",TRUE,"reported","textfile",2,"166250244",0.00313905804891633,2.29e-08,"SmoInit",TRUE,"reported","G8JOQX",2,TRUE,NA
"72","rs13066050","T","C","T","C",0.018834348293498,-0.00665199,0.208,0.179064,FALSE,FALSE,FALSE,"Dc9PNG",81276710,0.573485,0.0118168,"outcome",TRUE,"reported","textfile",3,"81325861",0.00313905804891633,1.93e-09,"SmoInit",TRUE,"reported","G8JOQX",2,TRUE,NA
"73","rs13109980","A","G","A","G",-0.0221815541396989,-0.00505455,0.326,0.338874,FALSE,FALSE,FALSE,"Dc9PNG",139965809,0.596506,0.00954714,"outcome",TRUE,"reported","textfile",4,"140886963",0.00271803382404535,3.37e-16,"SmoInit",TRUE,"reported","G8JOQX",2,TRUE,NA
"74","rs13110073","C","T","C","T",-0.0246425774100615,-0.00102784,0.395,0.423263,FALSE,FALSE,FALSE,"Dc9PNG",146876761,0.910554,0.0091493,"outcome",TRUE,"reported","textfile",4,"147797913",0.00260625778806314,3.24e-21,"SmoInit",TRUE,"reported","G8JOQX",2,TRUE,NA
"75","rs13237637","C","G","C","G",-0.0236823349508072,-0.000459389,0.485,0.467606,FALSE,TRUE,TRUE,"Dc9PNG",3463575,0.95943,0.00903089,"outcome",TRUE,"reported","textfile",7,"3503207",0.00254928928982647,1.54e-20,"SmoInit",TRUE,"reported","G8JOQX",2,FALSE,NA
"76","rs13261666","T","G","T","G",-0.0199945818545181,0.0034222,0.517,0.548181,FALSE,FALSE,FALSE,"Dc9PNG",58902107,0.705562,0.00905767,"outcome",TRUE,"reported","textfile",8,"59814666",0.0025496159555759,4.36e-15,"SmoInit",TRUE,"reported","G8JOQX",2,TRUE,NA
"77","rs13392222","C","A","C","A",-0.0234375461906368,-0.0020887,0.139,0.189974,FALSE,FALSE,FALSE,"Dc9PNG",100055946,0.856204,0.0115265,"outcome",TRUE,"reported","textfile",2,"100672408",0.00368285507683827,1.93e-10,"SmoInit",TRUE,"reported","G8JOQX",2,TRUE,NA
"78","rs13437771","G","A","G","A",-0.0271098271364884,-0.0143226,0.155,0.223247,FALSE,FALSE,FALSE,"Dc9PNG",99473855,0.185926,0.0108281,"outcome",TRUE,"reported","textfile",7,"99071478",0.00352045989869483,1.39e-14,"SmoInit",TRUE,"reported","G8JOQX",2,TRUE,NA
"79","rs1373178","G","T","G","T",-0.0203163969776818,-0.00863373,0.588,0.630879,FALSE,FALSE,FALSE,"Dc9PNG",52441441,0.357828,0.00938946,"outcome",TRUE,"reported","textfile",18,"49967811",0.00258854866495185,4.16e-15,"SmoInit",TRUE,"reported","G8JOQX",2,TRUE,NA
"80","rs1381287","T","C","T","C",0.0180165795033833,-0.00514933,0.467,0.492526,FALSE,FALSE,FALSE,"Dc9PNG",98131215,0.568994,0.00904132,"outcome",TRUE,"reported","textfile",14,"98597552",0.00255560746538615,1.81e-12,"SmoInit",TRUE,"reported","G8JOQX",2,TRUE,NA
"81","rs1381775","C","T","C","T",-0.0156146668533584,0.019852,0.712,0.723152,FALSE,FALSE,FALSE,"Dc9PNG",42421276,0.0491123,0.0100894,"outcome",TRUE,"reported","textfile",11,"42442826",0.00281356766714023,2.79e-08,"SmoInit",TRUE,"reported","G8JOQX",2,TRUE,NA
"82","rs1385108","T","C","T","C",0.0187044679803843,0.0129088,0.239,0.284329,FALSE,FALSE,FALSE,"Dc9PNG",155460086,0.19749,0.0100166,"outcome",TRUE,"reported","textfile",5,"154839646",0.00298746156336482,3.84e-10,"SmoInit",TRUE,"reported","G8JOQX",2,TRUE,NA
"83","rs13906","T","C","T","C",-0.024529729248181,0.0126843,0.109,0.136114,FALSE,FALSE,FALSE,"Dc9PNG",49558611,0.335712,0.0131762,"outcome",TRUE,"reported","textfile",12,"49952394",0.00408828820803017,1.98e-09,"SmoInit",TRUE,"reported","G8JOQX",2,TRUE,NA
"84","rs1435479","T","G","T","G",0.0163904586547917,0.00928604,0.28748,0.30608,FALSE,FALSE,FALSE,"Dc9PNG",93629299,0.342183,0.00977621,"outcome",TRUE,"reported","textfile",4,"94550450",0.00281508334605987,5.68e-09,"SmoInit",TRUE,"reported","G8JOQX",2,TRUE,NA
"85","rs1435672","C","T","C","T",0.0141051180405541,0.0193549,0.56,0.622304,FALSE,FALSE,FALSE,"Dc9PNG",36107278,0.0375915,0.00930843,"outcome",TRUE,"reported","textfile",15,"36399479",0.00256668902432973,3.82e-08,"SmoInit",TRUE,"reported","G8JOQX",2,TRUE,NA
"86","rs1445649","C","T","C","T",0.0205716431693465,0.0108988,0.538,0.509861,FALSE,FALSE,FALSE,"Dc9PNG",154826044,0.227426,0.00902957,"outcome",TRUE,"reported","textfile",2,"155682556",0.00255553291864044,8.48e-16,"SmoInit",TRUE,"reported","G8JOQX",2,TRUE,NA
"87","rs1449012","T","C","T","C",-0.0153734115013626,0.0133815,0.463,0.368641,FALSE,FALSE,FALSE,"Dc9PNG",159330544,0.153514,0.00937586,"outcome",TRUE,"reported","textfile",3,"159048333",0.00255514744895826,1.77e-09,"SmoInit",TRUE,"reported","G8JOQX",2,TRUE,NA
"88","rs147052174","T","G","T","G",0.0623094487438692,-0.00740084,0.0171,0.00892632,FALSE,FALSE,FALSE,"Dc9PNG",179814032,0.87769,0.0480891,"outcome",TRUE,"reported","textfile",1,"179783167",0.00982745089601336,2.3e-10,"SmoInit",TRUE,"reported","G8JOQX",2,TRUE,NA
"89","rs1514176","A","G","A","G",-0.0193001581257968,-0.0263203,0.58,0.528682,FALSE,FALSE,FALSE,"Dc9PNG",74525912,0.00363639,0.00905072,"outcome",TRUE,"reported","textfile",1,"74991596",0.0025813979643714,7.67e-14,"SmoInit",TRUE,"reported","G8JOQX",2,TRUE,NA
"90","rs1549979","T","C","T","C",-0.0245223134403877,0.00946411,0.615,0.707867,FALSE,FALSE,FALSE,"Dc9PNG",85410981,0.340726,0.00993366,"outcome",TRUE,"reported","textfile",3,"85460131",0.00262304488914841,8.8e-21,"SmoInit",TRUE,"reported","G8JOQX",2,TRUE,NA
"91","rs160631","G","T","G","T",-0.0172628452622627,-0.00665939,0.731,0.711355,FALSE,FALSE,FALSE,"Dc9PNG",53030432,0.504665,0.00998159,"outcome",TRUE,"reported","textfile",6,"52895230",0.00287315315388405,1.87e-09,"SmoInit",TRUE,"reported","G8JOQX",2,TRUE,NA
"92","rs1632941","C","T","C","T",-0.0158073961616223,0.00441773,0.46,0.359191,FALSE,FALSE,FALSE,"Dc9PNG",29828908,0.638649,0.00940766,"outcome",TRUE,"reported","textfile",6,"29796685",0.00256093083783619,6.67e-10,"SmoInit",TRUE,"reported","G8JOQX",2,TRUE,NA
"93","rs16826827","C","T","C","T",-0.0222068868383587,-0.00235183,0.124,0.110474,FALSE,FALSE,FALSE,"Dc9PNG",147068121,0.870223,0.0143952,"outcome",TRUE,"reported","textfile",2,"147825689",0.00386572280689492,9.17e-09,"SmoInit",TRUE,"reported","G8JOQX",2,TRUE,NA
"94","rs16828799","T","G","T","G",0.0197692281663615,0.0105786,0.156,0.150747,FALSE,FALSE,FALSE,"Dc9PNG",173635949,0.40324,0.0126561,"outcome",TRUE,"reported","textfile",3,"173353739",0.00351123650240556,1.83e-08,"SmoInit",TRUE,"reported","G8JOQX",2,TRUE,NA
"95","rs1713676","G","A","G","A",-0.0167262455351488,0.00621009,0.522512,0.559701,FALSE,FALSE,FALSE,"Dc9PNG",113789854,0.495626,0.00911388,"outcome",TRUE,"reported","textfile",11,"113660576",0.00255072853114231,5.38e-11,"SmoInit",TRUE,"reported","G8JOQX",2,TRUE,NA
"96","rs1714521","C","A","C","A",-0.0162953104881966,-0.0144737,0.411,0.436026,FALSE,FALSE,FALSE,"Dc9PNG",158567072,0.113235,0.00913848,"outcome",TRUE,"reported","textfile",3,"158284861",0.0025894948217728,3.07e-10,"SmoInit",TRUE,"reported","G8JOQX",2,TRUE,NA
"97","rs17165769","G","A","G","A",0.0159396071041438,-0.0162717,0.394872,0.411838,FALSE,FALSE,FALSE,"Dc9PNG",108029941,0.0760799,0.00917288,"outcome",TRUE,"reported","textfile",5,"107365642",0.00260640446622611,9.56e-10,"SmoInit",TRUE,"reported","G8JOQX",2,TRUE,NA
"98","rs17197663","A","G","A","G",-0.0215873531495124,-0.0127929,0.125,0.0863505,FALSE,FALSE,FALSE,"Dc9PNG",37598730,0.426043,0.0160719,"outcome",TRUE,"reported","textfile",13,"38172867",0.00385242836809023,2.06e-08,"SmoInit",TRUE,"reported","G8JOQX",2,TRUE,NA
"99","rs17229285","T","C","T","C",-0.0154795560042364,-0.0159624,0.505,0.453279,FALSE,FALSE,FALSE,"Dc9PNG",198658398,0.0776766,0.00904728,"outcome",TRUE,"reported","textfile",2,"199523122",0.00254826926806319,1.27e-09,"SmoInit",TRUE,"reported","G8JOQX",2,TRUE,NA
"100","rs1733760","C","T","C","T",0.0147733884018381,0.00284849,0.51,0.453876,FALSE,FALSE,FALSE,"Dc9PNG",54938414,0.753149,0.00905746,"outcome",TRUE,"reported","textfile",10,"56698174",0.00254865163272406,6.7e-09,"SmoInit",TRUE,"reported","G8JOQX",2,TRUE,NA
"101","rs1737329","G","C","G","C",0.0170292237829221,-0.00444082,0.742,0.762633,FALSE,TRUE,FALSE,"Dc9PNG",163386716,0.676796,0.0106536,"outcome",TRUE,"reported","textfile",6,"163807748",0.00291193582568195,5.08e-09,"SmoInit",TRUE,"reported","G8JOQX",2,TRUE,NA
"102","rs17554906","C","G","C","G",0.014184872535994,-0.00478151,0.444,0.36749,FALSE,TRUE,TRUE,"Dc9PNG",91516891,0.608691,0.00933991,"outcome",TRUE,"reported","textfile",6,"92226609",0.00256427574444373,3.14e-08,"SmoInit",TRUE,"reported","G8JOQX",2,FALSE,NA
"103","rs1759433","A","G","A","G",0.015364719185164,0.0136354,0.48,0.515765,FALSE,FALSE,FALSE,"Dc9PNG",125310818,0.131152,0.00903262,"outcome",TRUE,"reported","textfile",9,"128073097",0.00255018281437779,1.69e-09,"SmoInit",TRUE,"reported","G8JOQX",2,TRUE,NA
"104","rs17616642","G","A","G","A",-0.0165572915814431,0.0116887,0.24687,0.193495,FALSE,FALSE,FALSE,"Dc9PNG",58795075,0.309138,0.0114929,"outcome",TRUE,"reported","textfile",2,"59022210",0.00295477538840993,2.1e-08,"SmoInit",TRUE,"reported","G8JOQX",2,TRUE,NA
"105","rs17692129","T","C","T","C",0.0195989223809853,0.0362094,0.331,0.460852,FALSE,FALSE,FALSE,"Dc9PNG",46715917,7.05245e-05,0.00911041,"outcome",TRUE,"reported","textfile",17,"44793283",0.00270748805617845,4.57e-13,"SmoInit",TRUE,"reported","G8JOQX",2,TRUE,NA
"106","rs1772572","A","C","A","C",-0.0168681448072877,-0.00814707,0.324132,0.344211,FALSE,FALSE,FALSE,"Dc9PNG",80617041,0.391714,0.0095119,"outcome",TRUE,"reported","textfile",13,"81191176",0.00272208516333501,5.62e-10,"SmoInit",TRUE,"reported","G8JOQX",2,TRUE,NA
"107","rs1799068","T","G","T","G",0.0166095626009421,-0.0149831,0.379,0.400268,FALSE,FALSE,FALSE,"Dc9PNG",98077757,0.104385,0.00922631,"outcome",TRUE,"reported","textfile",7,"97707069",0.00262620243790636,2.59e-10,"SmoInit",TRUE,"reported","G8JOQX",2,TRUE,NA
"108","rs1863161","A","G","A","G",0.015339371713194,0.00383256,0.56094,0.671973,FALSE,FALSE,FALSE,"Dc9PNG",59912389,0.689488,0.0095922,"outcome",TRUE,"reported","textfile",2,"60139524",0.00256728133653859,2.34e-09,"SmoInit",TRUE,"reported","G8JOQX",2,TRUE,NA
"109","rs1889571","G","T","G","T",0.0221797995406237,0.0210045,0.131,0.170059,FALSE,FALSE,FALSE,"Dc9PNG",31730218,0.0816075,0.0120616,"outcome",TRUE,"reported","textfile",1,"32195819",0.00377613984197516,4.19e-09,"SmoInit",TRUE,"reported","G8JOQX",2,TRUE,NA
"110","rs1901477","G","A","G","A",0.0304369932456541,-0.00693302,0.511,0.49564,FALSE,FALSE,FALSE,"Dc9PNG",103510525,0.44356,0.00904863,"outcome",TRUE,"reported","textfile",2,"104126983",0.00260995063881089,2.07e-31,"SmoInit",TRUE,"reported","G8JOQX",2,TRUE,NA
"111","rs1927901","C","T","C","T",-0.0141754871045966,-0.0167245,0.553,0.543985,FALSE,FALSE,FALSE,"Dc9PNG",117756833,0.0651884,0.00906989,"outcome",TRUE,"reported","textfile",9,"120519111",0.00256257908950217,3.1e-08,"SmoInit",TRUE,"reported","G8JOQX",2,TRUE,NA
"112","rs1930371","T","C","T","C",-0.0172419586612647,-0.00166214,0.241,0.179549,FALSE,FALSE,FALSE,"Dc9PNG",78829188,0.887625,0.0117624,"outcome",TRUE,"reported","textfile",9,"81444104",0.00297895673652913,7.09e-09,"SmoInit",TRUE,"reported","G8JOQX",2,TRUE,NA
"113","rs1931431","C","G","C","G",0.0182328624437084,0.0169625,0.478,0.451593,FALSE,TRUE,TRUE,"Dc9PNG",11161799,0.0624899,0.00910589,"outcome",TRUE,"reported","textfile",9,"11161799",0.00255061204001953,8.56e-13,"SmoInit",TRUE,"reported","G8JOQX",2,FALSE,NA
"114","rs1937443","G","C","G","C",0.0204362188245672,0.00607869,0.563,0.611815,FALSE,TRUE,TRUE,"Dc9PNG",66003960,0.511683,0.0092632,"outcome",TRUE,"reported","textfile",1,"66469643",0.00256861307738644,1.79e-15,"SmoInit",TRUE,"reported","G8JOQX",2,FALSE,NA
"115","rs2010921","A","G","A","G",0.0174291411105034,-0.018752,0.311,0.349965,FALSE,FALSE,FALSE,"Dc9PNG",132228311,0.0486878,0.00951244,"outcome",TRUE,"reported","textfile",11,"132098205",0.0027523508874645,2.47e-10,"SmoInit",TRUE,"reported","G8JOQX",2,TRUE,NA
"116","rs2028269","A","G","A","G",0.016164548317376,0.0162908,0.399,0.355422,FALSE,FALSE,FALSE,"Dc9PNG",80012492,0.0847032,0.00944928,"outcome",TRUE,"reported","textfile",5,"79308315",0.00260177610870211,5.19e-10,"SmoInit",TRUE,"reported","G8JOQX",2,TRUE,NA
"117","rs2063976","T","C","T","C",-0.0201814241776652,-0.00703707,0.664955,0.599235,FALSE,FALSE,FALSE,"Dc9PNG",90084138,0.443936,0.00919201,"outcome",TRUE,"reported","textfile",8,"91096366",0.00269926738168577,7.45e-14,"SmoInit",TRUE,"reported","G8JOQX",2,TRUE,NA
"118","rs2155646","C","T","C","T",0.0377771518638971,-0.00904684,0.4,0.624888,FALSE,FALSE,FALSE,"Dc9PNG",113042089,0.335043,0.00938463,"outcome",TRUE,"reported","textfile",11,"112912811",0.00260068638674826,9.44e-48,"SmoInit",TRUE,"reported","G8JOQX",2,TRUE,NA
"119","rs2173019","A","T","A","T",0.0282069520540153,0.0019553,0.177,0.135181,FALSE,TRUE,FALSE,"Dc9PNG",168187966,0.88282,0.0132657,"outcome",TRUE,"reported","textfile",5,"167614971",0.00333815927442383,2.98e-17,"SmoInit",TRUE,"reported","G8JOQX",2,TRUE,NA
"120","rs221988","C","A","C","A",-0.0148650225653347,-0.0117126,0.384,0.448901,FALSE,FALSE,FALSE,"Dc9PNG",64248631,0.198823,0.00911545,"outcome",TRUE,"reported","textfile",3,"64234307",0.00261961601583743,1.43e-08,"SmoInit",TRUE,"reported","G8JOQX",2,TRUE,NA
"121","rs2276825","C","T","C","T",0.0188755712515354,0.0106015,0.245,0.274822,FALSE,FALSE,FALSE,"Dc9PNG",52852589,0.295468,0.0101334,"outcome",TRUE,"reported","textfile",3,"52886605",0.0029623548999896,1.89e-10,"SmoInit",TRUE,"reported","G8JOQX",2,TRUE,NA
"122","rs2279829","T","C","T","C",-0.0173765668386769,0.0056824,0.216,0.289117,FALSE,FALSE,FALSE,"Dc9PNG",147388532,0.569339,0.00998621,"outcome",TRUE,"reported","textfile",3,"147106319",0.00309605522231936,2.05e-08,"SmoInit",TRUE,"reported","G8JOQX",2,TRUE,NA
"123","rs2289791","T","G","T","G",-0.017725516174548,-0.00684418,0.247,0.209556,FALSE,FALSE,FALSE,"Dc9PNG",67184614,0.540143,0.0111724,"outcome",TRUE,"reported","textfile",15,"67476952",0.002954252695758,2.01e-09,"SmoInit",TRUE,"reported","G8JOQX",2,TRUE,NA
"124","rs2306866","T","A","T","A",-0.0166754969048669,0.0275337,0.614,0.667536,FALSE,TRUE,FALSE,"Dc9PNG",53732185,0.00417763,0.00961229,"outcome",TRUE,"reported","textfile",3,"53766212",0.00261707258061795,1.89e-10,"SmoInit",TRUE,"reported","G8JOQX",2,TRUE,NA
"125","rs2319545","A","C","A","C",0.0232366196004364,0.018028,0.149099,0.167225,FALSE,FALSE,FALSE,"Dc9PNG",148001861,0.136368,0.0121037,"outcome",TRUE,"reported","textfile",3,"147719648",0.00357698173772572,8.3e-11,"SmoInit",TRUE,"reported","G8JOQX",2,TRUE,NA
"126","rs2344976","C","T","C","T",-0.0150877384938283,0.0161119,0.612,0.655026,FALSE,FALSE,FALSE,"Dc9PNG",32358916,0.0896314,0.00949237,"outcome",TRUE,"reported","textfile",17,"30685935",0.00261458058153918,7.98e-09,"SmoInit",TRUE,"reported","G8JOQX",2,TRUE,NA
"127","rs2378662","A","G","A","G",0.0152121381530069,-0.0106042,0.541,0.56477,FALSE,FALSE,FALSE,"Dc9PNG",84092374,0.244118,0.00910425,"outcome",TRUE,"reported","textfile",9,"86707289",0.00255675215046967,2.67e-09,"SmoInit",TRUE,"reported","G8JOQX",2,TRUE,NA
"128","rs238896","A","G","A","G",-0.0168673762438155,0.0120513,0.49,0.480686,FALSE,FALSE,FALSE,"Dc9PNG",114123783,0.183719,0.00906527,"outcome",TRUE,"reported","textfile",11,"113994505",0.00254865163272406,3.65e-11,"SmoInit",TRUE,"reported","G8JOQX",2,TRUE,NA
"129","rs2539706","A","G","A","G",0.0162454401847471,-0.00767926,0.529947,0.537485,FALSE,FALSE,FALSE,"Dc9PNG",59592410,0.395431,0.00903644,"outcome",TRUE,"reported","textfile",2,"59819545",0.00255272464844336,1.95e-10,"SmoInit",TRUE,"reported","G8JOQX",2,TRUE,NA
"130","rs2587507","C","T","C","T",-0.0146602397314715,0.0182158,0.502,0.512369,FALSE,FALSE,FALSE,"Dc9PNG",79816336,0.0442619,0.00905534,"outcome",TRUE,"reported","textfile",17,"77790135",0.00254816223679372,8.69e-09,"SmoInit",TRUE,"reported","G8JOQX",2,TRUE,NA
"131","rs2710634","C","T","C","T",-0.0177614270391893,-0.00849689,0.521,0.538293,FALSE,FALSE,FALSE,"Dc9PNG",32583737,0.348845,0.00906979,"outcome",TRUE,"reported","textfile",2,"32808804",0.00255039229029593,3.36e-12,"SmoInit",TRUE,"reported","G8JOQX",2,TRUE,NA
"132","rs2734390","G","A","G","A",0.0147709061051891,-0.00520124,0.372,0.269967,FALSE,FALSE,FALSE,"Dc9PNG",60473558,0.609457,0.0101816,"outcome",TRUE,"reported","textfile",3,"60459291",0.00263598122974669,2.09e-08,"SmoInit",TRUE,"reported","G8JOQX",2,TRUE,NA
"133","rs2796793","A","G","A","G",0.0144813515872424,0.0112304,0.452,0.436004,FALSE,FALSE,FALSE,"Dc9PNG",36345196,0.217463,0.00910596,"outcome",TRUE,"reported","textfile",10,"36634124",0.00255996547702142,1.55e-08,"SmoInit",TRUE,"reported","G8JOQX",2,TRUE,NA
"134","rs281296","A","G","A","G",0.0246892355778618,0.00559033,0.357,0.325715,FALSE,FALSE,FALSE,"Dc9PNG",47392813,0.562786,0.00966001,"outcome",TRUE,"reported","textfile",15,"47685010",0.00265921842184342,1.59e-20,"SmoInit",TRUE,"reported","G8JOQX",2,TRUE,NA
"135","rs28441558","C","T","C","T",-0.0355649826227975,0.0109968,0.0563,0.0610431,FALSE,FALSE,FALSE,"Dc9PNG",7899800,0.559366,0.0188371,"outcome",TRUE,"reported","textfile",17,"7803118",0.00552741955012364,1.24e-10,"SmoInit",TRUE,"reported","G8JOQX",2,TRUE,NA
"136","rs2901785","A","G","A","G",-0.0173082721317735,1.20764e-05,0.446,0.43861,FALSE,FALSE,FALSE,"Dc9PNG",174135605,0.99894,0.00909173,"outcome",TRUE,"reported","textfile",1,"174104743",0.00256313389330125,1.47e-11,"SmoInit",TRUE,"reported","G8JOQX",2,TRUE,NA
"137","rs290601","T","C","T","C",0.0163101822358959,0.00174737,0.274,0.288428,FALSE,FALSE,FALSE,"Dc9PNG",114362413,0.860866,0.00996948,"outcome",TRUE,"reported","textfile",8,"115374642",0.00285660382555937,1.14e-08,"SmoInit",TRUE,"reported","G8JOQX",2,TRUE,NA
"138","rs2925128","T","C","T","C",0.0168199054545407,-0.000886689,0.385191,0.450673,FALSE,FALSE,FALSE,"Dc9PNG",97896018,0.922197,0.00907869,"outcome",TRUE,"reported","textfile",14,"98362355",0.00268304078897622,3.67e-10,"SmoInit",TRUE,"reported","G8JOQX",2,TRUE,NA
"139","rs2939756","A","G","A","G",-0.015699684310767,0.00194761,0.48,0.510477,FALSE,FALSE,FALSE,"Dc9PNG",41414747,0.829942,0.00906811,"outcome",TRUE,"reported","textfile",11,"41436297",0.00255018281437779,7.45e-10,"SmoInit",TRUE,"reported","G8JOQX",2,TRUE,NA
"140","rs2959084","A","G","A","G",0.0170798652799423,0.00227532,0.704674,0.6791,FALSE,FALSE,FALSE,"Dc9PNG",46057105,0.814394,0.0096921,"outcome",TRUE,"reported","textfile",11,"46078656",0.00279285661543118,9.82e-10,"SmoInit",TRUE,"reported","G8JOQX",2,TRUE,NA
"141","rs301807","G","A","G","A",0.0180144077909169,-0.0350523,0.57,0.654243,FALSE,FALSE,FALSE,"Dc9PNG",8424763,0.000213177,0.00946626,"outcome",TRUE,"reported","textfile",1,"8484823",0.00257348682727385,2.5e-12,"SmoInit",TRUE,"reported","G8JOQX",2,TRUE,NA
"142","rs3115418","C","T","C","T",-0.014224879533231,-0.00309686,0.454,0.512028,FALSE,FALSE,FALSE,"Dc9PNG",200071676,0.731523,0.00902608,"outcome",TRUE,"reported","textfile",2,"200936399",0.00255899452932799,2.79e-08,"SmoInit",TRUE,"reported","G8JOQX",2,TRUE,NA
"143","rs3172494","T","G","T","G",-0.0291266827063679,0.003787,0.115,0.214692,FALSE,FALSE,FALSE,"Dc9PNG",48694054,0.732679,0.0110872,"outcome",TRUE,"reported","textfile",3,"48731487",0.00400085756250123,3.4e-13,"SmoInit",TRUE,"reported","G8JOQX",2,TRUE,NA
"144","rs3218116","T","C","T","C",-0.0198430370178765,0.00585574,0.256,0.240942,FALSE,FALSE,FALSE,"Dc9PNG",41934025,0.578433,0.0105381,"outcome",TRUE,"reported","textfile",6,"41901763",0.00291935664980527,1.05e-11,"SmoInit",TRUE,"reported","G8JOQX",2,TRUE,NA
"145","rs329124","G","A","G","A",-0.0163870665684475,0.0218583,0.428,0.424367,FALSE,FALSE,FALSE,"Dc9PNG",134529762,0.0167811,0.0091401,"outcome",TRUE,"reported","textfile",5,"133865452",0.00257497908762324,1.96e-10,"SmoInit",TRUE,"reported","G8JOQX",2,TRUE,NA
"146","rs34342129","C","T","C","T",-0.0142810056847808,0.0124459,0.509,0.480827,FALSE,FALSE,FALSE,"Dc9PNG",5872473,0.169207,0.00905317,"outcome",TRUE,"reported","textfile",18,"5872472",0.00254855475073146,2.13e-08,"SmoInit",TRUE,"reported","G8JOQX",2,TRUE,NA
"147","rs34399632","G","A","G","A",0.0193503985196848,0.0228689,0.232,0.232504,FALSE,FALSE,FALSE,"Dc9PNG",136813604,0.0327288,0.0107094,"outcome",TRUE,"reported","textfile",2,"137571174",0.00301834586299796,1.46e-10,"SmoInit",TRUE,"reported","G8JOQX",2,TRUE,NA
"148","rs34553878","G","A","G","A",0.0246707355129666,-0.0136902,0.111,0.0842179,FALSE,FALSE,FALSE,"Dc9PNG",131459201,0.400588,0.0162868,"outcome",TRUE,"reported","textfile",9,"134334588",0.00405584393441003,1.17e-09,"SmoInit",TRUE,"reported","G8JOQX",2,TRUE,NA
"149","rs34940743","G","A","G","A",0.0159248966327585,-0.000734856,0.346,0.35868,FALSE,FALSE,FALSE,"Dc9PNG",79635890,0.938112,0.00946453,"outcome",TRUE,"reported","textfile",14,"80102233",0.00268033618438142,2.8e-09,"SmoInit",TRUE,"reported","G8JOQX",2,TRUE,NA
"150","rs35375873","C","G","C","G",-0.0270102496045462,0.0116707,0.11,0.171569,FALSE,TRUE,FALSE,"Dc9PNG",43190545,0.335205,0.0121105,"outcome",TRUE,"reported","textfile",5,"43190647",0.00407194833782387,3.29e-11,"SmoInit",TRUE,"reported","G8JOQX",2,TRUE,NA
"151","rs35656245","A","G","A","G",0.0159456398141213,0.00366846,0.276,0.263804,FALSE,FALSE,FALSE,"Dc9PNG",190988350,0.720477,0.0102522,"outcome",TRUE,"reported","textfile",1,"190957480",0.0028501635460148,2.23e-08,"SmoInit",TRUE,"reported","G8JOQX",2,TRUE,NA
"152","rs357304","C","T","C","T",0.0166757177141037,0.00966517,0.727,0.740982,FALSE,FALSE,FALSE,"Dc9PNG",164006129,0.349935,0.0103402,"outcome",TRUE,"reported","textfile",2,"164862639",0.00285986199420466,5.4e-09,"SmoInit",TRUE,"reported","G8JOQX",2,TRUE,NA
"153","rs359247","T","A","T","A",0.0220304406866879,0.0152585,0.638652,0.661027,FALSE,TRUE,FALSE,"Dc9PNG",60249917,0.109337,0.00952957,"outcome",TRUE,"reported","textfile",2,"60477052",0.00265215339592237,9.89e-17,"SmoInit",TRUE,"reported","G8JOQX",2,TRUE,NA
"154","rs359431","T","C","T","C",-0.0141982221407122,-0.0108403,0.56,0.527677,FALSE,FALSE,FALSE,"Dc9PNG",173861531,0.230931,0.00904895,"outcome",TRUE,"reported","textfile",5,"173288534",0.00256668902432973,3.16e-08,"SmoInit",TRUE,"reported","G8JOQX",2,TRUE,NA
"155","rs3740977","C","T","C","T",0.0194739723678087,-0.0182083,0.167,0.125347,FALSE,FALSE,FALSE,"Dc9PNG",46372024,0.182285,0.0136519,"outcome",TRUE,"reported","textfile",11,"46393574",0.00341596072659002,1.17e-08,"SmoInit",TRUE,"reported","G8JOQX",2,TRUE,NA
"156","rs3800227","G","A","G","A",0.0171779534520435,0.00460432,0.742,0.679528,FALSE,FALSE,FALSE,"Dc9PNG",108672958,0.634588,0.00968762,"outcome",TRUE,"reported","textfile",6,"108994161",0.00291193582568195,3.64e-09,"SmoInit",TRUE,"reported","G8JOQX",2,TRUE,NA
"157","rs3810496","C","T","C","T",0.015881294406838,-0.0174619,0.619436,0.609734,FALSE,FALSE,FALSE,"Dc9PNG",63775533,0.059012,0.00924834,"outcome",TRUE,"reported","textfile",20,"62406886",0.00262869055394539,1.54e-09,"SmoInit",TRUE,"reported","G8JOQX",2,TRUE,NA
"158","rs3811038","C","T","C","T",0.0191404347355438,0.0208229,0.279,0.229074,FALSE,FALSE,FALSE,"Dc9PNG",112482606,0.0545331,0.0108307,"outcome",TRUE,"reported","textfile",2,"113240183",0.0028406901883061,1.58e-11,"SmoInit",TRUE,"reported","G8JOQX",2,TRUE,NA
"159","rs3820277","T","G","T","G",-0.0188369165347618,-0.00137213,0.526,0.514027,FALSE,FALSE,FALSE,"Dc9PNG",18110163,0.879804,0.00907386,"outcome",TRUE,"reported","textfile",1,"18436657",0.00255159394161599,1.57e-13,"SmoInit",TRUE,"reported","G8JOQX",2,TRUE,NA
"160","rs3843905","T","C","T","C",-0.0151458403650148,0.00679671,0.403,0.444662,FALSE,FALSE,FALSE,"Dc9PNG",166000275,0.453778,0.00907278,"outcome",TRUE,"reported","textfile",5,"165427280",0.00259749019339433,5.41e-09,"SmoInit",TRUE,"reported","G8JOQX",2,TRUE,NA
"161","rs3847244","T","C","T","C",0.0186716901787056,0.00443898,0.47,0.393988,FALSE,FALSE,FALSE,"Dc9PNG",3025368,0.632284,0.00927658,"outcome",TRUE,"reported","textfile",9,"3025368",0.00255274092798555,2.6e-13,"SmoInit",TRUE,"reported","G8JOQX",2,TRUE,NA
"162","rs3850736","G","C","G","C",0.0191284473580711,-0.00385205,0.474,0.456769,FALSE,TRUE,TRUE,"Dc9PNG",63999464,0.671738,0.0090901,"outcome",TRUE,"reported","textfile",8,"64912021",0.00255159394161599,6.43e-14,"SmoInit",TRUE,"reported","G8JOQX",2,FALSE,NA
"163","rs3909281","G","T","G","T",0.0210671931230717,-0.00765857,0.536,0.46316,FALSE,FALSE,FALSE,"Dc9PNG",165669430,0.398804,0.00907671,"outcome",TRUE,"reported","textfile",5,"165096435",0.00255477242593266,1.62e-16,"SmoInit",TRUE,"reported","G8JOQX",2,TRUE,NA
"164","rs3934797","A","G","A","G",-0.0212974655643372,-0.0116383,0.182,0.156425,FALSE,FALSE,FALSE,"Dc9PNG",111546456,0.353384,0.0125407,"outcome",TRUE,"reported","textfile",4,"112467612",0.00330203186086922,1.12e-10,"SmoInit",TRUE,"reported","G8JOQX",2,TRUE,NA
"165","rs4044321","G","A","G","A",-0.0226409661630272,-0.0100521,0.644,0.661712,FALSE,FALSE,FALSE,"Dc9PNG",167562508,0.291835,0.00953613,"outcome",TRUE,"reported","textfile",5,"166989513",0.00266088234855731,1.75e-17,"SmoInit",TRUE,"reported","G8JOQX",2,TRUE,NA
"166","rs4140932","A","T","A","T",-0.0140445222019547,0.00780705,0.431,0.495828,FALSE,TRUE,TRUE,"Dc9PNG",15456974,0.388349,0.00905044,"outcome",TRUE,"reported","textfile",4,"15458598",0.00257275740542211,4.89e-08,"SmoInit",TRUE,"reported","G8JOQX",2,FALSE,NA
"167","rs42417","T","C","T","C",0.0169295734879061,0.024763,0.691,0.52762,FALSE,FALSE,FALSE,"Dc9PNG",94862585,0.00642451,0.00908638,"outcome",TRUE,"reported","textfile",5,"94198290",0.00275724489830731,8.27e-10,"SmoInit",TRUE,"reported","G8JOQX",2,TRUE,NA
"168","rs4264267","T","C","T","C",0.0147920832786023,-0.0183499,0.527042,0.565861,FALSE,FALSE,FALSE,"Dc9PNG",37785539,0.0454559,0.00917308,"outcome",TRUE,"reported","textfile",13,"38359676",0.00255187680537184,6.82e-09,"SmoInit",TRUE,"reported","G8JOQX",2,TRUE,NA
"169","rs4310804","G","C","G","C",-0.0181872587471534,0.00320971,0.247,0.302605,FALSE,TRUE,FALSE,"Dc9PNG",96315180,0.745233,0.00987811,"outcome",TRUE,"reported","textfile",15,"96858409",0.002954252695758,7.55e-10,"SmoInit",TRUE,"reported","G8JOQX",2,TRUE,NA
"170","rs4326350","G","C","G","C",-0.0176136629922878,0.0279241,0.493,0.387416,FALSE,TRUE,TRUE,"Dc9PNG",10906145,0.00267024,0.00929765,"outcome",TRUE,"reported","textfile",8,"10763655",0.00255297290866797,5.16e-12,"SmoInit",TRUE,"reported","G8JOQX",2,FALSE,NA
"171","rs4476253","A","G","A","G",-0.0184861639511242,0.0257082,0.24,0.221079,FALSE,FALSE,FALSE,"Dc9PNG",27673333,0.0181924,0.0108856,"outcome",TRUE,"reported","textfile",18,"25253297",0.00298319187991516,5.78e-10,"SmoInit",TRUE,"reported","G8JOQX",2,TRUE,NA
"172","rs4543050","T","A","T","A",0.0222035305102178,0.00124524,0.816,0.860849,FALSE,TRUE,FALSE,"Dc9PNG",74905409,0.924263,0.0130989,"outcome",TRUE,"reported","textfile",3,"74954560",0.00328805909500432,1.45e-11,"SmoInit",TRUE,"reported","G8JOQX",2,TRUE,NA
"173","rs45444697","G","C","G","C",0.0196901495123313,0.0152117,0.212,0.177791,FALSE,TRUE,FALSE,"Dc9PNG",155062156,0.199431,0.0118547,"outcome",TRUE,"reported","textfile",1,"155034632",0.00311718491590551,2.72e-10,"SmoInit",TRUE,"reported","G8JOQX",2,TRUE,NA
"174","rs4674916","A","C","A","C",-0.0180261497464384,0.00790696,0.327671,0.304149,FALSE,FALSE,FALSE,"Dc9PNG",224500918,0.420094,0.00980697,"outcome",TRUE,"reported","textfile",2,"225365635",0.00271446145914343,3.06e-11,"SmoInit",TRUE,"reported","G8JOQX",2,TRUE,NA
"175","rs4674993","G","A","G","A",-0.0240053355928417,0.00473235,0.2,0.173945,FALSE,FALSE,FALSE,"Dc9PNG",225467317,0.690133,0.0118702,"outcome",TRUE,"reported","textfile",2,"226332033",0.00318517731426786,4.85e-14,"SmoInit",TRUE,"reported","G8JOQX",2,TRUE,NA
"176","rs4727189","C","T","C","T",0.0148604394330488,0.0177737,0.344,0.324649,FALSE,FALSE,FALSE,"Dc9PNG",88813254,0.0656463,0.00965527,"outcome",TRUE,"reported","textfile",7,"88442568",0.00268202279236024,3e-08,"SmoInit",TRUE,"reported","G8JOQX",2,TRUE,NA
"177","rs4752018","A","C","A","C",0.0188538152048703,0.0142111,0.231,0.192109,FALSE,FALSE,FALSE,"Dc9PNG",116919201,0.215035,0.011462,"outcome",TRUE,"reported","textfile",10,"118678712",0.00302290462718799,4.42e-10,"SmoInit",TRUE,"reported","G8JOQX",2,TRUE,NA
"178","rs4759229","G","A","G","A",0.0155695985471537,0.0204976,0.656,0.671544,FALSE,FALSE,FALSE,"Dc9PNG",56080696,0.0327469,0.00959999,"outcome",TRUE,"reported","textfile",12,"56474480",0.00268202279236024,6.53e-09,"SmoInit",TRUE,"reported","G8JOQX",2,TRUE,NA
"179","rs4785187","A","G","A","G",0.0199772389299315,-0.000171138,0.223,0.293681,FALSE,FALSE,FALSE,"Dc9PNG",49732861,0.986247,0.00992829,"outcome",TRUE,"reported","textfile",16,"49766772",0.00306076977669106,6.55e-11,"SmoInit",TRUE,"reported","G8JOQX",2,TRUE,NA
"180","rs4788676","C","T","C","T",-0.0177450351799136,-0.00346591,0.228528,0.152259,FALSE,FALSE,FALSE,"Dc9PNG",72916569,0.782299,0.0125429,"outcome",TRUE,"reported","textfile",16,"72950468",0.00303433699193013,4.92e-09,"SmoInit",TRUE,"reported","G8JOQX",2,TRUE,NA
"181","rs4790874","T","C","T","C",0.0174491108982369,-0.012604,0.532,0.503389,FALSE,FALSE,FALSE,"Dc9PNG",2091883,0.165337,0.009085,"outcome",TRUE,"reported","textfile",17,"1995177",0.0025533765323661,8.43e-12,"SmoInit",TRUE,"reported","G8JOQX",2,TRUE,NA
"182","rs4818005","A","G","A","G",-0.0204309829445482,0.00456736,0.581,0.688478,FALSE,FALSE,FALSE,"Dc9PNG",39216893,0.639727,0.00975767,"outcome",TRUE,"reported","textfile",21,"40588819",0.00264424745900656,1.09e-14,"SmoInit",TRUE,"reported","G8JOQX",2,TRUE,NA
"183","rs4822102","T","C","T","C",-0.0165428077340757,-0.00218315,0.618,0.497154,FALSE,FALSE,FALSE,"Dc9PNG",42302424,0.809191,0.00904111,"outcome",TRUE,"reported","textfile",22,"42698430",0.00262221130993186,2.78e-10,"SmoInit",TRUE,"reported","G8JOQX",2,TRUE,NA
"184","rs4837631","T","C","T","C",-0.0153574290571087,0.0153779,0.446,0.453915,FALSE,FALSE,FALSE,"Dc9PNG",119299670,0.0900492,0.00907177,"outcome",TRUE,"reported","textfile",9,"122061948",0.00256313389330125,2.03e-09,"SmoInit",TRUE,"reported","G8JOQX",2,TRUE,NA
"185","rs4877285","A","G","A","G",-0.0181318240751014,-0.0179227,0.668249,0.670044,FALSE,FALSE,FALSE,"Dc9PNG",78739213,0.063103,0.00964383,"outcome",TRUE,"reported","textfile",9,"81354129",0.00270594101919117,2.1e-11,"SmoInit",TRUE,"reported","G8JOQX",2,TRUE,NA
"186","rs4886207","C","T","C","T",-0.0162466752287049,-0.0173378,0.637,0.567375,FALSE,FALSE,FALSE,"Dc9PNG",60131658,0.0564989,0.00909086,"outcome",TRUE,"reported","textfile",13,"60705792",0.00264954058636653,8.78e-10,"SmoInit",TRUE,"reported","G8JOQX",2,TRUE,NA
"187","rs4912332","T","C","T","C",0.0141209253041899,0.00956694,0.491,0.54417,FALSE,FALSE,FALSE,"Dc9PNG",58349571,0.290051,0.00904239,"outcome",TRUE,"reported","textfile",1,"58815243",0.00254855475073146,2.94e-08,"SmoInit",TRUE,"reported","G8JOQX",2,TRUE,NA
"188","rs540860","G","A","G","A",0.0176085972904721,-0.00419733,0.543,0.548196,FALSE,FALSE,FALSE,"Dc9PNG",121660179,0.646121,0.0091414,"outcome",TRUE,"reported","textfile",11,"121530888",0.00255761747377367,5.75e-12,"SmoInit",TRUE,"reported","G8JOQX",2,TRUE,NA
"189","rs55786907","G","A","G","A",0.019445215573239,0.0145048,0.162492,0.186091,FALSE,FALSE,FALSE,"Dc9PNG",59297450,0.212603,0.011637,"outcome",TRUE,"reported","textfile",13,"59871584",0.00345368823422651,1.84e-08,"SmoInit",TRUE,"reported","G8JOQX",2,TRUE,NA
"190","rs55913542","T","G","T","G",0.0185622623947187,-0.00676922,0.175,0.190393,FALSE,FALSE,FALSE,"Dc9PNG",99227506,0.557137,0.01153,"outcome",TRUE,"reported","textfile",14,"99693843",0.00335560006619697,3.25e-08,"SmoInit",TRUE,"reported","G8JOQX",2,TRUE,NA
"191","rs56208390","G","A","G","A",0.0215635615380883,-0.00514793,0.123,0.138703,FALSE,FALSE,FALSE,"Dc9PNG",83020873,0.694988,0.0131293,"outcome",TRUE,"reported","textfile",2,"83247997",0.00387919179771511,2.68e-08,"SmoInit",TRUE,"reported","G8JOQX",2,TRUE,NA
"192","rs56902655","G","T","G","T",-0.0218627772110258,0.0136799,0.136,0.165872,FALSE,FALSE,FALSE,"Dc9PNG",63606510,0.258294,0.0121015,"outcome",TRUE,"reported","textfile",15,"63898709",0.00371678363105592,4.09e-09,"SmoInit",TRUE,"reported","G8JOQX",2,TRUE,NA
"193","rs58400863","A","G","A","G",-0.0201718832102996,-0.0101712,0.347,0.353839,FALSE,FALSE,FALSE,"Dc9PNG",31182862,0.286808,0.00954904,"outcome",TRUE,"reported","textfile",4,"31184484",0.00267653099616181,4.89e-14,"SmoInit",TRUE,"reported","G8JOQX",2,TRUE,NA
"194","rs586699","A","G","A","G",-0.0148032813680652,0.00111556,0.543,0.568372,FALSE,FALSE,FALSE,"Dc9PNG",92556568,0.902479,0.00910428,"outcome",TRUE,"reported","textfile",11,"92289734",0.00255761747377367,7.29e-09,"SmoInit",TRUE,"reported","G8JOQX",2,TRUE,NA
"195","rs59537158","T","C","T","C",0.0224874954780672,-0.00361722,0.214,0.177072,FALSE,FALSE,FALSE,"Dc9PNG",28244427,0.761407,0.0119132,"outcome",TRUE,"reported","textfile",4,"28246049",0.00310652923853118,4.62e-13,"SmoInit",TRUE,"reported","G8JOQX",2,TRUE,NA
"196","rs6011779","T","C","T","C",-0.019176551179367,0.00817516,0.806,0.756605,FALSE,FALSE,FALSE,"Dc9PNG",63352965,0.437888,0.0105382,"outcome",TRUE,"reported","textfile",20,"61984317",0.0032276255980191,2.83e-09,"SmoInit",TRUE,"reported","G8JOQX",2,TRUE,NA
"197","rs6050446","G","A","G","A",0.0544097950038368,0.041383,0.971,0.977074,FALSE,FALSE,FALSE,"Dc9PNG",25214873,0.173024,0.0303717,"outcome",TRUE,"reported","textfile",20,"25195509",0.00761143669351101,8.8e-13,"SmoInit",TRUE,"reported","G8JOQX",2,TRUE,NA
"198","rs6073075","A","T","A","T",-0.0187040436887538,-0.00511053,0.824,0.85213,FALSE,TRUE,FALSE,"Dc9PNG",43387161,0.689941,0.0128104,"outcome",TRUE,"reported","textfile",20,"42015801",0.00335394019043135,2.44e-08,"SmoInit",TRUE,"reported","G8JOQX",2,TRUE,NA
"199","rs60833441","G","A","G","A",-0.0142766415932626,0.00889871,0.461,0.464703,FALSE,FALSE,FALSE,"Dc9PNG",73756427,0.32552,0.00905097,"outcome",TRUE,"reported","textfile",15,"74048768",0.00255592884906635,2.28e-08,"SmoInit",TRUE,"reported","G8JOQX",2,TRUE,NA
"200","rs61533748","C","T","C","T",0.0174357045031205,0.00993047,0.384,0.439743,FALSE,FALSE,FALSE,"Dc9PNG",22360096,0.275718,0.00911061,"outcome",TRUE,"reported","textfile",2,"22582968",0.00261961601583743,2.82e-11,"SmoInit",TRUE,"reported","G8JOQX",2,TRUE,NA
"201","rs61884449","T","C","T","C",0.0199752928300066,0.00188103,0.149183,0.216733,FALSE,FALSE,FALSE,"Dc9PNG",64717721,0.864892,0.0110551,"outcome",TRUE,"reported","textfile",11,"64485193",0.00357615107721525,2.32e-08,"SmoInit",TRUE,"reported","G8JOQX",2,TRUE,NA
"202","rs61886926","T","C","T","C",-0.0179400669035335,-0.028666,0.384,0.420102,FALSE,FALSE,FALSE,"Dc9PNG",64366080,0.00178764,0.00917777,"outcome",TRUE,"reported","textfile",11,"64133552",0.00261961601583743,7.3e-12,"SmoInit",TRUE,"reported","G8JOQX",2,TRUE,NA
"203","rs619087","G","A","G","A",0.0142703351761035,0.00772607,0.422,0.523797,FALSE,FALSE,FALSE,"Dc9PNG",93465561,0.393116,0.00904713,"outcome",TRUE,"reported","textfile",6,"94175279",0.00257972528581484,3.1e-08,"SmoInit",TRUE,"reported","G8JOQX",2,TRUE,NA
"204","rs61959481","A","G","A","G",-0.0203441990277331,0.00249228,0.21,0.178415,FALSE,FALSE,FALSE,"Dc9PNG",55260794,0.832643,0.0117943,"outcome",TRUE,"reported","textfile",13,"55834929",0.00312802641757244,7.95e-11,"SmoInit",TRUE,"reported","G8JOQX",2,TRUE,NA
"205","rs62007780","T","G","T","G",-0.0159132952767858,-0.0168147,0.416,0.394843,FALSE,FALSE,FALSE,"Dc9PNG",77733122,0.0703283,0.00929093,"outcome",TRUE,"reported","textfile",15,"78025464",0.00258488077414061,7.48e-10,"SmoInit",TRUE,"reported","G8JOQX",2,TRUE,NA
"206","rs62052916","T","A","T","A",-0.0319137711463547,-0.0280451,0.0701,0.0911984,FALSE,TRUE,FALSE,"Dc9PNG",72540651,0.0750309,0.0157532,"outcome",TRUE,"reported","textfile",16,"72574550",0.00499018300026018,1.62e-10,"SmoInit",TRUE,"reported","G8JOQX",2,TRUE,NA
"207","rs62098013","A","G","A","G",0.0177099761642005,0.0203948,0.365322,0.352032,FALSE,FALSE,FALSE,"Dc9PNG",53337491,0.0317475,0.00949664,"outcome",TRUE,"reported","textfile",18,"50863861",0.00264593377276032,2.24e-11,"SmoInit",TRUE,"reported","G8JOQX",2,TRUE,NA
"208","rs62106258","C","T","C","T",-0.0454980088384573,-0.0507746,0.047329,0.0202847,FALSE,FALSE,FALSE,"Dc9PNG",417167,0.11356,0.0320872,"outcome",TRUE,"reported","textfile",2,"417167",0.00600009972129354,3.33e-14,"SmoInit",TRUE,"reported","G8JOQX",2,TRUE,NA
"209","rs62137126","G","A","G","A",-0.0236910869881559,-0.0126772,0.121094,0.105006,FALSE,FALSE,FALSE,"Dc9PNG",44023010,0.387501,0.01467,"outcome",TRUE,"reported","textfile",2,"44250149",0.00390536003837775,1.31e-09,"SmoInit",TRUE,"reported","G8JOQX",2,TRUE,NA
"210","rs62180324","A","G","A","G",-0.0195166646371247,0.00207771,0.212,0.154061,FALSE,FALSE,FALSE,"Dc9PNG",63189471,0.868188,0.0125193,"outcome",TRUE,"reported","textfile",2,"63416606",0.00311718491590551,3.91e-10,"SmoInit",TRUE,"reported","G8JOQX",2,TRUE,NA
"211","rs62193862","A","G","A","G",0.0238462864833974,-0.00423698,0.0999,0.123698,FALSE,FALSE,FALSE,"Dc9PNG",201979152,0.759144,0.0138191,"outcome",TRUE,"reported","textfile",2,"202843875",0.00424879209370151,1.99e-08,"SmoInit",TRUE,"reported","G8JOQX",2,TRUE,NA
"212","rs62246017","A","G","A","G",-0.0161694933302614,-0.0140412,0.322639,0.278928,FALSE,FALSE,FALSE,"Dc9PNG",71433933,0.16534,0.010121,"outcome",TRUE,"reported","textfile",3,"71483084",0.00272536754484063,3.03e-09,"SmoInit",TRUE,"reported","G8JOQX",2,TRUE,NA
"213","rs62340589","C","G","C","G",0.017413369446369,0.000929377,0.201,0.195401,FALSE,TRUE,FALSE,"Dc9PNG",175954644,0.934985,0.0113931,"outcome",TRUE,"reported","textfile",4,"176875795",0.00317923174931584,4.31e-08,"SmoInit",TRUE,"reported","G8JOQX",2,TRUE,NA
"214","rs62618693","T","C","T","C",-0.0352724153423309,-0.0594265,0.0428,0.0257871,FALSE,FALSE,FALSE,"Dc9PNG",32934946,0.0375621,0.0285759,"outcome",TRUE,"reported","textfile",11,"32956492",0.00629463244218645,2.09e-08,"SmoInit",TRUE,"reported","G8JOQX",2,TRUE,NA
"215","rs6265","T","C","T","C",-0.0292754909467112,-0.00508276,0.188,0.154337,FALSE,FALSE,FALSE,"Dc9PNG",27658369,0.683924,0.0124849,"outcome",TRUE,"reported","textfile",11,"27679916",0.00326089388209887,2.81e-19,"SmoInit",TRUE,"reported","G8JOQX",2,TRUE,NA
"216","rs6437769","T","C","T","C",0.0142141155562826,0.0123309,0.581,0.509476,FALSE,FALSE,FALSE,"Dc9PNG",108278667,0.172779,0.00904469,"outcome",TRUE,"reported","textfile",3,"107997514",0.00258225143562947,3.74e-08,"SmoInit",TRUE,"reported","G8JOQX",2,TRUE,NA
"217","rs6438436","T","C","T","C",0.0247370456169046,0.0095647,0.816,0.756934,FALSE,FALSE,FALSE,"Dc9PNG",118103302,0.366137,0.0105836,"outcome",TRUE,"reported","textfile",3,"117822149",0.00328805909500432,5.33e-14,"SmoInit",TRUE,"reported","G8JOQX",2,TRUE,NA
"218","rs644740","T","C","T","C",-0.0140785168397533,-0.0153971,0.457,0.396371,FALSE,FALSE,FALSE,"Dc9PNG",65793997,0.0954004,0.00923325,"outcome",TRUE,"reported","textfile",11,"65561468",0.00255761747377367,3.67e-08,"SmoInit",TRUE,"reported","G8JOQX",2,TRUE,NA
"219","rs6497840","A","G","A","G",0.0227702781578142,-0.000607381,0.707,0.743195,FALSE,FALSE,FALSE,"Dc9PNG",25340312,0.953102,0.0103276,"outcome",TRUE,"reported","textfile",16,"25351633",0.00286651128783754,2.01e-15,"SmoInit",TRUE,"reported","G8JOQX",2,TRUE,NA
"220","rs6568832","A","G","A","G",0.0188690056414671,0.0114399,0.753851,0.728327,FALSE,FALSE,FALSE,"Dc9PNG",97255000,0.260618,0.0101694,"outcome",TRUE,"reported","textfile",6,"97702876",0.00295768425707732,1.74e-10,"SmoInit",TRUE,"reported","G8JOQX",2,TRUE,NA
"221","rs67050670","G","A","G","A",-0.0202722725573387,0.00849373,0.229,0.203947,FALSE,FALSE,FALSE,"Dc9PNG",41717290,0.449872,0.0112406,"outcome",TRUE,"reported","textfile",18,"39297254",0.00303213598798646,2.34e-11,"SmoInit",TRUE,"reported","G8JOQX",2,TRUE,NA
"222","rs6731872","G","T","G","T",0.0315976722437205,0.0238383,0.826,0.835279,FALSE,FALSE,FALSE,"Dc9PNG",624205,0.0492176,0.012121,"outcome",TRUE,"reported","textfile",2,"624205",0.00336069389789628,5.35e-21,"SmoInit",TRUE,"reported","G8JOQX",2,TRUE,NA
"223","rs6750107","A","G","A","G",0.0145651380943922,-0.000529317,0.386875,0.450166,FALSE,FALSE,FALSE,"Dc9PNG",80521682,0.953403,0.00905837,"outcome",TRUE,"reported","textfile",2,"80748807",0.00261597602650499,2.6e-08,"SmoInit",TRUE,"reported","G8JOQX",2,TRUE,NA
"224","rs6750529","T","C","T","C",0.0199073582141741,0.0189943,0.744,0.745341,FALSE,FALSE,FALSE,"Dc9PNG",181162876,0.0670564,0.0103721,"outcome",TRUE,"reported","textfile",2,"182027603",0.00291935664980527,9.26e-12,"SmoInit",TRUE,"reported","G8JOQX",2,TRUE,NA
"225","rs6756212","T","C","T","C",-0.0338880494124865,0.00686208,0.535,0.438613,FALSE,FALSE,FALSE,"Dc9PNG",145382564,0.451032,0.00910458,"outcome",TRUE,"reported","textfile",2,"146140132",0.00255440783586912,3.49e-40,"SmoInit",TRUE,"reported","G8JOQX",2,TRUE,NA
"226","rs67777803","T","G","T","G",-0.0246014935565632,0.0209925,0.172,0.16721,FALSE,FALSE,FALSE,"Dc9PNG",28996304,0.0833259,0.0121225,"outcome",TRUE,"reported","textfile",17,"27323322",0.00337609153783181,3.18e-13,"SmoInit",TRUE,"reported","G8JOQX",2,TRUE,NA
"227","rs6782116","T","C","T","C",-0.0146502197827914,0.00462764,0.415,0.316084,FALSE,FALSE,FALSE,"Dc9PNG",77126881,0.635309,0.00975746,"outcome",TRUE,"reported","textfile",3,"77176032",0.00258578030838715,1.46e-08,"SmoInit",TRUE,"reported","G8JOQX",2,TRUE,NA
"228","rs6874731","G","T","G","T",0.0153179156797748,0.00474012,0.484,0.464769,FALSE,FALSE,FALSE,"Dc9PNG",80968046,0.604424,0.00914997,"outcome",TRUE,"reported","textfile",5,"80263865",0.00254944750286814,1.83e-09,"SmoInit",TRUE,"reported","G8JOQX",2,TRUE,NA
"229","rs6890961","T","C","T","C",-0.0193108669011559,-0.0139822,0.624,0.637983,FALSE,FALSE,FALSE,"Dc9PNG",167351498,0.140099,0.00947673,"outcome",TRUE,"reported","textfile",5,"166778503",0.0026303127365933,2.13e-13,"SmoInit",TRUE,"reported","G8JOQX",2,TRUE,NA
"230","rs6936160","T","C","T","C",0.0201067590761284,-0.00944752,0.698,0.690224,FALSE,FALSE,FALSE,"Dc9PNG",99899869,0.334401,0.00978726,"outcome",TRUE,"reported","textfile",6,"100347745",0.0027749963896861,4.2e-13,"SmoInit",TRUE,"reported","G8JOQX",2,TRUE,NA
"231","rs6968380","A","G","A","G",-0.0234192367880246,0.00173015,0.681,0.630237,FALSE,FALSE,FALSE,"Dc9PNG",115300105,0.853735,0.00938485,"outcome",TRUE,"reported","textfile",7,"114940159",0.00273353543303769,1.05e-17,"SmoInit",TRUE,"reported","G8JOQX",2,TRUE,NA
"232","rs6986430","C","T","C","T",-0.0243376590460144,0.00916513,0.222377,0.194185,FALSE,FALSE,FALSE,"Dc9PNG",92035876,0.420843,0.0113858,"outcome",TRUE,"reported","textfile",8,"93048104",0.00306382618128011,1.99e-15,"SmoInit",TRUE,"reported","G8JOQX",2,TRUE,NA
"233","rs7024924","C","T","C","T",0.0188917634386336,-0.0126989,0.174,0.172793,FALSE,FALSE,FALSE,"Dc9PNG",8282399,0.287985,0.0119513,"outcome",TRUE,"reported","textfile",9,"8282399",0.00336069389789629,1.9e-08,"SmoInit",TRUE,"reported","G8JOQX",2,TRUE,NA
"234","rs7026534","G","T","G","T",-0.0166030163128688,-0.0098075,0.703821,0.736581,FALSE,FALSE,FALSE,"Dc9PNG",132031876,0.339948,0.0102775,"outcome",TRUE,"reported","textfile",9,"134907263",0.0027905214398687,2.68e-09,"SmoInit",TRUE,"reported","G8JOQX",2,TRUE,NA
"235","rs7072776","G","A","G","A",-0.0219746659604234,-0.0216949,0.712,0.762056,FALSE,FALSE,FALSE,"Dc9PNG",21744013,0.040359,0.0105826,"outcome",TRUE,"reported","textfile",10,"22032942",0.00281356766714023,5.66e-15,"SmoInit",TRUE,"reported","G8JOQX",2,TRUE,NA
"236","rs7134009","C","T","C","T",-0.0157969079482934,-0.00883204,0.287,0.356894,FALSE,FALSE,FALSE,"Dc9PNG",74869413,0.349033,0.00943123,"outcome",TRUE,"reported","textfile",12,"75263193",0.00288410760737097,4.3e-08,"SmoInit",TRUE,"reported","G8JOQX",2,TRUE,NA
"237","rs71367544","T","C","T","C",0.0205521600569838,0.0172399,0.203,0.219272,FALSE,FALSE,FALSE,"Dc9PNG",79814374,0.115009,0.0109385,"outcome",TRUE,"reported","textfile",18,"77574374",0.00316749855600992,8.54e-11,"SmoInit",TRUE,"reported","G8JOQX",2,TRUE,NA
"238","rs71592686","C","T","C","T",0.0207374485275736,-0.00787735,0.274,0.279717,FALSE,FALSE,FALSE,"Dc9PNG",60825444,0.4342,0.010073,"outcome",TRUE,"reported","textfile",5,"60121271",0.00285660382555937,3.85e-13,"SmoInit",TRUE,"reported","G8JOQX",2,TRUE,NA
"239","rs71602617","T","C","T","C",-0.0177654859083323,-0.00598286,0.216,0.296839,FALSE,FALSE,FALSE,"Dc9PNG",135485000,0.544711,0.00987752,"outcome",TRUE,"reported","textfile",4,"136406155",0.00317038691182538,2.1e-08,"SmoInit",TRUE,"reported","G8JOQX",2,TRUE,NA
"240","rs7188873","G","A","G","A",0.0202957786323485,-0.00887335,0.612998,0.631201,FALSE,FALSE,FALSE,"Dc9PNG",24715743,0.343187,0.0093612,"outcome",TRUE,"reported","textfile",16,"24727064",0.00261581768560816,8.46e-15,"SmoInit",TRUE,"reported","G8JOQX",2,TRUE,NA
"241","rs7192140","C","T","C","T",-0.0168833776674707,0.00204153,0.498,0.421241,FALSE,FALSE,FALSE,"Dc9PNG",10079891,0.8238,0.00916883,"outcome",TRUE,"reported","textfile",16,"10173748",0.00254816223679372,3.4e-11,"SmoInit",TRUE,"reported","G8JOQX",2,TRUE,NA
"242","rs72780746","C","T","C","T",-0.0257629583806218,0.00937314,0.173,0.153833,FALSE,FALSE,FALSE,"Dc9PNG",104593887,0.453152,0.0124947,"outcome",TRUE,"reported","textfile",5,"103929588",0.00336835455155562,2.05e-14,"SmoInit",TRUE,"reported","G8JOQX",2,TRUE,NA
"243","rs72789626","A","T","A","T",-0.025643113591373,0.0282317,0.136,0.0846139,FALSE,TRUE,FALSE,"Dc9PNG",107489917,0.0806956,0.0161632,"outcome",TRUE,"reported","textfile",5,"106825618",0.00371678363105592,5.13e-12,"SmoInit",TRUE,"reported","G8JOQX",2,TRUE,NA
"244","rs72790288","A","G","A","G",-0.0455317796974094,0.0147882,0.0282,0.0180952,FALSE,FALSE,FALSE,"Dc9PNG",29290538,0.666422,0.0343063,"outcome",TRUE,"reported","textfile",2,"29513404",0.00769627546732542,3.28e-09,"SmoInit",TRUE,"reported","G8JOQX",2,TRUE,NA
"245","rs72898831","G","A","G","A",-0.024415855154164,-0.000399853,0.155,0.134298,FALSE,FALSE,FALSE,"Dc9PNG",45078678,0.976069,0.0133296,"outcome",TRUE,"reported","textfile",18,"42658643",0.00352045989869483,4.14e-12,"SmoInit",TRUE,"reported","G8JOQX",2,TRUE,NA
"246","rs73008357","C","A","C","A",-0.0223095209685988,0.00712933,0.121,0.111529,FALSE,FALSE,FALSE,"Dc9PNG",156110722,0.618515,0.0143172,"outcome",TRUE,"reported","textfile",6,"156431856",0.00400046109017831,2.44e-08,"SmoInit",TRUE,"reported","G8JOQX",2,TRUE,NA
"247","rs7333559","A","G","A","G",-0.0232125263243759,-0.0185656,0.783,0.83642,FALSE,FALSE,FALSE,"Dc9PNG",99894196,0.129084,0.0122325,"outcome",TRUE,"reported","textfile",13,"100546450",0.00309088507361485,5.94e-14,"SmoInit",TRUE,"reported","G8JOQX",2,TRUE,NA
"248","rs73831818","G","A","G","A",0.0320434884207701,-0.013319,0.057,0.0371098,FALSE,FALSE,FALSE,"Dc9PNG",55954366,0.576488,0.0238468,"outcome",TRUE,"reported","textfile",3,"55988394",0.00549541292719244,5.46e-09,"SmoInit",TRUE,"reported","G8JOQX",2,TRUE,NA
"249","rs748832","G","A","G","A",0.017214171572941,0.0183959,0.371,0.365335,FALSE,FALSE,FALSE,"Dc9PNG",16809700,0.0499436,0.00938354,"outcome",TRUE,"reported","textfile",3,"16851202",0.00263743234317981,6.6e-11,"SmoInit",TRUE,"reported","G8JOQX",2,TRUE,NA
"250","rs7505855","T","C","T","C",-0.016981782012443,0.00400146,0.586,0.576906,FALSE,FALSE,FALSE,"Dc9PNG",34116111,0.662156,0.00915794,"outcome",TRUE,"reported","textfile",18,"31696075",0.00258669144452735,5.31e-11,"SmoInit",TRUE,"reported","G8JOQX",2,TRUE,NA
"251","rs75674569","A","G","A","G",-0.0253376642806127,0.00510852,0.0997,0.0589813,FALSE,FALSE,FALSE,"Dc9PNG",96171470,0.789758,0.01916,"outcome",TRUE,"reported","textfile",13,"96823724",0.00425257910541401,2.58e-09,"SmoInit",TRUE,"reported","G8JOQX",2,TRUE,NA
"252","rs75919030","C","T","C","T",-0.0209664026528435,0.000334486,0.267,0.259138,FALSE,FALSE,FALSE,"Dc9PNG",52115837,0.97416,0.0103264,"outcome",TRUE,"reported","textfile",17,"50193197",0.00287995689236987,3.35e-13,"SmoInit",TRUE,"reported","G8JOQX",2,TRUE,NA
"253","rs7598402","G","C","G","C",-0.0147282541443157,0.0217888,0.492084,0.479126,FALSE,TRUE,TRUE,"Dc9PNG",50508805,0.0158384,0.00903121,"outcome",TRUE,"reported","textfile",2,"50735943",0.00254846126017199,7.38e-09,"SmoInit",TRUE,"reported","G8JOQX",2,FALSE,NA
"254","rs7600835","A","G","A","G",-0.0151215822660203,-0.00610708,0.342,0.280361,FALSE,FALSE,FALSE,"Dc9PNG",171665317,0.545778,0.0101094,"outcome",TRUE,"reported","textfile",2,"172521827",0.00268576249814973,1.8e-08,"SmoInit",TRUE,"reported","G8JOQX",2,TRUE,NA
"255","rs7631379","C","T","C","T",0.0208014202663307,0.0265373,0.206,0.154768,FALSE,FALSE,FALSE,"Dc9PNG",181691269,0.0333618,0.0124722,"outcome",TRUE,"reported","textfile",3,"181409057",0.00315028426377377,3.94e-11,"SmoInit",TRUE,"reported","G8JOQX",2,TRUE,NA
"256","rs7640107","T","C","T","C",-0.0141860488913742,-0.0168339,0.430789,0.480385,FALSE,FALSE,FALSE,"Dc9PNG",59980430,0.062634,0.00904184,"outcome",TRUE,"reported","textfile",3,"59966156",0.00257291038839787,3.46e-08,"SmoInit",TRUE,"reported","G8JOQX",2,TRUE,NA
"257","rs76460663","G","C","G","C",-0.0423499881621549,0.0129752,0.041056,0.077682,FALSE,TRUE,FALSE,"Dc9PNG",112109017,0.447611,0.0170861,"outcome",TRUE,"reported","textfile",11,"111979741",0.00642108863426387,4.15e-11,"SmoInit",TRUE,"reported","G8JOQX",2,TRUE,NA
"258","rs7657022","G","A","G","A",0.0182907848013209,0.0125368,0.489,0.508223,FALSE,FALSE,FALSE,"Dc9PNG",35499410,0.165174,0.00903307,"outcome",TRUE,"reported","textfile",4,"35501032",0.00254875872567672,7.34e-13,"SmoInit",TRUE,"reported","G8JOQX",2,TRUE,NA
"259","rs76608582","A","C","A","C",-0.0345492908715738,-0.0150403,0.0489,0.0575768,FALSE,FALSE,FALSE,"Dc9PNG",4474728,0.442517,0.019585,"outcome",TRUE,"reported","textfile",19,"4474725",0.00590780408568799,4.88e-09,"SmoInit",TRUE,"reported","G8JOQX",2,TRUE,NA
"260","rs76841737","G","C","G","C",-0.0231488111016818,0.0111398,0.103,0.11181,FALSE,TRUE,FALSE,"Dc9PNG",91652094,0.437998,0.0143632,"outcome",TRUE,"reported","textfile",7,"91281409",0.0041915897661762,3.26e-08,"SmoInit",TRUE,"reported","G8JOQX",2,TRUE,NA
"261","rs7696257","A","G","A","G",0.0153312678884022,0.00242327,0.366,0.419873,FALSE,FALSE,FALSE,"Dc9PNG",136553628,0.790795,0.00913487,"outcome",TRUE,"reported","textfile",4,"137474783",0.00264489498770943,6.78e-09,"SmoInit",TRUE,"reported","G8JOQX",2,TRUE,NA
"262","rs77283305","A","G","A","G",-0.0151959719568566,0.00180599,0.305819,0.277544,FALSE,FALSE,FALSE,"Dc9PNG",132909071,0.85803,0.0100959,"outcome",TRUE,"reported","textfile",7,"132593831",0.00276519021844032,3.91e-08,"SmoInit",TRUE,"reported","G8JOQX",2,TRUE,NA
"263","rs7743165","G","T","G","T",0.0192558800004546,-0.00605321,0.495,0.465717,FALSE,FALSE,FALSE,"Dc9PNG",66811329,0.504427,0.00906791,"outcome",TRUE,"reported","textfile",6,"67521222",0.00254826926806319,4.15e-14,"SmoInit",TRUE,"reported","G8JOQX",2,TRUE,NA
"264","rs7802996","T","C","T","C",-0.0208846886818414,-0.00625822,0.166,0.0984015,FALSE,FALSE,FALSE,"Dc9PNG",78142666,0.679011,0.0151233,"outcome",TRUE,"reported","textfile",7,"77771983",0.00342417960246408,1.06e-09,"SmoInit",TRUE,"reported","G8JOQX",2,TRUE,NA
"265","rs7809303","A","G","A","G",-0.021418836864619,0.00591855,0.325,0.338029,FALSE,FALSE,FALSE,"Dc9PNG",70019380,0.534276,0.00952313,"outcome",TRUE,"reported","textfile",7,"69484366",0.00272019500200298,3.48e-15,"SmoInit",TRUE,"reported","G8JOQX",2,TRUE,NA
"266","rs7836565","T","C","T","C",-0.0155084165083128,-0.0136162,0.718,0.699705,FALSE,FALSE,FALSE,"Dc9PNG",51656889,0.166635,0.00984473,"outcome",TRUE,"reported","textfile",8,"52569449",0.00283143651759614,4.36e-08,"SmoInit",TRUE,"reported","G8JOQX",2,TRUE,NA
"267","rs7867822","G","A","G","A",-0.0150970271647724,0.0194511,0.673,0.702082,FALSE,FALSE,FALSE,"Dc9PNG",20676455,0.0488349,0.00987351,"outcome",TRUE,"reported","textfile",9,"20676454",0.00271589012993163,2.76e-08,"SmoInit",TRUE,"reported","G8JOQX",2,TRUE,NA
"268","rs7920501","A","T","A","T",-0.0155168449616196,0.010105,0.465,0.392695,FALSE,TRUE,TRUE,"Dc9PNG",10001196,0.274596,0.00924911,"outcome",TRUE,"reported","textfile",10,"10043159",0.00255440783586912,1.25e-09,"SmoInit",TRUE,"reported","G8JOQX",2,FALSE,NA
"269","rs7921378","C","G","C","G",-0.0233135465388289,0.0128927,0.482,0.494372,FALSE,TRUE,TRUE,"Dc9PNG",61915126,0.153146,0.00902528,"outcome",TRUE,"reported","textfile",10,"63674885",0.00254979465403176,6.1e-20,"SmoInit",TRUE,"reported","G8JOQX",2,FALSE,NA
"270","rs7929518","G","A","G","A",0.0192362727079985,-0.0183053,0.773,0.742217,FALSE,FALSE,FALSE,"Dc9PNG",86269916,0.0765121,0.0103345,"outcome",TRUE,"reported","textfile",11,"85980958",0.00304152177247051,2.55e-10,"SmoInit",TRUE,"reported","G8JOQX",2,TRUE,NA
"271","rs7943721","A","G","A","G",-0.0212136090038615,0.0107096,0.829,0.844238,FALSE,FALSE,FALSE,"Dc9PNG",73598348,0.392123,0.0125145,"outcome",TRUE,"reported","textfile",11,"73309393",0.00338390595551107,3.58e-10,"SmoInit",TRUE,"reported","G8JOQX",2,TRUE,NA
"272","rs7969559","G","A","G","A",-0.0170158764738426,-0.00542984,0.713,0.644579,FALSE,FALSE,FALSE,"Dc9PNG",69261387,0.564643,0.00942747,"outcome",TRUE,"reported","textfile",12,"69655167",0.00281648791389652,1.53e-09,"SmoInit",TRUE,"reported","G8JOQX",2,TRUE,NA
"273","rs8005334","G","T","G","T",0.0166733576649974,-0.0109755,0.36,0.234988,FALSE,FALSE,FALSE,"Dc9PNG",79097311,0.302952,0.0106546,"outcome",TRUE,"reported","textfile",14,"79563654",0.00265628674749107,3.44e-10,"SmoInit",TRUE,"reported","G8JOQX",2,TRUE,NA
"274","rs8027457","C","T","C","T",0.0153137772807968,-0.00328352,0.511,0.5209,FALSE,FALSE,FALSE,"Dc9PNG",98660872,0.716665,0.00904751,"outcome",TRUE,"reported","textfile",15,"99204101",0.00254875872567672,1.88e-09,"SmoInit",TRUE,"reported","G8JOQX",2,TRUE,NA
"275","rs8050598","T","C","T","C",0.0186697540012263,0.0106647,0.254117,0.226697,FALSE,FALSE,FALSE,"Dc9PNG",49858053,0.327917,0.0109011,"outcome",TRUE,"reported","textfile",16,"49891964",0.00292645190436437,1.76e-10,"SmoInit",TRUE,"reported","G8JOQX",2,TRUE,NA
"276","rs8096225","C","A","C","A",0.0155245337193483,-0.00427592,0.703,0.7558,FALSE,FALSE,FALSE,"Dc9PNG",39341887,0.683299,0.0104811,"outcome",TRUE,"reported","textfile",18,"36921851",0.00278828856748841,2.63e-08,"SmoInit",TRUE,"reported","G8JOQX",2,TRUE,NA
"277","rs8103660","C","T","C","T",0.0158025711053756,0.0236597,0.354431,0.393248,FALSE,FALSE,FALSE,"Dc9PNG",18455585,0.0102953,0.00922137,"outcome",TRUE,"reported","textfile",19,"18566395",0.00266352281645246,3.03e-09,"SmoInit",TRUE,"reported","G8JOQX",2,TRUE,NA
"278","rs876793","C","T","C","T",-0.0179245007056761,-0.00810047,0.349262,0.271893,FALSE,FALSE,FALSE,"Dc9PNG",237688783,0.426059,0.0101771,"outcome",TRUE,"reported","textfile",1,"237852083",0.00273664472881359,5.69e-11,"SmoInit",TRUE,"reported","G8JOQX",2,TRUE,NA
"279","rs910912","C","T","C","T",-0.0167699273398506,0.00119043,0.739,0.755986,FALSE,FALSE,FALSE,"Dc9PNG",55887337,0.909759,0.010503,"outcome",TRUE,"reported","textfile",20,"54462393",0.00290609002764278,7.82e-09,"SmoInit",TRUE,"reported","G8JOQX",2,TRUE,NA
"280","rs925524","G","A","G","A",0.0155573140824448,0.0113151,0.71,0.739806,FALSE,FALSE,FALSE,"Dc9PNG",46031037,0.272874,0.0103196,"outcome",TRUE,"reported","textfile",1,"46496709",0.00280779523008113,2.94e-08,"SmoInit",TRUE,"reported","G8JOQX",2,TRUE,NA
"281","rs9288999","A","G","A","G",0.0174410822809077,-0.00464047,0.735,0.706365,FALSE,FALSE,FALSE,"Dc9PNG",114429080,0.64031,0.00993111,"outcome",TRUE,"reported","textfile",3,"114147927",0.00288686847985553,1.5e-09,"SmoInit",TRUE,"reported","G8JOQX",2,TRUE,NA
"282","rs9302604","G","A","G","A",0.0187095218089082,-0.00977681,0.435,0.424937,FALSE,FALSE,FALSE,"Dc9PNG",69542991,0.286506,0.00917306,"outcome",TRUE,"reported","textfile",16,"69576894",0.00256995046688193,3.29e-13,"SmoInit",TRUE,"reported","G8JOQX",2,TRUE,NA
"283","rs9323328","G","A","G","A",-0.0142370300423771,-0.00693172,0.537,0.465294,FALSE,FALSE,FALSE,"Dc9PNG",58186796,0.443588,0.00904748,"outcome",TRUE,"reported","textfile",14,"58653514",0.00255704608072541,2.55e-08,"SmoInit",TRUE,"reported","G8JOQX",2,TRUE,NA
"284","rs9331343","C","T","C","T",-0.0141345190480488,0.00517541,0.568,0.56509,FALSE,FALSE,FALSE,"Dc9PNG",157317226,0.575036,0.0092311,"outcome",TRUE,"reported","textfile",6,"157738258",0.00257203908542274,3.9e-08,"SmoInit",TRUE,"reported","G8JOQX",2,TRUE,NA
"285","rs9423279","G","C","G","C",-0.0185807847386936,0.00527193,0.645,0.599737,FALSE,TRUE,FALSE,"Dc9PNG",123920903,0.570922,0.00930295,"outcome",TRUE,"reported","textfile",10,"125680419",0.00266256103074018,3.06e-12,"SmoInit",TRUE,"reported","G8JOQX",2,TRUE,NA
"286","rs951740","A","G","A","G",0.0295408668572617,-0.00894784,0.625,0.607461,FALSE,FALSE,FALSE,"Dc9PNG",43546066,0.334272,0.00926714,"outcome",TRUE,"reported","textfile",1,"44011737",0.00263170958781378,3.82e-29,"SmoInit",TRUE,"reported","G8JOQX",2,TRUE,NA
"287","rs9538162","C","T","C","T",0.0173791554995482,-0.0120344,0.415874,0.400026,FALSE,FALSE,FALSE,"Dc9PNG",58690909,0.191059,0.00920447,"outcome",TRUE,"reported","textfile",13,"59265043",0.00258499347783996,1.76e-11,"SmoInit",TRUE,"reported","G8JOQX",2,TRUE,NA
"288","rs9540731","T","C","T","C",-0.017730323058699,-0.0262926,0.509,0.459684,FALSE,FALSE,FALSE,"Dc9PNG",66375238,0.00383028,0.00909209,"outcome",TRUE,"reported","textfile",13,"66949370",0.00254855475073146,3.42e-12,"SmoInit",TRUE,"reported","G8JOQX",2,TRUE,NA
"289","rs9545155","C","T","C","T",-0.0160708800199023,-0.0197228,0.478,0.475429,FALSE,FALSE,FALSE,"Dc9PNG",79617738,0.0295801,0.00906514,"outcome",TRUE,"reported","textfile",13,"80191873",0.00255061204001953,3.04e-10,"SmoInit",TRUE,"reported","G8JOQX",2,TRUE,NA
"290","rs9627272","C","G","C","G",-0.0154736957351565,-0.00744042,0.407,0.333762,FALSE,TRUE,FALSE,"Dc9PNG",46046408,0.444222,0.00972498,"outcome",TRUE,"reported","textfile",22,"46442288",0.00259339729741758,2.42e-09,"SmoInit",TRUE,"reported","G8JOQX",2,TRUE,NA
"291","rs9826984","A","G","A","G",-0.0140528591832801,-0.00829893,0.542,0.502051,FALSE,FALSE,FALSE,"Dc9PNG",132226878,0.35738,0.00901696,"outcome",TRUE,"reported","textfile",3,"131945722",0.00255717955159768,3.87e-08,"SmoInit",TRUE,"reported","G8JOQX",2,TRUE,NA
"292","rs9841807","T","C","T","C",0.0162534791111457,0.00855323,0.273,0.338207,FALSE,FALSE,FALSE,"Dc9PNG",176001139,0.371021,0.00956136,"outcome",TRUE,"reported","textfile",3,"175718927",0.00285986199420466,1.35e-08,"SmoInit",TRUE,"reported","G8JOQX",2,TRUE,NA
"293","rs9850597","A","G","A","G",-0.0185709857124084,0.00584794,0.816,0.770327,FALSE,FALSE,FALSE,"Dc9PNG",162044078,0.587704,0.0107863,"outcome",TRUE,"reported","textfile",3,"161761866",0.00328805909500432,1.65e-08,"SmoInit",TRUE,"reported","G8JOQX",2,TRUE,NA
"294","rs986714","T","A","T","A",-0.0160308107404769,-0.0171555,0.445,0.424882,FALSE,TRUE,TRUE,"Dc9PNG",51525504,0.0607631,0.00914854,"outcome",TRUE,"reported","textfile",5,"50821338",0.00256369943794258,4.13e-10,"SmoInit",TRUE,"reported","G8JOQX",2,FALSE,NA
"295","rs9922607","T","C","T","C",-0.0221593131420856,-0.0132494,0.2,0.0798581,FALSE,FALSE,FALSE,"Dc9PNG",17476363,0.425845,0.0166383,"outcome",TRUE,"reported","textfile",16,"17570220",0.00318517731426786,3.42e-12,"SmoInit",TRUE,"reported","G8JOQX",2,TRUE,NA
"296","rs9941217","G","C","G","C",-0.0185566686524006,-0.013668,0.352204,0.337391,FALSE,TRUE,FALSE,"Dc9PNG",17957069,0.154136,0.00959112,"outcome",TRUE,"reported","textfile",16,"18050926",0.00266733357848334,3.5e-12,"SmoInit",TRUE,"reported","G8JOQX",2,TRUE,NA
"297","rs9987376","G","T","G","T",-0.0204682440460495,-0.000297332,0.574251,0.64189,FALSE,FALSE,FALSE,"Dc9PNG",92177786,0.974778,0.00940423,"outcome",TRUE,"reported","textfile",8,"93190014",0.00257671215931455,2.01e-15,"SmoInit",TRUE,"reported","G8JOQX",2,TRUE,NA
