"","SNP","effect_allele.exposure","other_allele.exposure","effect_allele.outcome","other_allele.outcome","beta.exposure","beta.outcome","eaf.exposure","eaf.outcome","remove","palindromic","ambiguous","id.outcome","pos.outcome","pval.outcome","se.outcome","outcome","mr_keep.outcome","pval_origin.outcome","data_source.outcome","chr.exposure","pos.exposure","se.exposure","pval.exposure","exposure","mr_keep.exposure","pval_origin.exposure","id.exposure","action","mr_keep","samplesize.outcome"
"1","rs1004787","A","G","A","G",0.0284143427641967,0.0117477,0.552,0.624939,FALSE,FALSE,FALSE,"q5fxKx",44931952,0.594419,0.0220638,"outcome",TRUE,"reported","textfile",2,"45159091",0.00256203500595084,1.11e-28,"SmoInit",TRUE,"reported","G8JOQX",2,TRUE,NA
"2","rs10060196","A","C","A","C",0.0183115763240156,0.0341088,0.580606,0.626831,FALSE,FALSE,FALSE,"q5fxKx",107120287,0.122014,0.0220573,"outcome",TRUE,"reported","textfile",5,"106455988",0.00258191380106852,1.29e-12,"SmoInit",TRUE,"reported","G8JOQX",2,TRUE,NA
"3","rs1008078","T","C","T","C",0.0228169281970342,0.0138041,0.402,0.566409,FALSE,FALSE,FALSE,"q5fxKx",90724174,0.523417,0.0216335,"outcome",TRUE,"reported","textfile",1,"91189731",0.0025985434719719,1.63e-18,"SmoInit",TRUE,"reported","G8JOQX",2,TRUE,NA
"4","rs1022376","C","T","C","T",-0.0147448388634785,-0.0297294,0.515821,0.534151,FALSE,FALSE,FALSE,"q5fxKx",21844341,0.165766,0.0214507,"outcome",TRUE,"reported","textfile",2,"22067213",0.00261062618216545,1.66e-08,"SmoInit",TRUE,"reported","G8JOQX",2,TRUE,NA
"5","rs10233018","G","A","G","A",0.0246124036923026,0.0160983,0.516,0.597868,FALSE,FALSE,FALSE,"q5fxKx",117883655,0.460663,0.0218206,"outcome",TRUE,"reported","textfile",7,"117523709",0.00254944750286814,4.77e-22,"SmoInit",TRUE,"reported","G8JOQX",2,TRUE,NA
"6","rs10279261","A","G","A","G",-0.0188726361055845,-0.0218834,0.618,0.640933,FALSE,FALSE,FALSE,"q5fxKx",133905093,0.326555,0.0223055,"outcome",TRUE,"reported","textfile",7,"133589846",0.00262221130993186,6.05e-13,"SmoInit",TRUE,"reported","G8JOQX",2,TRUE,NA
"7","rs1030015","T","G","T","G",0.014289634882684,-0.00654906,0.519564,0.494528,FALSE,FALSE,FALSE,"q5fxKx",78510264,0.759675,0.0214086,"outcome",TRUE,"reported","textfile",7,"78139581",0.00255009469713275,2.15e-08,"SmoInit",TRUE,"reported","G8JOQX",2,TRUE,NA
"8","rs10446419","G","A","G","A",-0.0195626336224949,0.0530941,0.207,0.217554,FALSE,FALSE,FALSE,"q5fxKx",25684010,0.0407315,0.0259469,"outcome",TRUE,"reported","textfile",3,"25725501",0.00314464654906591,5.05e-10,"SmoInit",TRUE,"reported","G8JOQX",2,TRUE,NA
"9","rs10490159","T","C","T","C",0.0172365324259487,0.00146852,0.394,0.368486,FALSE,FALSE,FALSE,"q5fxKx",51114121,0.947154,0.0221557,"outcome",TRUE,"reported","textfile",2,"51341259",0.00260740913197035,3.86e-11,"SmoInit",TRUE,"reported","G8JOQX",2,TRUE,NA
"10","rs1050847","T","C","T","C",-0.0148300166955147,-0.0293429,0.559,0.507531,FALSE,FALSE,FALSE,"q5fxKx",87410128,0.171423,0.021455,"outcome",TRUE,"reported","textfile",16,"87443734",0.00256606945167423,7.37e-09,"SmoInit",TRUE,"reported","G8JOQX",2,TRUE,NA
"11","rs10698713","A","G","A","G",-0.0335170218571916,0.0395012,0.0544,0.0179686,FALSE,FALSE,FALSE,"q5fxKx",158461288,0.624151,0.0806186,"outcome",TRUE,"reported","textfile",6,"158882320",0.00561746562616172,2.38e-09,"SmoInit",TRUE,"reported","G8JOQX",2,TRUE,NA
"12","rs10789369","G","A","G","A",-0.0234483812495865,0.0144802,0.615,0.639717,FALSE,FALSE,FALSE,"q5fxKx",73359226,0.514143,0.0221952,"outcome",TRUE,"reported","textfile",1,"73824909",0.00261833784254063,3.39e-19,"SmoInit",TRUE,"reported","G8JOQX",2,TRUE,NA
"13","rs10805858","T","A","T","A",0.018124112672701,0.0602456,0.335286,0.329854,FALSE,TRUE,FALSE,"q5fxKx",89578015,0.00771205,0.0226111,"outcome",TRUE,"reported","textfile",5,"88873832",0.00269878621059218,1.88e-11,"SmoInit",TRUE,"reported","G8JOQX",2,TRUE,NA
"14","rs10853981","A","G","A","G",0.0147872465733797,0.0185201,0.33036,0.269326,FALSE,FALSE,FALSE,"q5fxKx",4965053,0.442721,0.0241271,"outcome",TRUE,"reported","textfile",19,"4965064",0.00270881398316067,4.88e-08,"SmoInit",TRUE,"reported","G8JOQX",2,TRUE,NA
"15","rs10858334","G","C","G","C",0.022870980938688,-0.0209651,0.14,0.078056,FALSE,TRUE,FALSE,"q5fxKx",135097939,0.60013,0.0399935,"outcome",TRUE,"reported","textfile",9,"137989785",0.00375996610500044,1.18e-09,"SmoInit",TRUE,"reported","G8JOQX",2,TRUE,NA
"16","rs10873871","G","A","G","A",0.0174520800792171,0.030224,0.207,0.203161,FALSE,FALSE,FALSE,"q5fxKx",76223334,0.255109,0.0265582,"outcome",TRUE,"reported","textfile",1,"76689019",0.00314464654906591,2.82e-08,"SmoInit",TRUE,"reported","G8JOQX",2,TRUE,NA
"17","rs10885480","C","T","C","T",-0.0186774955897606,-0.00477007,0.284,0.302506,FALSE,FALSE,FALSE,"q5fxKx",113618605,0.837637,0.0232781,"outcome",TRUE,"reported","textfile",10,"115378364",0.00282538687942609,3.83e-11,"SmoInit",TRUE,"reported","G8JOQX",2,TRUE,NA
"18","rs10905461","C","T","C","T",-0.0163915428331727,-0.00430397,0.748,0.839928,FALSE,FALSE,FALSE,"q5fxKx",8761588,0.882728,0.0291772,"outcome",TRUE,"reported","textfile",10,"8803551",0.00293455690782236,2.36e-08,"SmoInit",TRUE,"reported","G8JOQX",2,TRUE,NA
"19","rs10914684","A","G","A","G",-0.0158038428531466,-0.011778,0.324,0.336367,FALSE,FALSE,FALSE,"q5fxKx",33329971,0.601528,0.0225544,"outcome",TRUE,"reported","textfile",1,"33795572",0.00272237377287851,6.32e-09,"SmoInit",TRUE,"reported","G8JOQX",2,TRUE,NA
"20","rs10935779","T","C","T","C",-0.0143271831132136,-0.0339981,0.415,0.45062,FALSE,FALSE,FALSE,"q5fxKx",149825315,0.114294,0.0215289,"outcome",TRUE,"reported","textfile",3,"149543102",0.00258578030838715,2.95e-08,"SmoInit",TRUE,"reported","G8JOQX",2,TRUE,NA
"21","rs10945141","A","G","A","G",0.0181417117497388,-0.0158264,0.263,0.236887,FALSE,FALSE,FALSE,"q5fxKx",68760817,0.529158,0.0251494,"outcome",TRUE,"reported","textfile",6,"69470709",0.00289388978659556,3.59e-10,"SmoInit",TRUE,"reported","G8JOQX",2,TRUE,NA
"22","rs10953957","A","G","A","G",0.014405790066301,0.0244018,0.386,0.399162,FALSE,FALSE,FALSE,"q5fxKx",122314655,0.264066,0.0218491,"outcome",TRUE,"reported","textfile",7,"121954709",0.00261707258061795,3.66e-08,"SmoInit",TRUE,"reported","G8JOQX",2,TRUE,NA
"23","rs10966092","C","T","C","T",-0.0204861923284094,-0.0144864,0.267,0.332775,FALSE,FALSE,FALSE,"q5fxKx",23831660,0.522655,0.0226613,"outcome",TRUE,"reported","textfile",9,"23831658",0.00287995689236987,1.12e-12,"SmoInit",TRUE,"reported","G8JOQX",2,TRUE,NA
"24","rs10969352","A","T","A","T",0.0143467401373709,0.00938028,0.5,0.446927,FALSE,TRUE,TRUE,"q5fxKx",29747490,0.661686,0.0214364,"outcome",TRUE,"reported","textfile",9,"29747488",0.00254814185141429,1.82e-08,"SmoInit",TRUE,"reported","G8JOQX",2,FALSE,NA
"25","rs11057005","G","A","G","A",-0.0157139020028632,0.0167976,0.441,0.545343,FALSE,FALSE,FALSE,"q5fxKx",16595787,0.436558,0.0215903,"outcome",TRUE,"reported","textfile",12,"16748721",0.00256606945167423,9.12e-10,"SmoInit",TRUE,"reported","G8JOQX",2,TRUE,NA
"26","rs1106363","T","C","T","C",0.017374554238077,0.0506204,0.344579,0.43309,FALSE,FALSE,FALSE,"q5fxKx",132096370,0.0188096,0.0215472,"outcome",TRUE,"reported","textfile",11,"131966264",0.00268095192303335,9.2e-11,"SmoInit",TRUE,"reported","G8JOQX",2,TRUE,NA
"27","rs11076962","C","T","C","T",0.0182998664190876,-0.0143447,0.279,0.248326,FALSE,FALSE,FALSE,"q5fxKx",5761366,0.56179,0.0247243,"outcome",TRUE,"reported","textfile",16,"5811367",0.0028406901883061,1.2e-10,"SmoInit",TRUE,"reported","G8JOQX",2,TRUE,NA
"28","rs1108130","A","T","A","T",0.0239435516621278,0.00785118,0.212,0.252933,FALSE,TRUE,FALSE,"q5fxKx",99996102,0.749156,0.0245538,"outcome",TRUE,"reported","textfile",13,"100648356",0.00311718491590551,1.57e-14,"SmoInit",TRUE,"reported","G8JOQX",2,TRUE,NA
"29","rs1109480","A","G","A","G",-0.016691703198282,-0.028756,0.384,0.355134,FALSE,FALSE,FALSE,"q5fxKx",120645476,0.201182,0.0224974,"outcome",TRUE,"reported","textfile",12,"121083279",0.00261961601583743,1.84e-10,"SmoInit",TRUE,"reported","G8JOQX",2,TRUE,NA
"30","rs11128203","A","T","A","T",0.0204059665559331,-0.0511561,0.53,0.505075,FALSE,TRUE,TRUE,"q5fxKx",71015280,0.0169617,0.0214263,"outcome",TRUE,"reported","textfile",3,"71064431",0.00255274092798555,1.29e-15,"SmoInit",TRUE,"reported","G8JOQX",2,FALSE,NA
"31","rs11162019","T","C","T","C",-0.0154947163221235,-0.0155398,0.363,0.314214,FALSE,FALSE,FALSE,"q5fxKx",87447493,0.499557,0.0230155,"outcome",TRUE,"reported","textfile",1,"87913176",0.00264954058636653,5.06e-09,"SmoInit",TRUE,"reported","G8JOQX",2,TRUE,NA
"32","rs1116690","G","A","G","A",0.0162912334988931,-0.026035,0.742,0.760916,FALSE,FALSE,FALSE,"q5fxKx",142588995,0.29766,0.0249985,"outcome",TRUE,"reported","textfile",4,"143510148",0.00291193582568195,2.16e-08,"SmoInit",TRUE,"reported","G8JOQX",2,TRUE,NA
"33","rs11192347","A","G","A","G",-0.0264500127592952,-0.0367007,0.104,0.0708307,FALSE,FALSE,FALSE,"q5fxKx",105169555,0.377751,0.0416085,"outcome",TRUE,"reported","textfile",10,"106929313",0.00427392108434006,6.15e-10,"SmoInit",TRUE,"reported","G8JOQX",2,TRUE,NA
"34","rs11258417","T","C","T","C",-0.0145136224014371,0.0194856,0.391,0.320303,FALSE,FALSE,FALSE,"q5fxKx",13491053,0.398571,0.0230824,"outcome",TRUE,"reported","textfile",10,"13533053",0.00261093812705026,2.71e-08,"SmoInit",TRUE,"reported","G8JOQX",2,TRUE,NA
"35","rs1126757","T","C","T","C",0.0141622770326115,0.0100332,0.473,0.56544,FALSE,FALSE,FALSE,"q5fxKx",55368504,0.641642,0.021558,"outcome",TRUE,"reported","textfile",19,"55879872",0.00255186518715053,2.92e-08,"SmoInit",TRUE,"reported","G8JOQX",2,TRUE,NA
"36","rs112725451","T","C","T","C",0.026092001115637,0.0342338,0.169,0.189168,FALSE,FALSE,FALSE,"q5fxKx",67151992,0.209533,0.0272812,"outcome",TRUE,"reported","textfile",4,"68017710",0.0033997715947909,1.65e-14,"SmoInit",TRUE,"reported","G8JOQX",2,TRUE,NA
"37","rs113230003","A","G","A","G",-0.0188761494045352,-0.022874,0.255,0.212108,FALSE,FALSE,FALSE,"q5fxKx",18350146,0.380932,0.0261065,"outcome",TRUE,"reported","textfile",19,"18460956",0.00292311148053473,1.05e-10,"SmoInit",TRUE,"reported","G8JOQX",2,TRUE,NA
"38","rs1139897","A","G","A","G",-0.0240871922890012,-0.0163031,0.23,0.354135,FALSE,FALSE,FALSE,"q5fxKx",670986,0.464861,0.0223066,"outcome",TRUE,"reported","textfile",16,"720986",0.00302750120470783,1.77e-15,"SmoInit",TRUE,"reported","G8JOQX",2,TRUE,NA
"39","rs1150668","G","T","G","T",-0.0185103038719593,0.000682087,0.419,0.462929,FALSE,FALSE,FALSE,"q5fxKx",28162011,0.974677,0.0214881,"outcome",TRUE,"reported","textfile",6,"28129789",0.00258689360886741,8.54e-13,"SmoInit",TRUE,"reported","G8JOQX",2,TRUE,NA
"40","rs11594623","C","T","C","T",0.0274395987738761,0.0266033,0.234241,0.231752,FALSE,FALSE,FALSE,"q5fxKx",102200594,0.294942,0.0254008,"outcome",TRUE,"reported","textfile",10,"103960351",0.00300826501889942,7.45e-20,"SmoInit",TRUE,"reported","G8JOQX",2,TRUE,NA
"41","rs1160685","G","C","G","C",0.0153017150999146,0.00107584,0.45,0.379337,FALSE,TRUE,TRUE,"q5fxKx",93131703,0.961163,0.0220939,"outcome",TRUE,"reported","textfile",4,"94052854",0.00256097891931598,2.31e-09,"SmoInit",TRUE,"reported","G8JOQX",2,FALSE,NA
"42","rs11611651","A","G","A","G",0.0271142761895211,0.013383,0.0868,0.0472216,FALSE,FALSE,FALSE,"q5fxKx",132804204,0.79262,0.0509033,"outcome",TRUE,"reported","textfile",12,"133380790",0.00452533559069401,2.05e-09,"SmoInit",TRUE,"reported","G8JOQX",2,TRUE,NA
"43","rs11642231","A","G","A","G",-0.0155983426396819,-0.00159916,0.369,0.443994,FALSE,FALSE,FALSE,"q5fxKx",89542294,0.941114,0.0216482,"outcome",TRUE,"reported","textfile",16,"89608702",0.00264037579326386,3.44e-09,"SmoInit",TRUE,"reported","G8JOQX",2,TRUE,NA
"44","rs11651955","A","G","A","G",-0.0140263859163491,-0.0487951,0.499,0.487327,FALSE,FALSE,FALSE,"q5fxKx",16332148,0.0224481,0.0213761,"outcome",TRUE,"reported","textfile",17,"16235462",0.00254814694771328,3.74e-08,"SmoInit",TRUE,"reported","G8JOQX",2,TRUE,NA
"45","rs11692435","A","G","A","G",0.0250526290454763,0.0291315,0.0848,0.233912,FALSE,FALSE,FALSE,"q5fxKx",97658891,0.253187,0.0254948,"outcome",TRUE,"reported","textfile",2,"98275354",0.00458160573453205,4.47e-08,"SmoInit",TRUE,"reported","G8JOQX",2,TRUE,NA
"46","rs11713899","C","A","C","A",0.0187188428376795,0.00406471,0.171,0.162339,FALSE,FALSE,FALSE,"q5fxKx",2323342,0.888258,0.0289284,"outcome",TRUE,"reported","textfile",3,"2365026",0.00338390595551107,3.15e-08,"SmoInit",TRUE,"reported","G8JOQX",2,TRUE,NA
"47","rs1173461","T","C","T","C",0.0166091725862538,-0.0220264,0.327,0.31808,FALSE,FALSE,FALSE,"q5fxKx",158280563,0.337137,0.022948,"outcome",TRUE,"reported","textfile",5,"157707571",0.00271589012993163,9.51e-10,"SmoInit",TRUE,"reported","G8JOQX",2,TRUE,NA
"48","rs117657830","G","A","G","A",-0.0377596875423349,-0.144134,0.0417,0.0164718,FALSE,FALSE,FALSE,"q5fxKx",75732975,0.0871405,0.0842559,"outcome",TRUE,"reported","textfile",16,"75766873",0.0063734536771502,3.18e-09,"SmoInit",TRUE,"reported","G8JOQX",2,TRUE,NA
"49","rs11766326","C","T","C","T",-0.0175439611879407,-0.0287919,0.506,0.533174,FALSE,FALSE,FALSE,"q5fxKx",111460529,0.179244,0.0214371,"outcome",TRUE,"reported","textfile",7,"111100585",0.00260950684557043,1.79e-11,"SmoInit",TRUE,"reported","G8JOQX",2,TRUE,NA
"50","rs11783093","T","C","T","C",-0.0471242780688017,-0.00484707,0.158,0.12449,FALSE,FALSE,FALSE,"q5fxKx",27567832,0.881017,0.0323828,"outcome",TRUE,"reported","textfile",8,"27425349",0.0034930838916647,2.07e-41,"SmoInit",TRUE,"reported","G8JOQX",2,TRUE,NA
"51","rs11791671","T","C","T","C",0.0278503598762205,0.0066199,0.067315,0.030479,FALSE,FALSE,FALSE,"q5fxKx",3398679,0.915807,0.0626192,"outcome",TRUE,"reported","textfile",9,"3398679",0.00508475677961425,4.24e-08,"SmoInit",TRUE,"reported","G8JOQX",2,TRUE,NA
"52","rs118202","T","G","T","G",-0.0367484077425043,0.0546349,0.812,0.712386,FALSE,FALSE,FALSE,"q5fxKx",111337168,0.0209421,0.0236614,"outcome",TRUE,"reported","textfile",6,"111658371",0.00326089388209887,1.9e-29,"SmoInit",TRUE,"reported","G8JOQX",2,TRUE,NA
"53","rs11872397","A","G","A","G",-0.0171139489913003,0.0230242,0.253,0.221065,FALSE,FALSE,FALSE,"q5fxKx",74823326,0.371402,0.0257584,"outcome",TRUE,"reported","textfile",18,"72535282",0.00293071133297175,5.2e-09,"SmoInit",TRUE,"reported","G8JOQX",2,TRUE,NA
"54","rs1187820","T","C","T","C",-0.0142711560226536,-0.0211215,0.439,0.382373,FALSE,FALSE,FALSE,"q5fxKx",173354794,0.339181,0.0220986,"outcome",TRUE,"reported","textfile",3,"173072584",0.00256731947035769,2.69e-08,"SmoInit",TRUE,"reported","G8JOQX",2,TRUE,NA
"55","rs11956866","G","T","G","T",-0.014838166648189,-0.00359956,0.567,0.472067,FALSE,FALSE,FALSE,"q5fxKx",161591265,0.867301,0.021543,"outcome",TRUE,"reported","textfile",5,"161018271",0.00257133184008107,7.82e-09,"SmoInit",TRUE,"reported","G8JOQX",2,TRUE,NA
"56","rs12022778","C","A","C","A",0.0268248011931265,0.0144437,0.202,0.196576,FALSE,FALSE,FALSE,"q5fxKx",50138323,0.591549,0.0269176,"outcome",TRUE,"reported","textfile",1,"50603995",0.00317904382630837,3.18e-17,"SmoInit",TRUE,"reported","G8JOQX",2,TRUE,NA
"57","rs12130857","A","G","A","G",-0.0180031367822357,0.0319102,0.324968,0.284658,FALSE,FALSE,FALSE,"q5fxKx",7731401,0.178678,0.0237279,"outcome",TRUE,"reported","textfile",1,"7791461",0.00272026444960715,3.65e-11,"SmoInit",TRUE,"reported","G8JOQX",2,TRUE,NA
"58","rs12195240","A","G","A","G",0.0249107545835319,0.0138147,0.285,0.330019,FALSE,FALSE,FALSE,"q5fxKx",98189029,0.542423,0.0226785,"outcome",TRUE,"reported","textfile",6,"98636905",0.0028223973411325,1.08e-18,"SmoInit",TRUE,"reported","G8JOQX",2,TRUE,NA
"59","rs12474587","T","G","T","G",0.0242305775516422,-0.0199083,0.429,0.348998,FALSE,FALSE,FALSE,"q5fxKx",161946483,0.375192,0.0224499,"outcome",TRUE,"reported","textfile",2,"162802993",0.00257422737863404,4.83e-21,"SmoInit",TRUE,"reported","G8JOQX",2,TRUE,NA
"60","rs12517438","G","T","G","T",0.015354478851039,0.0130559,0.538,0.500459,FALSE,FALSE,FALSE,"q5fxKx",30841947,0.542254,0.0214239,"outcome",TRUE,"reported","textfile",5,"30842054",0.00255553291864044,1.89e-09,"SmoInit",TRUE,"reported","G8JOQX",2,TRUE,NA
"61","rs12563365","A","G","A","G",0.0165589483633689,0.00300082,0.556,0.55425,FALSE,FALSE,FALSE,"q5fxKx",236709529,0.888868,0.0214749,"outcome",TRUE,"reported","textfile",1,"236872829",0.00256427574444373,1.05e-10,"SmoInit",TRUE,"reported","G8JOQX",2,TRUE,NA
"62","rs12633090","C","G","C","G",-0.023019685930427,0.0865632,0.182,0.130595,FALSE,TRUE,FALSE,"q5fxKx",83192214,0.00547608,0.0311647,"outcome",TRUE,"reported","textfile",3,"83241365",0.00330203186086922,3.16e-12,"SmoInit",TRUE,"reported","G8JOQX",2,TRUE,NA
"63","rs12714017","C","T","C","T",0.0153964967875365,0.0312752,0.511,0.444457,FALSE,FALSE,FALSE,"q5fxKx",80772273,0.145513,0.0214866,"outcome",TRUE,"reported","textfile",2,"80999398",0.00260995063881089,3.65e-09,"SmoInit",TRUE,"reported","G8JOQX",2,TRUE,NA
"64","rs12739243","C","T","C","T",-0.0212518379791449,-0.00121343,0.221,0.294451,FALSE,FALSE,FALSE,"q5fxKx",210128698,0.958656,0.0234071,"outcome",TRUE,"reported","textfile",1,"210302043",0.00307063884430368,4.45e-12,"SmoInit",TRUE,"reported","G8JOQX",2,TRUE,NA
"65","rs12740789","A","G","A","G",-0.0284972685993262,-0.0561758,0.178,0.13982,FALSE,FALSE,FALSE,"q5fxKx",72286390,0.0683282,0.0308179,"outcome",TRUE,"reported","textfile",1,"72752073",0.00333079339902209,1.18e-17,"SmoInit",TRUE,"reported","G8JOQX",2,TRUE,NA
"66","rs12755632","G","A","G","A",-0.0154051366259368,-0.0342257,0.316,0.342879,FALSE,FALSE,FALSE,"q5fxKx",41310951,0.128164,0.0224965,"outcome",TRUE,"reported","textfile",1,"41776623",0.0027404508225617,1.93e-08,"SmoInit",TRUE,"reported","G8JOQX",2,TRUE,NA
"67","rs12855717","T","C","T","C",0.0155236793185639,-0.0100709,0.538,0.566715,FALSE,FALSE,FALSE,"q5fxKx",100600381,0.641811,0.02165,"outcome",TRUE,"reported","textfile",13,"101252635",0.00255553291864044,1.22e-09,"SmoInit",TRUE,"reported","G8JOQX",2,TRUE,NA
"68","rs12878369","A","C","A","C",0.0174372655171602,-0.00109195,0.414762,0.301355,FALSE,FALSE,FALSE,"q5fxKx",27877296,0.962533,0.0232455,"outcome",TRUE,"reported","textfile",14,"28346502",0.00258791765964964,1.6e-11,"SmoInit",TRUE,"reported","G8JOQX",2,TRUE,NA
"69","rs12918191","G","A","G","A",-0.0197270353770097,-0.00489087,0.243,0.176483,FALSE,FALSE,FALSE,"q5fxKx",50911245,0.861078,0.0279475,"outcome",TRUE,"reported","textfile",16,"50945156",0.00297058872733663,3.14e-11,"SmoInit",TRUE,"reported","G8JOQX",2,TRUE,NA
"70","rs1291821","G","A","G","A",0.0144929887207407,0.0437005,0.534,0.53303,FALSE,FALSE,FALSE,"q5fxKx",11091860,0.0413162,0.0214182,"outcome",TRUE,"reported","textfile",10,"11133823",0.00255405366546437,1.39e-08,"SmoInit",TRUE,"reported","G8JOQX",2,TRUE,NA
"71","rs13007361","A","G","A","G",0.017533824042557,-0.0311578,0.208,0.0999717,FALSE,FALSE,FALSE,"q5fxKx",165393734,0.379912,0.0354849,"outcome",TRUE,"reported","textfile",2,"166250244",0.00313905804891633,2.29e-08,"SmoInit",TRUE,"reported","G8JOQX",2,TRUE,NA
"72","rs13066050","T","C","T","C",0.018834348293498,-0.0102797,0.208,0.17898,FALSE,FALSE,FALSE,"q5fxKx",81276710,0.713019,0.0279488,"outcome",TRUE,"reported","textfile",3,"81325861",0.00313905804891633,1.93e-09,"SmoInit",TRUE,"reported","G8JOQX",2,TRUE,NA
"73","rs13109980","A","G","A","G",-0.0221815541396989,-0.0587441,0.326,0.339647,FALSE,FALSE,FALSE,"q5fxKx",139965809,0.00936893,0.0226088,"outcome",TRUE,"reported","textfile",4,"140886963",0.00271803382404535,3.37e-16,"SmoInit",TRUE,"reported","G8JOQX",2,TRUE,NA
"74","rs13110073","C","T","C","T",-0.0246425774100615,-0.0167459,0.395,0.423798,FALSE,FALSE,FALSE,"q5fxKx",146876761,0.438483,0.0216144,"outcome",TRUE,"reported","textfile",4,"147797913",0.00260625778806314,3.24e-21,"SmoInit",TRUE,"reported","G8JOQX",2,TRUE,NA
"75","rs13237637","C","G","C","G",-0.0236823349508072,0.00982635,0.485,0.467342,FALSE,TRUE,TRUE,"q5fxKx",3463575,0.645614,0.021368,"outcome",TRUE,"reported","textfile",7,"3503207",0.00254928928982647,1.54e-20,"SmoInit",TRUE,"reported","G8JOQX",2,FALSE,NA
"76","rs13261666","T","G","T","G",-0.0199945818545181,-0.0442709,0.517,0.548349,FALSE,FALSE,FALSE,"q5fxKx",58902107,0.038407,0.0213819,"outcome",TRUE,"reported","textfile",8,"59814666",0.0025496159555759,4.36e-15,"SmoInit",TRUE,"reported","G8JOQX",2,TRUE,NA
"77","rs13392222","C","A","C","A",-0.0234375461906368,-0.0517542,0.139,0.190501,FALSE,FALSE,FALSE,"q5fxKx",100055946,0.058011,0.0273021,"outcome",TRUE,"reported","textfile",2,"100672408",0.00368285507683827,1.93e-10,"SmoInit",TRUE,"reported","G8JOQX",2,TRUE,NA
"78","rs13437771","G","A","G","A",-0.0271098271364884,0.00203487,0.155,0.22297,FALSE,FALSE,FALSE,"q5fxKx",99473855,0.936571,0.02557,"outcome",TRUE,"reported","textfile",7,"99071478",0.00352045989869483,1.39e-14,"SmoInit",TRUE,"reported","G8JOQX",2,TRUE,NA
"79","rs1373178","G","T","G","T",-0.0203163969776818,0.00944765,0.588,0.631153,FALSE,FALSE,FALSE,"q5fxKx",52441441,0.670368,0.0221962,"outcome",TRUE,"reported","textfile",18,"49967811",0.00258854866495185,4.16e-15,"SmoInit",TRUE,"reported","G8JOQX",2,TRUE,NA
"80","rs1381287","T","C","T","C",0.0180165795033833,-0.0187647,0.467,0.49262,FALSE,FALSE,FALSE,"q5fxKx",98131215,0.379943,0.0213721,"outcome",TRUE,"reported","textfile",14,"98597552",0.00255560746538615,1.81e-12,"SmoInit",TRUE,"reported","G8JOQX",2,TRUE,NA
"81","rs1381775","C","T","C","T",-0.0156146668533584,-0.00756252,0.712,0.723006,FALSE,FALSE,FALSE,"q5fxKx",42421276,0.751242,0.0238563,"outcome",TRUE,"reported","textfile",11,"42442826",0.00281356766714023,2.79e-08,"SmoInit",TRUE,"reported","G8JOQX",2,TRUE,NA
"82","rs1385108","T","C","T","C",0.0187044679803843,0.00755492,0.239,0.28441,FALSE,FALSE,FALSE,"q5fxKx",155460086,0.75002,0.0237119,"outcome",TRUE,"reported","textfile",5,"154839646",0.00298746156336482,3.84e-10,"SmoInit",TRUE,"reported","G8JOQX",2,TRUE,NA
"83","rs13906","T","C","T","C",-0.024529729248181,-0.0165344,0.109,0.135921,FALSE,FALSE,FALSE,"q5fxKx",49558611,0.595788,0.0311696,"outcome",TRUE,"reported","textfile",12,"49952394",0.00408828820803017,1.98e-09,"SmoInit",TRUE,"reported","G8JOQX",2,TRUE,NA
"84","rs1435479","T","G","T","G",0.0163904586547917,0.0226087,0.28748,0.306226,FALSE,FALSE,FALSE,"q5fxKx",93629299,0.329243,0.0231732,"outcome",TRUE,"reported","textfile",4,"94550450",0.00281508334605987,5.68e-09,"SmoInit",TRUE,"reported","G8JOQX",2,TRUE,NA
"85","rs1435672","C","T","C","T",0.0141051180405541,0.00561129,0.56,0.622152,FALSE,FALSE,FALSE,"q5fxKx",36107278,0.798193,0.0219459,"outcome",TRUE,"reported","textfile",15,"36399479",0.00256668902432973,3.82e-08,"SmoInit",TRUE,"reported","G8JOQX",2,TRUE,NA
"86","rs1445649","C","T","C","T",0.0205716431693465,-0.0286865,0.538,0.509694,FALSE,FALSE,FALSE,"q5fxKx",154826044,0.179781,0.021385,"outcome",TRUE,"reported","textfile",2,"155682556",0.00255553291864044,8.48e-16,"SmoInit",TRUE,"reported","G8JOQX",2,TRUE,NA
"87","rs1449012","T","C","T","C",-0.0153734115013626,-0.00825909,0.463,0.368474,FALSE,FALSE,FALSE,"q5fxKx",159330544,0.709924,0.0222044,"outcome",TRUE,"reported","textfile",3,"159048333",0.00255514744895826,1.77e-09,"SmoInit",TRUE,"reported","G8JOQX",2,TRUE,NA
"88","rs147052174","T","G","T","G",0.0623094487438692,0.0947128,0.0171,0.00893479,FALSE,FALSE,FALSE,"q5fxKx",179814032,0.402762,0.113198,"outcome",TRUE,"reported","textfile",1,"179783167",0.00982745089601336,2.3e-10,"SmoInit",TRUE,"reported","G8JOQX",2,TRUE,NA
"89","rs1514176","A","G","A","G",-0.0193001581257968,0.011758,0.58,0.528772,FALSE,FALSE,FALSE,"q5fxKx",74525912,0.582276,0.0213758,"outcome",TRUE,"reported","textfile",1,"74991596",0.0025813979643714,7.67e-14,"SmoInit",TRUE,"reported","G8JOQX",2,TRUE,NA
"90","rs1549979","T","C","T","C",-0.0245223134403877,0.0313106,0.615,0.707948,FALSE,FALSE,FALSE,"q5fxKx",85410981,0.183001,0.023514,"outcome",TRUE,"reported","textfile",3,"85460131",0.00262304488914841,8.8e-21,"SmoInit",TRUE,"reported","G8JOQX",2,TRUE,NA
"91","rs160631","G","T","G","T",-0.0172628452622627,-0.0159581,0.731,0.711413,FALSE,FALSE,FALSE,"q5fxKx",53030432,0.499141,0.0236122,"outcome",TRUE,"reported","textfile",6,"52895230",0.00287315315388405,1.87e-09,"SmoInit",TRUE,"reported","G8JOQX",2,TRUE,NA
"92","rs1632941","C","T","C","T",-0.0158073961616223,-0.0153652,0.46,0.358547,FALSE,FALSE,FALSE,"q5fxKx",29828908,0.49065,0.0222918,"outcome",TRUE,"reported","textfile",6,"29796685",0.00256093083783619,6.67e-10,"SmoInit",TRUE,"reported","G8JOQX",2,TRUE,NA
"93","rs16826827","C","T","C","T",-0.0222068868383587,0.0201442,0.124,0.110179,FALSE,FALSE,FALSE,"q5fxKx",147068121,0.555109,0.0341356,"outcome",TRUE,"reported","textfile",2,"147825689",0.00386572280689492,9.17e-09,"SmoInit",TRUE,"reported","G8JOQX",2,TRUE,NA
"94","rs16828799","T","G","T","G",0.0197692281663615,0.0109708,0.156,0.150348,FALSE,FALSE,FALSE,"q5fxKx",173635949,0.713191,0.0298466,"outcome",TRUE,"reported","textfile",3,"173353739",0.00351123650240556,1.83e-08,"SmoInit",TRUE,"reported","G8JOQX",2,TRUE,NA
"95","rs1713676","G","A","G","A",-0.0167262455351488,-0.0295798,0.522512,0.560182,FALSE,FALSE,FALSE,"q5fxKx",113789854,0.169121,0.0215121,"outcome",TRUE,"reported","textfile",11,"113660576",0.00255072853114231,5.38e-11,"SmoInit",TRUE,"reported","G8JOQX",2,TRUE,NA
"96","rs1714521","C","A","C","A",-0.0162953104881966,0.0277382,0.411,0.436261,FALSE,FALSE,FALSE,"q5fxKx",158567072,0.199117,0.0216018,"outcome",TRUE,"reported","textfile",3,"158284861",0.0025894948217728,3.07e-10,"SmoInit",TRUE,"reported","G8JOQX",2,TRUE,NA
"97","rs17165769","G","A","G","A",0.0159396071041438,0.0150369,0.394872,0.411573,FALSE,FALSE,FALSE,"q5fxKx",108029941,0.488375,0.0217015,"outcome",TRUE,"reported","textfile",5,"107365642",0.00260640446622611,9.56e-10,"SmoInit",TRUE,"reported","G8JOQX",2,TRUE,NA
"98","rs17197663","A","G","A","G",-0.0215873531495124,-0.00585034,0.125,0.0863151,FALSE,FALSE,FALSE,"q5fxKx",37598730,0.877073,0.037822,"outcome",TRUE,"reported","textfile",13,"38172867",0.00385242836809023,2.06e-08,"SmoInit",TRUE,"reported","G8JOQX",2,TRUE,NA
"99","rs17229285","T","C","T","C",-0.0154795560042364,-0.0273033,0.505,0.453082,FALSE,FALSE,FALSE,"q5fxKx",198658398,0.201801,0.0213902,"outcome",TRUE,"reported","textfile",2,"199523122",0.00254826926806319,1.27e-09,"SmoInit",TRUE,"reported","G8JOQX",2,TRUE,NA
"100","rs1733760","C","T","C","T",0.0147733884018381,0.0143729,0.51,0.453781,FALSE,FALSE,FALSE,"q5fxKx",54938414,0.501827,0.0214004,"outcome",TRUE,"reported","textfile",10,"56698174",0.00254865163272406,6.7e-09,"SmoInit",TRUE,"reported","G8JOQX",2,TRUE,NA
"101","rs1737329","G","C","G","C",0.0170292237829221,0.040149,0.742,0.762883,FALSE,TRUE,FALSE,"q5fxKx",163386716,0.111381,0.025219,"outcome",TRUE,"reported","textfile",6,"163807748",0.00291193582568195,5.08e-09,"SmoInit",TRUE,"reported","G8JOQX",2,TRUE,NA
"102","rs17554906","C","G","C","G",0.014184872535994,0.0109267,0.444,0.367074,FALSE,TRUE,TRUE,"q5fxKx",91516891,0.620848,0.0220898,"outcome",TRUE,"reported","textfile",6,"92226609",0.00256427574444373,3.14e-08,"SmoInit",TRUE,"reported","G8JOQX",2,FALSE,NA
"103","rs1759433","A","G","A","G",0.015364719185164,0.0329358,0.48,0.516143,FALSE,FALSE,FALSE,"q5fxKx",125310818,0.122976,0.0213536,"outcome",TRUE,"reported","textfile",9,"128073097",0.00255018281437779,1.69e-09,"SmoInit",TRUE,"reported","G8JOQX",2,TRUE,NA
"104","rs17616642","G","A","G","A",-0.0165572915814431,0.0210671,0.24687,0.193048,FALSE,FALSE,FALSE,"q5fxKx",58795075,0.439755,0.0272675,"outcome",TRUE,"reported","textfile",2,"59022210",0.00295477538840993,2.1e-08,"SmoInit",TRUE,"reported","G8JOQX",2,TRUE,NA
"105","rs17692129","T","C","T","C",0.0195989223809853,0.0499833,0.331,0.460726,FALSE,FALSE,FALSE,"q5fxKx",46715917,0.0202815,0.0215343,"outcome",TRUE,"reported","textfile",17,"44793283",0.00270748805617845,4.57e-13,"SmoInit",TRUE,"reported","G8JOQX",2,TRUE,NA
"106","rs1772572","A","C","A","C",-0.0168681448072877,-0.000528132,0.324132,0.34468,FALSE,FALSE,FALSE,"q5fxKx",80617041,0.981282,0.0225107,"outcome",TRUE,"reported","textfile",13,"81191176",0.00272208516333501,5.62e-10,"SmoInit",TRUE,"reported","G8JOQX",2,TRUE,NA
"107","rs1799068","T","G","T","G",0.0166095626009421,0.0132397,0.379,0.400573,FALSE,FALSE,FALSE,"q5fxKx",98077757,0.543645,0.0218006,"outcome",TRUE,"reported","textfile",7,"97707069",0.00262620243790636,2.59e-10,"SmoInit",TRUE,"reported","G8JOQX",2,TRUE,NA
"108","rs1863161","A","G","A","G",0.015339371713194,0.0327651,0.56094,0.671594,FALSE,FALSE,FALSE,"q5fxKx",59912389,0.148827,0.0226954,"outcome",TRUE,"reported","textfile",2,"60139524",0.00256728133653859,2.34e-09,"SmoInit",TRUE,"reported","G8JOQX",2,TRUE,NA
"109","rs1889571","G","T","G","T",0.0221797995406237,0.019916,0.131,0.169907,FALSE,FALSE,FALSE,"q5fxKx",31730218,0.485135,0.0285302,"outcome",TRUE,"reported","textfile",1,"32195819",0.00377613984197516,4.19e-09,"SmoInit",TRUE,"reported","G8JOQX",2,TRUE,NA
"110","rs1901477","G","A","G","A",0.0304369932456541,0.0187502,0.511,0.495653,FALSE,FALSE,FALSE,"q5fxKx",103510525,0.381038,0.0214048,"outcome",TRUE,"reported","textfile",2,"104126983",0.00260995063881089,2.07e-31,"SmoInit",TRUE,"reported","G8JOQX",2,TRUE,NA
"111","rs1927901","C","T","C","T",-0.0141754871045966,-0.0145116,0.553,0.544333,FALSE,FALSE,FALSE,"q5fxKx",117756833,0.498369,0.0214334,"outcome",TRUE,"reported","textfile",9,"120519111",0.00256257908950217,3.1e-08,"SmoInit",TRUE,"reported","G8JOQX",2,TRUE,NA
"112","rs1930371","T","C","T","C",-0.0172419586612647,0.0117073,0.241,0.179708,FALSE,FALSE,FALSE,"q5fxKx",78829188,0.673146,0.0277533,"outcome",TRUE,"reported","textfile",9,"81444104",0.00297895673652913,7.09e-09,"SmoInit",TRUE,"reported","G8JOQX",2,TRUE,NA
"113","rs1931431","C","G","C","G",0.0182328624437084,0.0465378,0.478,0.451422,FALSE,TRUE,TRUE,"q5fxKx",11161799,0.0307227,0.0215388,"outcome",TRUE,"reported","textfile",9,"11161799",0.00255061204001953,8.56e-13,"SmoInit",TRUE,"reported","G8JOQX",2,FALSE,NA
"114","rs1937443","G","C","G","C",0.0204362188245672,0.0238738,0.563,0.611951,FALSE,TRUE,TRUE,"q5fxKx",66003960,0.276102,0.0219203,"outcome",TRUE,"reported","textfile",1,"66469643",0.00256861307738644,1.79e-15,"SmoInit",TRUE,"reported","G8JOQX",2,FALSE,NA
"115","rs2010921","A","G","A","G",0.0174291411105034,0.0479926,0.311,0.350064,FALSE,FALSE,FALSE,"q5fxKx",132228311,0.033024,0.0225128,"outcome",TRUE,"reported","textfile",11,"132098205",0.0027523508874645,2.47e-10,"SmoInit",TRUE,"reported","G8JOQX",2,TRUE,NA
"116","rs2028269","A","G","A","G",0.016164548317376,-0.0250109,0.399,0.355001,FALSE,FALSE,FALSE,"q5fxKx",80012492,0.263121,0.0223502,"outcome",TRUE,"reported","textfile",5,"79308315",0.00260177610870211,5.19e-10,"SmoInit",TRUE,"reported","G8JOQX",2,TRUE,NA
"117","rs2063976","T","C","T","C",-0.0201814241776652,-0.0395773,0.664955,0.599285,FALSE,FALSE,FALSE,"q5fxKx",90084138,0.0685488,0.0217292,"outcome",TRUE,"reported","textfile",8,"91096366",0.00269926738168577,7.45e-14,"SmoInit",TRUE,"reported","G8JOQX",2,TRUE,NA
"118","rs2155646","C","T","C","T",0.0377771518638971,-0.0040183,0.4,0.624952,FALSE,FALSE,FALSE,"q5fxKx",113042089,0.856481,0.0222183,"outcome",TRUE,"reported","textfile",11,"112912811",0.00260068638674826,9.44e-48,"SmoInit",TRUE,"reported","G8JOQX",2,TRUE,NA
"119","rs2173019","A","T","A","T",0.0282069520540153,0.0170847,0.177,0.135207,FALSE,TRUE,FALSE,"q5fxKx",168187966,0.585588,0.0313343,"outcome",TRUE,"reported","textfile",5,"167614971",0.00333815927442383,2.98e-17,"SmoInit",TRUE,"reported","G8JOQX",2,TRUE,NA
"120","rs221988","C","A","C","A",-0.0148650225653347,0.00257497,0.384,0.4488,FALSE,FALSE,FALSE,"q5fxKx",64248631,0.904748,0.021518,"outcome",TRUE,"reported","textfile",3,"64234307",0.00261961601583743,1.43e-08,"SmoInit",TRUE,"reported","G8JOQX",2,TRUE,NA
"121","rs2276825","C","T","C","T",0.0188755712515354,0.00666459,0.245,0.274993,FALSE,FALSE,FALSE,"q5fxKx",52852589,0.780513,0.0239174,"outcome",TRUE,"reported","textfile",3,"52886605",0.0029623548999896,1.89e-10,"SmoInit",TRUE,"reported","G8JOQX",2,TRUE,NA
"122","rs2279829","T","C","T","C",-0.0173765668386769,-0.0160262,0.216,0.289582,FALSE,FALSE,FALSE,"q5fxKx",147388532,0.496579,0.0235721,"outcome",TRUE,"reported","textfile",3,"147106319",0.00309605522231936,2.05e-08,"SmoInit",TRUE,"reported","G8JOQX",2,TRUE,NA
"123","rs2289791","T","G","T","G",-0.017725516174548,-0.0420347,0.247,0.209579,FALSE,FALSE,FALSE,"q5fxKx",67184614,0.112106,0.0264569,"outcome",TRUE,"reported","textfile",15,"67476952",0.002954252695758,2.01e-09,"SmoInit",TRUE,"reported","G8JOQX",2,TRUE,NA
"124","rs2306866","T","A","T","A",-0.0166754969048669,-0.0215614,0.614,0.667353,FALSE,TRUE,FALSE,"q5fxKx",53732185,0.341289,0.0226576,"outcome",TRUE,"reported","textfile",3,"53766212",0.00261707258061795,1.89e-10,"SmoInit",TRUE,"reported","G8JOQX",2,TRUE,NA
"125","rs2319545","A","C","A","C",0.0232366196004364,-0.0468489,0.149099,0.16704,FALSE,FALSE,FALSE,"q5fxKx",148001861,0.101507,0.0286084,"outcome",TRUE,"reported","textfile",3,"147719648",0.00357698173772572,8.3e-11,"SmoInit",TRUE,"reported","G8JOQX",2,TRUE,NA
"126","rs2344976","C","T","C","T",-0.0150877384938283,0.0125792,0.612,0.65505,FALSE,FALSE,FALSE,"q5fxKx",32358916,0.574353,0.0223967,"outcome",TRUE,"reported","textfile",17,"30685935",0.00261458058153918,7.98e-09,"SmoInit",TRUE,"reported","G8JOQX",2,TRUE,NA
"127","rs2378662","A","G","A","G",0.0152121381530069,-0.0127591,0.541,0.564633,FALSE,FALSE,FALSE,"q5fxKx",84092374,0.553744,0.0215468,"outcome",TRUE,"reported","textfile",9,"86707289",0.00255675215046967,2.67e-09,"SmoInit",TRUE,"reported","G8JOQX",2,TRUE,NA
"128","rs238896","A","G","A","G",-0.0168673762438155,0.0315768,0.49,0.480065,FALSE,FALSE,FALSE,"q5fxKx",114123783,0.140003,0.0213967,"outcome",TRUE,"reported","textfile",11,"113994505",0.00254865163272406,3.65e-11,"SmoInit",TRUE,"reported","G8JOQX",2,TRUE,NA
"129","rs2539706","A","G","A","G",0.0162454401847471,-0.0147334,0.529947,0.536998,FALSE,FALSE,FALSE,"q5fxKx",59592410,0.491158,0.0214003,"outcome",TRUE,"reported","textfile",2,"59819545",0.00255272464844336,1.95e-10,"SmoInit",TRUE,"reported","G8JOQX",2,TRUE,NA
"130","rs2587507","C","T","C","T",-0.0146602397314715,0.0244939,0.502,0.512642,FALSE,FALSE,FALSE,"q5fxKx",79816336,0.252914,0.0214239,"outcome",TRUE,"reported","textfile",17,"77790135",0.00254816223679372,8.69e-09,"SmoInit",TRUE,"reported","G8JOQX",2,TRUE,NA
"131","rs2710634","C","T","C","T",-0.0177614270391893,-0.00847452,0.521,0.538455,FALSE,FALSE,FALSE,"q5fxKx",32583737,0.692894,0.0214582,"outcome",TRUE,"reported","textfile",2,"32808804",0.00255039229029593,3.36e-12,"SmoInit",TRUE,"reported","G8JOQX",2,TRUE,NA
"132","rs2734390","G","A","G","A",0.0147709061051891,0.00427188,0.372,0.26953,FALSE,FALSE,FALSE,"q5fxKx",60473558,0.859433,0.0241218,"outcome",TRUE,"reported","textfile",3,"60459291",0.00263598122974669,2.09e-08,"SmoInit",TRUE,"reported","G8JOQX",2,TRUE,NA
"133","rs2796793","A","G","A","G",0.0144813515872424,0.00143146,0.452,0.435852,FALSE,FALSE,FALSE,"q5fxKx",36345196,0.947016,0.0215406,"outcome",TRUE,"reported","textfile",10,"36634124",0.00255996547702142,1.55e-08,"SmoInit",TRUE,"reported","G8JOQX",2,TRUE,NA
"134","rs281296","A","G","A","G",0.0246892355778618,0.0433207,0.357,0.325424,FALSE,FALSE,FALSE,"q5fxKx",47392813,0.057791,0.022833,"outcome",TRUE,"reported","textfile",15,"47685010",0.00265921842184342,1.59e-20,"SmoInit",TRUE,"reported","G8JOQX",2,TRUE,NA
"135","rs28441558","C","T","C","T",-0.0355649826227975,-0.0774086,0.0563,0.0610428,FALSE,FALSE,FALSE,"q5fxKx",7899800,0.0826,0.0445954,"outcome",TRUE,"reported","textfile",17,"7803118",0.00552741955012364,1.24e-10,"SmoInit",TRUE,"reported","G8JOQX",2,TRUE,NA
"136","rs2901785","A","G","A","G",-0.0173082721317735,-0.0258329,0.446,0.439042,FALSE,FALSE,FALSE,"q5fxKx",174135605,0.229523,0.021499,"outcome",TRUE,"reported","textfile",1,"174104743",0.00256313389330125,1.47e-11,"SmoInit",TRUE,"reported","G8JOQX",2,TRUE,NA
"137","rs290601","T","C","T","C",0.0163101822358959,0.00485582,0.274,0.288808,FALSE,FALSE,FALSE,"q5fxKx",114362413,0.836875,0.0235843,"outcome",TRUE,"reported","textfile",8,"115374642",0.00285660382555937,1.14e-08,"SmoInit",TRUE,"reported","G8JOQX",2,TRUE,NA
"138","rs2925128","T","C","T","C",0.0168199054545407,0.0158679,0.385191,0.450316,FALSE,FALSE,FALSE,"q5fxKx",97896018,0.460023,0.0214778,"outcome",TRUE,"reported","textfile",14,"98362355",0.00268304078897622,3.67e-10,"SmoInit",TRUE,"reported","G8JOQX",2,TRUE,NA
"139","rs2939756","A","G","A","G",-0.015699684310767,-0.00185876,0.48,0.510664,FALSE,FALSE,FALSE,"q5fxKx",41414747,0.930891,0.0214332,"outcome",TRUE,"reported","textfile",11,"41436297",0.00255018281437779,7.45e-10,"SmoInit",TRUE,"reported","G8JOQX",2,TRUE,NA
"140","rs2959084","A","G","A","G",0.0170798652799423,0.0471464,0.704674,0.679819,FALSE,FALSE,FALSE,"q5fxKx",46057105,0.0394085,0.0228877,"outcome",TRUE,"reported","textfile",11,"46078656",0.00279285661543118,9.82e-10,"SmoInit",TRUE,"reported","G8JOQX",2,TRUE,NA
"141","rs301807","G","A","G","A",0.0180144077909169,0.000887882,0.57,0.654194,FALSE,FALSE,FALSE,"q5fxKx",8424763,0.96848,0.0224697,"outcome",TRUE,"reported","textfile",1,"8484823",0.00257348682727385,2.5e-12,"SmoInit",TRUE,"reported","G8JOQX",2,TRUE,NA
"142","rs3115418","C","T","C","T",-0.014224879533231,0.00547215,0.454,0.512091,FALSE,FALSE,FALSE,"q5fxKx",200071676,0.797765,0.0213556,"outcome",TRUE,"reported","textfile",2,"200936399",0.00255899452932799,2.79e-08,"SmoInit",TRUE,"reported","G8JOQX",2,TRUE,NA
"143","rs3172494","T","G","T","G",-0.0291266827063679,-0.0150854,0.115,0.215607,FALSE,FALSE,FALSE,"q5fxKx",48694054,0.562501,0.0260484,"outcome",TRUE,"reported","textfile",3,"48731487",0.00400085756250123,3.4e-13,"SmoInit",TRUE,"reported","G8JOQX",2,TRUE,NA
"144","rs3218116","T","C","T","C",-0.0198430370178765,0.0139178,0.256,0.240569,FALSE,FALSE,FALSE,"q5fxKx",41934025,0.576315,0.0249078,"outcome",TRUE,"reported","textfile",6,"41901763",0.00291935664980527,1.05e-11,"SmoInit",TRUE,"reported","G8JOQX",2,TRUE,NA
"145","rs329124","G","A","G","A",-0.0163870665684475,0.0241539,0.428,0.424764,FALSE,FALSE,FALSE,"q5fxKx",134529762,0.263307,0.0215928,"outcome",TRUE,"reported","textfile",5,"133865452",0.00257497908762324,1.96e-10,"SmoInit",TRUE,"reported","G8JOQX",2,TRUE,NA
"146","rs34342129","C","T","C","T",-0.0142810056847808,-0.0621027,0.509,0.481324,FALSE,FALSE,FALSE,"q5fxKx",5872473,0.00364192,0.0213586,"outcome",TRUE,"reported","textfile",18,"5872472",0.00254855475073146,2.13e-08,"SmoInit",TRUE,"reported","G8JOQX",2,TRUE,NA
"147","rs34399632","G","A","G","A",0.0193503985196848,0.0431994,0.232,0.23263,FALSE,FALSE,FALSE,"q5fxKx",136813604,0.0883202,0.025347,"outcome",TRUE,"reported","textfile",2,"137571174",0.00301834586299796,1.46e-10,"SmoInit",TRUE,"reported","G8JOQX",2,TRUE,NA
"148","rs34553878","G","A","G","A",0.0246707355129666,-0.0217155,0.111,0.0843044,FALSE,FALSE,FALSE,"q5fxKx",131459201,0.571712,0.0383984,"outcome",TRUE,"reported","textfile",9,"134334588",0.00405584393441003,1.17e-09,"SmoInit",TRUE,"reported","G8JOQX",2,TRUE,NA
"149","rs34940743","G","A","G","A",0.0159248966327585,0.015279,0.346,0.358135,FALSE,FALSE,FALSE,"q5fxKx",79635890,0.49357,0.0223168,"outcome",TRUE,"reported","textfile",14,"80102233",0.00268033618438142,2.8e-09,"SmoInit",TRUE,"reported","G8JOQX",2,TRUE,NA
"150","rs35375873","C","G","C","G",-0.0270102496045462,0.00328317,0.11,0.17198,FALSE,TRUE,FALSE,"q5fxKx",43190545,0.908237,0.0284841,"outcome",TRUE,"reported","textfile",5,"43190647",0.00407194833782387,3.29e-11,"SmoInit",TRUE,"reported","G8JOQX",2,TRUE,NA
"151","rs35656245","A","G","A","G",0.0159456398141213,-0.046699,0.276,0.263702,FALSE,FALSE,FALSE,"q5fxKx",190988350,0.0533003,0.0241653,"outcome",TRUE,"reported","textfile",1,"190957480",0.0028501635460148,2.23e-08,"SmoInit",TRUE,"reported","G8JOQX",2,TRUE,NA
"152","rs357304","C","T","C","T",0.0166757177141037,0.00208056,0.727,0.740511,FALSE,FALSE,FALSE,"q5fxKx",164006129,0.932028,0.024393,"outcome",TRUE,"reported","textfile",2,"164862639",0.00285986199420466,5.4e-09,"SmoInit",TRUE,"reported","G8JOQX",2,TRUE,NA
"153","rs359247","T","A","T","A",0.0220304406866879,-0.0280653,0.638652,0.661357,FALSE,TRUE,FALSE,"q5fxKx",60249917,0.212958,0.0225338,"outcome",TRUE,"reported","textfile",2,"60477052",0.00265215339592237,9.89e-17,"SmoInit",TRUE,"reported","G8JOQX",2,TRUE,NA
"154","rs359431","T","C","T","C",-0.0141982221407122,0.0157135,0.56,0.527763,FALSE,FALSE,FALSE,"q5fxKx",173861531,0.462307,0.0213774,"outcome",TRUE,"reported","textfile",5,"173288534",0.00256668902432973,3.16e-08,"SmoInit",TRUE,"reported","G8JOQX",2,TRUE,NA
"155","rs3740977","C","T","C","T",0.0194739723678087,-0.0126055,0.167,0.12542,FALSE,FALSE,FALSE,"q5fxKx",46372024,0.697154,0.0323911,"outcome",TRUE,"reported","textfile",11,"46393574",0.00341596072659002,1.17e-08,"SmoInit",TRUE,"reported","G8JOQX",2,TRUE,NA
"156","rs3800227","G","A","G","A",0.0171779534520435,0.0235099,0.742,0.679361,FALSE,FALSE,FALSE,"q5fxKx",108672958,0.304189,0.0228809,"outcome",TRUE,"reported","textfile",6,"108994161",0.00291193582568195,3.64e-09,"SmoInit",TRUE,"reported","G8JOQX",2,TRUE,NA
"157","rs3810496","C","T","C","T",0.015881294406838,-0.00661122,0.619436,0.609511,FALSE,FALSE,FALSE,"q5fxKx",63775533,0.762469,0.021874,"outcome",TRUE,"reported","textfile",20,"62406886",0.00262869055394539,1.54e-09,"SmoInit",TRUE,"reported","G8JOQX",2,TRUE,NA
"158","rs3811038","C","T","C","T",0.0191404347355438,0.00756161,0.279,0.229152,FALSE,FALSE,FALSE,"q5fxKx",112482606,0.767835,0.0256146,"outcome",TRUE,"reported","textfile",2,"113240183",0.0028406901883061,1.58e-11,"SmoInit",TRUE,"reported","G8JOQX",2,TRUE,NA
"159","rs3820277","T","G","T","G",-0.0188369165347618,-0.0228872,0.526,0.514158,FALSE,FALSE,FALSE,"q5fxKx",18110163,0.286067,0.0214542,"outcome",TRUE,"reported","textfile",1,"18436657",0.00255159394161599,1.57e-13,"SmoInit",TRUE,"reported","G8JOQX",2,TRUE,NA
"160","rs3843905","T","C","T","C",-0.0151458403650148,-0.0271447,0.403,0.444549,FALSE,FALSE,FALSE,"q5fxKx",166000275,0.205713,0.0214508,"outcome",TRUE,"reported","textfile",5,"165427280",0.00259749019339433,5.41e-09,"SmoInit",TRUE,"reported","G8JOQX",2,TRUE,NA
"161","rs3847244","T","C","T","C",0.0186716901787056,0.0181157,0.47,0.393772,FALSE,FALSE,FALSE,"q5fxKx",3025368,0.409622,0.0219701,"outcome",TRUE,"reported","textfile",9,"3025368",0.00255274092798555,2.6e-13,"SmoInit",TRUE,"reported","G8JOQX",2,TRUE,NA
"162","rs3850736","G","C","G","C",0.0191284473580711,0.000207114,0.474,0.456256,FALSE,TRUE,TRUE,"q5fxKx",63999464,0.992305,0.0214758,"outcome",TRUE,"reported","textfile",8,"64912021",0.00255159394161599,6.43e-14,"SmoInit",TRUE,"reported","G8JOQX",2,FALSE,NA
"163","rs3909281","G","T","G","T",0.0210671931230717,-0.0123776,0.536,0.4628,FALSE,FALSE,FALSE,"q5fxKx",165669430,0.563691,0.021438,"outcome",TRUE,"reported","textfile",5,"165096435",0.00255477242593266,1.62e-16,"SmoInit",TRUE,"reported","G8JOQX",2,TRUE,NA
"164","rs3934797","A","G","A","G",-0.0212974655643372,-0.0245557,0.182,0.156312,FALSE,FALSE,FALSE,"q5fxKx",111546456,0.406891,0.0296074,"outcome",TRUE,"reported","textfile",4,"112467612",0.00330203186086922,1.12e-10,"SmoInit",TRUE,"reported","G8JOQX",2,TRUE,NA
"165","rs4044321","G","A","G","A",-0.0226409661630272,-0.0712046,0.644,0.661492,FALSE,FALSE,FALSE,"q5fxKx",167562508,0.00143867,0.0223437,"outcome",TRUE,"reported","textfile",5,"166989513",0.00266088234855731,1.75e-17,"SmoInit",TRUE,"reported","G8JOQX",2,TRUE,NA
"166","rs4140932","A","T","A","T",-0.0140445222019547,-0.0160798,0.431,0.496149,FALSE,TRUE,TRUE,"q5fxKx",15456974,0.452436,0.0214009,"outcome",TRUE,"reported","textfile",4,"15458598",0.00257275740542211,4.89e-08,"SmoInit",TRUE,"reported","G8JOQX",2,FALSE,NA
"167","rs42417","T","C","T","C",0.0169295734879061,0.00849832,0.691,0.527044,FALSE,FALSE,FALSE,"q5fxKx",94862585,0.692409,0.0214828,"outcome",TRUE,"reported","textfile",5,"94198290",0.00275724489830731,8.27e-10,"SmoInit",TRUE,"reported","G8JOQX",2,TRUE,NA
"168","rs4264267","T","C","T","C",0.0147920832786023,0.0414509,0.527042,0.565947,FALSE,FALSE,FALSE,"q5fxKx",37785539,0.0558586,0.0216778,"outcome",TRUE,"reported","textfile",13,"38359676",0.00255187680537184,6.82e-09,"SmoInit",TRUE,"reported","G8JOQX",2,TRUE,NA
"169","rs4310804","G","C","G","C",-0.0181872587471534,-0.0168343,0.247,0.303446,FALSE,TRUE,FALSE,"q5fxKx",96315180,0.471041,0.0233554,"outcome",TRUE,"reported","textfile",15,"96858409",0.002954252695758,7.55e-10,"SmoInit",TRUE,"reported","G8JOQX",2,TRUE,NA
"170","rs4326350","G","C","G","C",-0.0176136629922878,-0.0345787,0.493,0.387622,FALSE,TRUE,TRUE,"q5fxKx",10906145,0.116333,0.0220197,"outcome",TRUE,"reported","textfile",8,"10763655",0.00255297290866797,5.16e-12,"SmoInit",TRUE,"reported","G8JOQX",2,FALSE,NA
"171","rs4476253","A","G","A","G",-0.0184861639511242,0.027805,0.24,0.221219,FALSE,FALSE,FALSE,"q5fxKx",27673333,0.280923,0.0257872,"outcome",TRUE,"reported","textfile",18,"25253297",0.00298319187991516,5.78e-10,"SmoInit",TRUE,"reported","G8JOQX",2,TRUE,NA
"172","rs4543050","T","A","T","A",0.0222035305102178,-0.0392094,0.816,0.860781,FALSE,TRUE,FALSE,"q5fxKx",74905409,0.203641,0.0308432,"outcome",TRUE,"reported","textfile",3,"74954560",0.00328805909500432,1.45e-11,"SmoInit",TRUE,"reported","G8JOQX",2,TRUE,NA
"173","rs45444697","G","C","G","C",0.0196901495123313,0.012112,0.212,0.178013,FALSE,TRUE,FALSE,"q5fxKx",155062156,0.665731,0.0280362,"outcome",TRUE,"reported","textfile",1,"155034632",0.00311718491590551,2.72e-10,"SmoInit",TRUE,"reported","G8JOQX",2,TRUE,NA
"174","rs4674916","A","C","A","C",-0.0180261497464384,0.00545206,0.327671,0.304287,FALSE,FALSE,FALSE,"q5fxKx",224500918,0.814063,0.0231817,"outcome",TRUE,"reported","textfile",2,"225365635",0.00271446145914343,3.06e-11,"SmoInit",TRUE,"reported","G8JOQX",2,TRUE,NA
"175","rs4674993","G","A","G","A",-0.0240053355928417,-0.00335867,0.2,0.173976,FALSE,FALSE,FALSE,"q5fxKx",225467317,0.905114,0.0281757,"outcome",TRUE,"reported","textfile",2,"226332033",0.00318517731426786,4.85e-14,"SmoInit",TRUE,"reported","G8JOQX",2,TRUE,NA
"176","rs4727189","C","T","C","T",0.0148604394330488,-0.00771274,0.344,0.324282,FALSE,FALSE,FALSE,"q5fxKx",88813254,0.735204,0.0228045,"outcome",TRUE,"reported","textfile",7,"88442568",0.00268202279236024,3e-08,"SmoInit",TRUE,"reported","G8JOQX",2,TRUE,NA
"177","rs4752018","A","C","A","C",0.0188538152048703,0.00388628,0.231,0.191798,FALSE,FALSE,FALSE,"q5fxKx",116919201,0.886155,0.0271442,"outcome",TRUE,"reported","textfile",10,"118678712",0.00302290462718799,4.42e-10,"SmoInit",TRUE,"reported","G8JOQX",2,TRUE,NA
"178","rs4759229","G","A","G","A",0.0155695985471537,-0.0344282,0.656,0.671535,FALSE,FALSE,FALSE,"q5fxKx",56080696,0.130053,0.0227415,"outcome",TRUE,"reported","textfile",12,"56474480",0.00268202279236024,6.53e-09,"SmoInit",TRUE,"reported","G8JOQX",2,TRUE,NA
"179","rs4785187","A","G","A","G",0.0199772389299315,0.0128253,0.223,0.293646,FALSE,FALSE,FALSE,"q5fxKx",49732861,0.585357,0.0235079,"outcome",TRUE,"reported","textfile",16,"49766772",0.00306076977669106,6.55e-11,"SmoInit",TRUE,"reported","G8JOQX",2,TRUE,NA
"180","rs4788676","C","T","C","T",-0.0177450351799136,-0.0126396,0.228528,0.15201,FALSE,FALSE,FALSE,"q5fxKx",72916569,0.670429,0.0297012,"outcome",TRUE,"reported","textfile",16,"72950468",0.00303433699193013,4.92e-09,"SmoInit",TRUE,"reported","G8JOQX",2,TRUE,NA
"181","rs4790874","T","C","T","C",0.0174491108982369,-0.014785,0.532,0.502774,FALSE,FALSE,FALSE,"q5fxKx",2091883,0.490859,0.0214604,"outcome",TRUE,"reported","textfile",17,"1995177",0.0025533765323661,8.43e-12,"SmoInit",TRUE,"reported","G8JOQX",2,TRUE,NA
"182","rs4818005","A","G","A","G",-0.0204309829445482,-0.00602621,0.581,0.688439,FALSE,FALSE,FALSE,"q5fxKx",39216893,0.794354,0.0231189,"outcome",TRUE,"reported","textfile",21,"40588819",0.00264424745900656,1.09e-14,"SmoInit",TRUE,"reported","G8JOQX",2,TRUE,NA
"183","rs4822102","T","C","T","C",-0.0165428077340757,0.0215123,0.618,0.497288,FALSE,FALSE,FALSE,"q5fxKx",42302424,0.313852,0.0213591,"outcome",TRUE,"reported","textfile",22,"42698430",0.00262221130993186,2.78e-10,"SmoInit",TRUE,"reported","G8JOQX",2,TRUE,NA
"184","rs4837631","T","C","T","C",-0.0153574290571087,0.00396313,0.446,0.45383,FALSE,FALSE,FALSE,"q5fxKx",119299670,0.853242,0.0214242,"outcome",TRUE,"reported","textfile",9,"122061948",0.00256313389330125,2.03e-09,"SmoInit",TRUE,"reported","G8JOQX",2,TRUE,NA
"185","rs4877285","A","G","A","G",-0.0181318240751014,-0.0395132,0.668249,0.670541,FALSE,FALSE,FALSE,"q5fxKx",78739213,0.082779,0.022777,"outcome",TRUE,"reported","textfile",9,"81354129",0.00270594101919117,2.1e-11,"SmoInit",TRUE,"reported","G8JOQX",2,TRUE,NA
"186","rs4886207","C","T","C","T",-0.0162466752287049,0.00808211,0.637,0.567939,FALSE,FALSE,FALSE,"q5fxKx",60131658,0.706763,0.0214832,"outcome",TRUE,"reported","textfile",13,"60705792",0.00264954058636653,8.78e-10,"SmoInit",TRUE,"reported","G8JOQX",2,TRUE,NA
"187","rs4912332","T","C","T","C",0.0141209253041899,0.0143497,0.491,0.544294,FALSE,FALSE,FALSE,"q5fxKx",58349571,0.501961,0.0213725,"outcome",TRUE,"reported","textfile",1,"58815243",0.00254855475073146,2.94e-08,"SmoInit",TRUE,"reported","G8JOQX",2,TRUE,NA
"188","rs540860","G","A","G","A",0.0176085972904721,0.031631,0.543,0.547989,FALSE,FALSE,FALSE,"q5fxKx",121660179,0.14306,0.0215986,"outcome",TRUE,"reported","textfile",11,"121530888",0.00255761747377367,5.75e-12,"SmoInit",TRUE,"reported","G8JOQX",2,TRUE,NA
"189","rs55786907","G","A","G","A",0.019445215573239,-0.0303093,0.162492,0.185884,FALSE,FALSE,FALSE,"q5fxKx",59297450,0.270745,0.0275201,"outcome",TRUE,"reported","textfile",13,"59871584",0.00345368823422651,1.84e-08,"SmoInit",TRUE,"reported","G8JOQX",2,TRUE,NA
"190","rs55913542","T","G","T","G",0.0185622623947187,-0.0111182,0.175,0.190827,FALSE,FALSE,FALSE,"q5fxKx",99227506,0.682615,0.0271907,"outcome",TRUE,"reported","textfile",14,"99693843",0.00335560006619697,3.25e-08,"SmoInit",TRUE,"reported","G8JOQX",2,TRUE,NA
"191","rs56208390","G","A","G","A",0.0215635615380883,-0.00738578,0.123,0.138441,FALSE,FALSE,FALSE,"q5fxKx",83020873,0.811806,0.0310201,"outcome",TRUE,"reported","textfile",2,"83247997",0.00387919179771511,2.68e-08,"SmoInit",TRUE,"reported","G8JOQX",2,TRUE,NA
"192","rs56902655","G","T","G","T",-0.0218627772110258,0.0276359,0.136,0.165951,FALSE,FALSE,FALSE,"q5fxKx",63606510,0.334125,0.0286133,"outcome",TRUE,"reported","textfile",15,"63898709",0.00371678363105592,4.09e-09,"SmoInit",TRUE,"reported","G8JOQX",2,TRUE,NA
"193","rs58400863","A","G","A","G",-0.0201718832102996,-0.0329874,0.347,0.353268,FALSE,FALSE,FALSE,"q5fxKx",31182862,0.143995,0.0225775,"outcome",TRUE,"reported","textfile",4,"31184484",0.00267653099616181,4.89e-14,"SmoInit",TRUE,"reported","G8JOQX",2,TRUE,NA
"194","rs586699","A","G","A","G",-0.0148032813680652,0.0336424,0.543,0.568277,FALSE,FALSE,FALSE,"q5fxKx",92556568,0.117974,0.0215197,"outcome",TRUE,"reported","textfile",11,"92289734",0.00255761747377367,7.29e-09,"SmoInit",TRUE,"reported","G8JOQX",2,TRUE,NA
"195","rs59537158","T","C","T","C",0.0224874954780672,0.0389535,0.214,0.176848,FALSE,FALSE,FALSE,"q5fxKx",28244427,0.167436,0.0282172,"outcome",TRUE,"reported","textfile",4,"28246049",0.00310652923853118,4.62e-13,"SmoInit",TRUE,"reported","G8JOQX",2,TRUE,NA
"196","rs6011779","T","C","T","C",-0.019176551179367,0.0115593,0.806,0.756772,FALSE,FALSE,FALSE,"q5fxKx",63352965,0.642405,0.0248941,"outcome",TRUE,"reported","textfile",20,"61984317",0.0032276255980191,2.83e-09,"SmoInit",TRUE,"reported","G8JOQX",2,TRUE,NA
"197","rs6050446","G","A","G","A",0.0544097950038368,0.0907041,0.971,0.977029,FALSE,FALSE,FALSE,"q5fxKx",25214873,0.204706,0.0715187,"outcome",TRUE,"reported","textfile",20,"25195509",0.00761143669351101,8.8e-13,"SmoInit",TRUE,"reported","G8JOQX",2,TRUE,NA
"198","rs6073075","A","T","A","T",-0.0187040436887538,-0.0152462,0.824,0.852261,FALSE,TRUE,FALSE,"q5fxKx",43387161,0.614887,0.0303039,"outcome",TRUE,"reported","textfile",20,"42015801",0.00335394019043135,2.44e-08,"SmoInit",TRUE,"reported","G8JOQX",2,TRUE,NA
"199","rs60833441","G","A","G","A",-0.0142766415932626,-0.024478,0.461,0.464658,FALSE,FALSE,FALSE,"q5fxKx",73756427,0.252449,0.021389,"outcome",TRUE,"reported","textfile",15,"74048768",0.00255592884906635,2.28e-08,"SmoInit",TRUE,"reported","G8JOQX",2,TRUE,NA
"200","rs61533748","C","T","C","T",0.0174357045031205,-0.000171072,0.384,0.439669,FALSE,FALSE,FALSE,"q5fxKx",22360096,0.993671,0.0215674,"outcome",TRUE,"reported","textfile",2,"22582968",0.00261961601583743,2.82e-11,"SmoInit",TRUE,"reported","G8JOQX",2,TRUE,NA
"201","rs61884449","T","C","T","C",0.0199752928300066,0.020857,0.149183,0.216687,FALSE,FALSE,FALSE,"q5fxKx",64717721,0.42366,0.0260684,"outcome",TRUE,"reported","textfile",11,"64485193",0.00357615107721525,2.32e-08,"SmoInit",TRUE,"reported","G8JOQX",2,TRUE,NA
"202","rs61886926","T","C","T","C",-0.0179400669035335,-0.020208,0.384,0.420368,FALSE,FALSE,FALSE,"q5fxKx",64366080,0.351204,0.0216764,"outcome",TRUE,"reported","textfile",11,"64133552",0.00261961601583743,7.3e-12,"SmoInit",TRUE,"reported","G8JOQX",2,TRUE,NA
"203","rs619087","G","A","G","A",0.0142703351761035,-0.0469922,0.422,0.523972,FALSE,FALSE,FALSE,"q5fxKx",93465561,0.0281527,0.0214073,"outcome",TRUE,"reported","textfile",6,"94175279",0.00257972528581484,3.1e-08,"SmoInit",TRUE,"reported","G8JOQX",2,TRUE,NA
"204","rs61959481","A","G","A","G",-0.0203441990277331,-0.041537,0.21,0.178379,FALSE,FALSE,FALSE,"q5fxKx",55260794,0.13579,0.0278463,"outcome",TRUE,"reported","textfile",13,"55834929",0.00312802641757244,7.95e-11,"SmoInit",TRUE,"reported","G8JOQX",2,TRUE,NA
"205","rs62007780","T","G","T","G",-0.0159132952767858,-0.0438987,0.416,0.394774,FALSE,FALSE,FALSE,"q5fxKx",77733122,0.0458258,0.0219824,"outcome",TRUE,"reported","textfile",15,"78025464",0.00258488077414061,7.48e-10,"SmoInit",TRUE,"reported","G8JOQX",2,TRUE,NA
"206","rs62052916","T","A","T","A",-0.0319137711463547,-0.0844612,0.0701,0.0913715,FALSE,TRUE,FALSE,"q5fxKx",72540651,0.0230962,0.0371774,"outcome",TRUE,"reported","textfile",16,"72574550",0.00499018300026018,1.62e-10,"SmoInit",TRUE,"reported","G8JOQX",2,TRUE,NA
"207","rs62098013","A","G","A","G",0.0177099761642005,0.0452124,0.365322,0.351532,FALSE,FALSE,FALSE,"q5fxKx",53337491,0.044365,0.0224867,"outcome",TRUE,"reported","textfile",18,"50863861",0.00264593377276032,2.24e-11,"SmoInit",TRUE,"reported","G8JOQX",2,TRUE,NA
"208","rs62106258","C","T","C","T",-0.0454980088384573,-0.0485541,0.047329,0.0203159,FALSE,FALSE,FALSE,"q5fxKx",417167,0.523056,0.0760271,"outcome",TRUE,"reported","textfile",2,"417167",0.00600009972129354,3.33e-14,"SmoInit",TRUE,"reported","G8JOQX",2,TRUE,NA
"209","rs62137126","G","A","G","A",-0.0236910869881559,0.011616,0.121094,0.104988,FALSE,FALSE,FALSE,"q5fxKx",44023010,0.738025,0.0347294,"outcome",TRUE,"reported","textfile",2,"44250149",0.00390536003837775,1.31e-09,"SmoInit",TRUE,"reported","G8JOQX",2,TRUE,NA
"210","rs62180324","A","G","A","G",-0.0195166646371247,0.0186877,0.212,0.153935,FALSE,FALSE,FALSE,"q5fxKx",63189471,0.526393,0.0294982,"outcome",TRUE,"reported","textfile",2,"63416606",0.00311718491590551,3.91e-10,"SmoInit",TRUE,"reported","G8JOQX",2,TRUE,NA
"211","rs62193862","A","G","A","G",0.0238462864833974,-0.0184793,0.0999,0.12343,FALSE,FALSE,FALSE,"q5fxKx",201979152,0.573073,0.032792,"outcome",TRUE,"reported","textfile",2,"202843875",0.00424879209370151,1.99e-08,"SmoInit",TRUE,"reported","G8JOQX",2,TRUE,NA
"212","rs62246017","A","G","A","G",-0.0161694933302614,0.0105218,0.322639,0.279059,FALSE,FALSE,FALSE,"q5fxKx",71433933,0.660231,0.0239352,"outcome",TRUE,"reported","textfile",3,"71483084",0.00272536754484063,3.03e-09,"SmoInit",TRUE,"reported","G8JOQX",2,TRUE,NA
"213","rs62340589","C","G","C","G",0.017413369446369,0.041492,0.201,0.195305,FALSE,TRUE,FALSE,"q5fxKx",175954644,0.124149,0.0269851,"outcome",TRUE,"reported","textfile",4,"176875795",0.00317923174931584,4.31e-08,"SmoInit",TRUE,"reported","G8JOQX",2,TRUE,NA
"214","rs62618693","T","C","T","C",-0.0352724153423309,-0.0381272,0.0428,0.0257302,FALSE,FALSE,FALSE,"q5fxKx",32934946,0.568735,0.0668998,"outcome",TRUE,"reported","textfile",11,"32956492",0.00629463244218645,2.09e-08,"SmoInit",TRUE,"reported","G8JOQX",2,TRUE,NA
"215","rs6265","T","C","T","C",-0.0292754909467112,-0.0282418,0.188,0.154376,FALSE,FALSE,FALSE,"q5fxKx",27658369,0.338973,0.0295355,"outcome",TRUE,"reported","textfile",11,"27679916",0.00326089388209887,2.81e-19,"SmoInit",TRUE,"reported","G8JOQX",2,TRUE,NA
"216","rs6437769","T","C","T","C",0.0142141155562826,-0.00281098,0.581,0.509062,FALSE,FALSE,FALSE,"q5fxKx",108278667,0.895293,0.0213585,"outcome",TRUE,"reported","textfile",3,"107997514",0.00258225143562947,3.74e-08,"SmoInit",TRUE,"reported","G8JOQX",2,TRUE,NA
"217","rs6438436","T","C","T","C",0.0247370456169046,0.00121231,0.816,0.756425,FALSE,FALSE,FALSE,"q5fxKx",118103302,0.96122,0.024933,"outcome",TRUE,"reported","textfile",3,"117822149",0.00328805909500432,5.33e-14,"SmoInit",TRUE,"reported","G8JOQX",2,TRUE,NA
"218","rs644740","T","C","T","C",-0.0140785168397533,0.0442047,0.457,0.395925,FALSE,FALSE,FALSE,"q5fxKx",65793997,0.0430814,0.0218519,"outcome",TRUE,"reported","textfile",11,"65561468",0.00255761747377367,3.67e-08,"SmoInit",TRUE,"reported","G8JOQX",2,TRUE,NA
"219","rs6497840","A","G","A","G",0.0227702781578142,0.0113515,0.707,0.742934,FALSE,FALSE,FALSE,"q5fxKx",25340312,0.64213,0.0244264,"outcome",TRUE,"reported","textfile",16,"25351633",0.00286651128783754,2.01e-15,"SmoInit",TRUE,"reported","G8JOQX",2,TRUE,NA
"220","rs6568832","A","G","A","G",0.0188690056414671,0.00188107,0.753851,0.728356,FALSE,FALSE,FALSE,"q5fxKx",97255000,0.937744,0.0240838,"outcome",TRUE,"reported","textfile",6,"97702876",0.00295768425707732,1.74e-10,"SmoInit",TRUE,"reported","G8JOQX",2,TRUE,NA
"221","rs67050670","G","A","G","A",-0.0202722725573387,-0.0143731,0.229,0.204383,FALSE,FALSE,FALSE,"q5fxKx",41717290,0.588075,0.0265368,"outcome",TRUE,"reported","textfile",18,"39297254",0.00303213598798646,2.34e-11,"SmoInit",TRUE,"reported","G8JOQX",2,TRUE,NA
"222","rs6731872","G","T","G","T",0.0315976722437205,0.013077,0.826,0.835574,FALSE,FALSE,FALSE,"q5fxKx",624205,0.649802,0.0288017,"outcome",TRUE,"reported","textfile",2,"624205",0.00336069389789628,5.35e-21,"SmoInit",TRUE,"reported","G8JOQX",2,TRUE,NA
"223","rs6750107","A","G","A","G",0.0145651380943922,-0.00909489,0.386875,0.45031,FALSE,FALSE,FALSE,"q5fxKx",80521682,0.671738,0.0214621,"outcome",TRUE,"reported","textfile",2,"80748807",0.00261597602650499,2.6e-08,"SmoInit",TRUE,"reported","G8JOQX",2,TRUE,NA
"224","rs6750529","T","C","T","C",0.0199073582141741,0.0415563,0.744,0.744917,FALSE,FALSE,FALSE,"q5fxKx",181162876,0.0901862,0.0245254,"outcome",TRUE,"reported","textfile",2,"182027603",0.00291935664980527,9.26e-12,"SmoInit",TRUE,"reported","G8JOQX",2,TRUE,NA
"225","rs6756212","T","C","T","C",-0.0338880494124865,-0.0379167,0.535,0.438115,FALSE,FALSE,FALSE,"q5fxKx",145382564,0.0785652,0.0215549,"outcome",TRUE,"reported","textfile",2,"146140132",0.00255440783586912,3.49e-40,"SmoInit",TRUE,"reported","G8JOQX",2,TRUE,NA
"226","rs67777803","T","G","T","G",-0.0246014935565632,0.0341647,0.172,0.167046,FALSE,FALSE,FALSE,"q5fxKx",28996304,0.233996,0.0287067,"outcome",TRUE,"reported","textfile",17,"27323322",0.00337609153783181,3.18e-13,"SmoInit",TRUE,"reported","G8JOQX",2,TRUE,NA
"227","rs6782116","T","C","T","C",-0.0146502197827914,0.00558439,0.415,0.316146,FALSE,FALSE,FALSE,"q5fxKx",77126881,0.808425,0.0230323,"outcome",TRUE,"reported","textfile",3,"77176032",0.00258578030838715,1.46e-08,"SmoInit",TRUE,"reported","G8JOQX",2,TRUE,NA
"228","rs6874731","G","T","G","T",0.0153179156797748,0.0341212,0.484,0.464404,FALSE,FALSE,FALSE,"q5fxKx",80968046,0.115121,0.0216562,"outcome",TRUE,"reported","textfile",5,"80263865",0.00254944750286814,1.83e-09,"SmoInit",TRUE,"reported","G8JOQX",2,TRUE,NA
"229","rs6890961","T","C","T","C",-0.0193108669011559,-0.0248126,0.624,0.638398,FALSE,FALSE,FALSE,"q5fxKx",167351498,0.267323,0.0223688,"outcome",TRUE,"reported","textfile",5,"166778503",0.0026303127365933,2.13e-13,"SmoInit",TRUE,"reported","G8JOQX",2,TRUE,NA
"230","rs6936160","T","C","T","C",0.0201067590761284,-0.0083689,0.698,0.689737,FALSE,FALSE,FALSE,"q5fxKx",99899869,0.717619,0.0231414,"outcome",TRUE,"reported","textfile",6,"100347745",0.0027749963896861,4.2e-13,"SmoInit",TRUE,"reported","G8JOQX",2,TRUE,NA
"231","rs6968380","A","G","A","G",-0.0234192367880246,0.000611592,0.681,0.630441,FALSE,FALSE,FALSE,"q5fxKx",115300105,0.977952,0.0221302,"outcome",TRUE,"reported","textfile",7,"114940159",0.00273353543303769,1.05e-17,"SmoInit",TRUE,"reported","G8JOQX",2,TRUE,NA
"232","rs6986430","C","T","C","T",-0.0243376590460144,-0.003873,0.222377,0.194214,FALSE,FALSE,FALSE,"q5fxKx",92035876,0.885453,0.0268846,"outcome",TRUE,"reported","textfile",8,"93048104",0.00306382618128011,1.99e-15,"SmoInit",TRUE,"reported","G8JOQX",2,TRUE,NA
"233","rs7024924","C","T","C","T",0.0188917634386336,0.0100516,0.174,0.173089,FALSE,FALSE,FALSE,"q5fxKx",8282399,0.721765,0.028227,"outcome",TRUE,"reported","textfile",9,"8282399",0.00336069389789629,1.9e-08,"SmoInit",TRUE,"reported","G8JOQX",2,TRUE,NA
"234","rs7026534","G","T","G","T",-0.0166030163128688,-0.0550723,0.703821,0.736728,FALSE,FALSE,FALSE,"q5fxKx",132031876,0.0233308,0.0242826,"outcome",TRUE,"reported","textfile",9,"134907263",0.0027905214398687,2.68e-09,"SmoInit",TRUE,"reported","G8JOQX",2,TRUE,NA
"235","rs7072776","G","A","G","A",-0.0219746659604234,-0.00963079,0.712,0.762286,FALSE,FALSE,FALSE,"q5fxKx",21744013,0.700758,0.0250608,"outcome",TRUE,"reported","textfile",10,"22032942",0.00281356766714023,5.66e-15,"SmoInit",TRUE,"reported","G8JOQX",2,TRUE,NA
"236","rs7134009","C","T","C","T",-0.0157969079482934,0.00551721,0.287,0.357665,FALSE,FALSE,FALSE,"q5fxKx",74869413,0.804319,0.0222682,"outcome",TRUE,"reported","textfile",12,"75263193",0.00288410760737097,4.3e-08,"SmoInit",TRUE,"reported","G8JOQX",2,TRUE,NA
"237","rs71367544","T","C","T","C",0.0205521600569838,0.0522608,0.203,0.219452,FALSE,FALSE,FALSE,"q5fxKx",79814374,0.0433581,0.0258685,"outcome",TRUE,"reported","textfile",18,"77574374",0.00316749855600992,8.54e-11,"SmoInit",TRUE,"reported","G8JOQX",2,TRUE,NA
"238","rs71592686","C","T","C","T",0.0207374485275736,0.0155148,0.274,0.279769,FALSE,FALSE,FALSE,"q5fxKx",60825444,0.514458,0.0237989,"outcome",TRUE,"reported","textfile",5,"60121271",0.00285660382555937,3.85e-13,"SmoInit",TRUE,"reported","G8JOQX",2,TRUE,NA
"239","rs71602617","T","C","T","C",-0.0177654859083323,0.031978,0.216,0.29684,FALSE,FALSE,FALSE,"q5fxKx",135485000,0.171259,0.0233728,"outcome",TRUE,"reported","textfile",4,"136406155",0.00317038691182538,2.1e-08,"SmoInit",TRUE,"reported","G8JOQX",2,TRUE,NA
"240","rs7188873","G","A","G","A",0.0202957786323485,0.039676,0.612998,0.631153,FALSE,FALSE,FALSE,"q5fxKx",24715743,0.072981,0.0221289,"outcome",TRUE,"reported","textfile",16,"24727064",0.00261581768560816,8.46e-15,"SmoInit",TRUE,"reported","G8JOQX",2,TRUE,NA
"241","rs7192140","C","T","C","T",-0.0168833776674707,0.0127552,0.498,0.421379,FALSE,FALSE,FALSE,"q5fxKx",10079891,0.55577,0.0216507,"outcome",TRUE,"reported","textfile",16,"10173748",0.00254816223679372,3.4e-11,"SmoInit",TRUE,"reported","G8JOQX",2,TRUE,NA
"242","rs72780746","C","T","C","T",-0.0257629583806218,-0.0370194,0.173,0.153557,FALSE,FALSE,FALSE,"q5fxKx",104593887,0.2104,0.0295572,"outcome",TRUE,"reported","textfile",5,"103929588",0.00336835455155562,2.05e-14,"SmoInit",TRUE,"reported","G8JOQX",2,TRUE,NA
"243","rs72789626","A","T","A","T",-0.025643113591373,-0.0229541,0.136,0.0844201,FALSE,TRUE,FALSE,"q5fxKx",107489917,0.550577,0.0384558,"outcome",TRUE,"reported","textfile",5,"106825618",0.00371678363105592,5.13e-12,"SmoInit",TRUE,"reported","G8JOQX",2,TRUE,NA
"244","rs72790288","A","G","A","G",-0.0455317796974094,-0.192708,0.0282,0.018154,FALSE,FALSE,FALSE,"q5fxKx",29290538,0.0160391,0.0800274,"outcome",TRUE,"reported","textfile",2,"29513404",0.00769627546732542,3.28e-09,"SmoInit",TRUE,"reported","G8JOQX",2,TRUE,NA
"245","rs72898831","G","A","G","A",-0.024415855154164,-0.0688069,0.155,0.13458,FALSE,FALSE,FALSE,"q5fxKx",45078678,0.0286834,0.0314501,"outcome",TRUE,"reported","textfile",18,"42658643",0.00352045989869483,4.14e-12,"SmoInit",TRUE,"reported","G8JOQX",2,TRUE,NA
"246","rs73008357","C","A","C","A",-0.0223095209685988,0.0248567,0.121,0.111637,FALSE,FALSE,FALSE,"q5fxKx",156110722,0.46192,0.0337869,"outcome",TRUE,"reported","textfile",6,"156431856",0.00400046109017831,2.44e-08,"SmoInit",TRUE,"reported","G8JOQX",2,TRUE,NA
"247","rs7333559","A","G","A","G",-0.0232125263243759,0.0398737,0.783,0.836271,FALSE,FALSE,FALSE,"q5fxKx",99894196,0.16784,0.0289113,"outcome",TRUE,"reported","textfile",13,"100546450",0.00309088507361485,5.94e-14,"SmoInit",TRUE,"reported","G8JOQX",2,TRUE,NA
"248","rs73831818","G","A","G","A",0.0320434884207701,0.0338456,0.057,0.037183,FALSE,FALSE,FALSE,"q5fxKx",55954366,0.548432,0.056399,"outcome",TRUE,"reported","textfile",3,"55988394",0.00549541292719244,5.46e-09,"SmoInit",TRUE,"reported","G8JOQX",2,TRUE,NA
"249","rs748832","G","A","G","A",0.017214171572941,-0.00370501,0.371,0.365449,FALSE,FALSE,FALSE,"q5fxKx",16809700,0.86738,0.0221874,"outcome",TRUE,"reported","textfile",3,"16851202",0.00263743234317981,6.6e-11,"SmoInit",TRUE,"reported","G8JOQX",2,TRUE,NA
"250","rs7505855","T","C","T","C",-0.016981782012443,-0.00699162,0.586,0.577172,FALSE,FALSE,FALSE,"q5fxKx",34116111,0.746308,0.0216117,"outcome",TRUE,"reported","textfile",18,"31696075",0.00258669144452735,5.31e-11,"SmoInit",TRUE,"reported","G8JOQX",2,TRUE,NA
"251","rs75674569","A","G","A","G",-0.0253376642806127,-0.0539425,0.0997,0.0589398,FALSE,FALSE,FALSE,"q5fxKx",96171470,0.232819,0.045211,"outcome",TRUE,"reported","textfile",13,"96823724",0.00425257910541401,2.58e-09,"SmoInit",TRUE,"reported","G8JOQX",2,TRUE,NA
"252","rs75919030","C","T","C","T",-0.0209664026528435,-0.00905454,0.267,0.259333,FALSE,FALSE,FALSE,"q5fxKx",52115837,0.711092,0.0244461,"outcome",TRUE,"reported","textfile",17,"50193197",0.00287995689236987,3.35e-13,"SmoInit",TRUE,"reported","G8JOQX",2,TRUE,NA
"253","rs7598402","G","C","G","C",-0.0147282541443157,0.0442994,0.492084,0.478831,FALSE,TRUE,TRUE,"q5fxKx",50508805,0.038212,0.0213741,"outcome",TRUE,"reported","textfile",2,"50735943",0.00254846126017199,7.38e-09,"SmoInit",TRUE,"reported","G8JOQX",2,FALSE,NA
"254","rs7600835","A","G","A","G",-0.0151215822660203,0.0078054,0.342,0.280387,FALSE,FALSE,FALSE,"q5fxKx",171665317,0.743961,0.0238981,"outcome",TRUE,"reported","textfile",2,"172521827",0.00268576249814973,1.8e-08,"SmoInit",TRUE,"reported","G8JOQX",2,TRUE,NA
"255","rs7631379","C","T","C","T",0.0208014202663307,-0.00905087,0.206,0.154498,FALSE,FALSE,FALSE,"q5fxKx",181691269,0.75963,0.0295812,"outcome",TRUE,"reported","textfile",3,"181409057",0.00315028426377377,3.94e-11,"SmoInit",TRUE,"reported","G8JOQX",2,TRUE,NA
"256","rs7640107","T","C","T","C",-0.0141860488913742,-0.0462343,0.430789,0.48056,FALSE,FALSE,FALSE,"q5fxKx",59980430,0.0306514,0.0213893,"outcome",TRUE,"reported","textfile",3,"59966156",0.00257291038839787,3.46e-08,"SmoInit",TRUE,"reported","G8JOQX",2,TRUE,NA
"257","rs76460663","G","C","G","C",-0.0423499881621549,-0.0111222,0.041056,0.0778326,FALSE,TRUE,FALSE,"q5fxKx",112109017,0.782665,0.0403202,"outcome",TRUE,"reported","textfile",11,"111979741",0.00642108863426387,4.15e-11,"SmoInit",TRUE,"reported","G8JOQX",2,TRUE,NA
"258","rs7657022","G","A","G","A",0.0182907848013209,-0.00777955,0.489,0.508484,FALSE,FALSE,FALSE,"q5fxKx",35499410,0.71554,0.0213474,"outcome",TRUE,"reported","textfile",4,"35501032",0.00254875872567672,7.34e-13,"SmoInit",TRUE,"reported","G8JOQX",2,TRUE,NA
"259","rs76608582","A","C","A","C",-0.0345492908715738,0.0465606,0.0489,0.0576081,FALSE,FALSE,FALSE,"q5fxKx",4474728,0.312691,0.0461182,"outcome",TRUE,"reported","textfile",19,"4474725",0.00590780408568799,4.88e-09,"SmoInit",TRUE,"reported","G8JOQX",2,TRUE,NA
"260","rs76841737","G","C","G","C",-0.0231488111016818,-0.0110664,0.103,0.111814,FALSE,TRUE,FALSE,"q5fxKx",91652094,0.744771,0.033994,"outcome",TRUE,"reported","textfile",7,"91281409",0.0041915897661762,3.26e-08,"SmoInit",TRUE,"reported","G8JOQX",2,TRUE,NA
"261","rs7696257","A","G","A","G",0.0153312678884022,0.0201138,0.366,0.419587,FALSE,FALSE,FALSE,"q5fxKx",136553628,0.351686,0.021597,"outcome",TRUE,"reported","textfile",4,"137474783",0.00264489498770943,6.78e-09,"SmoInit",TRUE,"reported","G8JOQX",2,TRUE,NA
"262","rs77283305","A","G","A","G",-0.0151959719568566,-0.0767549,0.305819,0.277799,FALSE,FALSE,FALSE,"q5fxKx",132909071,0.00143493,0.0240797,"outcome",TRUE,"reported","textfile",7,"132593831",0.00276519021844032,3.91e-08,"SmoInit",TRUE,"reported","G8JOQX",2,TRUE,NA
"263","rs7743165","G","T","G","T",0.0192558800004546,-0.00102771,0.495,0.465159,FALSE,FALSE,FALSE,"q5fxKx",66811329,0.961753,0.021431,"outcome",TRUE,"reported","textfile",6,"67521222",0.00254826926806319,4.15e-14,"SmoInit",TRUE,"reported","G8JOQX",2,TRUE,NA
"264","rs7802996","T","C","T","C",-0.0208846886818414,0.0170682,0.166,0.0982052,FALSE,FALSE,FALSE,"q5fxKx",78142666,0.635214,0.0359784,"outcome",TRUE,"reported","textfile",7,"77771983",0.00342417960246408,1.06e-09,"SmoInit",TRUE,"reported","G8JOQX",2,TRUE,NA
"265","rs7809303","A","G","A","G",-0.021418836864619,-0.0386487,0.325,0.337913,FALSE,FALSE,FALSE,"q5fxKx",70019380,0.08627,0.0225303,"outcome",TRUE,"reported","textfile",7,"69484366",0.00272019500200298,3.48e-15,"SmoInit",TRUE,"reported","G8JOQX",2,TRUE,NA
"266","rs7836565","T","C","T","C",-0.0155084165083128,0.0249344,0.718,0.699949,FALSE,FALSE,FALSE,"q5fxKx",51656889,0.284019,0.0232742,"outcome",TRUE,"reported","textfile",8,"52569449",0.00283143651759614,4.36e-08,"SmoInit",TRUE,"reported","G8JOQX",2,TRUE,NA
"267","rs7867822","G","A","G","A",-0.0150970271647724,-0.0139554,0.673,0.701966,FALSE,FALSE,FALSE,"q5fxKx",20676455,0.549359,0.0233086,"outcome",TRUE,"reported","textfile",9,"20676454",0.00271589012993163,2.76e-08,"SmoInit",TRUE,"reported","G8JOQX",2,TRUE,NA
"268","rs7920501","A","T","A","T",-0.0155168449616196,-0.0133792,0.465,0.39296,FALSE,TRUE,TRUE,"q5fxKx",10001196,0.539789,0.0218211,"outcome",TRUE,"reported","textfile",10,"10043159",0.00255440783586912,1.25e-09,"SmoInit",TRUE,"reported","G8JOQX",2,FALSE,NA
"269","rs7921378","C","G","C","G",-0.0233135465388289,0.0307247,0.482,0.494137,FALSE,TRUE,TRUE,"q5fxKx",61915126,0.15006,0.0213467,"outcome",TRUE,"reported","textfile",10,"63674885",0.00254979465403176,6.1e-20,"SmoInit",TRUE,"reported","G8JOQX",2,FALSE,NA
"270","rs7929518","G","A","G","A",0.0192362727079985,0.0261033,0.773,0.741365,FALSE,FALSE,FALSE,"q5fxKx",86269916,0.282931,0.0243102,"outcome",TRUE,"reported","textfile",11,"85980958",0.00304152177247051,2.55e-10,"SmoInit",TRUE,"reported","G8JOQX",2,TRUE,NA
"271","rs7943721","A","G","A","G",-0.0212136090038615,-0.0335184,0.829,0.844399,FALSE,FALSE,FALSE,"q5fxKx",73598348,0.257592,0.0296073,"outcome",TRUE,"reported","textfile",11,"73309393",0.00338390595551107,3.58e-10,"SmoInit",TRUE,"reported","G8JOQX",2,TRUE,NA
"272","rs7969559","G","A","G","A",-0.0170158764738426,0.0169831,0.713,0.644581,FALSE,FALSE,FALSE,"q5fxKx",69261387,0.446397,0.022304,"outcome",TRUE,"reported","textfile",12,"69655167",0.00281648791389652,1.53e-09,"SmoInit",TRUE,"reported","G8JOQX",2,TRUE,NA
"273","rs8005334","G","T","G","T",0.0166733576649974,0.00766458,0.36,0.235009,FALSE,FALSE,FALSE,"q5fxKx",79097311,0.761023,0.0252011,"outcome",TRUE,"reported","textfile",14,"79563654",0.00265628674749107,3.44e-10,"SmoInit",TRUE,"reported","G8JOQX",2,TRUE,NA
"274","rs8027457","C","T","C","T",0.0153137772807968,0.0337179,0.511,0.520698,FALSE,FALSE,FALSE,"q5fxKx",98660872,0.114946,0.0213899,"outcome",TRUE,"reported","textfile",15,"99204101",0.00254875872567672,1.88e-09,"SmoInit",TRUE,"reported","G8JOQX",2,TRUE,NA
"275","rs8050598","T","C","T","C",0.0186697540012263,0.00730156,0.254117,0.22653,FALSE,FALSE,FALSE,"q5fxKx",49858053,0.77806,0.0259061,"outcome",TRUE,"reported","textfile",16,"49891964",0.00292645190436437,1.76e-10,"SmoInit",TRUE,"reported","G8JOQX",2,TRUE,NA
"276","rs8096225","C","A","C","A",0.0155245337193483,0.0338421,0.703,0.755885,FALSE,FALSE,FALSE,"q5fxKx",39341887,0.172848,0.0248271,"outcome",TRUE,"reported","textfile",18,"36921851",0.00278828856748841,2.63e-08,"SmoInit",TRUE,"reported","G8JOQX",2,TRUE,NA
"277","rs8103660","C","T","C","T",0.0158025711053756,0.0307311,0.354431,0.393419,FALSE,FALSE,FALSE,"q5fxKx",18455585,0.158588,0.0217976,"outcome",TRUE,"reported","textfile",19,"18566395",0.00266352281645246,3.03e-09,"SmoInit",TRUE,"reported","G8JOQX",2,TRUE,NA
"278","rs876793","C","T","C","T",-0.0179245007056761,-0.00957717,0.349262,0.271879,FALSE,FALSE,FALSE,"q5fxKx",237688783,0.690602,0.024061,"outcome",TRUE,"reported","textfile",1,"237852083",0.00273664472881359,5.69e-11,"SmoInit",TRUE,"reported","G8JOQX",2,TRUE,NA
"279","rs910912","C","T","C","T",-0.0167699273398506,0.0611127,0.739,0.755793,FALSE,FALSE,FALSE,"q5fxKx",55887337,0.0139171,0.0248486,"outcome",TRUE,"reported","textfile",20,"54462393",0.00290609002764278,7.82e-09,"SmoInit",TRUE,"reported","G8JOQX",2,TRUE,NA
"280","rs925524","G","A","G","A",0.0155573140824448,0.0329432,0.71,0.740263,FALSE,FALSE,FALSE,"q5fxKx",46031037,0.176335,0.024364,"outcome",TRUE,"reported","textfile",1,"46496709",0.00280779523008113,2.94e-08,"SmoInit",TRUE,"reported","G8JOQX",2,TRUE,NA
"281","rs9288999","A","G","A","G",0.0174410822809077,-0.00780642,0.735,0.706902,FALSE,FALSE,FALSE,"q5fxKx",114429080,0.73953,0.0234798,"outcome",TRUE,"reported","textfile",3,"114147927",0.00288686847985553,1.5e-09,"SmoInit",TRUE,"reported","G8JOQX",2,TRUE,NA
"282","rs9302604","G","A","G","A",0.0187095218089082,0.0239435,0.435,0.425006,FALSE,FALSE,FALSE,"q5fxKx",69542991,0.269499,0.0216836,"outcome",TRUE,"reported","textfile",16,"69576894",0.00256995046688193,3.29e-13,"SmoInit",TRUE,"reported","G8JOQX",2,TRUE,NA
"283","rs9323328","G","A","G","A",-0.0142370300423771,-0.0168642,0.537,0.464786,FALSE,FALSE,FALSE,"q5fxKx",58186796,0.430306,0.0213831,"outcome",TRUE,"reported","textfile",14,"58653514",0.00255704608072541,2.55e-08,"SmoInit",TRUE,"reported","G8JOQX",2,TRUE,NA
"284","rs9331343","C","T","C","T",-0.0141345190480488,-0.0286571,0.568,0.564945,FALSE,FALSE,FALSE,"q5fxKx",157317226,0.189067,0.0218199,"outcome",TRUE,"reported","textfile",6,"157738258",0.00257203908542274,3.9e-08,"SmoInit",TRUE,"reported","G8JOQX",2,TRUE,NA
"285","rs9423279","G","C","G","C",-0.0185807847386936,-0.00938461,0.645,0.5994,FALSE,TRUE,FALSE,"q5fxKx",123920903,0.669656,0.0219976,"outcome",TRUE,"reported","textfile",10,"125680419",0.00266256103074018,3.06e-12,"SmoInit",TRUE,"reported","G8JOQX",2,TRUE,NA
"286","rs951740","A","G","A","G",0.0295408668572617,-0.00676897,0.625,0.607845,FALSE,FALSE,FALSE,"q5fxKx",43546066,0.757699,0.0219413,"outcome",TRUE,"reported","textfile",1,"44011737",0.00263170958781378,3.82e-29,"SmoInit",TRUE,"reported","G8JOQX",2,TRUE,NA
"287","rs9538162","C","T","C","T",0.0173791554995482,-0.0282571,0.415874,0.400048,FALSE,FALSE,FALSE,"q5fxKx",58690909,0.19455,0.0217826,"outcome",TRUE,"reported","textfile",13,"59265043",0.00258499347783996,1.76e-11,"SmoInit",TRUE,"reported","G8JOQX",2,TRUE,NA
"288","rs9540731","T","C","T","C",-0.017730323058699,0.00870235,0.509,0.459617,FALSE,FALSE,FALSE,"q5fxKx",66375238,0.685543,0.021492,"outcome",TRUE,"reported","textfile",13,"66949370",0.00254855475073146,3.42e-12,"SmoInit",TRUE,"reported","G8JOQX",2,TRUE,NA
"289","rs9545155","C","T","C","T",-0.0160708800199023,-0.00555054,0.478,0.475301,FALSE,FALSE,FALSE,"q5fxKx",79617738,0.795649,0.0214321,"outcome",TRUE,"reported","textfile",13,"80191873",0.00255061204001953,3.04e-10,"SmoInit",TRUE,"reported","G8JOQX",2,TRUE,NA
"290","rs9627272","C","G","C","G",-0.0154736957351565,0.00835035,0.407,0.333786,FALSE,TRUE,FALSE,"q5fxKx",46046408,0.716364,0.0229834,"outcome",TRUE,"reported","textfile",22,"46442288",0.00259339729741758,2.42e-09,"SmoInit",TRUE,"reported","G8JOQX",2,TRUE,NA
"291","rs9826984","A","G","A","G",-0.0140528591832801,0.00270788,0.542,0.501812,FALSE,FALSE,FALSE,"q5fxKx",132226878,0.898854,0.0213035,"outcome",TRUE,"reported","textfile",3,"131945722",0.00255717955159768,3.87e-08,"SmoInit",TRUE,"reported","G8JOQX",2,TRUE,NA
"292","rs9841807","T","C","T","C",0.0162534791111457,-0.018781,0.273,0.338193,FALSE,FALSE,FALSE,"q5fxKx",176001139,0.405551,0.0225802,"outcome",TRUE,"reported","textfile",3,"175718927",0.00285986199420466,1.35e-08,"SmoInit",TRUE,"reported","G8JOQX",2,TRUE,NA
"293","rs9850597","A","G","A","G",-0.0185709857124084,-0.0359942,0.816,0.769911,FALSE,FALSE,FALSE,"q5fxKx",162044078,0.156481,0.0254016,"outcome",TRUE,"reported","textfile",3,"161761866",0.00328805909500432,1.65e-08,"SmoInit",TRUE,"reported","G8JOQX",2,TRUE,NA
"294","rs986714","T","A","T","A",-0.0160308107404769,0.0324666,0.445,0.424768,FALSE,TRUE,TRUE,"q5fxKx",51525504,0.1328,0.0215991,"outcome",TRUE,"reported","textfile",5,"50821338",0.00256369943794258,4.13e-10,"SmoInit",TRUE,"reported","G8JOQX",2,FALSE,NA
"295","rs9922607","T","C","T","C",-0.0221593131420856,-0.0700438,0.2,0.0798943,FALSE,FALSE,FALSE,"q5fxKx",17476363,0.0768245,0.0395859,"outcome",TRUE,"reported","textfile",16,"17570220",0.00318517731426786,3.42e-12,"SmoInit",TRUE,"reported","G8JOQX",2,TRUE,NA
"296","rs9941217","G","C","G","C",-0.0185566686524006,0.0215264,0.352204,0.337327,FALSE,TRUE,FALSE,"q5fxKx",17957069,0.34222,0.0226645,"outcome",TRUE,"reported","textfile",16,"18050926",0.00266733357848334,3.5e-12,"SmoInit",TRUE,"reported","G8JOQX",2,TRUE,NA
"297","rs9987376","G","T","G","T",-0.0204682440460495,-0.0107744,0.574251,0.641796,FALSE,FALSE,FALSE,"q5fxKx",92177786,0.627862,0.0222272,"outcome",TRUE,"reported","textfile",8,"93190014",0.00257671215931455,2.01e-15,"SmoInit",TRUE,"reported","G8JOQX",2,TRUE,NA
