"","SNP","effect_allele.exposure","other_allele.exposure","effect_allele.outcome","other_allele.outcome","beta.exposure","beta.outcome","eaf.exposure","eaf.outcome","remove","palindromic","ambiguous","id.outcome","pos.outcome","pval.outcome","se.outcome","outcome","mr_keep.outcome","pval_origin.outcome","data_source.outcome","chr.exposure","pos.exposure","se.exposure","pval.exposure","exposure","mr_keep.exposure","pval_origin.exposure","id.exposure","action","mr_keep","samplesize.outcome"
"1","rs1004787","A","G","A","G",0.0284143427641967,-0.0043251,0.552,0.625409,FALSE,FALSE,FALSE,"dRyJbF",44931952,0.842575,0.0217778,"outcome",TRUE,"reported","textfile",2,"45159091",0.00256203500595084,1.11e-28,"SmoInit",TRUE,"reported","G8JOQX",2,TRUE,NA
"2","rs10060196","A","C","A","C",0.0183115763240156,-0.00822029,0.580606,0.627025,FALSE,FALSE,FALSE,"dRyJbF",107120287,0.705424,0.0217462,"outcome",TRUE,"reported","textfile",5,"106455988",0.00258191380106852,1.29e-12,"SmoInit",TRUE,"reported","G8JOQX",2,TRUE,NA
"3","rs1008078","T","C","T","C",0.0228169281970342,0.0373113,0.402,0.566034,FALSE,FALSE,FALSE,"dRyJbF",90724174,0.0800074,0.0213129,"outcome",TRUE,"reported","textfile",1,"91189731",0.0025985434719719,1.63e-18,"SmoInit",TRUE,"reported","G8JOQX",2,TRUE,NA
"4","rs1022376","C","T","C","T",-0.0147448388634785,0.0150297,0.515821,0.533884,FALSE,FALSE,FALSE,"dRyJbF",21844341,0.476591,0.0211152,"outcome",TRUE,"reported","textfile",2,"22067213",0.00261062618216545,1.66e-08,"SmoInit",TRUE,"reported","G8JOQX",2,TRUE,NA
"5","rs10233018","G","A","G","A",0.0246124036923026,0.042582,0.516,0.59784,FALSE,FALSE,FALSE,"dRyJbF",117883655,0.047676,0.0215034,"outcome",TRUE,"reported","textfile",7,"117523709",0.00254944750286814,4.77e-22,"SmoInit",TRUE,"reported","G8JOQX",2,TRUE,NA
"6","rs10279261","A","G","A","G",-0.0188726361055845,-0.000239231,0.618,0.640881,FALSE,FALSE,FALSE,"dRyJbF",133905093,0.9913,0.0219388,"outcome",TRUE,"reported","textfile",7,"133589846",0.00262221130993186,6.05e-13,"SmoInit",TRUE,"reported","G8JOQX",2,TRUE,NA
"7","rs1030015","T","G","T","G",0.014289634882684,-0.00106156,0.519564,0.49486,FALSE,FALSE,FALSE,"dRyJbF",78510264,0.959819,0.0210709,"outcome",TRUE,"reported","textfile",7,"78139581",0.00255009469713275,2.15e-08,"SmoInit",TRUE,"reported","G8JOQX",2,TRUE,NA
"8","rs10446419","G","A","G","A",-0.0195626336224949,0.00808129,0.207,0.217355,FALSE,FALSE,FALSE,"dRyJbF",25684010,0.752485,0.0256252,"outcome",TRUE,"reported","textfile",3,"25725501",0.00314464654906591,5.05e-10,"SmoInit",TRUE,"reported","G8JOQX",2,TRUE,NA
"9","rs10490159","T","C","T","C",0.0172365324259487,-0.0350758,0.394,0.368841,FALSE,FALSE,FALSE,"dRyJbF",51114121,0.107747,0.0218078,"outcome",TRUE,"reported","textfile",2,"51341259",0.00260740913197035,3.86e-11,"SmoInit",TRUE,"reported","G8JOQX",2,TRUE,NA
"10","rs1050847","T","C","T","C",-0.0148300166955147,-0.0190362,0.559,0.507379,FALSE,FALSE,FALSE,"dRyJbF",87410128,0.367336,0.0211168,"outcome",TRUE,"reported","textfile",16,"87443734",0.00256606945167423,7.37e-09,"SmoInit",TRUE,"reported","G8JOQX",2,TRUE,NA
"11","rs10698713","A","G","A","G",-0.0335170218571916,0.0646072,0.0544,0.0181345,FALSE,FALSE,FALSE,"dRyJbF",158461288,0.415481,0.0793422,"outcome",TRUE,"reported","textfile",6,"158882320",0.00561746562616172,2.38e-09,"SmoInit",TRUE,"reported","G8JOQX",2,TRUE,NA
"12","rs10789369","G","A","G","A",-0.0234483812495865,-0.00382913,0.615,0.639692,FALSE,FALSE,FALSE,"dRyJbF",73359226,0.861076,0.0218801,"outcome",TRUE,"reported","textfile",1,"73824909",0.00261833784254063,3.39e-19,"SmoInit",TRUE,"reported","G8JOQX",2,TRUE,NA
"13","rs10805858","T","A","T","A",0.018124112672701,0.0460459,0.335286,0.330162,FALSE,TRUE,FALSE,"dRyJbF",89578015,0.0398933,0.0224083,"outcome",TRUE,"reported","textfile",5,"88873832",0.00269878621059218,1.88e-11,"SmoInit",TRUE,"reported","G8JOQX",2,TRUE,NA
"14","rs10853981","A","G","A","G",0.0147872465733797,0.0189231,0.33036,0.269413,FALSE,FALSE,FALSE,"dRyJbF",4965053,0.425839,0.0237627,"outcome",TRUE,"reported","textfile",19,"4965064",0.00270881398316067,4.88e-08,"SmoInit",TRUE,"reported","G8JOQX",2,TRUE,NA
"15","rs10858334","G","C","G","C",0.022870980938688,-0.0162357,0.14,0.0782018,FALSE,TRUE,FALSE,"dRyJbF",135097939,0.679731,0.0393277,"outcome",TRUE,"reported","textfile",9,"137989785",0.00375996610500044,1.18e-09,"SmoInit",TRUE,"reported","G8JOQX",2,TRUE,NA
"16","rs10873871","G","A","G","A",0.0174520800792171,0.00869474,0.207,0.203118,FALSE,FALSE,FALSE,"dRyJbF",76223334,0.740062,0.0262071,"outcome",TRUE,"reported","textfile",1,"76689019",0.00314464654906591,2.82e-08,"SmoInit",TRUE,"reported","G8JOQX",2,TRUE,NA
"17","rs10885480","C","T","C","T",-0.0186774955897606,-0.000291941,0.284,0.302303,FALSE,FALSE,FALSE,"dRyJbF",113618605,0.98986,0.022971,"outcome",TRUE,"reported","textfile",10,"115378364",0.00282538687942609,3.83e-11,"SmoInit",TRUE,"reported","G8JOQX",2,TRUE,NA
"18","rs10905461","C","T","C","T",-0.0163915428331727,-0.0569215,0.748,0.840099,FALSE,FALSE,FALSE,"dRyJbF",8761588,0.0476168,0.0287371,"outcome",TRUE,"reported","textfile",10,"8803551",0.00293455690782236,2.36e-08,"SmoInit",TRUE,"reported","G8JOQX",2,TRUE,NA
"19","rs10914684","A","G","A","G",-0.0158038428531466,-0.0058214,0.324,0.336328,FALSE,FALSE,FALSE,"dRyJbF",33329971,0.793553,0.0222445,"outcome",TRUE,"reported","textfile",1,"33795572",0.00272237377287851,6.32e-09,"SmoInit",TRUE,"reported","G8JOQX",2,TRUE,NA
"20","rs10935779","T","C","T","C",-0.0143271831132136,-0.00383326,0.415,0.450809,FALSE,FALSE,FALSE,"dRyJbF",149825315,0.856283,0.0211657,"outcome",TRUE,"reported","textfile",3,"149543102",0.00258578030838715,2.95e-08,"SmoInit",TRUE,"reported","G8JOQX",2,TRUE,NA
"21","rs10945141","A","G","A","G",0.0181417117497388,0.0103162,0.263,0.237499,FALSE,FALSE,FALSE,"dRyJbF",68760817,0.677228,0.0247838,"outcome",TRUE,"reported","textfile",6,"69470709",0.00289388978659556,3.59e-10,"SmoInit",TRUE,"reported","G8JOQX",2,TRUE,NA
"22","rs10953957","A","G","A","G",0.014405790066301,0.0351569,0.386,0.399476,FALSE,FALSE,FALSE,"dRyJbF",122314655,0.102517,0.021532,"outcome",TRUE,"reported","textfile",7,"121954709",0.00261707258061795,3.66e-08,"SmoInit",TRUE,"reported","G8JOQX",2,TRUE,NA
"23","rs10966092","C","T","C","T",-0.0204861923284094,-0.0584166,0.267,0.332716,FALSE,FALSE,FALSE,"dRyJbF",23831660,0.00916157,0.0224165,"outcome",TRUE,"reported","textfile",9,"23831658",0.00287995689236987,1.12e-12,"SmoInit",TRUE,"reported","G8JOQX",2,TRUE,NA
"24","rs10969352","A","T","A","T",0.0143467401373709,0.0228784,0.5,0.446694,FALSE,TRUE,TRUE,"dRyJbF",29747490,0.278829,0.021126,"outcome",TRUE,"reported","textfile",9,"29747488",0.00254814185141429,1.82e-08,"SmoInit",TRUE,"reported","G8JOQX",2,FALSE,NA
"25","rs11057005","G","A","G","A",-0.0157139020028632,-0.0056229,0.441,0.545632,FALSE,FALSE,FALSE,"dRyJbF",16595787,0.79128,0.0212465,"outcome",TRUE,"reported","textfile",12,"16748721",0.00256606945167423,9.12e-10,"SmoInit",TRUE,"reported","G8JOQX",2,TRUE,NA
"26","rs1106363","T","C","T","C",0.017374554238077,0.000305799,0.344579,0.433686,FALSE,FALSE,FALSE,"dRyJbF",132096370,0.988485,0.0211882,"outcome",TRUE,"reported","textfile",11,"131966264",0.00268095192303335,9.2e-11,"SmoInit",TRUE,"reported","G8JOQX",2,TRUE,NA
"27","rs11076962","C","T","C","T",0.0182998664190876,0.0141911,0.279,0.247908,FALSE,FALSE,FALSE,"dRyJbF",5761366,0.560839,0.0244003,"outcome",TRUE,"reported","textfile",16,"5811367",0.0028406901883061,1.2e-10,"SmoInit",TRUE,"reported","G8JOQX",2,TRUE,NA
"28","rs1108130","A","T","A","T",0.0239435516621278,0.0428883,0.212,0.253295,FALSE,TRUE,FALSE,"dRyJbF",99996102,0.0763554,0.0242002,"outcome",TRUE,"reported","textfile",13,"100648356",0.00311718491590551,1.57e-14,"SmoInit",TRUE,"reported","G8JOQX",2,TRUE,NA
"29","rs1109480","A","G","A","G",-0.016691703198282,0.0348079,0.384,0.354722,FALSE,FALSE,FALSE,"dRyJbF",120645476,0.116352,0.0221668,"outcome",TRUE,"reported","textfile",12,"121083279",0.00261961601583743,1.84e-10,"SmoInit",TRUE,"reported","G8JOQX",2,TRUE,NA
"30","rs11128203","A","T","A","T",0.0204059665559331,-0.0183142,0.53,0.505069,FALSE,TRUE,TRUE,"dRyJbF",71015280,0.385026,0.021083,"outcome",TRUE,"reported","textfile",3,"71064431",0.00255274092798555,1.29e-15,"SmoInit",TRUE,"reported","G8JOQX",2,FALSE,NA
"31","rs11162019","T","C","T","C",-0.0154947163221235,-0.00222809,0.363,0.31399,FALSE,FALSE,FALSE,"dRyJbF",87447493,0.921772,0.0226888,"outcome",TRUE,"reported","textfile",1,"87913176",0.00264954058636653,5.06e-09,"SmoInit",TRUE,"reported","G8JOQX",2,TRUE,NA
"32","rs1116690","G","A","G","A",0.0162912334988931,0.0337931,0.742,0.760789,FALSE,FALSE,FALSE,"dRyJbF",142588995,0.169546,0.0246007,"outcome",TRUE,"reported","textfile",4,"143510148",0.00291193582568195,2.16e-08,"SmoInit",TRUE,"reported","G8JOQX",2,TRUE,NA
"33","rs11192347","A","G","A","G",-0.0264500127592952,-0.0299545,0.104,0.070803,FALSE,FALSE,FALSE,"dRyJbF",105169555,0.464761,0.0409758,"outcome",TRUE,"reported","textfile",10,"106929313",0.00427392108434006,6.15e-10,"SmoInit",TRUE,"reported","G8JOQX",2,TRUE,NA
"34","rs11258417","T","C","T","C",-0.0145136224014371,-0.0504689,0.391,0.32006,FALSE,FALSE,FALSE,"dRyJbF",13491053,0.0266134,0.022763,"outcome",TRUE,"reported","textfile",10,"13533053",0.00261093812705026,2.71e-08,"SmoInit",TRUE,"reported","G8JOQX",2,TRUE,NA
"35","rs1126757","T","C","T","C",0.0141622770326115,0.014913,0.473,0.565095,FALSE,FALSE,FALSE,"dRyJbF",55368504,0.482374,0.0212289,"outcome",TRUE,"reported","textfile",19,"55879872",0.00255186518715053,2.92e-08,"SmoInit",TRUE,"reported","G8JOQX",2,TRUE,NA
"36","rs112725451","T","C","T","C",0.026092001115637,-0.002047,0.169,0.189465,FALSE,FALSE,FALSE,"dRyJbF",67151992,0.939163,0.0268206,"outcome",TRUE,"reported","textfile",4,"68017710",0.0033997715947909,1.65e-14,"SmoInit",TRUE,"reported","G8JOQX",2,TRUE,NA
"37","rs113230003","A","G","A","G",-0.0188761494045352,0.0344506,0.255,0.212217,FALSE,FALSE,FALSE,"dRyJbF",18350146,0.18082,0.0257434,"outcome",TRUE,"reported","textfile",19,"18460956",0.00292311148053473,1.05e-10,"SmoInit",TRUE,"reported","G8JOQX",2,TRUE,NA
"38","rs1139897","A","G","A","G",-0.0240871922890012,-0.0190866,0.23,0.353815,FALSE,FALSE,FALSE,"dRyJbF",670986,0.384877,0.0219653,"outcome",TRUE,"reported","textfile",16,"720986",0.00302750120470783,1.77e-15,"SmoInit",TRUE,"reported","G8JOQX",2,TRUE,NA
"39","rs1150668","G","T","G","T",-0.0185103038719593,0.0101237,0.419,0.463067,FALSE,FALSE,FALSE,"dRyJbF",28162011,0.632046,0.0211418,"outcome",TRUE,"reported","textfile",6,"28129789",0.00258689360886741,8.54e-13,"SmoInit",TRUE,"reported","G8JOQX",2,TRUE,NA
"40","rs11594623","C","T","C","T",0.0274395987738761,-0.0158192,0.234241,0.231933,FALSE,FALSE,FALSE,"dRyJbF",102200594,0.527217,0.0250201,"outcome",TRUE,"reported","textfile",10,"103960351",0.00300826501889942,7.45e-20,"SmoInit",TRUE,"reported","G8JOQX",2,TRUE,NA
"41","rs1160685","G","C","G","C",0.0153017150999146,0.00867176,0.45,0.378934,FALSE,TRUE,TRUE,"dRyJbF",93131703,0.690427,0.0217733,"outcome",TRUE,"reported","textfile",4,"94052854",0.00256097891931598,2.31e-09,"SmoInit",TRUE,"reported","G8JOQX",2,FALSE,NA
"42","rs11611651","A","G","A","G",0.0271142761895211,0.000919665,0.0868,0.0470711,FALSE,FALSE,FALSE,"dRyJbF",132804204,0.985379,0.0501827,"outcome",TRUE,"reported","textfile",12,"133380790",0.00452533559069401,2.05e-09,"SmoInit",TRUE,"reported","G8JOQX",2,TRUE,NA
"43","rs11642231","A","G","A","G",-0.0155983426396819,-0.0111793,0.369,0.443873,FALSE,FALSE,FALSE,"dRyJbF",89542294,0.599893,0.021312,"outcome",TRUE,"reported","textfile",16,"89608702",0.00264037579326386,3.44e-09,"SmoInit",TRUE,"reported","G8JOQX",2,TRUE,NA
"44","rs11651955","A","G","A","G",-0.0140263859163491,0.0139894,0.499,0.487788,FALSE,FALSE,FALSE,"dRyJbF",16332148,0.506223,0.0210452,"outcome",TRUE,"reported","textfile",17,"16235462",0.00254814694771328,3.74e-08,"SmoInit",TRUE,"reported","G8JOQX",2,TRUE,NA
"45","rs11692435","A","G","A","G",0.0250526290454763,-0.0268948,0.0848,0.233972,FALSE,FALSE,FALSE,"dRyJbF",97658891,0.282173,0.025008,"outcome",TRUE,"reported","textfile",2,"98275354",0.00458160573453205,4.47e-08,"SmoInit",TRUE,"reported","G8JOQX",2,TRUE,NA
"46","rs11713899","C","A","C","A",0.0187188428376795,0.0312507,0.171,0.162559,FALSE,FALSE,FALSE,"dRyJbF",2323342,0.272479,0.0284778,"outcome",TRUE,"reported","textfile",3,"2365026",0.00338390595551107,3.15e-08,"SmoInit",TRUE,"reported","G8JOQX",2,TRUE,NA
"47","rs1173461","T","C","T","C",0.0166091725862538,0.00584748,0.327,0.318151,FALSE,FALSE,FALSE,"dRyJbF",158280563,0.795517,0.0225637,"outcome",TRUE,"reported","textfile",5,"157707571",0.00271589012993163,9.51e-10,"SmoInit",TRUE,"reported","G8JOQX",2,TRUE,NA
"48","rs117657830","G","A","G","A",-0.0377596875423349,-0.165793,0.0417,0.0165099,FALSE,FALSE,FALSE,"dRyJbF",75732975,0.047631,0.0837067,"outcome",TRUE,"reported","textfile",16,"75766873",0.0063734536771502,3.18e-09,"SmoInit",TRUE,"reported","G8JOQX",2,TRUE,NA
"49","rs11766326","C","T","C","T",-0.0175439611879407,-0.0215907,0.506,0.533189,FALSE,FALSE,FALSE,"dRyJbF",111460529,0.306098,0.0210961,"outcome",TRUE,"reported","textfile",7,"111100585",0.00260950684557043,1.79e-11,"SmoInit",TRUE,"reported","G8JOQX",2,TRUE,NA
"50","rs11783093","T","C","T","C",-0.0471242780688017,-0.0407971,0.158,0.124395,FALSE,FALSE,FALSE,"dRyJbF",27567832,0.203196,0.0320606,"outcome",TRUE,"reported","textfile",8,"27425349",0.0034930838916647,2.07e-41,"SmoInit",TRUE,"reported","G8JOQX",2,TRUE,NA
"51","rs11791671","T","C","T","C",0.0278503598762205,0.0583002,0.067315,0.0305293,FALSE,FALSE,FALSE,"dRyJbF",3398679,0.344743,0.0617041,"outcome",TRUE,"reported","textfile",9,"3398679",0.00508475677961425,4.24e-08,"SmoInit",TRUE,"reported","G8JOQX",2,TRUE,NA
"52","rs118202","T","G","T","G",-0.0367484077425043,-0.00177487,0.812,0.712268,FALSE,FALSE,FALSE,"dRyJbF",111337168,0.93921,0.0232731,"outcome",TRUE,"reported","textfile",6,"111658371",0.00326089388209887,1.9e-29,"SmoInit",TRUE,"reported","G8JOQX",2,TRUE,NA
"53","rs11872397","A","G","A","G",-0.0171139489913003,0.0192781,0.253,0.220771,FALSE,FALSE,FALSE,"dRyJbF",74823326,0.448976,0.0254623,"outcome",TRUE,"reported","textfile",18,"72535282",0.00293071133297175,5.2e-09,"SmoInit",TRUE,"reported","G8JOQX",2,TRUE,NA
"54","rs1187820","T","C","T","C",-0.0142711560226536,-0.00593568,0.439,0.382014,FALSE,FALSE,FALSE,"dRyJbF",173354794,0.784999,0.0217575,"outcome",TRUE,"reported","textfile",3,"173072584",0.00256731947035769,2.69e-08,"SmoInit",TRUE,"reported","G8JOQX",2,TRUE,NA
"55","rs11956866","G","T","G","T",-0.014838166648189,-0.0177342,0.567,0.471956,FALSE,FALSE,FALSE,"dRyJbF",161591265,0.403469,0.0212273,"outcome",TRUE,"reported","textfile",5,"161018271",0.00257133184008107,7.82e-09,"SmoInit",TRUE,"reported","G8JOQX",2,TRUE,NA
"56","rs12022778","C","A","C","A",0.0268248011931265,0.00663425,0.202,0.196709,FALSE,FALSE,FALSE,"dRyJbF",50138323,0.802017,0.026459,"outcome",TRUE,"reported","textfile",1,"50603995",0.00317904382630837,3.18e-17,"SmoInit",TRUE,"reported","G8JOQX",2,TRUE,NA
"57","rs12130857","A","G","A","G",-0.0180031367822357,0.0482517,0.324968,0.285213,FALSE,FALSE,FALSE,"dRyJbF",7731401,0.0390409,0.0233806,"outcome",TRUE,"reported","textfile",1,"7791461",0.00272026444960715,3.65e-11,"SmoInit",TRUE,"reported","G8JOQX",2,TRUE,NA
"58","rs12195240","A","G","A","G",0.0249107545835319,-0.00548262,0.285,0.33054,FALSE,FALSE,FALSE,"dRyJbF",98189029,0.806134,0.0223401,"outcome",TRUE,"reported","textfile",6,"98636905",0.0028223973411325,1.08e-18,"SmoInit",TRUE,"reported","G8JOQX",2,TRUE,NA
"59","rs12474587","T","G","T","G",0.0242305775516422,0.00647521,0.429,0.348602,FALSE,FALSE,FALSE,"dRyJbF",161946483,0.769625,0.0221099,"outcome",TRUE,"reported","textfile",2,"162802993",0.00257422737863404,4.83e-21,"SmoInit",TRUE,"reported","G8JOQX",2,TRUE,NA
"60","rs12517438","G","T","G","T",0.015354478851039,0.00347154,0.538,0.500461,FALSE,FALSE,FALSE,"dRyJbF",30841947,0.869259,0.0210908,"outcome",TRUE,"reported","textfile",5,"30842054",0.00255553291864044,1.89e-09,"SmoInit",TRUE,"reported","G8JOQX",2,TRUE,NA
"61","rs12563365","A","G","A","G",0.0165589483633689,0.0355123,0.556,0.554376,FALSE,FALSE,FALSE,"dRyJbF",236709529,0.0926659,0.0211195,"outcome",TRUE,"reported","textfile",1,"236872829",0.00256427574444373,1.05e-10,"SmoInit",TRUE,"reported","G8JOQX",2,TRUE,NA
"62","rs12633090","C","G","C","G",-0.023019685930427,0.0291937,0.182,0.130438,FALSE,TRUE,FALSE,"dRyJbF",83192214,0.3539,0.0314909,"outcome",TRUE,"reported","textfile",3,"83241365",0.00330203186086922,3.16e-12,"SmoInit",TRUE,"reported","G8JOQX",2,TRUE,NA
"63","rs12714017","C","T","C","T",0.0153964967875365,0.000504903,0.511,0.444629,FALSE,FALSE,FALSE,"dRyJbF",80772273,0.980949,0.0211441,"outcome",TRUE,"reported","textfile",2,"80999398",0.00260995063881089,3.65e-09,"SmoInit",TRUE,"reported","G8JOQX",2,TRUE,NA
"64","rs12739243","C","T","C","T",-0.0212518379791449,-0.0321988,0.221,0.294642,FALSE,FALSE,FALSE,"dRyJbF",210128698,0.162415,0.0230486,"outcome",TRUE,"reported","textfile",1,"210302043",0.00307063884430368,4.45e-12,"SmoInit",TRUE,"reported","G8JOQX",2,TRUE,NA
"65","rs12740789","A","G","A","G",-0.0284972685993262,0.0209891,0.178,0.140095,FALSE,FALSE,FALSE,"dRyJbF",72286390,0.489265,0.0303539,"outcome",TRUE,"reported","textfile",1,"72752073",0.00333079339902209,1.18e-17,"SmoInit",TRUE,"reported","G8JOQX",2,TRUE,NA
"66","rs12755632","G","A","G","A",-0.0154051366259368,-0.0203211,0.316,0.34344,FALSE,FALSE,FALSE,"dRyJbF",41310951,0.35902,0.0221547,"outcome",TRUE,"reported","textfile",1,"41776623",0.0027404508225617,1.93e-08,"SmoInit",TRUE,"reported","G8JOQX",2,TRUE,NA
"67","rs12855717","T","C","T","C",0.0155236793185639,0.0138473,0.538,0.566635,FALSE,FALSE,FALSE,"dRyJbF",100600381,0.51634,0.0213365,"outcome",TRUE,"reported","textfile",13,"101252635",0.00255553291864044,1.22e-09,"SmoInit",TRUE,"reported","G8JOQX",2,TRUE,NA
"68","rs12878369","A","C","A","C",0.0174372655171602,0.0413232,0.414762,0.301292,FALSE,FALSE,FALSE,"dRyJbF",27877296,0.0721406,0.0229799,"outcome",TRUE,"reported","textfile",14,"28346502",0.00258791765964964,1.6e-11,"SmoInit",TRUE,"reported","G8JOQX",2,TRUE,NA
"69","rs12918191","G","A","G","A",-0.0197270353770097,-5.53831e-06,0.243,0.176753,FALSE,FALSE,FALSE,"dRyJbF",50911245,0.99984,0.0275481,"outcome",TRUE,"reported","textfile",16,"50945156",0.00297058872733663,3.14e-11,"SmoInit",TRUE,"reported","G8JOQX",2,TRUE,NA
"70","rs1291821","G","A","G","A",0.0144929887207407,0.0411954,0.534,0.53329,FALSE,FALSE,FALSE,"dRyJbF",11091860,0.0507201,0.0210843,"outcome",TRUE,"reported","textfile",10,"11133823",0.00255405366546437,1.39e-08,"SmoInit",TRUE,"reported","G8JOQX",2,TRUE,NA
"71","rs13007361","A","G","A","G",0.017533824042557,0.0158034,0.208,0.0998008,FALSE,FALSE,FALSE,"dRyJbF",165393734,0.654058,0.0352649,"outcome",TRUE,"reported","textfile",2,"166250244",0.00313905804891633,2.29e-08,"SmoInit",TRUE,"reported","G8JOQX",2,TRUE,NA
"72","rs13066050","T","C","T","C",0.018834348293498,-0.0240045,0.208,0.178982,FALSE,FALSE,FALSE,"dRyJbF",81276710,0.384119,0.0275809,"outcome",TRUE,"reported","textfile",3,"81325861",0.00313905804891633,1.93e-09,"SmoInit",TRUE,"reported","G8JOQX",2,TRUE,NA
"73","rs13109980","A","G","A","G",-0.0221815541396989,-0.00425539,0.326,0.338913,FALSE,FALSE,FALSE,"dRyJbF",139965809,0.84823,0.0222355,"outcome",TRUE,"reported","textfile",4,"140886963",0.00271803382404535,3.37e-16,"SmoInit",TRUE,"reported","G8JOQX",2,TRUE,NA
"74","rs13110073","C","T","C","T",-0.0246425774100615,0.00764695,0.395,0.42319,FALSE,FALSE,FALSE,"dRyJbF",146876761,0.71955,0.021297,"outcome",TRUE,"reported","textfile",4,"147797913",0.00260625778806314,3.24e-21,"SmoInit",TRUE,"reported","G8JOQX",2,TRUE,NA
"75","rs13237637","C","G","C","G",-0.0236823349508072,-0.0195451,0.485,0.467342,FALSE,TRUE,TRUE,"dRyJbF",3463575,0.352666,0.0210291,"outcome",TRUE,"reported","textfile",7,"3503207",0.00254928928982647,1.54e-20,"SmoInit",TRUE,"reported","G8JOQX",2,FALSE,NA
"76","rs13261666","T","G","T","G",-0.0199945818545181,0.0209983,0.517,0.548268,FALSE,FALSE,FALSE,"dRyJbF",58902107,0.319084,0.0210754,"outcome",TRUE,"reported","textfile",8,"59814666",0.0025496159555759,4.36e-15,"SmoInit",TRUE,"reported","G8JOQX",2,TRUE,NA
"77","rs13392222","C","A","C","A",-0.0234375461906368,-0.0146607,0.139,0.190025,FALSE,FALSE,FALSE,"dRyJbF",100055946,0.584572,0.0268157,"outcome",TRUE,"reported","textfile",2,"100672408",0.00368285507683827,1.93e-10,"SmoInit",TRUE,"reported","G8JOQX",2,TRUE,NA
"78","rs13437771","G","A","G","A",-0.0271098271364884,-0.0334057,0.155,0.223409,FALSE,FALSE,FALSE,"dRyJbF",99473855,0.183985,0.0251439,"outcome",TRUE,"reported","textfile",7,"99071478",0.00352045989869483,1.39e-14,"SmoInit",TRUE,"reported","G8JOQX",2,TRUE,NA
"79","rs1373178","G","T","G","T",-0.0203163969776818,-0.0161112,0.588,0.630859,FALSE,FALSE,FALSE,"dRyJbF",52441441,0.461078,0.0218583,"outcome",TRUE,"reported","textfile",18,"49967811",0.00258854866495185,4.16e-15,"SmoInit",TRUE,"reported","G8JOQX",2,TRUE,NA
"80","rs1381287","T","C","T","C",0.0180165795033833,-0.0418515,0.467,0.492561,FALSE,FALSE,FALSE,"dRyJbF",98131215,0.0468619,0.0210569,"outcome",TRUE,"reported","textfile",14,"98597552",0.00255560746538615,1.81e-12,"SmoInit",TRUE,"reported","G8JOQX",2,TRUE,NA
"81","rs1381775","C","T","C","T",-0.0156146668533584,0.0138382,0.712,0.7228,FALSE,FALSE,FALSE,"dRyJbF",42421276,0.555254,0.0234583,"outcome",TRUE,"reported","textfile",11,"42442826",0.00281356766714023,2.79e-08,"SmoInit",TRUE,"reported","G8JOQX",2,TRUE,NA
"82","rs1385108","T","C","T","C",0.0187044679803843,0.0186137,0.239,0.284288,FALSE,FALSE,FALSE,"dRyJbF",155460086,0.424326,0.023298,"outcome",TRUE,"reported","textfile",5,"154839646",0.00298746156336482,3.84e-10,"SmoInit",TRUE,"reported","G8JOQX",2,TRUE,NA
"83","rs13906","T","C","T","C",-0.024529729248181,-0.0227569,0.109,0.135874,FALSE,FALSE,FALSE,"dRyJbF",49558611,0.459789,0.0307861,"outcome",TRUE,"reported","textfile",12,"49952394",0.00408828820803017,1.98e-09,"SmoInit",TRUE,"reported","G8JOQX",2,TRUE,NA
"84","rs1435479","T","G","T","G",0.0163904586547917,-0.0221729,0.28748,0.305735,FALSE,FALSE,FALSE,"dRyJbF",93629299,0.331703,0.0228424,"outcome",TRUE,"reported","textfile",4,"94550450",0.00281508334605987,5.68e-09,"SmoInit",TRUE,"reported","G8JOQX",2,TRUE,NA
"85","rs1435672","C","T","C","T",0.0141051180405541,0.0162436,0.56,0.621949,FALSE,FALSE,FALSE,"dRyJbF",36107278,0.453192,0.0216551,"outcome",TRUE,"reported","textfile",15,"36399479",0.00256668902432973,3.82e-08,"SmoInit",TRUE,"reported","G8JOQX",2,TRUE,NA
"86","rs1445649","C","T","C","T",0.0205716431693465,0.0270762,0.538,0.509513,FALSE,FALSE,FALSE,"dRyJbF",154826044,0.19865,0.0210643,"outcome",TRUE,"reported","textfile",2,"155682556",0.00255553291864044,8.48e-16,"SmoInit",TRUE,"reported","G8JOQX",2,TRUE,NA
"87","rs1449012","T","C","T","C",-0.0153734115013626,0.0154768,0.463,0.368365,FALSE,FALSE,FALSE,"dRyJbF",159330544,0.479099,0.0218674,"outcome",TRUE,"reported","textfile",3,"159048333",0.00255514744895826,1.77e-09,"SmoInit",TRUE,"reported","G8JOQX",2,TRUE,NA
"88","rs147052174","T","G","T","G",0.0623094487438692,0.104218,0.0171,0.00894622,FALSE,FALSE,FALSE,"dRyJbF",179814032,0.35284,0.112172,"outcome",TRUE,"reported","textfile",1,"179783167",0.00982745089601336,2.3e-10,"SmoInit",TRUE,"reported","G8JOQX",2,TRUE,NA
"89","rs1514176","A","G","A","G",-0.0193001581257968,0.0297047,0.58,0.529187,FALSE,FALSE,FALSE,"dRyJbF",74525912,0.158547,0.0210675,"outcome",TRUE,"reported","textfile",1,"74991596",0.0025813979643714,7.67e-14,"SmoInit",TRUE,"reported","G8JOQX",2,TRUE,NA
"90","rs1549979","T","C","T","C",-0.0245223134403877,-0.0146971,0.615,0.707583,FALSE,FALSE,FALSE,"dRyJbF",85410981,0.525108,0.0231272,"outcome",TRUE,"reported","textfile",3,"85460131",0.00262304488914841,8.8e-21,"SmoInit",TRUE,"reported","G8JOQX",2,TRUE,NA
"91","rs160631","G","T","G","T",-0.0172628452622627,-0.041358,0.731,0.711263,FALSE,FALSE,FALSE,"dRyJbF",53030432,0.0749049,0.0232211,"outcome",TRUE,"reported","textfile",6,"52895230",0.00287315315388405,1.87e-09,"SmoInit",TRUE,"reported","G8JOQX",2,TRUE,NA
"92","rs1632941","C","T","C","T",-0.0158073961616223,-0.00709427,0.46,0.358779,FALSE,FALSE,FALSE,"dRyJbF",29828908,0.746481,0.0219445,"outcome",TRUE,"reported","textfile",6,"29796685",0.00256093083783619,6.67e-10,"SmoInit",TRUE,"reported","G8JOQX",2,TRUE,NA
"93","rs16826827","C","T","C","T",-0.0222068868383587,0.028735,0.124,0.110545,FALSE,FALSE,FALSE,"dRyJbF",147068121,0.390898,0.033491,"outcome",TRUE,"reported","textfile",2,"147825689",0.00386572280689492,9.17e-09,"SmoInit",TRUE,"reported","G8JOQX",2,TRUE,NA
"94","rs16828799","T","G","T","G",0.0197692281663615,-0.00669515,0.156,0.150647,FALSE,FALSE,FALSE,"dRyJbF",173635949,0.819944,0.0294141,"outcome",TRUE,"reported","textfile",3,"173353739",0.00351123650240556,1.83e-08,"SmoInit",TRUE,"reported","G8JOQX",2,TRUE,NA
"95","rs1713676","G","A","G","A",-0.0167262455351488,-0.0148793,0.522512,0.55938,FALSE,FALSE,FALSE,"dRyJbF",113789854,0.482906,0.0212067,"outcome",TRUE,"reported","textfile",11,"113660576",0.00255072853114231,5.38e-11,"SmoInit",TRUE,"reported","G8JOQX",2,TRUE,NA
"96","rs1714521","C","A","C","A",-0.0162953104881966,0.00264053,0.411,0.436409,FALSE,FALSE,FALSE,"dRyJbF",158567072,0.901123,0.0212531,"outcome",TRUE,"reported","textfile",3,"158284861",0.0025894948217728,3.07e-10,"SmoInit",TRUE,"reported","G8JOQX",2,TRUE,NA
"97","rs17165769","G","A","G","A",0.0159396071041438,-0.0171918,0.394872,0.412148,FALSE,FALSE,FALSE,"dRyJbF",108029941,0.420898,0.0213598,"outcome",TRUE,"reported","textfile",5,"107365642",0.00260640446622611,9.56e-10,"SmoInit",TRUE,"reported","G8JOQX",2,TRUE,NA
"98","rs17197663","A","G","A","G",-0.0215873531495124,-0.0411338,0.125,0.086398,FALSE,FALSE,FALSE,"dRyJbF",37598730,0.270376,0.0373198,"outcome",TRUE,"reported","textfile",13,"38172867",0.00385242836809023,2.06e-08,"SmoInit",TRUE,"reported","G8JOQX",2,TRUE,NA
"99","rs17229285","T","C","T","C",-0.0154795560042364,0.00318479,0.505,0.453512,FALSE,FALSE,FALSE,"dRyJbF",198658398,0.879938,0.0210846,"outcome",TRUE,"reported","textfile",2,"199523122",0.00254826926806319,1.27e-09,"SmoInit",TRUE,"reported","G8JOQX",2,TRUE,NA
"100","rs1733760","C","T","C","T",0.0147733884018381,-0.0171298,0.51,0.453776,FALSE,FALSE,FALSE,"dRyJbF",54938414,0.416198,0.0210689,"outcome",TRUE,"reported","textfile",10,"56698174",0.00254865163272406,6.7e-09,"SmoInit",TRUE,"reported","G8JOQX",2,TRUE,NA
"101","rs1737329","G","C","G","C",0.0170292237829221,0.0240627,0.742,0.762849,FALSE,TRUE,FALSE,"dRyJbF",163386716,0.332272,0.0248185,"outcome",TRUE,"reported","textfile",6,"163807748",0.00291193582568195,5.08e-09,"SmoInit",TRUE,"reported","G8JOQX",2,TRUE,NA
"102","rs17554906","C","G","C","G",0.014184872535994,0.010592,0.444,0.367519,FALSE,TRUE,TRUE,"dRyJbF",91516891,0.626663,0.021775,"outcome",TRUE,"reported","textfile",6,"92226609",0.00256427574444373,3.14e-08,"SmoInit",TRUE,"reported","G8JOQX",2,FALSE,NA
"103","rs1759433","A","G","A","G",0.015364719185164,0.0447954,0.48,0.515603,FALSE,FALSE,FALSE,"dRyJbF",125310818,0.0329276,0.0210014,"outcome",TRUE,"reported","textfile",9,"128073097",0.00255018281437779,1.69e-09,"SmoInit",TRUE,"reported","G8JOQX",2,TRUE,NA
"104","rs17616642","G","A","G","A",-0.0165572915814431,-0.0245163,0.24687,0.19323,FALSE,FALSE,FALSE,"dRyJbF",58795075,0.361025,0.0268403,"outcome",TRUE,"reported","textfile",2,"59022210",0.00295477538840993,2.1e-08,"SmoInit",TRUE,"reported","G8JOQX",2,TRUE,NA
"105","rs17692129","T","C","T","C",0.0195989223809853,7.74509e-05,0.331,0.460128,FALSE,FALSE,FALSE,"dRyJbF",46715917,0.997086,0.0212094,"outcome",TRUE,"reported","textfile",17,"44793283",0.00270748805617845,4.57e-13,"SmoInit",TRUE,"reported","G8JOQX",2,TRUE,NA
"106","rs1772572","A","C","A","C",-0.0168681448072877,-0.0212021,0.324132,0.344366,FALSE,FALSE,FALSE,"dRyJbF",80617041,0.338263,0.0221408,"outcome",TRUE,"reported","textfile",13,"81191176",0.00272208516333501,5.62e-10,"SmoInit",TRUE,"reported","G8JOQX",2,TRUE,NA
"107","rs1799068","T","G","T","G",0.0166095626009421,0.0441942,0.379,0.400743,FALSE,FALSE,FALSE,"dRyJbF",98077757,0.0397064,0.0214869,"outcome",TRUE,"reported","textfile",7,"97707069",0.00262620243790636,2.59e-10,"SmoInit",TRUE,"reported","G8JOQX",2,TRUE,NA
"108","rs1863161","A","G","A","G",0.015339371713194,-0.00802267,0.56094,0.6721,FALSE,FALSE,FALSE,"dRyJbF",59912389,0.720449,0.0224185,"outcome",TRUE,"reported","textfile",2,"60139524",0.00256728133653859,2.34e-09,"SmoInit",TRUE,"reported","G8JOQX",2,TRUE,NA
"109","rs1889571","G","T","G","T",0.0221797995406237,-0.00325192,0.131,0.169896,FALSE,FALSE,FALSE,"dRyJbF",31730218,0.907736,0.0280592,"outcome",TRUE,"reported","textfile",1,"32195819",0.00377613984197516,4.19e-09,"SmoInit",TRUE,"reported","G8JOQX",2,TRUE,NA
"110","rs1901477","G","A","G","A",0.0304369932456541,-0.0232097,0.511,0.495622,FALSE,FALSE,FALSE,"dRyJbF",103510525,0.271042,0.0210869,"outcome",TRUE,"reported","textfile",2,"104126983",0.00260995063881089,2.07e-31,"SmoInit",TRUE,"reported","G8JOQX",2,TRUE,NA
"111","rs1927901","C","T","C","T",-0.0141754871045966,-0.0106601,0.553,0.544316,FALSE,FALSE,FALSE,"dRyJbF",117756833,0.613768,0.0211216,"outcome",TRUE,"reported","textfile",9,"120519111",0.00256257908950217,3.1e-08,"SmoInit",TRUE,"reported","G8JOQX",2,TRUE,NA
"112","rs1930371","T","C","T","C",-0.0172419586612647,0.00888306,0.241,0.179593,FALSE,FALSE,FALSE,"dRyJbF",78829188,0.74555,0.0273736,"outcome",TRUE,"reported","textfile",9,"81444104",0.00297895673652913,7.09e-09,"SmoInit",TRUE,"reported","G8JOQX",2,TRUE,NA
"113","rs1931431","C","G","C","G",0.0182328624437084,-0.0143942,0.478,0.45096,FALSE,TRUE,TRUE,"dRyJbF",11161799,0.496933,0.021189,"outcome",TRUE,"reported","textfile",9,"11161799",0.00255061204001953,8.56e-13,"SmoInit",TRUE,"reported","G8JOQX",2,FALSE,NA
"114","rs1937443","G","C","G","C",0.0204362188245672,0.0307614,0.563,0.612012,FALSE,TRUE,TRUE,"dRyJbF",66003960,0.154196,0.0215889,"outcome",TRUE,"reported","textfile",1,"66469643",0.00256861307738644,1.79e-15,"SmoInit",TRUE,"reported","G8JOQX",2,FALSE,NA
"115","rs2010921","A","G","A","G",0.0174291411105034,-0.00625666,0.311,0.350605,FALSE,FALSE,FALSE,"dRyJbF",132228311,0.7772,0.0221107,"outcome",TRUE,"reported","textfile",11,"132098205",0.0027523508874645,2.47e-10,"SmoInit",TRUE,"reported","G8JOQX",2,TRUE,NA
"116","rs2028269","A","G","A","G",0.016164548317376,0.00101421,0.399,0.355085,FALSE,FALSE,FALSE,"dRyJbF",80012492,0.96321,0.0219877,"outcome",TRUE,"reported","textfile",5,"79308315",0.00260177610870211,5.19e-10,"SmoInit",TRUE,"reported","G8JOQX",2,TRUE,NA
"117","rs2063976","T","C","T","C",-0.0201814241776652,-0.0262368,0.664955,0.599213,FALSE,FALSE,FALSE,"dRyJbF",90084138,0.22021,0.0214009,"outcome",TRUE,"reported","textfile",8,"91096366",0.00269926738168577,7.45e-14,"SmoInit",TRUE,"reported","G8JOQX",2,TRUE,NA
"118","rs2155646","C","T","C","T",0.0377771518638971,0.0037795,0.4,0.625577,FALSE,FALSE,FALSE,"dRyJbF",113042089,0.863009,0.0219045,"outcome",TRUE,"reported","textfile",11,"112912811",0.00260068638674826,9.44e-48,"SmoInit",TRUE,"reported","G8JOQX",2,TRUE,NA
"119","rs2173019","A","T","A","T",0.0282069520540153,-0.0162656,0.177,0.135029,FALSE,TRUE,FALSE,"dRyJbF",168187966,0.599104,0.0309415,"outcome",TRUE,"reported","textfile",5,"167614971",0.00333815927442383,2.98e-17,"SmoInit",TRUE,"reported","G8JOQX",2,TRUE,NA
"120","rs221988","C","A","C","A",-0.0148650225653347,-0.0245301,0.384,0.449281,FALSE,FALSE,FALSE,"dRyJbF",64248631,0.24694,0.0211866,"outcome",TRUE,"reported","textfile",3,"64234307",0.00261961601583743,1.43e-08,"SmoInit",TRUE,"reported","G8JOQX",2,TRUE,NA
"121","rs2276825","C","T","C","T",0.0188755712515354,0.022456,0.245,0.274668,FALSE,FALSE,FALSE,"dRyJbF",52852589,0.340348,0.0235516,"outcome",TRUE,"reported","textfile",3,"52886605",0.0029623548999896,1.89e-10,"SmoInit",TRUE,"reported","G8JOQX",2,TRUE,NA
"122","rs2279829","T","C","T","C",-0.0173765668386769,-0.0109993,0.216,0.289057,FALSE,FALSE,FALSE,"dRyJbF",147388532,0.63552,0.0232066,"outcome",TRUE,"reported","textfile",3,"147106319",0.00309605522231936,2.05e-08,"SmoInit",TRUE,"reported","G8JOQX",2,TRUE,NA
"123","rs2289791","T","G","T","G",-0.017725516174548,-0.0358324,0.247,0.209541,FALSE,FALSE,FALSE,"dRyJbF",67184614,0.16846,0.0260189,"outcome",TRUE,"reported","textfile",15,"67476952",0.002954252695758,2.01e-09,"SmoInit",TRUE,"reported","G8JOQX",2,TRUE,NA
"124","rs2306866","T","A","T","A",-0.0166754969048669,0.0104123,0.614,0.667109,FALSE,TRUE,FALSE,"dRyJbF",53732185,0.641038,0.0223321,"outcome",TRUE,"reported","textfile",3,"53766212",0.00261707258061795,1.89e-10,"SmoInit",TRUE,"reported","G8JOQX",2,TRUE,NA
"125","rs2319545","A","C","A","C",0.0232366196004364,-0.0409154,0.149099,0.166962,FALSE,FALSE,FALSE,"dRyJbF",148001861,0.146245,0.0281607,"outcome",TRUE,"reported","textfile",3,"147719648",0.00357698173772572,8.3e-11,"SmoInit",TRUE,"reported","G8JOQX",2,TRUE,NA
"126","rs2344976","C","T","C","T",-0.0150877384938283,-0.0116924,0.612,0.654753,FALSE,FALSE,FALSE,"dRyJbF",32358916,0.59638,0.0220772,"outcome",TRUE,"reported","textfile",17,"30685935",0.00261458058153918,7.98e-09,"SmoInit",TRUE,"reported","G8JOQX",2,TRUE,NA
"127","rs2378662","A","G","A","G",0.0152121381530069,0.00132907,0.541,0.565071,FALSE,FALSE,FALSE,"dRyJbF",84092374,0.950076,0.0212271,"outcome",TRUE,"reported","textfile",9,"86707289",0.00255675215046967,2.67e-09,"SmoInit",TRUE,"reported","G8JOQX",2,TRUE,NA
"128","rs238896","A","G","A","G",-0.0168673762438155,-0.000555935,0.49,0.480659,FALSE,FALSE,FALSE,"dRyJbF",114123783,0.978968,0.0210878,"outcome",TRUE,"reported","textfile",11,"113994505",0.00254865163272406,3.65e-11,"SmoInit",TRUE,"reported","G8JOQX",2,TRUE,NA
"129","rs2539706","A","G","A","G",0.0162454401847471,-0.00822371,0.529947,0.53746,FALSE,FALSE,FALSE,"dRyJbF",59592410,0.696679,0.0210968,"outcome",TRUE,"reported","textfile",2,"59819545",0.00255272464844336,1.95e-10,"SmoInit",TRUE,"reported","G8JOQX",2,TRUE,NA
"130","rs2587507","C","T","C","T",-0.0146602397314715,0.0286488,0.502,0.512133,FALSE,FALSE,FALSE,"dRyJbF",79816336,0.174067,0.0210769,"outcome",TRUE,"reported","textfile",17,"77790135",0.00254816223679372,8.69e-09,"SmoInit",TRUE,"reported","G8JOQX",2,TRUE,NA
"131","rs2710634","C","T","C","T",-0.0177614270391893,-0.00275198,0.521,0.53842,FALSE,FALSE,FALSE,"dRyJbF",32583737,0.896297,0.0211138,"outcome",TRUE,"reported","textfile",2,"32808804",0.00255039229029593,3.36e-12,"SmoInit",TRUE,"reported","G8JOQX",2,TRUE,NA
"132","rs2734390","G","A","G","A",0.0147709061051891,0.0185642,0.372,0.269902,FALSE,FALSE,FALSE,"dRyJbF",60473558,0.435001,0.02378,"outcome",TRUE,"reported","textfile",3,"60459291",0.00263598122974669,2.09e-08,"SmoInit",TRUE,"reported","G8JOQX",2,TRUE,NA
"133","rs2796793","A","G","A","G",0.0144813515872424,0.00288582,0.452,0.43573,FALSE,FALSE,FALSE,"dRyJbF",36345196,0.891721,0.0211996,"outcome",TRUE,"reported","textfile",10,"36634124",0.00255996547702142,1.55e-08,"SmoInit",TRUE,"reported","G8JOQX",2,TRUE,NA
"134","rs281296","A","G","A","G",0.0246892355778618,0.0088949,0.357,0.325691,FALSE,FALSE,FALSE,"dRyJbF",47392813,0.692161,0.0224662,"outcome",TRUE,"reported","textfile",15,"47685010",0.00265921842184342,1.59e-20,"SmoInit",TRUE,"reported","G8JOQX",2,TRUE,NA
"135","rs28441558","C","T","C","T",-0.0355649826227975,0.0178087,0.0563,0.0609907,FALSE,FALSE,FALSE,"dRyJbF",7899800,0.684458,0.043822,"outcome",TRUE,"reported","textfile",17,"7803118",0.00552741955012364,1.24e-10,"SmoInit",TRUE,"reported","G8JOQX",2,TRUE,NA
"136","rs2901785","A","G","A","G",-0.0173082721317735,0.00559541,0.446,0.438628,FALSE,FALSE,FALSE,"dRyJbF",174135605,0.791358,0.0211508,"outcome",TRUE,"reported","textfile",1,"174104743",0.00256313389330125,1.47e-11,"SmoInit",TRUE,"reported","G8JOQX",2,TRUE,NA
"137","rs290601","T","C","T","C",0.0163101822358959,-0.00706538,0.274,0.288443,FALSE,FALSE,FALSE,"dRyJbF",114362413,0.760913,0.0232199,"outcome",TRUE,"reported","textfile",8,"115374642",0.00285660382555937,1.14e-08,"SmoInit",TRUE,"reported","G8JOQX",2,TRUE,NA
"138","rs2925128","T","C","T","C",0.0168199054545407,0.0370596,0.385191,0.45076,FALSE,FALSE,FALSE,"dRyJbF",97896018,0.0795903,0.0211399,"outcome",TRUE,"reported","textfile",14,"98362355",0.00268304078897622,3.67e-10,"SmoInit",TRUE,"reported","G8JOQX",2,TRUE,NA
"139","rs2939756","A","G","A","G",-0.015699684310767,0.00792356,0.48,0.510596,FALSE,FALSE,FALSE,"dRyJbF",41414747,0.707244,0.0210979,"outcome",TRUE,"reported","textfile",11,"41436297",0.00255018281437779,7.45e-10,"SmoInit",TRUE,"reported","G8JOQX",2,TRUE,NA
"140","rs2959084","A","G","A","G",0.0170798652799423,-0.00539484,0.704674,0.679178,FALSE,FALSE,FALSE,"dRyJbF",46057105,0.811022,0.0225624,"outcome",TRUE,"reported","textfile",11,"46078656",0.00279285661543118,9.82e-10,"SmoInit",TRUE,"reported","G8JOQX",2,TRUE,NA
"141","rs301807","G","A","G","A",0.0180144077909169,-0.0314992,0.57,0.65502,FALSE,FALSE,FALSE,"dRyJbF",8424763,0.154031,0.0220979,"outcome",TRUE,"reported","textfile",1,"8484823",0.00257348682727385,2.5e-12,"SmoInit",TRUE,"reported","G8JOQX",2,TRUE,NA
"142","rs3115418","C","T","C","T",-0.014224879533231,-0.00575845,0.454,0.512094,FALSE,FALSE,FALSE,"dRyJbF",200071676,0.784339,0.0210416,"outcome",TRUE,"reported","textfile",2,"200936399",0.00255899452932799,2.79e-08,"SmoInit",TRUE,"reported","G8JOQX",2,TRUE,NA
"143","rs3172494","T","G","T","G",-0.0291266827063679,0.0118308,0.115,0.21493,FALSE,FALSE,FALSE,"dRyJbF",48694054,0.64472,0.0256571,"outcome",TRUE,"reported","textfile",3,"48731487",0.00400085756250123,3.4e-13,"SmoInit",TRUE,"reported","G8JOQX",2,TRUE,NA
"144","rs3218116","T","C","T","C",-0.0198430370178765,0.00596102,0.256,0.240801,FALSE,FALSE,FALSE,"dRyJbF",41934025,0.808075,0.02454,"outcome",TRUE,"reported","textfile",6,"41901763",0.00291935664980527,1.05e-11,"SmoInit",TRUE,"reported","G8JOQX",2,TRUE,NA
"145","rs329124","G","A","G","A",-0.0163870665684475,0.0133793,0.428,0.423654,FALSE,FALSE,FALSE,"dRyJbF",134529762,0.529476,0.0212772,"outcome",TRUE,"reported","textfile",5,"133865452",0.00257497908762324,1.96e-10,"SmoInit",TRUE,"reported","G8JOQX",2,TRUE,NA
"146","rs34342129","C","T","C","T",-0.0142810056847808,0.0314299,0.509,0.480593,FALSE,FALSE,FALSE,"dRyJbF",5872473,0.136296,0.0210978,"outcome",TRUE,"reported","textfile",18,"5872472",0.00254855475073146,2.13e-08,"SmoInit",TRUE,"reported","G8JOQX",2,TRUE,NA
"147","rs34399632","G","A","G","A",0.0193503985196848,0.0301816,0.232,0.232186,FALSE,FALSE,FALSE,"dRyJbF",136813604,0.228028,0.0250375,"outcome",TRUE,"reported","textfile",2,"137571174",0.00301834586299796,1.46e-10,"SmoInit",TRUE,"reported","G8JOQX",2,TRUE,NA
"148","rs34553878","G","A","G","A",0.0246707355129666,-0.00643395,0.111,0.0842609,FALSE,FALSE,FALSE,"dRyJbF",131459201,0.865455,0.0379731,"outcome",TRUE,"reported","textfile",9,"134334588",0.00405584393441003,1.17e-09,"SmoInit",TRUE,"reported","G8JOQX",2,TRUE,NA
"149","rs34940743","G","A","G","A",0.0159248966327585,0.00114923,0.346,0.358716,FALSE,FALSE,FALSE,"dRyJbF",79635890,0.958351,0.022006,"outcome",TRUE,"reported","textfile",14,"80102233",0.00268033618438142,2.8e-09,"SmoInit",TRUE,"reported","G8JOQX",2,TRUE,NA
"150","rs35375873","C","G","C","G",-0.0270102496045462,0.0234671,0.11,0.171507,FALSE,TRUE,FALSE,"dRyJbF",43190545,0.403816,0.0281101,"outcome",TRUE,"reported","textfile",5,"43190647",0.00407194833782387,3.29e-11,"SmoInit",TRUE,"reported","G8JOQX",2,TRUE,NA
"151","rs35656245","A","G","A","G",0.0159456398141213,-0.0219466,0.276,0.263619,FALSE,FALSE,FALSE,"dRyJbF",190988350,0.357466,0.0238497,"outcome",TRUE,"reported","textfile",1,"190957480",0.0028501635460148,2.23e-08,"SmoInit",TRUE,"reported","G8JOQX",2,TRUE,NA
"152","rs357304","C","T","C","T",0.0166757177141037,-0.0126629,0.727,0.740736,FALSE,FALSE,FALSE,"dRyJbF",164006129,0.598709,0.0240622,"outcome",TRUE,"reported","textfile",2,"164862639",0.00285986199420466,5.4e-09,"SmoInit",TRUE,"reported","G8JOQX",2,TRUE,NA
"153","rs359247","T","A","T","A",0.0220304406866879,0.0234302,0.638652,0.660999,FALSE,TRUE,FALSE,"dRyJbF",60249917,0.292065,0.0222382,"outcome",TRUE,"reported","textfile",2,"60477052",0.00265215339592237,9.89e-17,"SmoInit",TRUE,"reported","G8JOQX",2,TRUE,NA
"154","rs359431","T","C","T","C",-0.0141982221407122,-0.0162603,0.56,0.527736,FALSE,FALSE,FALSE,"dRyJbF",173861531,0.43969,0.021043,"outcome",TRUE,"reported","textfile",5,"173288534",0.00256668902432973,3.16e-08,"SmoInit",TRUE,"reported","G8JOQX",2,TRUE,NA
"155","rs3740977","C","T","C","T",0.0194739723678087,0.0156963,0.167,0.125364,FALSE,FALSE,FALSE,"dRyJbF",46372024,0.623591,0.0319831,"outcome",TRUE,"reported","textfile",11,"46393574",0.00341596072659002,1.17e-08,"SmoInit",TRUE,"reported","G8JOQX",2,TRUE,NA
"156","rs3800227","G","A","G","A",0.0171779534520435,-0.0101042,0.742,0.679251,FALSE,FALSE,FALSE,"dRyJbF",108672958,0.653341,0.0224974,"outcome",TRUE,"reported","textfile",6,"108994161",0.00291193582568195,3.64e-09,"SmoInit",TRUE,"reported","G8JOQX",2,TRUE,NA
"157","rs3810496","C","T","C","T",0.015881294406838,-0.00119574,0.619436,0.6103,FALSE,FALSE,FALSE,"dRyJbF",63775533,0.955771,0.0215599,"outcome",TRUE,"reported","textfile",20,"62406886",0.00262869055394539,1.54e-09,"SmoInit",TRUE,"reported","G8JOQX",2,TRUE,NA
"158","rs3811038","C","T","C","T",0.0191404347355438,0.0362226,0.279,0.228904,FALSE,FALSE,FALSE,"dRyJbF",112482606,0.151484,0.0252545,"outcome",TRUE,"reported","textfile",2,"113240183",0.0028406901883061,1.58e-11,"SmoInit",TRUE,"reported","G8JOQX",2,TRUE,NA
"159","rs3820277","T","G","T","G",-0.0188369165347618,-0.0213271,0.526,0.514012,FALSE,FALSE,FALSE,"dRyJbF",18110163,0.312523,0.0211172,"outcome",TRUE,"reported","textfile",1,"18436657",0.00255159394161599,1.57e-13,"SmoInit",TRUE,"reported","G8JOQX",2,TRUE,NA
"160","rs3843905","T","C","T","C",-0.0151458403650148,0.0121301,0.403,0.444613,FALSE,FALSE,FALSE,"dRyJbF",166000275,0.565809,0.021124,"outcome",TRUE,"reported","textfile",5,"165427280",0.00259749019339433,5.41e-09,"SmoInit",TRUE,"reported","G8JOQX",2,TRUE,NA
"161","rs3847244","T","C","T","C",0.0186716901787056,-0.0152872,0.47,0.393927,FALSE,FALSE,FALSE,"dRyJbF",3025368,0.47903,0.0215963,"outcome",TRUE,"reported","textfile",9,"3025368",0.00255274092798555,2.6e-13,"SmoInit",TRUE,"reported","G8JOQX",2,TRUE,NA
"162","rs3850736","G","C","G","C",0.0191284473580711,-0.00901665,0.474,0.456553,FALSE,TRUE,TRUE,"dRyJbF",63999464,0.669834,0.0211472,"outcome",TRUE,"reported","textfile",8,"64912021",0.00255159394161599,6.43e-14,"SmoInit",TRUE,"reported","G8JOQX",2,FALSE,NA
"163","rs3909281","G","T","G","T",0.0210671931230717,0.0124324,0.536,0.463286,FALSE,FALSE,FALSE,"dRyJbF",165669430,0.555906,0.02111,"outcome",TRUE,"reported","textfile",5,"165096435",0.00255477242593266,1.62e-16,"SmoInit",TRUE,"reported","G8JOQX",2,TRUE,NA
"164","rs3934797","A","G","A","G",-0.0212974655643372,-0.0445117,0.182,0.156435,FALSE,FALSE,FALSE,"dRyJbF",111546456,0.127078,0.0291741,"outcome",TRUE,"reported","textfile",4,"112467612",0.00330203186086922,1.12e-10,"SmoInit",TRUE,"reported","G8JOQX",2,TRUE,NA
"165","rs4044321","G","A","G","A",-0.0226409661630272,0.00843689,0.644,0.661817,FALSE,FALSE,FALSE,"dRyJbF",167562508,0.704299,0.0222301,"outcome",TRUE,"reported","textfile",5,"166989513",0.00266088234855731,1.75e-17,"SmoInit",TRUE,"reported","G8JOQX",2,TRUE,NA
"166","rs4140932","A","T","A","T",-0.0140445222019547,0.00886652,0.431,0.495773,FALSE,TRUE,TRUE,"dRyJbF",15456974,0.673831,0.0210658,"outcome",TRUE,"reported","textfile",4,"15458598",0.00257275740542211,4.89e-08,"SmoInit",TRUE,"reported","G8JOQX",2,FALSE,NA
"167","rs42417","T","C","T","C",0.0169295734879061,-0.0211413,0.691,0.526798,FALSE,FALSE,FALSE,"dRyJbF",94862585,0.317214,0.0211371,"outcome",TRUE,"reported","textfile",5,"94198290",0.00275724489830731,8.27e-10,"SmoInit",TRUE,"reported","G8JOQX",2,TRUE,NA
"168","rs4264267","T","C","T","C",0.0147920832786023,-0.0168899,0.527042,0.566376,FALSE,FALSE,FALSE,"dRyJbF",37785539,0.428625,0.0213378,"outcome",TRUE,"reported","textfile",13,"38359676",0.00255187680537184,6.82e-09,"SmoInit",TRUE,"reported","G8JOQX",2,TRUE,NA
"169","rs4310804","G","C","G","C",-0.0181872587471534,-0.0215606,0.247,0.3026,FALSE,TRUE,FALSE,"dRyJbF",96315180,0.348552,0.0230004,"outcome",TRUE,"reported","textfile",15,"96858409",0.002954252695758,7.55e-10,"SmoInit",TRUE,"reported","G8JOQX",2,TRUE,NA
"170","rs4326350","G","C","G","C",-0.0176136629922878,0.0466061,0.493,0.386626,FALSE,TRUE,TRUE,"dRyJbF",10906145,0.0319242,0.0217242,"outcome",TRUE,"reported","textfile",8,"10763655",0.00255297290866797,5.16e-12,"SmoInit",TRUE,"reported","G8JOQX",2,FALSE,NA
"171","rs4476253","A","G","A","G",-0.0184861639511242,0.0379649,0.24,0.220694,FALSE,FALSE,FALSE,"dRyJbF",27673333,0.13535,0.025423,"outcome",TRUE,"reported","textfile",18,"25253297",0.00298319187991516,5.78e-10,"SmoInit",TRUE,"reported","G8JOQX",2,TRUE,NA
"172","rs4543050","T","A","T","A",0.0222035305102178,-0.0262278,0.816,0.860779,FALSE,TRUE,FALSE,"dRyJbF",74905409,0.389903,0.0305047,"outcome",TRUE,"reported","textfile",3,"74954560",0.00328805909500432,1.45e-11,"SmoInit",TRUE,"reported","G8JOQX",2,TRUE,NA
"173","rs45444697","G","C","G","C",0.0196901495123313,0.00478813,0.212,0.177569,FALSE,TRUE,FALSE,"dRyJbF",155062156,0.862748,0.0276967,"outcome",TRUE,"reported","textfile",1,"155034632",0.00311718491590551,2.72e-10,"SmoInit",TRUE,"reported","G8JOQX",2,TRUE,NA
"174","rs4674916","A","C","A","C",-0.0180261497464384,0.0122702,0.327671,0.304171,FALSE,FALSE,FALSE,"dRyJbF",224500918,0.591281,0.0228504,"outcome",TRUE,"reported","textfile",2,"225365635",0.00271446145914343,3.06e-11,"SmoInit",TRUE,"reported","G8JOQX",2,TRUE,NA
"175","rs4674993","G","A","G","A",-0.0240053355928417,-0.05473,0.2,0.17359,FALSE,FALSE,FALSE,"dRyJbF",225467317,0.0491338,0.0278181,"outcome",TRUE,"reported","textfile",2,"226332033",0.00318517731426786,4.85e-14,"SmoInit",TRUE,"reported","G8JOQX",2,TRUE,NA
"176","rs4727189","C","T","C","T",0.0148604394330488,0.0315362,0.344,0.324506,FALSE,FALSE,FALSE,"dRyJbF",88813254,0.161158,0.0225068,"outcome",TRUE,"reported","textfile",7,"88442568",0.00268202279236024,3e-08,"SmoInit",TRUE,"reported","G8JOQX",2,TRUE,NA
"177","rs4752018","A","C","A","C",0.0188538152048703,-0.0382893,0.231,0.191717,FALSE,FALSE,FALSE,"dRyJbF",116919201,0.152603,0.0267683,"outcome",TRUE,"reported","textfile",10,"118678712",0.00302290462718799,4.42e-10,"SmoInit",TRUE,"reported","G8JOQX",2,TRUE,NA
"178","rs4759229","G","A","G","A",0.0155695985471537,0.00519561,0.656,0.671284,FALSE,FALSE,FALSE,"dRyJbF",56080696,0.816289,0.022364,"outcome",TRUE,"reported","textfile",12,"56474480",0.00268202279236024,6.53e-09,"SmoInit",TRUE,"reported","G8JOQX",2,TRUE,NA
"179","rs4785187","A","G","A","G",0.0199772389299315,0.0537768,0.223,0.294033,FALSE,FALSE,FALSE,"dRyJbF",49732861,0.0199154,0.0231006,"outcome",TRUE,"reported","textfile",16,"49766772",0.00306076977669106,6.55e-11,"SmoInit",TRUE,"reported","G8JOQX",2,TRUE,NA
"180","rs4788676","C","T","C","T",-0.0177450351799136,-0.0506463,0.228528,0.152039,FALSE,FALSE,FALSE,"dRyJbF",72916569,0.083888,0.0292998,"outcome",TRUE,"reported","textfile",16,"72950468",0.00303433699193013,4.92e-09,"SmoInit",TRUE,"reported","G8JOQX",2,TRUE,NA
"181","rs4790874","T","C","T","C",0.0174491108982369,-0.0349539,0.532,0.503555,FALSE,FALSE,FALSE,"dRyJbF",2091883,0.0980618,0.0211288,"outcome",TRUE,"reported","textfile",17,"1995177",0.0025533765323661,8.43e-12,"SmoInit",TRUE,"reported","G8JOQX",2,TRUE,NA
"182","rs4818005","A","G","A","G",-0.0204309829445482,-0.0322551,0.581,0.688534,FALSE,FALSE,FALSE,"dRyJbF",39216893,0.156707,0.0227752,"outcome",TRUE,"reported","textfile",21,"40588819",0.00264424745900656,1.09e-14,"SmoInit",TRUE,"reported","G8JOQX",2,TRUE,NA
"183","rs4822102","T","C","T","C",-0.0165428077340757,0.0314589,0.618,0.496973,FALSE,FALSE,FALSE,"dRyJbF",42302424,0.134861,0.0210398,"outcome",TRUE,"reported","textfile",22,"42698430",0.00262221130993186,2.78e-10,"SmoInit",TRUE,"reported","G8JOQX",2,TRUE,NA
"184","rs4837631","T","C","T","C",-0.0153574290571087,-0.00493665,0.446,0.453613,FALSE,FALSE,FALSE,"dRyJbF",119299670,0.815076,0.0211073,"outcome",TRUE,"reported","textfile",9,"122061948",0.00256313389330125,2.03e-09,"SmoInit",TRUE,"reported","G8JOQX",2,TRUE,NA
"185","rs4877285","A","G","A","G",-0.0181318240751014,-0.0277631,0.668249,0.670327,FALSE,FALSE,FALSE,"dRyJbF",78739213,0.216,0.0224396,"outcome",TRUE,"reported","textfile",9,"81354129",0.00270594101919117,2.1e-11,"SmoInit",TRUE,"reported","G8JOQX",2,TRUE,NA
"186","rs4886207","C","T","C","T",-0.0162466752287049,-0.00283338,0.637,0.567793,FALSE,FALSE,FALSE,"dRyJbF",60131658,0.893709,0.0212059,"outcome",TRUE,"reported","textfile",13,"60705792",0.00264954058636653,8.78e-10,"SmoInit",TRUE,"reported","G8JOQX",2,TRUE,NA
"187","rs4912332","T","C","T","C",0.0141209253041899,0.00385949,0.491,0.54397,FALSE,FALSE,FALSE,"dRyJbF",58349571,0.854584,0.0210588,"outcome",TRUE,"reported","textfile",1,"58815243",0.00254855475073146,2.94e-08,"SmoInit",TRUE,"reported","G8JOQX",2,TRUE,NA
"188","rs540860","G","A","G","A",0.0176085972904721,0.00593917,0.543,0.548102,FALSE,FALSE,FALSE,"dRyJbF",121660179,0.78013,0.0212759,"outcome",TRUE,"reported","textfile",11,"121530888",0.00255761747377367,5.75e-12,"SmoInit",TRUE,"reported","G8JOQX",2,TRUE,NA
"189","rs55786907","G","A","G","A",0.019445215573239,-0.0216486,0.162492,0.185828,FALSE,FALSE,FALSE,"dRyJbF",59297450,0.423464,0.0270463,"outcome",TRUE,"reported","textfile",13,"59871584",0.00345368823422651,1.84e-08,"SmoInit",TRUE,"reported","G8JOQX",2,TRUE,NA
"190","rs55913542","T","G","T","G",0.0185622623947187,0.00199212,0.175,0.190508,FALSE,FALSE,FALSE,"dRyJbF",99227506,0.940827,0.0268371,"outcome",TRUE,"reported","textfile",14,"99693843",0.00335560006619697,3.25e-08,"SmoInit",TRUE,"reported","G8JOQX",2,TRUE,NA
"191","rs56208390","G","A","G","A",0.0215635615380883,0.0484408,0.123,0.138905,FALSE,FALSE,FALSE,"dRyJbF",83020873,0.113033,0.0305677,"outcome",TRUE,"reported","textfile",2,"83247997",0.00387919179771511,2.68e-08,"SmoInit",TRUE,"reported","G8JOQX",2,TRUE,NA
"192","rs56902655","G","T","G","T",-0.0218627772110258,0.0578054,0.136,0.165737,FALSE,FALSE,FALSE,"dRyJbF",63606510,0.040332,0.0281932,"outcome",TRUE,"reported","textfile",15,"63898709",0.00371678363105592,4.09e-09,"SmoInit",TRUE,"reported","G8JOQX",2,TRUE,NA
"193","rs58400863","A","G","A","G",-0.0201718832102996,-0.00836783,0.347,0.354055,FALSE,FALSE,FALSE,"dRyJbF",31182862,0.70629,0.0222051,"outcome",TRUE,"reported","textfile",4,"31184484",0.00267653099616181,4.89e-14,"SmoInit",TRUE,"reported","G8JOQX",2,TRUE,NA
"194","rs586699","A","G","A","G",-0.0148032813680652,0.0071422,0.543,0.568248,FALSE,FALSE,FALSE,"dRyJbF",92556568,0.73588,0.0211737,"outcome",TRUE,"reported","textfile",11,"92289734",0.00255761747377367,7.29e-09,"SmoInit",TRUE,"reported","G8JOQX",2,TRUE,NA
"195","rs59537158","T","C","T","C",0.0224874954780672,0.00237034,0.214,0.177043,FALSE,FALSE,FALSE,"dRyJbF",28244427,0.932044,0.0277968,"outcome",TRUE,"reported","textfile",4,"28246049",0.00310652923853118,4.62e-13,"SmoInit",TRUE,"reported","G8JOQX",2,TRUE,NA
"196","rs6011779","T","C","T","C",-0.019176551179367,0.00320514,0.806,0.75634,FALSE,FALSE,FALSE,"dRyJbF",63352965,0.895834,0.0244807,"outcome",TRUE,"reported","textfile",20,"61984317",0.0032276255980191,2.83e-09,"SmoInit",TRUE,"reported","G8JOQX",2,TRUE,NA
"197","rs6050446","G","A","G","A",0.0544097950038368,0.146204,0.971,0.977006,FALSE,FALSE,FALSE,"dRyJbF",25214873,0.0369114,0.0700632,"outcome",TRUE,"reported","textfile",20,"25195509",0.00761143669351101,8.8e-13,"SmoInit",TRUE,"reported","G8JOQX",2,TRUE,NA
"198","rs6073075","A","T","A","T",-0.0187040436887538,-0.0065287,0.824,0.852211,FALSE,TRUE,FALSE,"dRyJbF",43387161,0.826921,0.0298588,"outcome",TRUE,"reported","textfile",20,"42015801",0.00335394019043135,2.44e-08,"SmoInit",TRUE,"reported","G8JOQX",2,TRUE,NA
"199","rs60833441","G","A","G","A",-0.0142766415932626,0.010423,0.461,0.464426,FALSE,FALSE,FALSE,"dRyJbF",73756427,0.620972,0.021079,"outcome",TRUE,"reported","textfile",15,"74048768",0.00255592884906635,2.28e-08,"SmoInit",TRUE,"reported","G8JOQX",2,TRUE,NA
"200","rs61533748","C","T","C","T",0.0174357045031205,0.00338266,0.384,0.439804,FALSE,FALSE,FALSE,"dRyJbF",22360096,0.873537,0.0212522,"outcome",TRUE,"reported","textfile",2,"22582968",0.00261961601583743,2.82e-11,"SmoInit",TRUE,"reported","G8JOQX",2,TRUE,NA
"201","rs61884449","T","C","T","C",0.0199752928300066,0.0150738,0.149183,0.21694,FALSE,FALSE,FALSE,"dRyJbF",64717721,0.556592,0.0256396,"outcome",TRUE,"reported","textfile",11,"64485193",0.00357615107721525,2.32e-08,"SmoInit",TRUE,"reported","G8JOQX",2,TRUE,NA
"202","rs61886926","T","C","T","C",-0.0179400669035335,-0.039772,0.384,0.420596,FALSE,FALSE,FALSE,"dRyJbF",64366080,0.0622186,0.0213285,"outcome",TRUE,"reported","textfile",11,"64133552",0.00261961601583743,7.3e-12,"SmoInit",TRUE,"reported","G8JOQX",2,TRUE,NA
"203","rs619087","G","A","G","A",0.0142703351761035,-0.00399934,0.422,0.523827,FALSE,FALSE,FALSE,"dRyJbF",93465561,0.849474,0.0210726,"outcome",TRUE,"reported","textfile",6,"94175279",0.00257972528581484,3.1e-08,"SmoInit",TRUE,"reported","G8JOQX",2,TRUE,NA
"204","rs61959481","A","G","A","G",-0.0203441990277331,0.0291943,0.21,0.178429,FALSE,FALSE,FALSE,"dRyJbF",55260794,0.287782,0.0274641,"outcome",TRUE,"reported","textfile",13,"55834929",0.00312802641757244,7.95e-11,"SmoInit",TRUE,"reported","G8JOQX",2,TRUE,NA
"205","rs62007780","T","G","T","G",-0.0159132952767858,0.015109,0.416,0.395193,FALSE,FALSE,FALSE,"dRyJbF",77733122,0.484756,0.0216253,"outcome",TRUE,"reported","textfile",15,"78025464",0.00258488077414061,7.48e-10,"SmoInit",TRUE,"reported","G8JOQX",2,TRUE,NA
"206","rs62052916","T","A","T","A",-0.0319137711463547,0.0155328,0.0701,0.0914677,FALSE,TRUE,FALSE,"dRyJbF",72540651,0.66935,0.0363732,"outcome",TRUE,"reported","textfile",16,"72574550",0.00499018300026018,1.62e-10,"SmoInit",TRUE,"reported","G8JOQX",2,TRUE,NA
"207","rs62098013","A","G","A","G",0.0177099761642005,-0.0224404,0.365322,0.351503,FALSE,FALSE,FALSE,"dRyJbF",53337491,0.310844,0.0221425,"outcome",TRUE,"reported","textfile",18,"50863861",0.00264593377276032,2.24e-11,"SmoInit",TRUE,"reported","G8JOQX",2,TRUE,NA
"208","rs62106258","C","T","C","T",-0.0454980088384573,-0.11382,0.047329,0.0202964,FALSE,FALSE,FALSE,"dRyJbF",417167,0.132463,0.0756546,"outcome",TRUE,"reported","textfile",2,"417167",0.00600009972129354,3.33e-14,"SmoInit",TRUE,"reported","G8JOQX",2,TRUE,NA
"209","rs62137126","G","A","G","A",-0.0236910869881559,-0.104345,0.121094,0.104871,FALSE,FALSE,FALSE,"dRyJbF",44023010,0.00300282,0.0351634,"outcome",TRUE,"reported","textfile",2,"44250149",0.00390536003837775,1.31e-09,"SmoInit",TRUE,"reported","G8JOQX",2,TRUE,NA
"210","rs62180324","A","G","A","G",-0.0195166646371247,-0.0181607,0.212,0.154113,FALSE,FALSE,FALSE,"dRyJbF",63189471,0.532551,0.0290982,"outcome",TRUE,"reported","textfile",2,"63416606",0.00311718491590551,3.91e-10,"SmoInit",TRUE,"reported","G8JOQX",2,TRUE,NA
"211","rs62193862","A","G","A","G",0.0238462864833974,0.00842306,0.0999,0.123764,FALSE,FALSE,FALSE,"dRyJbF",201979152,0.793137,0.0321198,"outcome",TRUE,"reported","textfile",2,"202843875",0.00424879209370151,1.99e-08,"SmoInit",TRUE,"reported","G8JOQX",2,TRUE,NA
"212","rs62246017","A","G","A","G",-0.0161694933302614,-0.0345192,0.322639,0.279019,FALSE,FALSE,FALSE,"dRyJbF",71433933,0.14252,0.023539,"outcome",TRUE,"reported","textfile",3,"71483084",0.00272536754484063,3.03e-09,"SmoInit",TRUE,"reported","G8JOQX",2,TRUE,NA
"213","rs62340589","C","G","C","G",0.017413369446369,0.0105747,0.201,0.195335,FALSE,TRUE,FALSE,"dRyJbF",175954644,0.690706,0.0265765,"outcome",TRUE,"reported","textfile",4,"176875795",0.00317923174931584,4.31e-08,"SmoInit",TRUE,"reported","G8JOQX",2,TRUE,NA
"214","rs62618693","T","C","T","C",-0.0352724153423309,-0.0559909,0.0428,0.0258989,FALSE,FALSE,FALSE,"dRyJbF",32934946,0.398379,0.0662991,"outcome",TRUE,"reported","textfile",11,"32956492",0.00629463244218645,2.09e-08,"SmoInit",TRUE,"reported","G8JOQX",2,TRUE,NA
"215","rs6265","T","C","T","C",-0.0292754909467112,-0.0228325,0.188,0.154366,FALSE,FALSE,FALSE,"dRyJbF",27658369,0.432909,0.0291149,"outcome",TRUE,"reported","textfile",11,"27679916",0.00326089388209887,2.81e-19,"SmoInit",TRUE,"reported","G8JOQX",2,TRUE,NA
"216","rs6437769","T","C","T","C",0.0142141155562826,0.0129184,0.581,0.509026,FALSE,FALSE,FALSE,"dRyJbF",108278667,0.539344,0.0210464,"outcome",TRUE,"reported","textfile",3,"107997514",0.00258225143562947,3.74e-08,"SmoInit",TRUE,"reported","G8JOQX",2,TRUE,NA
"217","rs6438436","T","C","T","C",0.0247370456169046,0.00011201,0.816,0.756627,FALSE,FALSE,FALSE,"dRyJbF",118103302,0.996367,0.0245971,"outcome",TRUE,"reported","textfile",3,"117822149",0.00328805909500432,5.33e-14,"SmoInit",TRUE,"reported","G8JOQX",2,TRUE,NA
"218","rs644740","T","C","T","C",-0.0140785168397533,-0.0145171,0.457,0.396419,FALSE,FALSE,FALSE,"dRyJbF",65793997,0.499987,0.0215224,"outcome",TRUE,"reported","textfile",11,"65561468",0.00255761747377367,3.67e-08,"SmoInit",TRUE,"reported","G8JOQX",2,TRUE,NA
"219","rs6497840","A","G","A","G",0.0227702781578142,0.0118724,0.707,0.743351,FALSE,FALSE,FALSE,"dRyJbF",25340312,0.621481,0.0240452,"outcome",TRUE,"reported","textfile",16,"25351633",0.00286651128783754,2.01e-15,"SmoInit",TRUE,"reported","G8JOQX",2,TRUE,NA
"220","rs6568832","A","G","A","G",0.0188690056414671,0.0328467,0.753851,0.728186,FALSE,FALSE,FALSE,"dRyJbF",97255000,0.164891,0.023651,"outcome",TRUE,"reported","textfile",6,"97702876",0.00295768425707732,1.74e-10,"SmoInit",TRUE,"reported","G8JOQX",2,TRUE,NA
"221","rs67050670","G","A","G","A",-0.0202722725573387,-0.0419473,0.229,0.203791,FALSE,FALSE,FALSE,"dRyJbF",41717290,0.108747,0.0261541,"outcome",TRUE,"reported","textfile",18,"39297254",0.00303213598798646,2.34e-11,"SmoInit",TRUE,"reported","G8JOQX",2,TRUE,NA
"222","rs6731872","G","T","G","T",0.0315976722437205,0.0393165,0.826,0.835251,FALSE,FALSE,FALSE,"dRyJbF",624205,0.164985,0.0283158,"outcome",TRUE,"reported","textfile",2,"624205",0.00336069389789628,5.35e-21,"SmoInit",TRUE,"reported","G8JOQX",2,TRUE,NA
"223","rs6750107","A","G","A","G",0.0145651380943922,0.015542,0.386875,0.450215,FALSE,FALSE,FALSE,"dRyJbF",80521682,0.461564,0.021109,"outcome",TRUE,"reported","textfile",2,"80748807",0.00261597602650499,2.6e-08,"SmoInit",TRUE,"reported","G8JOQX",2,TRUE,NA
"224","rs6750529","T","C","T","C",0.0199073582141741,0.024872,0.744,0.744975,FALSE,FALSE,FALSE,"dRyJbF",181162876,0.30262,0.0241281,"outcome",TRUE,"reported","textfile",2,"182027603",0.00291935664980527,9.26e-12,"SmoInit",TRUE,"reported","G8JOQX",2,TRUE,NA
"225","rs6756212","T","C","T","C",-0.0338880494124865,-0.036014,0.535,0.438093,FALSE,FALSE,FALSE,"dRyJbF",145382564,0.0896933,0.0212219,"outcome",TRUE,"reported","textfile",2,"146140132",0.00255440783586912,3.49e-40,"SmoInit",TRUE,"reported","G8JOQX",2,TRUE,NA
"226","rs67777803","T","G","T","G",-0.0246014935565632,-0.0412539,0.172,0.166887,FALSE,FALSE,FALSE,"dRyJbF",28996304,0.144954,0.0283029,"outcome",TRUE,"reported","textfile",17,"27323322",0.00337609153783181,3.18e-13,"SmoInit",TRUE,"reported","G8JOQX",2,TRUE,NA
"227","rs6782116","T","C","T","C",-0.0146502197827914,0.00731505,0.415,0.315953,FALSE,FALSE,FALSE,"dRyJbF",77126881,0.74704,0.0226792,"outcome",TRUE,"reported","textfile",3,"77176032",0.00258578030838715,1.46e-08,"SmoInit",TRUE,"reported","G8JOQX",2,TRUE,NA
"228","rs6874731","G","T","G","T",0.0153179156797748,0.0240275,0.484,0.464733,FALSE,FALSE,FALSE,"dRyJbF",80968046,0.259309,0.0213005,"outcome",TRUE,"reported","textfile",5,"80263865",0.00254944750286814,1.83e-09,"SmoInit",TRUE,"reported","G8JOQX",2,TRUE,NA
"229","rs6890961","T","C","T","C",-0.0193108669011559,0.00373837,0.624,0.638079,FALSE,FALSE,FALSE,"dRyJbF",167351498,0.865112,0.0220071,"outcome",TRUE,"reported","textfile",5,"166778503",0.0026303127365933,2.13e-13,"SmoInit",TRUE,"reported","G8JOQX",2,TRUE,NA
"230","rs6936160","T","C","T","C",0.0201067590761284,-0.0591649,0.698,0.690053,FALSE,FALSE,FALSE,"dRyJbF",99899869,0.00871305,0.0225552,"outcome",TRUE,"reported","textfile",6,"100347745",0.0027749963896861,4.2e-13,"SmoInit",TRUE,"reported","G8JOQX",2,TRUE,NA
"231","rs6968380","A","G","A","G",-0.0234192367880246,-0.00534055,0.681,0.630017,FALSE,FALSE,FALSE,"dRyJbF",115300105,0.806582,0.0218127,"outcome",TRUE,"reported","textfile",7,"114940159",0.00273353543303769,1.05e-17,"SmoInit",TRUE,"reported","G8JOQX",2,TRUE,NA
"232","rs6986430","C","T","C","T",-0.0243376590460144,-0.0402303,0.222377,0.193922,FALSE,FALSE,FALSE,"dRyJbF",92035876,0.129333,0.0265243,"outcome",TRUE,"reported","textfile",8,"93048104",0.00306382618128011,1.99e-15,"SmoInit",TRUE,"reported","G8JOQX",2,TRUE,NA
"233","rs7024924","C","T","C","T",0.0188917634386336,-0.00515898,0.174,0.172967,FALSE,FALSE,FALSE,"dRyJbF",8282399,0.852608,0.0277676,"outcome",TRUE,"reported","textfile",9,"8282399",0.00336069389789629,1.9e-08,"SmoInit",TRUE,"reported","G8JOQX",2,TRUE,NA
"234","rs7026534","G","T","G","T",-0.0166030163128688,-0.00300477,0.703821,0.73661,FALSE,FALSE,FALSE,"dRyJbF",132031876,0.900194,0.0239585,"outcome",TRUE,"reported","textfile",9,"134907263",0.0027905214398687,2.68e-09,"SmoInit",TRUE,"reported","G8JOQX",2,TRUE,NA
"235","rs7072776","G","A","G","A",-0.0219746659604234,-0.0100147,0.712,0.76238,FALSE,FALSE,FALSE,"dRyJbF",21744013,0.684614,0.0246562,"outcome",TRUE,"reported","textfile",10,"22032942",0.00281356766714023,5.66e-15,"SmoInit",TRUE,"reported","G8JOQX",2,TRUE,NA
"236","rs7134009","C","T","C","T",-0.0157969079482934,-0.00811947,0.287,0.357169,FALSE,FALSE,FALSE,"dRyJbF",74869413,0.711412,0.0219469,"outcome",TRUE,"reported","textfile",12,"75263193",0.00288410760737097,4.3e-08,"SmoInit",TRUE,"reported","G8JOQX",2,TRUE,NA
"237","rs71367544","T","C","T","C",0.0205521600569838,0.0376919,0.203,0.219189,FALSE,FALSE,FALSE,"dRyJbF",79814374,0.138527,0.0254452,"outcome",TRUE,"reported","textfile",18,"77574374",0.00316749855600992,8.54e-11,"SmoInit",TRUE,"reported","G8JOQX",2,TRUE,NA
"238","rs71592686","C","T","C","T",0.0207374485275736,-0.00549023,0.274,0.279984,FALSE,FALSE,FALSE,"dRyJbF",60825444,0.814346,0.0233803,"outcome",TRUE,"reported","textfile",5,"60121271",0.00285660382555937,3.85e-13,"SmoInit",TRUE,"reported","G8JOQX",2,TRUE,NA
"239","rs71602617","T","C","T","C",-0.0177654859083323,-0.0073278,0.216,0.296964,FALSE,FALSE,FALSE,"dRyJbF",135485000,0.749948,0.0229922,"outcome",TRUE,"reported","textfile",4,"136406155",0.00317038691182538,2.1e-08,"SmoInit",TRUE,"reported","G8JOQX",2,TRUE,NA
"240","rs7188873","G","A","G","A",0.0202957786323485,0.0319166,0.612998,0.631459,FALSE,FALSE,FALSE,"dRyJbF",24715743,0.143258,0.0218044,"outcome",TRUE,"reported","textfile",16,"24727064",0.00261581768560816,8.46e-15,"SmoInit",TRUE,"reported","G8JOQX",2,TRUE,NA
"241","rs7192140","C","T","C","T",-0.0168833776674707,-0.0122084,0.498,0.420691,FALSE,FALSE,FALSE,"dRyJbF",10079891,0.567857,0.021373,"outcome",TRUE,"reported","textfile",16,"10173748",0.00254816223679372,3.4e-11,"SmoInit",TRUE,"reported","G8JOQX",2,TRUE,NA
"242","rs72780746","C","T","C","T",-0.0257629583806218,0.0247046,0.173,0.153711,FALSE,FALSE,FALSE,"dRyJbF",104593887,0.395796,0.0290932,"outcome",TRUE,"reported","textfile",5,"103929588",0.00336835455155562,2.05e-14,"SmoInit",TRUE,"reported","G8JOQX",2,TRUE,NA
"243","rs72789626","A","T","A","T",-0.025643113591373,0.0457639,0.136,0.084258,FALSE,TRUE,FALSE,"dRyJbF",107489917,0.229902,0.0381171,"outcome",TRUE,"reported","textfile",5,"106825618",0.00371678363105592,5.13e-12,"SmoInit",TRUE,"reported","G8JOQX",2,TRUE,NA
"244","rs72790288","A","G","A","G",-0.0455317796974094,0.013272,0.0282,0.0181237,FALSE,FALSE,FALSE,"dRyJbF",29290538,0.867193,0.0793663,"outcome",TRUE,"reported","textfile",2,"29513404",0.00769627546732542,3.28e-09,"SmoInit",TRUE,"reported","G8JOQX",2,TRUE,NA
"245","rs72898831","G","A","G","A",-0.024415855154164,-0.0409178,0.155,0.134146,FALSE,FALSE,FALSE,"dRyJbF",45078678,0.188893,0.0311431,"outcome",TRUE,"reported","textfile",18,"42658643",0.00352045989869483,4.14e-12,"SmoInit",TRUE,"reported","G8JOQX",2,TRUE,NA
"246","rs73008357","C","A","C","A",-0.0223095209685988,-0.061317,0.121,0.111241,FALSE,FALSE,FALSE,"dRyJbF",156110722,0.0672698,0.0335089,"outcome",TRUE,"reported","textfile",6,"156431856",0.00400046109017831,2.44e-08,"SmoInit",TRUE,"reported","G8JOQX",2,TRUE,NA
"247","rs7333559","A","G","A","G",-0.0232125263243759,-0.00702036,0.783,0.836742,FALSE,FALSE,FALSE,"dRyJbF",99894196,0.805949,0.0285781,"outcome",TRUE,"reported","textfile",13,"100546450",0.00309088507361485,5.94e-14,"SmoInit",TRUE,"reported","G8JOQX",2,TRUE,NA
"248","rs73831818","G","A","G","A",0.0320434884207701,0.0331204,0.057,0.0371538,FALSE,FALSE,FALSE,"dRyJbF",55954366,0.552046,0.055693,"outcome",TRUE,"reported","textfile",3,"55988394",0.00549541292719244,5.46e-09,"SmoInit",TRUE,"reported","G8JOQX",2,TRUE,NA
"249","rs748832","G","A","G","A",0.017214171572941,0.0159257,0.371,0.36495,FALSE,FALSE,FALSE,"dRyJbF",16809700,0.466587,0.0218747,"outcome",TRUE,"reported","textfile",3,"16851202",0.00263743234317981,6.6e-11,"SmoInit",TRUE,"reported","G8JOQX",2,TRUE,NA
"250","rs7505855","T","C","T","C",-0.016981782012443,-0.0183104,0.586,0.576754,FALSE,FALSE,FALSE,"dRyJbF",34116111,0.390049,0.0213028,"outcome",TRUE,"reported","textfile",18,"31696075",0.00258669144452735,5.31e-11,"SmoInit",TRUE,"reported","G8JOQX",2,TRUE,NA
"251","rs75674569","A","G","A","G",-0.0253376642806127,0.0608778,0.0997,0.0589761,FALSE,FALSE,FALSE,"dRyJbF",96171470,0.172435,0.044618,"outcome",TRUE,"reported","textfile",13,"96823724",0.00425257910541401,2.58e-09,"SmoInit",TRUE,"reported","G8JOQX",2,TRUE,NA
"252","rs75919030","C","T","C","T",-0.0209664026528435,-0.0090648,0.267,0.259092,FALSE,FALSE,FALSE,"dRyJbF",52115837,0.70669,0.0240889,"outcome",TRUE,"reported","textfile",17,"50193197",0.00287995689236987,3.35e-13,"SmoInit",TRUE,"reported","G8JOQX",2,TRUE,NA
"253","rs7598402","G","C","G","C",-0.0147282541443157,0.0403275,0.492084,0.478582,FALSE,TRUE,TRUE,"dRyJbF",50508805,0.055634,0.0210709,"outcome",TRUE,"reported","textfile",2,"50735943",0.00254846126017199,7.38e-09,"SmoInit",TRUE,"reported","G8JOQX",2,FALSE,NA
"254","rs7600835","A","G","A","G",-0.0151215822660203,-0.000173646,0.342,0.280312,FALSE,FALSE,FALSE,"dRyJbF",171665317,0.994125,0.0235821,"outcome",TRUE,"reported","textfile",2,"172521827",0.00268576249814973,1.8e-08,"SmoInit",TRUE,"reported","G8JOQX",2,TRUE,NA
"255","rs7631379","C","T","C","T",0.0208014202663307,-0.0038851,0.206,0.15434,FALSE,FALSE,FALSE,"dRyJbF",181691269,0.894093,0.0291833,"outcome",TRUE,"reported","textfile",3,"181409057",0.00315028426377377,3.94e-11,"SmoInit",TRUE,"reported","G8JOQX",2,TRUE,NA
"256","rs7640107","T","C","T","C",-0.0141860488913742,0.000890649,0.430789,0.480527,FALSE,FALSE,FALSE,"dRyJbF",59980430,0.966213,0.0210266,"outcome",TRUE,"reported","textfile",3,"59966156",0.00257291038839787,3.46e-08,"SmoInit",TRUE,"reported","G8JOQX",2,TRUE,NA
"257","rs76460663","G","C","G","C",-0.0423499881621549,-0.0178574,0.041056,0.0776696,FALSE,TRUE,FALSE,"dRyJbF",112109017,0.652589,0.0396684,"outcome",TRUE,"reported","textfile",11,"111979741",0.00642108863426387,4.15e-11,"SmoInit",TRUE,"reported","G8JOQX",2,TRUE,NA
"258","rs7657022","G","A","G","A",0.0182907848013209,0.00108621,0.489,0.508152,FALSE,FALSE,FALSE,"dRyJbF",35499410,0.958825,0.021039,"outcome",TRUE,"reported","textfile",4,"35501032",0.00254875872567672,7.34e-13,"SmoInit",TRUE,"reported","G8JOQX",2,TRUE,NA
"259","rs76608582","A","C","A","C",-0.0345492908715738,-0.0243407,0.0489,0.0576856,FALSE,FALSE,FALSE,"dRyJbF",4474728,0.592044,0.0454224,"outcome",TRUE,"reported","textfile",19,"4474725",0.00590780408568799,4.88e-09,"SmoInit",TRUE,"reported","G8JOQX",2,TRUE,NA
"260","rs76841737","G","C","G","C",-0.0231488111016818,0.0420673,0.103,0.111741,FALSE,TRUE,FALSE,"dRyJbF",91652094,0.208056,0.0334151,"outcome",TRUE,"reported","textfile",7,"91281409",0.0041915897661762,3.26e-08,"SmoInit",TRUE,"reported","G8JOQX",2,TRUE,NA
"261","rs7696257","A","G","A","G",0.0153312678884022,-0.0336433,0.366,0.419528,FALSE,FALSE,FALSE,"dRyJbF",136553628,0.113778,0.0212739,"outcome",TRUE,"reported","textfile",4,"137474783",0.00264489498770943,6.78e-09,"SmoInit",TRUE,"reported","G8JOQX",2,TRUE,NA
"262","rs77283305","A","G","A","G",-0.0151959719568566,-0.0332142,0.305819,0.277343,FALSE,FALSE,FALSE,"dRyJbF",132909071,0.157852,0.0235173,"outcome",TRUE,"reported","textfile",7,"132593831",0.00276519021844032,3.91e-08,"SmoInit",TRUE,"reported","G8JOQX",2,TRUE,NA
"263","rs7743165","G","T","G","T",0.0192558800004546,0.0103898,0.495,0.465904,FALSE,FALSE,FALSE,"dRyJbF",66811329,0.622381,0.0210969,"outcome",TRUE,"reported","textfile",6,"67521222",0.00254826926806319,4.15e-14,"SmoInit",TRUE,"reported","G8JOQX",2,TRUE,NA
"264","rs7802996","T","C","T","C",-0.0208846886818414,0.0295641,0.166,0.0982339,FALSE,FALSE,FALSE,"dRyJbF",78142666,0.40663,0.0356263,"outcome",TRUE,"reported","textfile",7,"77771983",0.00342417960246408,1.06e-09,"SmoInit",TRUE,"reported","G8JOQX",2,TRUE,NA
"265","rs7809303","A","G","A","G",-0.021418836864619,-0.0385151,0.325,0.337477,FALSE,FALSE,FALSE,"dRyJbF",70019380,0.0828934,0.0222099,"outcome",TRUE,"reported","textfile",7,"69484366",0.00272019500200298,3.48e-15,"SmoInit",TRUE,"reported","G8JOQX",2,TRUE,NA
"266","rs7836565","T","C","T","C",-0.0155084165083128,0.00173442,0.718,0.699962,FALSE,FALSE,FALSE,"dRyJbF",51656889,0.93968,0.0229204,"outcome",TRUE,"reported","textfile",8,"52569449",0.00283143651759614,4.36e-08,"SmoInit",TRUE,"reported","G8JOQX",2,TRUE,NA
"267","rs7867822","G","A","G","A",-0.0150970271647724,0.00422762,0.673,0.701866,FALSE,FALSE,FALSE,"dRyJbF",20676455,0.854203,0.0230063,"outcome",TRUE,"reported","textfile",9,"20676454",0.00271589012993163,2.76e-08,"SmoInit",TRUE,"reported","G8JOQX",2,TRUE,NA
"268","rs7920501","A","T","A","T",-0.0155168449616196,0.0124769,0.465,0.392441,FALSE,TRUE,TRUE,"dRyJbF",10001196,0.561904,0.0215114,"outcome",TRUE,"reported","textfile",10,"10043159",0.00255440783586912,1.25e-09,"SmoInit",TRUE,"reported","G8JOQX",2,FALSE,NA
"269","rs7921378","C","G","C","G",-0.0233135465388289,-0.030526,0.482,0.493915,FALSE,TRUE,TRUE,"dRyJbF",61915126,0.146314,0.0210137,"outcome",TRUE,"reported","textfile",10,"63674885",0.00254979465403176,6.1e-20,"SmoInit",TRUE,"reported","G8JOQX",2,FALSE,NA
"270","rs7929518","G","A","G","A",0.0192362727079985,-0.0142584,0.773,0.742351,FALSE,FALSE,FALSE,"dRyJbF",86269916,0.55236,0.0239949,"outcome",TRUE,"reported","textfile",11,"85980958",0.00304152177247051,2.55e-10,"SmoInit",TRUE,"reported","G8JOQX",2,TRUE,NA
"271","rs7943721","A","G","A","G",-0.0212136090038615,-0.0294595,0.829,0.844144,FALSE,FALSE,FALSE,"dRyJbF",73598348,0.312243,0.0291527,"outcome",TRUE,"reported","textfile",11,"73309393",0.00338390595551107,3.58e-10,"SmoInit",TRUE,"reported","G8JOQX",2,TRUE,NA
"272","rs7969559","G","A","G","A",-0.0170158764738426,-0.0206305,0.713,0.644367,FALSE,FALSE,FALSE,"dRyJbF",69261387,0.346518,0.0219155,"outcome",TRUE,"reported","textfile",12,"69655167",0.00281648791389652,1.53e-09,"SmoInit",TRUE,"reported","G8JOQX",2,TRUE,NA
"273","rs8005334","G","T","G","T",0.0166733576649974,-0.0120896,0.36,0.234985,FALSE,FALSE,FALSE,"dRyJbF",79097311,0.627009,0.0248788,"outcome",TRUE,"reported","textfile",14,"79563654",0.00265628674749107,3.44e-10,"SmoInit",TRUE,"reported","G8JOQX",2,TRUE,NA
"274","rs8027457","C","T","C","T",0.0153137772807968,0.0200886,0.511,0.521149,FALSE,FALSE,FALSE,"dRyJbF",98660872,0.340645,0.0210817,"outcome",TRUE,"reported","textfile",15,"99204101",0.00254875872567672,1.88e-09,"SmoInit",TRUE,"reported","G8JOQX",2,TRUE,NA
"275","rs8050598","T","C","T","C",0.0186697540012263,0.0375648,0.254117,0.226377,FALSE,FALSE,FALSE,"dRyJbF",49858053,0.140642,0.0254953,"outcome",TRUE,"reported","textfile",16,"49891964",0.00292645190436437,1.76e-10,"SmoInit",TRUE,"reported","G8JOQX",2,TRUE,NA
"276","rs8096225","C","A","C","A",0.0155245337193483,-0.0126764,0.703,0.756065,FALSE,FALSE,FALSE,"dRyJbF",39341887,0.604423,0.0244695,"outcome",TRUE,"reported","textfile",18,"36921851",0.00278828856748841,2.63e-08,"SmoInit",TRUE,"reported","G8JOQX",2,TRUE,NA
"277","rs8103660","C","T","C","T",0.0158025711053756,0.0215214,0.354431,0.392883,FALSE,FALSE,FALSE,"dRyJbF",18455585,0.316634,0.0214913,"outcome",TRUE,"reported","textfile",19,"18566395",0.00266352281645246,3.03e-09,"SmoInit",TRUE,"reported","G8JOQX",2,TRUE,NA
"278","rs876793","C","T","C","T",-0.0179245007056761,0.0177964,0.349262,0.271832,FALSE,FALSE,FALSE,"dRyJbF",237688783,0.453882,0.0237615,"outcome",TRUE,"reported","textfile",1,"237852083",0.00273664472881359,5.69e-11,"SmoInit",TRUE,"reported","G8JOQX",2,TRUE,NA
"279","rs910912","C","T","C","T",-0.0167699273398506,0.0116794,0.739,0.756132,FALSE,FALSE,FALSE,"dRyJbF",55887337,0.633317,0.0244819,"outcome",TRUE,"reported","textfile",20,"54462393",0.00290609002764278,7.82e-09,"SmoInit",TRUE,"reported","G8JOQX",2,TRUE,NA
"280","rs925524","G","A","G","A",0.0155573140824448,0.0171401,0.71,0.739622,FALSE,FALSE,FALSE,"dRyJbF",46031037,0.47604,0.02405,"outcome",TRUE,"reported","textfile",1,"46496709",0.00280779523008113,2.94e-08,"SmoInit",TRUE,"reported","G8JOQX",2,TRUE,NA
"281","rs9288999","A","G","A","G",0.0174410822809077,0.0442241,0.735,0.706681,FALSE,FALSE,FALSE,"dRyJbF",114429080,0.0553745,0.0230823,"outcome",TRUE,"reported","textfile",3,"114147927",0.00288686847985553,1.5e-09,"SmoInit",TRUE,"reported","G8JOQX",2,TRUE,NA
"282","rs9302604","G","A","G","A",0.0187095218089082,0.0193297,0.435,0.425128,FALSE,FALSE,FALSE,"dRyJbF",69542991,0.365277,0.0213504,"outcome",TRUE,"reported","textfile",16,"69576894",0.00256995046688193,3.29e-13,"SmoInit",TRUE,"reported","G8JOQX",2,TRUE,NA
"283","rs9323328","G","A","G","A",-0.0142370300423771,-0.000224846,0.537,0.46537,FALSE,FALSE,FALSE,"dRyJbF",58186796,0.991488,0.0210757,"outcome",TRUE,"reported","textfile",14,"58653514",0.00255704608072541,2.55e-08,"SmoInit",TRUE,"reported","G8JOQX",2,TRUE,NA
"284","rs9331343","C","T","C","T",-0.0141345190480488,-0.000742445,0.568,0.565024,FALSE,FALSE,FALSE,"dRyJbF",157317226,0.972436,0.0214869,"outcome",TRUE,"reported","textfile",6,"157738258",0.00257203908542274,3.9e-08,"SmoInit",TRUE,"reported","G8JOQX",2,TRUE,NA
"285","rs9423279","G","C","G","C",-0.0185807847386936,-0.0210275,0.645,0.599575,FALSE,TRUE,FALSE,"dRyJbF",123920903,0.331174,0.0216387,"outcome",TRUE,"reported","textfile",10,"125680419",0.00266256103074018,3.06e-12,"SmoInit",TRUE,"reported","G8JOQX",2,TRUE,NA
"286","rs951740","A","G","A","G",0.0295408668572617,0.0159952,0.625,0.607888,FALSE,FALSE,FALSE,"dRyJbF",43546066,0.458808,0.0215914,"outcome",TRUE,"reported","textfile",1,"44011737",0.00263170958781378,3.82e-29,"SmoInit",TRUE,"reported","G8JOQX",2,TRUE,NA
"287","rs9538162","C","T","C","T",0.0173791554995482,-0.00847359,0.415874,0.400101,FALSE,FALSE,FALSE,"dRyJbF",58690909,0.692845,0.0214523,"outcome",TRUE,"reported","textfile",13,"59265043",0.00258499347783996,1.76e-11,"SmoInit",TRUE,"reported","G8JOQX",2,TRUE,NA
"288","rs9540731","T","C","T","C",-0.017730323058699,-0.049546,0.509,0.459856,FALSE,FALSE,FALSE,"dRyJbF",66375238,0.0190603,0.0211342,"outcome",TRUE,"reported","textfile",13,"66949370",0.00254855475073146,3.42e-12,"SmoInit",TRUE,"reported","G8JOQX",2,TRUE,NA
"289","rs9545155","C","T","C","T",-0.0160708800199023,-0.00753936,0.478,0.475874,FALSE,FALSE,FALSE,"dRyJbF",79617738,0.72101,0.0211121,"outcome",TRUE,"reported","textfile",13,"80191873",0.00255061204001953,3.04e-10,"SmoInit",TRUE,"reported","G8JOQX",2,TRUE,NA
"290","rs9627272","C","G","C","G",-0.0154736957351565,-0.00284926,0.407,0.333792,FALSE,TRUE,FALSE,"dRyJbF",46046408,0.899748,0.0226169,"outcome",TRUE,"reported","textfile",22,"46442288",0.00259339729741758,2.42e-09,"SmoInit",TRUE,"reported","G8JOQX",2,TRUE,NA
"291","rs9826984","A","G","A","G",-0.0140528591832801,-0.00683624,0.542,0.502033,FALSE,FALSE,FALSE,"dRyJbF",132226878,0.744477,0.0209745,"outcome",TRUE,"reported","textfile",3,"131945722",0.00255717955159768,3.87e-08,"SmoInit",TRUE,"reported","G8JOQX",2,TRUE,NA
"292","rs9841807","T","C","T","C",0.0162534791111457,0.0149726,0.273,0.338176,FALSE,FALSE,FALSE,"dRyJbF",176001139,0.500759,0.0222378,"outcome",TRUE,"reported","textfile",3,"175718927",0.00285986199420466,1.35e-08,"SmoInit",TRUE,"reported","G8JOQX",2,TRUE,NA
"293","rs9850597","A","G","A","G",-0.0185709857124084,-0.0130657,0.816,0.769968,FALSE,FALSE,FALSE,"dRyJbF",162044078,0.60138,0.0250101,"outcome",TRUE,"reported","textfile",3,"161761866",0.00328805909500432,1.65e-08,"SmoInit",TRUE,"reported","G8JOQX",2,TRUE,NA
"294","rs986714","T","A","T","A",-0.0160308107404769,-0.00931908,0.445,0.425115,FALSE,TRUE,TRUE,"dRyJbF",51525504,0.661826,0.0213059,"outcome",TRUE,"reported","textfile",5,"50821338",0.00256369943794258,4.13e-10,"SmoInit",TRUE,"reported","G8JOQX",2,FALSE,NA
"295","rs9922607","T","C","T","C",-0.0221593131420856,-0.0606018,0.2,0.0797574,FALSE,FALSE,FALSE,"dRyJbF",17476363,0.121359,0.0391208,"outcome",TRUE,"reported","textfile",16,"17570220",0.00318517731426786,3.42e-12,"SmoInit",TRUE,"reported","G8JOQX",2,TRUE,NA
"296","rs9941217","G","C","G","C",-0.0185566686524006,0.0561259,0.352204,0.337915,FALSE,TRUE,FALSE,"dRyJbF",17957069,0.0118149,0.0222932,"outcome",TRUE,"reported","textfile",16,"18050926",0.00266733357848334,3.5e-12,"SmoInit",TRUE,"reported","G8JOQX",2,TRUE,NA
"297","rs9987376","G","T","G","T",-0.0204682440460495,-0.00889405,0.574251,0.641978,FALSE,FALSE,FALSE,"dRyJbF",92177786,0.684859,0.0219151,"outcome",TRUE,"reported","textfile",8,"93190014",0.00257671215931455,2.01e-15,"SmoInit",TRUE,"reported","G8JOQX",2,TRUE,NA
