"","SNP","effect_allele.exposure","other_allele.exposure","effect_allele.outcome","other_allele.outcome","beta.exposure","beta.outcome","eaf.exposure","eaf.outcome","remove","palindromic","ambiguous","id.outcome","pos.outcome","pval.outcome","se.outcome","outcome","mr_keep.outcome","pval_origin.outcome","data_source.outcome","chr.exposure","pos.exposure","se.exposure","pval.exposure","exposure","mr_keep.exposure","pval_origin.exposure","id.exposure","action","mr_keep","samplesize.outcome"
"1","rs1004787","A","G","A","G",0.0284143427641967,-0.0290656,0.552,0.624896,FALSE,FALSE,FALSE,"knQ4mL",44931952,0.168835,0.0211239,"outcome",TRUE,"reported","textfile",2,"45159091",0.00256203500595084,1.11e-28,"SmoInit",TRUE,"reported","G8JOQX",2,TRUE,NA
"2","rs10060196","A","C","A","C",0.0183115763240156,-0.0131308,0.580606,0.626369,FALSE,FALSE,FALSE,"knQ4mL",107120287,0.533772,0.0211019,"outcome",TRUE,"reported","textfile",5,"106455988",0.00258191380106852,1.29e-12,"SmoInit",TRUE,"reported","G8JOQX",2,TRUE,NA
"3","rs1008078","T","C","T","C",0.0228169281970342,-0.0200879,0.402,0.566127,FALSE,FALSE,FALSE,"knQ4mL",90724174,0.332258,0.0207182,"outcome",TRUE,"reported","textfile",1,"91189731",0.0025985434719719,1.63e-18,"SmoInit",TRUE,"reported","G8JOQX",2,TRUE,NA
"4","rs1022376","C","T","C","T",-0.0147448388634785,-0.0191499,0.515821,0.534044,FALSE,FALSE,FALSE,"knQ4mL",21844341,0.352049,0.0205775,"outcome",TRUE,"reported","textfile",2,"22067213",0.00261062618216545,1.66e-08,"SmoInit",TRUE,"reported","G8JOQX",2,TRUE,NA
"5","rs10233018","G","A","G","A",0.0246124036923026,0.0231042,0.516,0.597387,FALSE,FALSE,FALSE,"knQ4mL",117883655,0.268717,0.0208894,"outcome",TRUE,"reported","textfile",7,"117523709",0.00254944750286814,4.77e-22,"SmoInit",TRUE,"reported","G8JOQX",2,TRUE,NA
"6","rs10279261","A","G","A","G",-0.0188726361055845,-0.0203539,0.618,0.641126,FALSE,FALSE,FALSE,"knQ4mL",133905093,0.340835,0.0213686,"outcome",TRUE,"reported","textfile",7,"133589846",0.00262221130993186,6.05e-13,"SmoInit",TRUE,"reported","G8JOQX",2,TRUE,NA
"7","rs1030015","T","G","T","G",0.014289634882684,0.00995173,0.519564,0.49514,FALSE,FALSE,FALSE,"knQ4mL",78510264,0.627498,0.0205083,"outcome",TRUE,"reported","textfile",7,"78139581",0.00255009469713275,2.15e-08,"SmoInit",TRUE,"reported","G8JOQX",2,TRUE,NA
"8","rs10446419","G","A","G","A",-0.0195626336224949,0.0422513,0.207,0.217338,FALSE,FALSE,FALSE,"knQ4mL",25684010,0.0902797,0.0249429,"outcome",TRUE,"reported","textfile",3,"25725501",0.00314464654906591,5.05e-10,"SmoInit",TRUE,"reported","G8JOQX",2,TRUE,NA
"9","rs10490159","T","C","T","C",0.0172365324259487,-0.0358645,0.394,0.368367,FALSE,FALSE,FALSE,"knQ4mL",51114121,0.0914471,0.0212491,"outcome",TRUE,"reported","textfile",2,"51341259",0.00260740913197035,3.86e-11,"SmoInit",TRUE,"reported","G8JOQX",2,TRUE,NA
"10","rs1050847","T","C","T","C",-0.0148300166955147,-0.0169634,0.559,0.507807,FALSE,FALSE,FALSE,"knQ4mL",87410128,0.409391,0.0205625,"outcome",TRUE,"reported","textfile",16,"87443734",0.00256606945167423,7.37e-09,"SmoInit",TRUE,"reported","G8JOQX",2,TRUE,NA
"11","rs10698713","A","G","A","G",-0.0335170218571916,-0.122844,0.0544,0.0179291,FALSE,FALSE,FALSE,"knQ4mL",158461288,0.112557,0.0774161,"outcome",TRUE,"reported","textfile",6,"158882320",0.00561746562616172,2.38e-09,"SmoInit",TRUE,"reported","G8JOQX",2,TRUE,NA
"12","rs10789369","G","A","G","A",-0.0234483812495865,-0.0104577,0.615,0.63996,FALSE,FALSE,FALSE,"knQ4mL",73359226,0.623706,0.021316,"outcome",TRUE,"reported","textfile",1,"73824909",0.00261833784254063,3.39e-19,"SmoInit",TRUE,"reported","G8JOQX",2,TRUE,NA
"13","rs10805858","T","A","T","A",0.018124112672701,-0.0249588,0.335286,0.330088,FALSE,TRUE,FALSE,"knQ4mL",89578015,0.254148,0.0218874,"outcome",TRUE,"reported","textfile",5,"88873832",0.00269878621059218,1.88e-11,"SmoInit",TRUE,"reported","G8JOQX",2,TRUE,NA
"14","rs10853981","A","G","A","G",0.0147872465733797,-0.0206896,0.33036,0.26963,FALSE,FALSE,FALSE,"knQ4mL",4965053,0.369443,0.023052,"outcome",TRUE,"reported","textfile",19,"4965064",0.00270881398316067,4.88e-08,"SmoInit",TRUE,"reported","G8JOQX",2,TRUE,NA
"15","rs10858334","G","C","G","C",0.022870980938688,-0.0103366,0.14,0.0783,FALSE,TRUE,FALSE,"knQ4mL",135097939,0.785366,0.0379557,"outcome",TRUE,"reported","textfile",9,"137989785",0.00375996610500044,1.18e-09,"SmoInit",TRUE,"reported","G8JOQX",2,TRUE,NA
"16","rs10873871","G","A","G","A",0.0174520800792171,0.00954815,0.207,0.202858,FALSE,FALSE,FALSE,"knQ4mL",76223334,0.707885,0.0254823,"outcome",TRUE,"reported","textfile",1,"76689019",0.00314464654906591,2.82e-08,"SmoInit",TRUE,"reported","G8JOQX",2,TRUE,NA
"17","rs10885480","C","T","C","T",-0.0186774955897606,0.0436698,0.284,0.302337,FALSE,FALSE,FALSE,"knQ4mL",113618605,0.0507271,0.0223515,"outcome",TRUE,"reported","textfile",10,"115378364",0.00282538687942609,3.83e-11,"SmoInit",TRUE,"reported","G8JOQX",2,TRUE,NA
"18","rs10905461","C","T","C","T",-0.0163915428331727,0.0600192,0.748,0.839837,FALSE,FALSE,FALSE,"knQ4mL",8761588,0.0307858,0.0277889,"outcome",TRUE,"reported","textfile",10,"8803551",0.00293455690782236,2.36e-08,"SmoInit",TRUE,"reported","G8JOQX",2,TRUE,NA
"19","rs10914684","A","G","A","G",-0.0158038428531466,-0.0156042,0.324,0.336287,FALSE,FALSE,FALSE,"knQ4mL",33329971,0.47039,0.0216171,"outcome",TRUE,"reported","textfile",1,"33795572",0.00272237377287851,6.32e-09,"SmoInit",TRUE,"reported","G8JOQX",2,TRUE,NA
"20","rs10935779","T","C","T","C",-0.0143271831132136,0.00196623,0.415,0.450506,FALSE,FALSE,FALSE,"knQ4mL",149825315,0.924055,0.020626,"outcome",TRUE,"reported","textfile",3,"149543102",0.00258578030838715,2.95e-08,"SmoInit",TRUE,"reported","G8JOQX",2,TRUE,NA
"21","rs10945141","A","G","A","G",0.0181417117497388,-0.00634461,0.263,0.237186,FALSE,FALSE,FALSE,"knQ4mL",68760817,0.792184,0.0240804,"outcome",TRUE,"reported","textfile",6,"69470709",0.00289388978659556,3.59e-10,"SmoInit",TRUE,"reported","G8JOQX",2,TRUE,NA
"22","rs10953957","A","G","A","G",0.014405790066301,-0.00622682,0.386,0.399771,FALSE,FALSE,FALSE,"knQ4mL",122314655,0.766507,0.0209694,"outcome",TRUE,"reported","textfile",7,"121954709",0.00261707258061795,3.66e-08,"SmoInit",TRUE,"reported","G8JOQX",2,TRUE,NA
"23","rs10966092","C","T","C","T",-0.0204861923284094,-0.012711,0.267,0.332581,FALSE,FALSE,FALSE,"knQ4mL",23831660,0.559259,0.0217676,"outcome",TRUE,"reported","textfile",9,"23831658",0.00287995689236987,1.12e-12,"SmoInit",TRUE,"reported","G8JOQX",2,TRUE,NA
"24","rs10969352","A","T","A","T",0.0143467401373709,0.00395993,0.5,0.447137,FALSE,TRUE,TRUE,"knQ4mL",29747490,0.847083,0.0205346,"outcome",TRUE,"reported","textfile",9,"29747488",0.00254814185141429,1.82e-08,"SmoInit",TRUE,"reported","G8JOQX",2,FALSE,NA
"25","rs11057005","G","A","G","A",-0.0157139020028632,-0.01846,0.441,0.545239,FALSE,FALSE,FALSE,"knQ4mL",16595787,0.371135,0.0206407,"outcome",TRUE,"reported","textfile",12,"16748721",0.00256606945167423,9.12e-10,"SmoInit",TRUE,"reported","G8JOQX",2,TRUE,NA
"26","rs1106363","T","C","T","C",0.017374554238077,-0.0294659,0.344579,0.433531,FALSE,FALSE,FALSE,"knQ4mL",132096370,0.153698,0.0206548,"outcome",TRUE,"reported","textfile",11,"131966264",0.00268095192303335,9.2e-11,"SmoInit",TRUE,"reported","G8JOQX",2,TRUE,NA
"27","rs11076962","C","T","C","T",0.0182998664190876,0.0526672,0.279,0.248348,FALSE,FALSE,FALSE,"knQ4mL",5761366,0.0259269,0.0236461,"outcome",TRUE,"reported","textfile",16,"5811367",0.0028406901883061,1.2e-10,"SmoInit",TRUE,"reported","G8JOQX",2,TRUE,NA
"28","rs1108130","A","T","A","T",0.0239435516621278,-0.00909962,0.212,0.253228,FALSE,TRUE,FALSE,"knQ4mL",99996102,0.699209,0.0235504,"outcome",TRUE,"reported","textfile",13,"100648356",0.00311718491590551,1.57e-14,"SmoInit",TRUE,"reported","G8JOQX",2,TRUE,NA
"29","rs1109480","A","G","A","G",-0.016691703198282,-0.0203955,0.384,0.354839,FALSE,FALSE,FALSE,"knQ4mL",120645476,0.343491,0.0215303,"outcome",TRUE,"reported","textfile",12,"121083279",0.00261961601583743,1.84e-10,"SmoInit",TRUE,"reported","G8JOQX",2,TRUE,NA
"30","rs11128203","A","T","A","T",0.0204059665559331,-0.000717969,0.53,0.504913,FALSE,TRUE,TRUE,"knQ4mL",71015280,0.972094,0.0205241,"outcome",TRUE,"reported","textfile",3,"71064431",0.00255274092798555,1.29e-15,"SmoInit",TRUE,"reported","G8JOQX",2,FALSE,NA
"31","rs11162019","T","C","T","C",-0.0154947163221235,0.0206559,0.363,0.314044,FALSE,FALSE,FALSE,"knQ4mL",87447493,0.348374,0.0220271,"outcome",TRUE,"reported","textfile",1,"87913176",0.00264954058636653,5.06e-09,"SmoInit",TRUE,"reported","G8JOQX",2,TRUE,NA
"32","rs1116690","G","A","G","A",0.0162912334988931,-0.0137128,0.742,0.760765,FALSE,FALSE,FALSE,"knQ4mL",142588995,0.567194,0.0239655,"outcome",TRUE,"reported","textfile",4,"143510148",0.00291193582568195,2.16e-08,"SmoInit",TRUE,"reported","G8JOQX",2,TRUE,NA
"33","rs11192347","A","G","A","G",-0.0264500127592952,-0.0556577,0.104,0.0709677,FALSE,FALSE,FALSE,"knQ4mL",105169555,0.158658,0.0394848,"outcome",TRUE,"reported","textfile",10,"106929313",0.00427392108434006,6.15e-10,"SmoInit",TRUE,"reported","G8JOQX",2,TRUE,NA
"34","rs11258417","T","C","T","C",-0.0145136224014371,-0.000482444,0.391,0.320179,FALSE,FALSE,FALSE,"knQ4mL",13491053,0.982536,0.0220399,"outcome",TRUE,"reported","textfile",10,"13533053",0.00261093812705026,2.71e-08,"SmoInit",TRUE,"reported","G8JOQX",2,TRUE,NA
"35","rs1126757","T","C","T","C",0.0141622770326115,-0.00240354,0.473,0.564961,FALSE,FALSE,FALSE,"knQ4mL",55368504,0.907427,0.0206694,"outcome",TRUE,"reported","textfile",19,"55879872",0.00255186518715053,2.92e-08,"SmoInit",TRUE,"reported","G8JOQX",2,TRUE,NA
"36","rs112725451","T","C","T","C",0.026092001115637,-0.0167689,0.169,0.189379,FALSE,FALSE,FALSE,"knQ4mL",67151992,0.523989,0.0263162,"outcome",TRUE,"reported","textfile",4,"68017710",0.0033997715947909,1.65e-14,"SmoInit",TRUE,"reported","G8JOQX",2,TRUE,NA
"37","rs113230003","A","G","A","G",-0.0188761494045352,-0.012713,0.255,0.211943,FALSE,FALSE,FALSE,"knQ4mL",18350146,0.610409,0.0249524,"outcome",TRUE,"reported","textfile",19,"18460956",0.00292311148053473,1.05e-10,"SmoInit",TRUE,"reported","G8JOQX",2,TRUE,NA
"38","rs1139897","A","G","A","G",-0.0240871922890012,0.0106396,0.23,0.353914,FALSE,FALSE,FALSE,"knQ4mL",670986,0.61822,0.0213486,"outcome",TRUE,"reported","textfile",16,"720986",0.00302750120470783,1.77e-15,"SmoInit",TRUE,"reported","G8JOQX",2,TRUE,NA
"39","rs1150668","G","T","G","T",-0.0185103038719593,0.0186427,0.419,0.462464,FALSE,FALSE,FALSE,"knQ4mL",28162011,0.365209,0.0205887,"outcome",TRUE,"reported","textfile",6,"28129789",0.00258689360886741,8.54e-13,"SmoInit",TRUE,"reported","G8JOQX",2,TRUE,NA
"40","rs11594623","C","T","C","T",0.0274395987738761,-0.0223152,0.234241,0.23221,FALSE,FALSE,FALSE,"knQ4mL",102200594,0.360215,0.0243893,"outcome",TRUE,"reported","textfile",10,"103960351",0.00300826501889942,7.45e-20,"SmoInit",TRUE,"reported","G8JOQX",2,TRUE,NA
"41","rs1160685","G","C","G","C",0.0153017150999146,-0.0261559,0.45,0.378869,FALSE,TRUE,TRUE,"knQ4mL",93131703,0.216603,0.0211684,"outcome",TRUE,"reported","textfile",4,"94052854",0.00256097891931598,2.31e-09,"SmoInit",TRUE,"reported","G8JOQX",2,FALSE,NA
"42","rs11611651","A","G","A","G",0.0271142761895211,-0.0948675,0.0868,0.0471114,FALSE,FALSE,FALSE,"knQ4mL",132804204,0.049488,0.0482943,"outcome",TRUE,"reported","textfile",12,"133380790",0.00452533559069401,2.05e-09,"SmoInit",TRUE,"reported","G8JOQX",2,TRUE,NA
"43","rs11642231","A","G","A","G",-0.0155983426396819,-0.0408936,0.369,0.443684,FALSE,FALSE,FALSE,"knQ4mL",89542294,0.0489474,0.0207682,"outcome",TRUE,"reported","textfile",16,"89608702",0.00264037579326386,3.44e-09,"SmoInit",TRUE,"reported","G8JOQX",2,TRUE,NA
"44","rs11651955","A","G","A","G",-0.0140263859163491,0.000672002,0.499,0.487435,FALSE,FALSE,FALSE,"knQ4mL",16332148,0.973829,0.0204837,"outcome",TRUE,"reported","textfile",17,"16235462",0.00254814694771328,3.74e-08,"SmoInit",TRUE,"reported","G8JOQX",2,TRUE,NA
"45","rs11692435","A","G","A","G",0.0250526290454763,-0.0832944,0.0848,0.233405,FALSE,FALSE,FALSE,"knQ4mL",97658891,0.00078242,0.0247978,"outcome",TRUE,"reported","textfile",2,"98275354",0.00458160573453205,4.47e-08,"SmoInit",TRUE,"reported","G8JOQX",2,TRUE,NA
"46","rs11713899","C","A","C","A",0.0187188428376795,-0.0356442,0.171,0.162422,FALSE,FALSE,FALSE,"knQ4mL",2323342,0.198608,0.0277273,"outcome",TRUE,"reported","textfile",3,"2365026",0.00338390595551107,3.15e-08,"SmoInit",TRUE,"reported","G8JOQX",2,TRUE,NA
"47","rs1173461","T","C","T","C",0.0166091725862538,-0.00514679,0.327,0.318364,FALSE,FALSE,FALSE,"knQ4mL",158280563,0.814781,0.0219702,"outcome",TRUE,"reported","textfile",5,"157707571",0.00271589012993163,9.51e-10,"SmoInit",TRUE,"reported","G8JOQX",2,TRUE,NA
"48","rs117657830","G","A","G","A",-0.0377596875423349,-0.145704,0.0417,0.0164794,FALSE,FALSE,FALSE,"knQ4mL",75732975,0.0650714,0.0789821,"outcome",TRUE,"reported","textfile",16,"75766873",0.0063734536771502,3.18e-09,"SmoInit",TRUE,"reported","G8JOQX",2,TRUE,NA
"49","rs11766326","C","T","C","T",-0.0175439611879407,0.0200331,0.506,0.533245,FALSE,FALSE,FALSE,"knQ4mL",111460529,0.32949,0.0205438,"outcome",TRUE,"reported","textfile",7,"111100585",0.00260950684557043,1.79e-11,"SmoInit",TRUE,"reported","G8JOQX",2,TRUE,NA
"50","rs11783093","T","C","T","C",-0.0471242780688017,0.0502568,0.158,0.124296,FALSE,FALSE,FALSE,"knQ4mL",27567832,0.10597,0.0310884,"outcome",TRUE,"reported","textfile",8,"27425349",0.0034930838916647,2.07e-41,"SmoInit",TRUE,"reported","G8JOQX",2,TRUE,NA
"51","rs11791671","T","C","T","C",0.0278503598762205,0.0250504,0.067315,0.0305801,FALSE,FALSE,FALSE,"knQ4mL",3398679,0.669993,0.0587819,"outcome",TRUE,"reported","textfile",9,"3398679",0.00508475677961425,4.24e-08,"SmoInit",TRUE,"reported","G8JOQX",2,TRUE,NA
"52","rs118202","T","G","T","G",-0.0367484077425043,-0.0389217,0.812,0.712097,FALSE,FALSE,FALSE,"knQ4mL",111337168,0.0866722,0.0227185,"outcome",TRUE,"reported","textfile",6,"111658371",0.00326089388209887,1.9e-29,"SmoInit",TRUE,"reported","G8JOQX",2,TRUE,NA
"53","rs11872397","A","G","A","G",-0.0171139489913003,-0.00497897,0.253,0.220887,FALSE,FALSE,FALSE,"knQ4mL",74823326,0.840021,0.0246647,"outcome",TRUE,"reported","textfile",18,"72535282",0.00293071133297175,5.2e-09,"SmoInit",TRUE,"reported","G8JOQX",2,TRUE,NA
"54","rs1187820","T","C","T","C",-0.0142711560226536,-0.0136125,0.439,0.381995,FALSE,FALSE,FALSE,"knQ4mL",173354794,0.520167,0.0211675,"outcome",TRUE,"reported","textfile",3,"173072584",0.00256731947035769,2.69e-08,"SmoInit",TRUE,"reported","G8JOQX",2,TRUE,NA
"55","rs11956866","G","T","G","T",-0.014838166648189,0.0139226,0.567,0.472255,FALSE,FALSE,FALSE,"knQ4mL",161591265,0.49933,0.0206095,"outcome",TRUE,"reported","textfile",5,"161018271",0.00257133184008107,7.82e-09,"SmoInit",TRUE,"reported","G8JOQX",2,TRUE,NA
"56","rs12022778","C","A","C","A",0.0268248011931265,0.0106168,0.202,0.19672,FALSE,FALSE,FALSE,"knQ4mL",50138323,0.679786,0.0257219,"outcome",TRUE,"reported","textfile",1,"50603995",0.00317904382630837,3.18e-17,"SmoInit",TRUE,"reported","G8JOQX",2,TRUE,NA
"57","rs12130857","A","G","A","G",-0.0180031367822357,-0.0183796,0.324968,0.284969,FALSE,FALSE,FALSE,"knQ4mL",7731401,0.419095,0.0227471,"outcome",TRUE,"reported","textfile",1,"7791461",0.00272026444960715,3.65e-11,"SmoInit",TRUE,"reported","G8JOQX",2,TRUE,NA
"58","rs12195240","A","G","A","G",0.0249107545835319,0.0509721,0.285,0.330279,FALSE,FALSE,FALSE,"knQ4mL",98189029,0.0194098,0.0218056,"outcome",TRUE,"reported","textfile",6,"98636905",0.0028223973411325,1.08e-18,"SmoInit",TRUE,"reported","G8JOQX",2,TRUE,NA
"59","rs12474587","T","G","T","G",0.0242305775516422,0.00415193,0.429,0.348685,FALSE,FALSE,FALSE,"knQ4mL",161946483,0.8464,0.0214333,"outcome",TRUE,"reported","textfile",2,"162802993",0.00257422737863404,4.83e-21,"SmoInit",TRUE,"reported","G8JOQX",2,TRUE,NA
"60","rs12517438","G","T","G","T",0.015354478851039,-0.0115745,0.538,0.50081,FALSE,FALSE,FALSE,"knQ4mL",30841947,0.573036,0.0205373,"outcome",TRUE,"reported","textfile",5,"30842054",0.00255553291864044,1.89e-09,"SmoInit",TRUE,"reported","G8JOQX",2,TRUE,NA
"61","rs12563365","A","G","A","G",0.0165589483633689,0.00101625,0.556,0.554316,FALSE,FALSE,FALSE,"knQ4mL",236709529,0.960619,0.0205813,"outcome",TRUE,"reported","textfile",1,"236872829",0.00256427574444373,1.05e-10,"SmoInit",TRUE,"reported","G8JOQX",2,TRUE,NA
"62","rs12633090","C","G","C","G",-0.023019685930427,-0.0357098,0.182,0.13049,FALSE,TRUE,FALSE,"knQ4mL",83192214,0.241894,0.0305143,"outcome",TRUE,"reported","textfile",3,"83241365",0.00330203186086922,3.16e-12,"SmoInit",TRUE,"reported","G8JOQX",2,TRUE,NA
"63","rs12714017","C","T","C","T",0.0153964967875365,-0.0162747,0.511,0.444629,FALSE,FALSE,FALSE,"knQ4mL",80772273,0.428804,0.0205686,"outcome",TRUE,"reported","textfile",2,"80999398",0.00260995063881089,3.65e-09,"SmoInit",TRUE,"reported","G8JOQX",2,TRUE,NA
"64","rs12739243","C","T","C","T",-0.0212518379791449,-0.0273597,0.221,0.294516,FALSE,FALSE,FALSE,"knQ4mL",210128698,0.222196,0.022413,"outcome",TRUE,"reported","textfile",1,"210302043",0.00307063884430368,4.45e-12,"SmoInit",TRUE,"reported","G8JOQX",2,TRUE,NA
"65","rs12740789","A","G","A","G",-0.0284972685993262,-0.0141174,0.178,0.139939,FALSE,FALSE,FALSE,"knQ4mL",72286390,0.63118,0.0294072,"outcome",TRUE,"reported","textfile",1,"72752073",0.00333079339902209,1.18e-17,"SmoInit",TRUE,"reported","G8JOQX",2,TRUE,NA
"66","rs12755632","G","A","G","A",-0.0154051366259368,0.00118487,0.316,0.343053,FALSE,FALSE,FALSE,"knQ4mL",41310951,0.956192,0.0215693,"outcome",TRUE,"reported","textfile",1,"41776623",0.0027404508225617,1.93e-08,"SmoInit",TRUE,"reported","G8JOQX",2,TRUE,NA
"67","rs12855717","T","C","T","C",0.0155236793185639,0.00111841,0.538,0.566724,FALSE,FALSE,FALSE,"knQ4mL",100600381,0.957045,0.0207642,"outcome",TRUE,"reported","textfile",13,"101252635",0.00255553291864044,1.22e-09,"SmoInit",TRUE,"reported","G8JOQX",2,TRUE,NA
"68","rs12878369","A","C","A","C",0.0174372655171602,-0.00729053,0.414762,0.301249,FALSE,FALSE,FALSE,"knQ4mL",27877296,0.744134,0.0223372,"outcome",TRUE,"reported","textfile",14,"28346502",0.00258791765964964,1.6e-11,"SmoInit",TRUE,"reported","G8JOQX",2,TRUE,NA
"69","rs12918191","G","A","G","A",-0.0197270353770097,0.0163577,0.243,0.176899,FALSE,FALSE,FALSE,"knQ4mL",50911245,0.540846,0.0267487,"outcome",TRUE,"reported","textfile",16,"50945156",0.00297058872733663,3.14e-11,"SmoInit",TRUE,"reported","G8JOQX",2,TRUE,NA
"70","rs1291821","G","A","G","A",0.0144929887207407,0.029266,0.534,0.533471,FALSE,FALSE,FALSE,"knQ4mL",11091860,0.152996,0.0204796,"outcome",TRUE,"reported","textfile",10,"11133823",0.00255405366546437,1.39e-08,"SmoInit",TRUE,"reported","G8JOQX",2,TRUE,NA
"71","rs13007361","A","G","A","G",0.017533824042557,-0.0162074,0.208,0.100223,FALSE,FALSE,FALSE,"knQ4mL",165393734,0.628776,0.0335244,"outcome",TRUE,"reported","textfile",2,"166250244",0.00313905804891633,2.29e-08,"SmoInit",TRUE,"reported","G8JOQX",2,TRUE,NA
"72","rs13066050","T","C","T","C",0.018834348293498,0.0400842,0.208,0.179108,FALSE,FALSE,FALSE,"knQ4mL",81276710,0.132301,0.0266324,"outcome",TRUE,"reported","textfile",3,"81325861",0.00313905804891633,1.93e-09,"SmoInit",TRUE,"reported","G8JOQX",2,TRUE,NA
"73","rs13109980","A","G","A","G",-0.0221815541396989,0.0424844,0.326,0.338771,FALSE,FALSE,FALSE,"knQ4mL",139965809,0.0492947,0.0216092,"outcome",TRUE,"reported","textfile",4,"140886963",0.00271803382404535,3.37e-16,"SmoInit",TRUE,"reported","G8JOQX",2,TRUE,NA
"74","rs13110073","C","T","C","T",-0.0246425774100615,-0.0320507,0.395,0.423371,FALSE,FALSE,FALSE,"knQ4mL",146876761,0.122429,0.0207494,"outcome",TRUE,"reported","textfile",4,"147797913",0.00260625778806314,3.24e-21,"SmoInit",TRUE,"reported","G8JOQX",2,TRUE,NA
"75","rs13237637","C","G","C","G",-0.0236823349508072,0.0156608,0.485,0.467635,FALSE,TRUE,TRUE,"knQ4mL",3463575,0.444375,0.0204763,"outcome",TRUE,"reported","textfile",7,"3503207",0.00254928928982647,1.54e-20,"SmoInit",TRUE,"reported","G8JOQX",2,FALSE,NA
"76","rs13261666","T","G","T","G",-0.0199945818545181,-0.00267525,0.517,0.548197,FALSE,FALSE,FALSE,"knQ4mL",58902107,0.896178,0.0205014,"outcome",TRUE,"reported","textfile",8,"59814666",0.0025496159555759,4.36e-15,"SmoInit",TRUE,"reported","G8JOQX",2,TRUE,NA
"77","rs13392222","C","A","C","A",-0.0234375461906368,-0.00414543,0.139,0.19,FALSE,FALSE,FALSE,"knQ4mL",100055946,0.873937,0.0261278,"outcome",TRUE,"reported","textfile",2,"100672408",0.00368285507683827,1.93e-10,"SmoInit",TRUE,"reported","G8JOQX",2,TRUE,NA
"78","rs13437771","G","A","G","A",-0.0271098271364884,0.0435997,0.155,0.223185,FALSE,FALSE,FALSE,"knQ4mL",99473855,0.0748221,0.0244729,"outcome",TRUE,"reported","textfile",7,"99071478",0.00352045989869483,1.39e-14,"SmoInit",TRUE,"reported","G8JOQX",2,TRUE,NA
"79","rs1373178","G","T","G","T",-0.0203163969776818,-0.00192387,0.588,0.630905,FALSE,FALSE,FALSE,"knQ4mL",52441441,0.927921,0.0212673,"outcome",TRUE,"reported","textfile",18,"49967811",0.00258854866495185,4.16e-15,"SmoInit",TRUE,"reported","G8JOQX",2,TRUE,NA
"80","rs1381287","T","C","T","C",0.0180165795033833,-0.0129994,0.467,0.492628,FALSE,FALSE,FALSE,"knQ4mL",98131215,0.52529,0.0204647,"outcome",TRUE,"reported","textfile",14,"98597552",0.00255560746538615,1.81e-12,"SmoInit",TRUE,"reported","G8JOQX",2,TRUE,NA
"81","rs1381775","C","T","C","T",-0.0156146668533584,0.00112629,0.712,0.723175,FALSE,FALSE,FALSE,"knQ4mL",42421276,0.960713,0.0228646,"outcome",TRUE,"reported","textfile",11,"42442826",0.00281356766714023,2.79e-08,"SmoInit",TRUE,"reported","G8JOQX",2,TRUE,NA
"82","rs1385108","T","C","T","C",0.0187044679803843,0.0458819,0.239,0.284433,FALSE,FALSE,FALSE,"knQ4mL",155460086,0.043387,0.0227143,"outcome",TRUE,"reported","textfile",5,"154839646",0.00298746156336482,3.84e-10,"SmoInit",TRUE,"reported","G8JOQX",2,TRUE,NA
"83","rs13906","T","C","T","C",-0.024529729248181,-0.00654393,0.109,0.13599,FALSE,FALSE,FALSE,"knQ4mL",49558611,0.826304,0.0298205,"outcome",TRUE,"reported","textfile",12,"49952394",0.00408828820803017,1.98e-09,"SmoInit",TRUE,"reported","G8JOQX",2,TRUE,NA
"84","rs1435479","T","G","T","G",0.0163904586547917,0.0611607,0.28748,0.306105,FALSE,FALSE,FALSE,"knQ4mL",93629299,0.00545595,0.0220097,"outcome",TRUE,"reported","textfile",4,"94550450",0.00281508334605987,5.68e-09,"SmoInit",TRUE,"reported","G8JOQX",2,TRUE,NA
"85","rs1435672","C","T","C","T",0.0141051180405541,0.0454881,0.56,0.622433,FALSE,FALSE,FALSE,"knQ4mL",36107278,0.0308574,0.02107,"outcome",TRUE,"reported","textfile",15,"36399479",0.00256668902432973,3.82e-08,"SmoInit",TRUE,"reported","G8JOQX",2,TRUE,NA
"86","rs1445649","C","T","C","T",0.0205716431693465,-0.0196241,0.538,0.509889,FALSE,FALSE,FALSE,"knQ4mL",154826044,0.33812,0.0204869,"outcome",TRUE,"reported","textfile",2,"155682556",0.00255553291864044,8.48e-16,"SmoInit",TRUE,"reported","G8JOQX",2,TRUE,NA
"87","rs1449012","T","C","T","C",-0.0153734115013626,0.0150163,0.463,0.368639,FALSE,FALSE,FALSE,"knQ4mL",159330544,0.480158,0.021268,"outcome",TRUE,"reported","textfile",3,"159048333",0.00255514744895826,1.77e-09,"SmoInit",TRUE,"reported","G8JOQX",2,TRUE,NA
"88","rs147052174","T","G","T","G",0.0623094487438692,0.174435,0.0171,0.00894516,FALSE,FALSE,FALSE,"knQ4mL",179814032,0.114569,0.110543,"outcome",TRUE,"reported","textfile",1,"179783167",0.00982745089601336,2.3e-10,"SmoInit",TRUE,"reported","G8JOQX",2,TRUE,NA
"89","rs1514176","A","G","A","G",-0.0193001581257968,-0.0209968,0.58,0.528683,FALSE,FALSE,FALSE,"knQ4mL",74525912,0.305913,0.0205079,"outcome",TRUE,"reported","textfile",1,"74991596",0.0025813979643714,7.67e-14,"SmoInit",TRUE,"reported","G8JOQX",2,TRUE,NA
"90","rs1549979","T","C","T","C",-0.0245223134403877,0.00715191,0.615,0.70787,FALSE,FALSE,FALSE,"knQ4mL",85410981,0.75039,0.0224815,"outcome",TRUE,"reported","textfile",3,"85460131",0.00262304488914841,8.8e-21,"SmoInit",TRUE,"reported","G8JOQX",2,TRUE,NA
"91","rs160631","G","T","G","T",-0.0172628452622627,0.0131394,0.731,0.711323,FALSE,FALSE,FALSE,"knQ4mL",53030432,0.561874,0.0226519,"outcome",TRUE,"reported","textfile",6,"52895230",0.00287315315388405,1.87e-09,"SmoInit",TRUE,"reported","G8JOQX",2,TRUE,NA
"92","rs1632941","C","T","C","T",-0.0158073961616223,0.0354857,0.46,0.359161,FALSE,FALSE,FALSE,"knQ4mL",29828908,0.0958253,0.0213071,"outcome",TRUE,"reported","textfile",6,"29796685",0.00256093083783619,6.67e-10,"SmoInit",TRUE,"reported","G8JOQX",2,TRUE,NA
"93","rs16826827","C","T","C","T",-0.0222068868383587,0.0428321,0.124,0.110474,FALSE,FALSE,FALSE,"knQ4mL",147068121,0.18786,0.032524,"outcome",TRUE,"reported","textfile",2,"147825689",0.00386572280689492,9.17e-09,"SmoInit",TRUE,"reported","G8JOQX",2,TRUE,NA
"94","rs16828799","T","G","T","G",0.0197692281663615,0.020295,0.156,0.150714,FALSE,FALSE,FALSE,"knQ4mL",173635949,0.480892,0.0287927,"outcome",TRUE,"reported","textfile",3,"173353739",0.00351123650240556,1.83e-08,"SmoInit",TRUE,"reported","G8JOQX",2,TRUE,NA
"95","rs1713676","G","A","G","A",-0.0167262455351488,-0.0071661,0.522512,0.559722,FALSE,FALSE,FALSE,"knQ4mL",113789854,0.728335,0.0206313,"outcome",TRUE,"reported","textfile",11,"113660576",0.00255072853114231,5.38e-11,"SmoInit",TRUE,"reported","G8JOQX",2,TRUE,NA
"96","rs1714521","C","A","C","A",-0.0162953104881966,0.00304549,0.411,0.435943,FALSE,FALSE,FALSE,"knQ4mL",158567072,0.882917,0.0206793,"outcome",TRUE,"reported","textfile",3,"158284861",0.0025894948217728,3.07e-10,"SmoInit",TRUE,"reported","G8JOQX",2,TRUE,NA
"97","rs17165769","G","A","G","A",0.0159396071041438,0.00242444,0.394872,0.411707,FALSE,FALSE,FALSE,"knQ4mL",108029941,0.907243,0.0208076,"outcome",TRUE,"reported","textfile",5,"107365642",0.00260640446622611,9.56e-10,"SmoInit",TRUE,"reported","G8JOQX",2,TRUE,NA
"98","rs17197663","A","G","A","G",-0.0215873531495124,0.00820275,0.125,0.0863382,FALSE,FALSE,FALSE,"knQ4mL",37598730,0.821565,0.0363706,"outcome",TRUE,"reported","textfile",13,"38172867",0.00385242836809023,2.06e-08,"SmoInit",TRUE,"reported","G8JOQX",2,TRUE,NA
"99","rs17229285","T","C","T","C",-0.0154795560042364,-0.0395261,0.505,0.453191,FALSE,FALSE,FALSE,"knQ4mL",198658398,0.0538567,0.0205012,"outcome",TRUE,"reported","textfile",2,"199523122",0.00254826926806319,1.27e-09,"SmoInit",TRUE,"reported","G8JOQX",2,TRUE,NA
"100","rs1733760","C","T","C","T",0.0147733884018381,-0.0124675,0.51,0.453731,FALSE,FALSE,FALSE,"knQ4mL",54938414,0.543164,0.0205045,"outcome",TRUE,"reported","textfile",10,"56698174",0.00254865163272406,6.7e-09,"SmoInit",TRUE,"reported","G8JOQX",2,TRUE,NA
"101","rs1737329","G","C","G","C",0.0170292237829221,-0.0100043,0.742,0.762657,FALSE,TRUE,FALSE,"knQ4mL",163386716,0.678758,0.0241556,"outcome",TRUE,"reported","textfile",6,"163807748",0.00291193582568195,5.08e-09,"SmoInit",TRUE,"reported","G8JOQX",2,TRUE,NA
"102","rs17554906","C","G","C","G",0.014184872535994,0.0138956,0.444,0.367343,FALSE,TRUE,TRUE,"knQ4mL",91516891,0.511091,0.0211456,"outcome",TRUE,"reported","textfile",6,"92226609",0.00256427574444373,3.14e-08,"SmoInit",TRUE,"reported","G8JOQX",2,FALSE,NA
"103","rs1759433","A","G","A","G",0.015364719185164,-0.0165275,0.48,0.515891,FALSE,FALSE,FALSE,"knQ4mL",125310818,0.419271,0.0204628,"outcome",TRUE,"reported","textfile",9,"128073097",0.00255018281437779,1.69e-09,"SmoInit",TRUE,"reported","G8JOQX",2,TRUE,NA
"104","rs17616642","G","A","G","A",-0.0165572915814431,0.02237,0.24687,0.193389,FALSE,FALSE,FALSE,"knQ4mL",58795075,0.391338,0.0260968,"outcome",TRUE,"reported","textfile",2,"59022210",0.00295477538840993,2.1e-08,"SmoInit",TRUE,"reported","G8JOQX",2,TRUE,NA
"105","rs17692129","T","C","T","C",0.0195989223809853,0.0543835,0.331,0.460904,FALSE,FALSE,FALSE,"knQ4mL",46715917,0.00826285,0.020591,"outcome",TRUE,"reported","textfile",17,"44793283",0.00270748805617845,4.57e-13,"SmoInit",TRUE,"reported","G8JOQX",2,TRUE,NA
"106","rs1772572","A","C","A","C",-0.0168681448072877,0.00452551,0.324132,0.344129,FALSE,FALSE,FALSE,"knQ4mL",80617041,0.833859,0.0215752,"outcome",TRUE,"reported","textfile",13,"81191176",0.00272208516333501,5.62e-10,"SmoInit",TRUE,"reported","G8JOQX",2,TRUE,NA
"107","rs1799068","T","G","T","G",0.0166095626009421,-0.0143192,0.379,0.400417,FALSE,FALSE,FALSE,"knQ4mL",98077757,0.493345,0.0209041,"outcome",TRUE,"reported","textfile",7,"97707069",0.00262620243790636,2.59e-10,"SmoInit",TRUE,"reported","G8JOQX",2,TRUE,NA
"108","rs1863161","A","G","A","G",0.015339371713194,0.030513,0.56094,0.671985,FALSE,FALSE,FALSE,"knQ4mL",59912389,0.16065,0.0217501,"outcome",TRUE,"reported","textfile",2,"60139524",0.00256728133653859,2.34e-09,"SmoInit",TRUE,"reported","G8JOQX",2,TRUE,NA
"109","rs1889571","G","T","G","T",0.0221797995406237,0.0151985,0.131,0.170048,FALSE,FALSE,FALSE,"knQ4mL",31730218,0.580085,0.0274708,"outcome",TRUE,"reported","textfile",1,"32195819",0.00377613984197516,4.19e-09,"SmoInit",TRUE,"reported","G8JOQX",2,TRUE,NA
"110","rs1901477","G","A","G","A",0.0304369932456541,-0.00520285,0.511,0.495571,FALSE,FALSE,FALSE,"knQ4mL",103510525,0.799707,0.0205057,"outcome",TRUE,"reported","textfile",2,"104126983",0.00260995063881089,2.07e-31,"SmoInit",TRUE,"reported","G8JOQX",2,TRUE,NA
"111","rs1927901","C","T","C","T",-0.0141754871045966,0.0109726,0.553,0.543992,FALSE,FALSE,FALSE,"knQ4mL",117756833,0.59329,0.0205452,"outcome",TRUE,"reported","textfile",9,"120519111",0.00256257908950217,3.1e-08,"SmoInit",TRUE,"reported","G8JOQX",2,TRUE,NA
"112","rs1930371","T","C","T","C",-0.0172419586612647,-0.0275051,0.241,0.179581,FALSE,FALSE,FALSE,"knQ4mL",78829188,0.302505,0.0266761,"outcome",TRUE,"reported","textfile",9,"81444104",0.00297895673652913,7.09e-09,"SmoInit",TRUE,"reported","G8JOQX",2,TRUE,NA
"113","rs1931431","C","G","C","G",0.0182328624437084,0.0215939,0.478,0.451628,FALSE,TRUE,TRUE,"knQ4mL",11161799,0.296017,0.0206637,"outcome",TRUE,"reported","textfile",9,"11161799",0.00255061204001953,8.56e-13,"SmoInit",TRUE,"reported","G8JOQX",2,FALSE,NA
"114","rs1937443","G","C","G","C",0.0204362188245672,-0.0375136,0.563,0.611956,FALSE,TRUE,TRUE,"knQ4mL",66003960,0.0737785,0.020981,"outcome",TRUE,"reported","textfile",1,"66469643",0.00256861307738644,1.79e-15,"SmoInit",TRUE,"reported","G8JOQX",2,FALSE,NA
"115","rs2010921","A","G","A","G",0.0174291411105034,0.0147107,0.311,0.350092,FALSE,FALSE,FALSE,"knQ4mL",132228311,0.495059,0.021561,"outcome",TRUE,"reported","textfile",11,"132098205",0.0027523508874645,2.47e-10,"SmoInit",TRUE,"reported","G8JOQX",2,TRUE,NA
"116","rs2028269","A","G","A","G",0.016164548317376,-0.00270234,0.399,0.355341,FALSE,FALSE,FALSE,"knQ4mL",80012492,0.899665,0.0214328,"outcome",TRUE,"reported","textfile",5,"79308315",0.00260177610870211,5.19e-10,"SmoInit",TRUE,"reported","G8JOQX",2,TRUE,NA
"117","rs2063976","T","C","T","C",-0.0201814241776652,-0.0177852,0.664955,0.599067,FALSE,FALSE,FALSE,"knQ4mL",90084138,0.393171,0.0208287,"outcome",TRUE,"reported","textfile",8,"91096366",0.00269926738168577,7.45e-14,"SmoInit",TRUE,"reported","G8JOQX",2,TRUE,NA
"118","rs2155646","C","T","C","T",0.0377771518638971,-0.00550334,0.4,0.625009,FALSE,FALSE,FALSE,"knQ4mL",113042089,0.795472,0.0212311,"outcome",TRUE,"reported","textfile",11,"112912811",0.00260068638674826,9.44e-48,"SmoInit",TRUE,"reported","G8JOQX",2,TRUE,NA
"119","rs2173019","A","T","A","T",0.0282069520540153,0.00180017,0.177,0.135197,FALSE,TRUE,FALSE,"knQ4mL",168187966,0.952304,0.0300963,"outcome",TRUE,"reported","textfile",5,"167614971",0.00333815927442383,2.98e-17,"SmoInit",TRUE,"reported","G8JOQX",2,TRUE,NA
"120","rs221988","C","A","C","A",-0.0148650225653347,-0.0435334,0.384,0.448859,FALSE,FALSE,FALSE,"knQ4mL",64248631,0.0350816,0.0206572,"outcome",TRUE,"reported","textfile",3,"64234307",0.00261961601583743,1.43e-08,"SmoInit",TRUE,"reported","G8JOQX",2,TRUE,NA
"121","rs2276825","C","T","C","T",0.0188755712515354,0.0247321,0.245,0.274971,FALSE,FALSE,FALSE,"knQ4mL",52852589,0.28054,0.022919,"outcome",TRUE,"reported","textfile",3,"52886605",0.0029623548999896,1.89e-10,"SmoInit",TRUE,"reported","G8JOQX",2,TRUE,NA
"122","rs2279829","T","C","T","C",-0.0173765668386769,-0.0085994,0.216,0.289156,FALSE,FALSE,FALSE,"knQ4mL",147388532,0.703764,0.0226155,"outcome",TRUE,"reported","textfile",3,"147106319",0.00309605522231936,2.05e-08,"SmoInit",TRUE,"reported","G8JOQX",2,TRUE,NA
"123","rs2289791","T","G","T","G",-0.017725516174548,0.0169338,0.247,0.209501,FALSE,FALSE,FALSE,"knQ4mL",67184614,0.505506,0.0254317,"outcome",TRUE,"reported","textfile",15,"67476952",0.002954252695758,2.01e-09,"SmoInit",TRUE,"reported","G8JOQX",2,TRUE,NA
"124","rs2306866","T","A","T","A",-0.0166754969048669,0.00832328,0.614,0.667428,FALSE,TRUE,FALSE,"knQ4mL",53732185,0.701169,0.0216897,"outcome",TRUE,"reported","textfile",3,"53766212",0.00261707258061795,1.89e-10,"SmoInit",TRUE,"reported","G8JOQX",2,TRUE,NA
"125","rs2319545","A","C","A","C",0.0232366196004364,0.00357331,0.149099,0.167118,FALSE,FALSE,FALSE,"knQ4mL",148001861,0.896629,0.0275037,"outcome",TRUE,"reported","textfile",3,"147719648",0.00357698173772572,8.3e-11,"SmoInit",TRUE,"reported","G8JOQX",2,TRUE,NA
"126","rs2344976","C","T","C","T",-0.0150877384938283,-0.0179429,0.612,0.654997,FALSE,FALSE,FALSE,"knQ4mL",32358916,0.404027,0.0215027,"outcome",TRUE,"reported","textfile",17,"30685935",0.00261458058153918,7.98e-09,"SmoInit",TRUE,"reported","G8JOQX",2,TRUE,NA
"127","rs2378662","A","G","A","G",0.0152121381530069,-0.0371647,0.541,0.564757,FALSE,FALSE,FALSE,"knQ4mL",84092374,0.072061,0.0206617,"outcome",TRUE,"reported","textfile",9,"86707289",0.00255675215046967,2.67e-09,"SmoInit",TRUE,"reported","G8JOQX",2,TRUE,NA
"128","rs238896","A","G","A","G",-0.0168673762438155,-0.00447153,0.49,0.480561,FALSE,FALSE,FALSE,"knQ4mL",114123783,0.827632,0.0205362,"outcome",TRUE,"reported","textfile",11,"113994505",0.00254865163272406,3.65e-11,"SmoInit",TRUE,"reported","G8JOQX",2,TRUE,NA
"129","rs2539706","A","G","A","G",0.0162454401847471,-0.00845624,0.529947,0.537608,FALSE,FALSE,FALSE,"knQ4mL",59592410,0.680223,0.0205169,"outcome",TRUE,"reported","textfile",2,"59819545",0.00255272464844336,1.95e-10,"SmoInit",TRUE,"reported","G8JOQX",2,TRUE,NA
"130","rs2587507","C","T","C","T",-0.0146602397314715,0.00906223,0.502,0.512411,FALSE,FALSE,FALSE,"knQ4mL",79816336,0.658232,0.0204863,"outcome",TRUE,"reported","textfile",17,"77790135",0.00254816223679372,8.69e-09,"SmoInit",TRUE,"reported","G8JOQX",2,TRUE,NA
"131","rs2710634","C","T","C","T",-0.0177614270391893,-0.00929678,0.521,0.53841,FALSE,FALSE,FALSE,"knQ4mL",32583737,0.651088,0.0205567,"outcome",TRUE,"reported","textfile",2,"32808804",0.00255039229029593,3.36e-12,"SmoInit",TRUE,"reported","G8JOQX",2,TRUE,NA
"132","rs2734390","G","A","G","A",0.0147709061051891,-0.00848729,0.372,0.269955,FALSE,FALSE,FALSE,"knQ4mL",60473558,0.712561,0.0230371,"outcome",TRUE,"reported","textfile",3,"60459291",0.00263598122974669,2.09e-08,"SmoInit",TRUE,"reported","G8JOQX",2,TRUE,NA
"133","rs2796793","A","G","A","G",0.0144813515872424,0.011506,0.452,0.435889,FALSE,FALSE,FALSE,"knQ4mL",36345196,0.577696,0.0206661,"outcome",TRUE,"reported","textfile",10,"36634124",0.00255996547702142,1.55e-08,"SmoInit",TRUE,"reported","G8JOQX",2,TRUE,NA
"134","rs281296","A","G","A","G",0.0246892355778618,-0.00515587,0.357,0.325803,FALSE,FALSE,FALSE,"knQ4mL",47392813,0.813549,0.0218607,"outcome",TRUE,"reported","textfile",15,"47685010",0.00265921842184342,1.59e-20,"SmoInit",TRUE,"reported","G8JOQX",2,TRUE,NA
"135","rs28441558","C","T","C","T",-0.0355649826227975,0.0381003,0.0563,0.0610269,FALSE,FALSE,FALSE,"knQ4mL",7899800,0.368533,0.0423701,"outcome",TRUE,"reported","textfile",17,"7803118",0.00552741955012364,1.24e-10,"SmoInit",TRUE,"reported","G8JOQX",2,TRUE,NA
"136","rs2901785","A","G","A","G",-0.0173082721317735,-0.0137729,0.446,0.438529,FALSE,FALSE,FALSE,"knQ4mL",174135605,0.50368,0.0205962,"outcome",TRUE,"reported","textfile",1,"174104743",0.00256313389330125,1.47e-11,"SmoInit",TRUE,"reported","G8JOQX",2,TRUE,NA
"137","rs290601","T","C","T","C",0.0163101822358959,0.0423749,0.274,0.288331,FALSE,FALSE,FALSE,"knQ4mL",114362413,0.0607295,0.0225944,"outcome",TRUE,"reported","textfile",8,"115374642",0.00285660382555937,1.14e-08,"SmoInit",TRUE,"reported","G8JOQX",2,TRUE,NA
"138","rs2925128","T","C","T","C",0.0168199054545407,0.0199487,0.385191,0.450722,FALSE,FALSE,FALSE,"knQ4mL",97896018,0.331749,0.020553,"outcome",TRUE,"reported","textfile",14,"98362355",0.00268304078897622,3.67e-10,"SmoInit",TRUE,"reported","G8JOQX",2,TRUE,NA
"139","rs2939756","A","G","A","G",-0.015699684310767,-5.44174e-05,0.48,0.510586,FALSE,FALSE,FALSE,"knQ4mL",41414747,0.997885,0.0205252,"outcome",TRUE,"reported","textfile",11,"41436297",0.00255018281437779,7.45e-10,"SmoInit",TRUE,"reported","G8JOQX",2,TRUE,NA
"140","rs2959084","A","G","A","G",0.0170798652799423,1.40551e-05,0.704674,0.67904,FALSE,FALSE,FALSE,"knQ4mL",46057105,0.999488,0.0219169,"outcome",TRUE,"reported","textfile",11,"46078656",0.00279285661543118,9.82e-10,"SmoInit",TRUE,"reported","G8JOQX",2,TRUE,NA
"141","rs301807","G","A","G","A",0.0180144077909169,-0.0185587,0.57,0.654292,FALSE,FALSE,FALSE,"knQ4mL",8424763,0.387406,0.0214718,"outcome",TRUE,"reported","textfile",1,"8484823",0.00257348682727385,2.5e-12,"SmoInit",TRUE,"reported","G8JOQX",2,TRUE,NA
"142","rs3115418","C","T","C","T",-0.014224879533231,-0.0396494,0.454,0.512048,FALSE,FALSE,FALSE,"knQ4mL",200071676,0.0526672,0.0204627,"outcome",TRUE,"reported","textfile",2,"200936399",0.00255899452932799,2.79e-08,"SmoInit",TRUE,"reported","G8JOQX",2,TRUE,NA
"143","rs3172494","T","G","T","G",-0.0291266827063679,-0.0248482,0.115,0.214738,FALSE,FALSE,FALSE,"knQ4mL",48694054,0.325652,0.0252803,"outcome",TRUE,"reported","textfile",3,"48731487",0.00400085756250123,3.4e-13,"SmoInit",TRUE,"reported","G8JOQX",2,TRUE,NA
"144","rs3218116","T","C","T","C",-0.0198430370178765,0.00169778,0.256,0.240908,FALSE,FALSE,FALSE,"knQ4mL",41934025,0.943268,0.0238576,"outcome",TRUE,"reported","textfile",6,"41901763",0.00291935664980527,1.05e-11,"SmoInit",TRUE,"reported","G8JOQX",2,TRUE,NA
"145","rs329124","G","A","G","A",-0.0163870665684475,-0.00479892,0.428,0.424403,FALSE,FALSE,FALSE,"knQ4mL",134529762,0.816358,0.0206644,"outcome",TRUE,"reported","textfile",5,"133865452",0.00257497908762324,1.96e-10,"SmoInit",TRUE,"reported","G8JOQX",2,TRUE,NA
"146","rs34342129","C","T","C","T",-0.0142810056847808,0.0286844,0.509,0.480857,FALSE,FALSE,FALSE,"knQ4mL",5872473,0.162222,0.0205235,"outcome",TRUE,"reported","textfile",18,"5872472",0.00254855475073146,2.13e-08,"SmoInit",TRUE,"reported","G8JOQX",2,TRUE,NA
"147","rs34399632","G","A","G","A",0.0193503985196848,-0.00368808,0.232,0.232497,FALSE,FALSE,FALSE,"knQ4mL",136813604,0.879472,0.0243216,"outcome",TRUE,"reported","textfile",2,"137571174",0.00301834586299796,1.46e-10,"SmoInit",TRUE,"reported","G8JOQX",2,TRUE,NA
"148","rs34553878","G","A","G","A",0.0246707355129666,0.0114712,0.111,0.0842309,FALSE,FALSE,FALSE,"knQ4mL",131459201,0.755209,0.0367928,"outcome",TRUE,"reported","textfile",9,"134334588",0.00405584393441003,1.17e-09,"SmoInit",TRUE,"reported","G8JOQX",2,TRUE,NA
"149","rs34940743","G","A","G","A",0.0159248966327585,0.0318334,0.346,0.358688,FALSE,FALSE,FALSE,"knQ4mL",79635890,0.137423,0.02143,"outcome",TRUE,"reported","textfile",14,"80102233",0.00268033618438142,2.8e-09,"SmoInit",TRUE,"reported","G8JOQX",2,TRUE,NA
"150","rs35375873","C","G","C","G",-0.0270102496045462,0.0136731,0.11,0.171594,FALSE,TRUE,FALSE,"knQ4mL",43190545,0.617894,0.0274098,"outcome",TRUE,"reported","textfile",5,"43190647",0.00407194833782387,3.29e-11,"SmoInit",TRUE,"reported","G8JOQX",2,TRUE,NA
"151","rs35656245","A","G","A","G",0.0159456398141213,-0.0212439,0.276,0.263701,FALSE,FALSE,FALSE,"knQ4mL",190988350,0.360211,0.0232183,"outcome",TRUE,"reported","textfile",1,"190957480",0.0028501635460148,2.23e-08,"SmoInit",TRUE,"reported","G8JOQX",2,TRUE,NA
"152","rs357304","C","T","C","T",0.0166757177141037,0.00167018,0.727,0.741001,FALSE,FALSE,FALSE,"knQ4mL",164006129,0.943234,0.0234557,"outcome",TRUE,"reported","textfile",2,"164862639",0.00285986199420466,5.4e-09,"SmoInit",TRUE,"reported","G8JOQX",2,TRUE,NA
"153","rs359247","T","A","T","A",0.0220304406866879,0.0113069,0.638652,0.661068,FALSE,TRUE,FALSE,"knQ4mL",60249917,0.599926,0.0215572,"outcome",TRUE,"reported","textfile",2,"60477052",0.00265215339592237,9.89e-17,"SmoInit",TRUE,"reported","G8JOQX",2,TRUE,NA
"154","rs359431","T","C","T","C",-0.0141982221407122,0.0158692,0.56,0.527582,FALSE,FALSE,FALSE,"knQ4mL",173861531,0.438789,0.0204965,"outcome",TRUE,"reported","textfile",5,"173288534",0.00256668902432973,3.16e-08,"SmoInit",TRUE,"reported","G8JOQX",2,TRUE,NA
"155","rs3740977","C","T","C","T",0.0194739723678087,-0.0548625,0.167,0.125284,FALSE,FALSE,FALSE,"knQ4mL",46372024,0.0754831,0.0308647,"outcome",TRUE,"reported","textfile",11,"46393574",0.00341596072659002,1.17e-08,"SmoInit",TRUE,"reported","G8JOQX",2,TRUE,NA
"156","rs3800227","G","A","G","A",0.0171779534520435,0.0304151,0.742,0.679409,FALSE,FALSE,FALSE,"knQ4mL",108672958,0.165833,0.021949,"outcome",TRUE,"reported","textfile",6,"108994161",0.00291193582568195,3.64e-09,"SmoInit",TRUE,"reported","G8JOQX",2,TRUE,NA
"157","rs3810496","C","T","C","T",0.015881294406838,-0.0631658,0.619436,0.609773,FALSE,FALSE,FALSE,"knQ4mL",63775533,0.00240331,0.0208107,"outcome",TRUE,"reported","textfile",20,"62406886",0.00262869055394539,1.54e-09,"SmoInit",TRUE,"reported","G8JOQX",2,TRUE,NA
"158","rs3811038","C","T","C","T",0.0191404347355438,-0.0161549,0.279,0.229141,FALSE,FALSE,FALSE,"knQ4mL",112482606,0.511687,0.0246183,"outcome",TRUE,"reported","textfile",2,"113240183",0.0028406901883061,1.58e-11,"SmoInit",TRUE,"reported","G8JOQX",2,TRUE,NA
"159","rs3820277","T","G","T","G",-0.0188369165347618,-0.00535455,0.526,0.514031,FALSE,FALSE,FALSE,"knQ4mL",18110163,0.794672,0.0205747,"outcome",TRUE,"reported","textfile",1,"18436657",0.00255159394161599,1.57e-13,"SmoInit",TRUE,"reported","G8JOQX",2,TRUE,NA
"160","rs3843905","T","C","T","C",-0.0151458403650148,-0.0161531,0.403,0.444762,FALSE,FALSE,FALSE,"knQ4mL",166000275,0.431527,0.0205358,"outcome",TRUE,"reported","textfile",5,"165427280",0.00259749019339433,5.41e-09,"SmoInit",TRUE,"reported","G8JOQX",2,TRUE,NA
"161","rs3847244","T","C","T","C",0.0186716901787056,-0.0206564,0.47,0.393961,FALSE,FALSE,FALSE,"knQ4mL",3025368,0.325654,0.0210157,"outcome",TRUE,"reported","textfile",9,"3025368",0.00255274092798555,2.6e-13,"SmoInit",TRUE,"reported","G8JOQX",2,TRUE,NA
"162","rs3850736","G","C","G","C",0.0191284473580711,-0.0118354,0.474,0.456797,FALSE,TRUE,TRUE,"knQ4mL",63999464,0.565459,0.0205921,"outcome",TRUE,"reported","textfile",8,"64912021",0.00255159394161599,6.43e-14,"SmoInit",TRUE,"reported","G8JOQX",2,FALSE,NA
"163","rs3909281","G","T","G","T",0.0210671931230717,0.0293964,0.536,0.463384,FALSE,FALSE,FALSE,"knQ4mL",165669430,0.152671,0.0205546,"outcome",TRUE,"reported","textfile",5,"165096435",0.00255477242593266,1.62e-16,"SmoInit",TRUE,"reported","G8JOQX",2,TRUE,NA
"164","rs3934797","A","G","A","G",-0.0212974655643372,-0.0189779,0.182,0.156414,FALSE,FALSE,FALSE,"knQ4mL",111546456,0.502657,0.0283119,"outcome",TRUE,"reported","textfile",4,"112467612",0.00330203186086922,1.12e-10,"SmoInit",TRUE,"reported","G8JOQX",2,TRUE,NA
"165","rs4044321","G","A","G","A",-0.0226409661630272,-0.0152277,0.644,0.661688,FALSE,FALSE,FALSE,"knQ4mL",167562508,0.481656,0.0216413,"outcome",TRUE,"reported","textfile",5,"166989513",0.00266088234855731,1.75e-17,"SmoInit",TRUE,"reported","G8JOQX",2,TRUE,NA
"166","rs4140932","A","T","A","T",-0.0140445222019547,-0.0320022,0.431,0.495863,FALSE,TRUE,TRUE,"knQ4mL",15456974,0.118601,0.0205054,"outcome",TRUE,"reported","textfile",4,"15458598",0.00257275740542211,4.89e-08,"SmoInit",TRUE,"reported","G8JOQX",2,FALSE,NA
"167","rs42417","T","C","T","C",0.0169295734879061,-0.00309882,0.691,0.527605,FALSE,FALSE,FALSE,"knQ4mL",94862585,0.880356,0.0205877,"outcome",TRUE,"reported","textfile",5,"94198290",0.00275724489830731,8.27e-10,"SmoInit",TRUE,"reported","G8JOQX",2,TRUE,NA
"168","rs4264267","T","C","T","C",0.0147920832786023,-0.00464378,0.527042,0.565826,FALSE,FALSE,FALSE,"knQ4mL",37785539,0.82293,0.0207517,"outcome",TRUE,"reported","textfile",13,"38359676",0.00255187680537184,6.82e-09,"SmoInit",TRUE,"reported","G8JOQX",2,TRUE,NA
"169","rs4310804","G","C","G","C",-0.0181872587471534,-0.0217405,0.247,0.302469,FALSE,TRUE,FALSE,"knQ4mL",96315180,0.331841,0.0224033,"outcome",TRUE,"reported","textfile",15,"96858409",0.002954252695758,7.55e-10,"SmoInit",TRUE,"reported","G8JOQX",2,TRUE,NA
"170","rs4326350","G","C","G","C",-0.0176136629922878,0.0553641,0.493,0.387444,FALSE,TRUE,TRUE,"knQ4mL",10906145,0.00820144,0.0209422,"outcome",TRUE,"reported","textfile",8,"10763655",0.00255297290866797,5.16e-12,"SmoInit",TRUE,"reported","G8JOQX",2,FALSE,NA
"171","rs4476253","A","G","A","G",-0.0184861639511242,0.015516,0.24,0.22105,FALSE,FALSE,FALSE,"knQ4mL",27673333,0.529326,0.0246664,"outcome",TRUE,"reported","textfile",18,"25253297",0.00298319187991516,5.78e-10,"SmoInit",TRUE,"reported","G8JOQX",2,TRUE,NA
"172","rs4543050","T","A","T","A",0.0222035305102178,-0.050632,0.816,0.860884,FALSE,TRUE,FALSE,"knQ4mL",74905409,0.0884647,0.0297215,"outcome",TRUE,"reported","textfile",3,"74954560",0.00328805909500432,1.45e-11,"SmoInit",TRUE,"reported","G8JOQX",2,TRUE,NA
"173","rs45444697","G","C","G","C",0.0196901495123313,-0.0436789,0.212,0.177845,FALSE,TRUE,FALSE,"knQ4mL",155062156,0.103739,0.0268464,"outcome",TRUE,"reported","textfile",1,"155034632",0.00311718491590551,2.72e-10,"SmoInit",TRUE,"reported","G8JOQX",2,TRUE,NA
"174","rs4674916","A","C","A","C",-0.0180261497464384,-0.0101096,0.327671,0.304038,FALSE,FALSE,FALSE,"knQ4mL",224500918,0.649503,0.0222458,"outcome",TRUE,"reported","textfile",2,"225365635",0.00271446145914343,3.06e-11,"SmoInit",TRUE,"reported","G8JOQX",2,TRUE,NA
"175","rs4674993","G","A","G","A",-0.0240053355928417,0.0233421,0.2,0.173885,FALSE,FALSE,FALSE,"knQ4mL",225467317,0.385566,0.0269016,"outcome",TRUE,"reported","textfile",2,"226332033",0.00318517731426786,4.85e-14,"SmoInit",TRUE,"reported","G8JOQX",2,TRUE,NA
"176","rs4727189","C","T","C","T",0.0148604394330488,-0.007778,0.344,0.324831,FALSE,FALSE,FALSE,"knQ4mL",88813254,0.722695,0.0219185,"outcome",TRUE,"reported","textfile",7,"88442568",0.00268202279236024,3e-08,"SmoInit",TRUE,"reported","G8JOQX",2,TRUE,NA
"177","rs4752018","A","C","A","C",0.0188538152048703,0.012742,0.231,0.192157,FALSE,FALSE,FALSE,"knQ4mL",116919201,0.624182,0.0260076,"outcome",TRUE,"reported","textfile",10,"118678712",0.00302290462718799,4.42e-10,"SmoInit",TRUE,"reported","G8JOQX",2,TRUE,NA
"178","rs4759229","G","A","G","A",0.0155695985471537,0.00343578,0.656,0.671592,FALSE,FALSE,FALSE,"knQ4mL",56080696,0.874265,0.0217119,"outcome",TRUE,"reported","textfile",12,"56474480",0.00268202279236024,6.53e-09,"SmoInit",TRUE,"reported","G8JOQX",2,TRUE,NA
"179","rs4785187","A","G","A","G",0.0199772389299315,0.0140724,0.223,0.293849,FALSE,FALSE,FALSE,"knQ4mL",49732861,0.531785,0.0225056,"outcome",TRUE,"reported","textfile",16,"49766772",0.00306076977669106,6.55e-11,"SmoInit",TRUE,"reported","G8JOQX",2,TRUE,NA
"180","rs4788676","C","T","C","T",-0.0177450351799136,0.0221018,0.228528,0.152138,FALSE,FALSE,FALSE,"knQ4mL",72916569,0.434517,0.0282817,"outcome",TRUE,"reported","textfile",16,"72950468",0.00303433699193013,4.92e-09,"SmoInit",TRUE,"reported","G8JOQX",2,TRUE,NA
"181","rs4790874","T","C","T","C",0.0174491108982369,0.0186694,0.532,0.503193,FALSE,FALSE,FALSE,"knQ4mL",2091883,0.364526,0.0205889,"outcome",TRUE,"reported","textfile",17,"1995177",0.0025533765323661,8.43e-12,"SmoInit",TRUE,"reported","G8JOQX",2,TRUE,NA
"182","rs4818005","A","G","A","G",-0.0204309829445482,-0.0280287,0.581,0.688417,FALSE,FALSE,FALSE,"knQ4mL",39216893,0.204111,0.0220712,"outcome",TRUE,"reported","textfile",21,"40588819",0.00264424745900656,1.09e-14,"SmoInit",TRUE,"reported","G8JOQX",2,TRUE,NA
"183","rs4822102","T","C","T","C",-0.0165428077340757,0.019258,0.618,0.497169,FALSE,FALSE,FALSE,"knQ4mL",42302424,0.346928,0.0204749,"outcome",TRUE,"reported","textfile",22,"42698430",0.00262221130993186,2.78e-10,"SmoInit",TRUE,"reported","G8JOQX",2,TRUE,NA
"184","rs4837631","T","C","T","C",-0.0153574290571087,-0.00954227,0.446,0.453922,FALSE,FALSE,FALSE,"knQ4mL",119299670,0.642203,0.0205377,"outcome",TRUE,"reported","textfile",9,"122061948",0.00256313389330125,2.03e-09,"SmoInit",TRUE,"reported","G8JOQX",2,TRUE,NA
"185","rs4877285","A","G","A","G",-0.0181318240751014,0.0081582,0.668249,0.670051,FALSE,FALSE,FALSE,"knQ4mL",78739213,0.708774,0.0218424,"outcome",TRUE,"reported","textfile",9,"81354129",0.00270594101919117,2.1e-11,"SmoInit",TRUE,"reported","G8JOQX",2,TRUE,NA
"186","rs4886207","C","T","C","T",-0.0162466752287049,-0.0201363,0.637,0.567407,FALSE,FALSE,FALSE,"knQ4mL",60131658,0.327986,0.0205854,"outcome",TRUE,"reported","textfile",13,"60705792",0.00264954058636653,8.78e-10,"SmoInit",TRUE,"reported","G8JOQX",2,TRUE,NA
"187","rs4912332","T","C","T","C",0.0141209253041899,0.0143413,0.491,0.544104,FALSE,FALSE,FALSE,"knQ4mL",58349571,0.484397,0.0205095,"outcome",TRUE,"reported","textfile",1,"58815243",0.00254855475073146,2.94e-08,"SmoInit",TRUE,"reported","G8JOQX",2,TRUE,NA
"188","rs540860","G","A","G","A",0.0176085972904721,0.0186467,0.543,0.548352,FALSE,FALSE,FALSE,"knQ4mL",121660179,0.368232,0.0207234,"outcome",TRUE,"reported","textfile",11,"121530888",0.00255761747377367,5.75e-12,"SmoInit",TRUE,"reported","G8JOQX",2,TRUE,NA
"189","rs55786907","G","A","G","A",0.019445215573239,0.0080595,0.162492,0.186054,FALSE,FALSE,FALSE,"knQ4mL",59297450,0.758773,0.0262446,"outcome",TRUE,"reported","textfile",13,"59871584",0.00345368823422651,1.84e-08,"SmoInit",TRUE,"reported","G8JOQX",2,TRUE,NA
"190","rs55913542","T","G","T","G",0.0185622623947187,0.0190754,0.175,0.190304,FALSE,FALSE,FALSE,"knQ4mL",99227506,0.466005,0.0261668,"outcome",TRUE,"reported","textfile",14,"99693843",0.00335560006619697,3.25e-08,"SmoInit",TRUE,"reported","G8JOQX",2,TRUE,NA
"191","rs56208390","G","A","G","A",0.0215635615380883,0.0258189,0.123,0.13882,FALSE,FALSE,FALSE,"knQ4mL",83020873,0.390394,0.0300603,"outcome",TRUE,"reported","textfile",2,"83247997",0.00387919179771511,2.68e-08,"SmoInit",TRUE,"reported","G8JOQX",2,TRUE,NA
"192","rs56902655","G","T","G","T",-0.0218627772110258,-0.0468321,0.136,0.166079,FALSE,FALSE,FALSE,"knQ4mL",63606510,0.0875004,0.0274075,"outcome",TRUE,"reported","textfile",15,"63898709",0.00371678363105592,4.09e-09,"SmoInit",TRUE,"reported","G8JOQX",2,TRUE,NA
"193","rs58400863","A","G","A","G",-0.0201718832102996,0.00241932,0.347,0.353696,FALSE,FALSE,FALSE,"knQ4mL",31182862,0.910948,0.0216314,"outcome",TRUE,"reported","textfile",4,"31184484",0.00267653099616181,4.89e-14,"SmoInit",TRUE,"reported","G8JOQX",2,TRUE,NA
"194","rs586699","A","G","A","G",-0.0148032813680652,0.00308665,0.543,0.568317,FALSE,FALSE,FALSE,"knQ4mL",92556568,0.880878,0.0205974,"outcome",TRUE,"reported","textfile",11,"92289734",0.00255761747377367,7.29e-09,"SmoInit",TRUE,"reported","G8JOQX",2,TRUE,NA
"195","rs59537158","T","C","T","C",0.0224874954780672,-0.0114274,0.214,0.177128,FALSE,FALSE,FALSE,"knQ4mL",28244427,0.671733,0.0269661,"outcome",TRUE,"reported","textfile",4,"28246049",0.00310652923853118,4.62e-13,"SmoInit",TRUE,"reported","G8JOQX",2,TRUE,NA
"196","rs6011779","T","C","T","C",-0.019176551179367,-0.0369115,0.806,0.756738,FALSE,FALSE,FALSE,"knQ4mL",63352965,0.122366,0.0238922,"outcome",TRUE,"reported","textfile",20,"61984317",0.0032276255980191,2.83e-09,"SmoInit",TRUE,"reported","G8JOQX",2,TRUE,NA
"197","rs6050446","G","A","G","A",0.0544097950038368,-0.142649,0.971,0.977095,FALSE,FALSE,FALSE,"knQ4mL",25214873,0.036028,0.0680378,"outcome",TRUE,"reported","textfile",20,"25195509",0.00761143669351101,8.8e-13,"SmoInit",TRUE,"reported","G8JOQX",2,TRUE,NA
"198","rs6073075","A","T","A","T",-0.0187040436887538,-0.0300313,0.824,0.852075,FALSE,TRUE,FALSE,"knQ4mL",43387161,0.301864,0.0290876,"outcome",TRUE,"reported","textfile",20,"42015801",0.00335394019043135,2.44e-08,"SmoInit",TRUE,"reported","G8JOQX",2,TRUE,NA
"199","rs60833441","G","A","G","A",-0.0142766415932626,-0.00257122,0.461,0.464619,FALSE,FALSE,FALSE,"knQ4mL",73756427,0.900319,0.0205274,"outcome",TRUE,"reported","textfile",15,"74048768",0.00255592884906635,2.28e-08,"SmoInit",TRUE,"reported","G8JOQX",2,TRUE,NA
"200","rs61533748","C","T","C","T",0.0174357045031205,-0.049903,0.384,0.439763,FALSE,FALSE,FALSE,"knQ4mL",22360096,0.0158172,0.02068,"outcome",TRUE,"reported","textfile",2,"22582968",0.00261961601583743,2.82e-11,"SmoInit",TRUE,"reported","G8JOQX",2,TRUE,NA
"201","rs61884449","T","C","T","C",0.0199752928300066,-0.0160648,0.149183,0.216708,FALSE,FALSE,FALSE,"knQ4mL",64717721,0.521984,0.0250899,"outcome",TRUE,"reported","textfile",11,"64485193",0.00357615107721525,2.32e-08,"SmoInit",TRUE,"reported","G8JOQX",2,TRUE,NA
"202","rs61886926","T","C","T","C",-0.0179400669035335,0.0586767,0.384,0.4201,FALSE,FALSE,FALSE,"knQ4mL",64366080,0.00453973,0.0206754,"outcome",TRUE,"reported","textfile",11,"64133552",0.00261961601583743,7.3e-12,"SmoInit",TRUE,"reported","G8JOQX",2,TRUE,NA
"203","rs619087","G","A","G","A",0.0142703351761035,-0.0258563,0.422,0.523836,FALSE,FALSE,FALSE,"knQ4mL",93465561,0.20731,0.0205047,"outcome",TRUE,"reported","textfile",6,"94175279",0.00257972528581484,3.1e-08,"SmoInit",TRUE,"reported","G8JOQX",2,TRUE,NA
"204","rs61959481","A","G","A","G",-0.0203441990277331,0.00773659,0.21,0.178453,FALSE,FALSE,FALSE,"knQ4mL",55260794,0.772748,0.0267903,"outcome",TRUE,"reported","textfile",13,"55834929",0.00312802641757244,7.95e-11,"SmoInit",TRUE,"reported","G8JOQX",2,TRUE,NA
"205","rs62007780","T","G","T","G",-0.0159132952767858,0.00481241,0.416,0.394881,FALSE,FALSE,FALSE,"knQ4mL",77733122,0.818979,0.0210279,"outcome",TRUE,"reported","textfile",15,"78025464",0.00258488077414061,7.48e-10,"SmoInit",TRUE,"reported","G8JOQX",2,TRUE,NA
"206","rs62052916","T","A","T","A",-0.0319137711463547,0.00455721,0.0701,0.0912611,FALSE,TRUE,FALSE,"knQ4mL",72540651,0.898461,0.0357132,"outcome",TRUE,"reported","textfile",16,"72574550",0.00499018300026018,1.62e-10,"SmoInit",TRUE,"reported","G8JOQX",2,TRUE,NA
"207","rs62098013","A","G","A","G",0.0177099761642005,-0.0151952,0.365322,0.351971,FALSE,FALSE,FALSE,"knQ4mL",53337491,0.47969,0.0214986,"outcome",TRUE,"reported","textfile",18,"50863861",0.00264593377276032,2.24e-11,"SmoInit",TRUE,"reported","G8JOQX",2,TRUE,NA
"208","rs62106258","C","T","C","T",-0.0454980088384573,0.0943418,0.047329,0.0202524,FALSE,FALSE,FALSE,"knQ4mL",417167,0.193524,0.0725581,"outcome",TRUE,"reported","textfile",2,"417167",0.00600009972129354,3.33e-14,"SmoInit",TRUE,"reported","G8JOQX",2,TRUE,NA
"209","rs62137126","G","A","G","A",-0.0236910869881559,-0.0126213,0.121094,0.104925,FALSE,FALSE,FALSE,"knQ4mL",44023010,0.704249,0.0332497,"outcome",TRUE,"reported","textfile",2,"44250149",0.00390536003837775,1.31e-09,"SmoInit",TRUE,"reported","G8JOQX",2,TRUE,NA
"210","rs62180324","A","G","A","G",-0.0195166646371247,-0.00691899,0.212,0.154023,FALSE,FALSE,FALSE,"knQ4mL",63189471,0.807497,0.0283965,"outcome",TRUE,"reported","textfile",2,"63416606",0.00311718491590551,3.91e-10,"SmoInit",TRUE,"reported","G8JOQX",2,TRUE,NA
"211","rs62193862","A","G","A","G",0.0238462864833974,-0.0237335,0.0999,0.123723,FALSE,FALSE,FALSE,"knQ4mL",201979152,0.447969,0.0312774,"outcome",TRUE,"reported","textfile",2,"202843875",0.00424879209370151,1.99e-08,"SmoInit",TRUE,"reported","G8JOQX",2,TRUE,NA
"212","rs62246017","A","G","A","G",-0.0161694933302614,0.0192261,0.322639,0.278812,FALSE,FALSE,FALSE,"knQ4mL",71433933,0.401823,0.0229327,"outcome",TRUE,"reported","textfile",3,"71483084",0.00272536754484063,3.03e-09,"SmoInit",TRUE,"reported","G8JOQX",2,TRUE,NA
"213","rs62340589","C","G","C","G",0.017413369446369,0.0277099,0.201,0.195497,FALSE,TRUE,FALSE,"knQ4mL",175954644,0.283845,0.0258555,"outcome",TRUE,"reported","textfile",4,"176875795",0.00317923174931584,4.31e-08,"SmoInit",TRUE,"reported","G8JOQX",2,TRUE,NA
"214","rs62618693","T","C","T","C",-0.0352724153423309,0.153965,0.0428,0.0257548,FALSE,FALSE,FALSE,"knQ4mL",32934946,0.0172703,0.0646669,"outcome",TRUE,"reported","textfile",11,"32956492",0.00629463244218645,2.09e-08,"SmoInit",TRUE,"reported","G8JOQX",2,TRUE,NA
"215","rs6265","T","C","T","C",-0.0292754909467112,-0.0182242,0.188,0.154375,FALSE,FALSE,FALSE,"knQ4mL",27658369,0.518959,0.0282567,"outcome",TRUE,"reported","textfile",11,"27679916",0.00326089388209887,2.81e-19,"SmoInit",TRUE,"reported","G8JOQX",2,TRUE,NA
"216","rs6437769","T","C","T","C",0.0142141155562826,-0.0438165,0.581,0.509287,FALSE,FALSE,FALSE,"knQ4mL",108278667,0.0325095,0.0204933,"outcome",TRUE,"reported","textfile",3,"107997514",0.00258225143562947,3.74e-08,"SmoInit",TRUE,"reported","G8JOQX",2,TRUE,NA
"217","rs6438436","T","C","T","C",0.0247370456169046,0.00367778,0.816,0.756958,FALSE,FALSE,FALSE,"knQ4mL",118103302,0.877925,0.0239439,"outcome",TRUE,"reported","textfile",3,"117822149",0.00328805909500432,5.33e-14,"SmoInit",TRUE,"reported","G8JOQX",2,TRUE,NA
"218","rs644740","T","C","T","C",-0.0140785168397533,0.0142674,0.457,0.396225,FALSE,FALSE,FALSE,"knQ4mL",65793997,0.494861,0.0209016,"outcome",TRUE,"reported","textfile",11,"65561468",0.00255761747377367,3.67e-08,"SmoInit",TRUE,"reported","G8JOQX",2,TRUE,NA
"219","rs6497840","A","G","A","G",0.0227702781578142,-0.0244407,0.707,0.743103,FALSE,FALSE,FALSE,"knQ4mL",25340312,0.295503,0.0233631,"outcome",TRUE,"reported","textfile",16,"25351633",0.00286651128783754,2.01e-15,"SmoInit",TRUE,"reported","G8JOQX",2,TRUE,NA
"220","rs6568832","A","G","A","G",0.0188690056414671,-0.0124589,0.753851,0.728441,FALSE,FALSE,FALSE,"knQ4mL",97255000,0.587768,0.0229838,"outcome",TRUE,"reported","textfile",6,"97702876",0.00295768425707732,1.74e-10,"SmoInit",TRUE,"reported","G8JOQX",2,TRUE,NA
"221","rs67050670","G","A","G","A",-0.0202722725573387,-0.0191046,0.229,0.203872,FALSE,FALSE,FALSE,"knQ4mL",41717290,0.453747,0.0255006,"outcome",TRUE,"reported","textfile",18,"39297254",0.00303213598798646,2.34e-11,"SmoInit",TRUE,"reported","G8JOQX",2,TRUE,NA
"222","rs6731872","G","T","G","T",0.0315976722437205,0.0123726,0.826,0.835226,FALSE,FALSE,FALSE,"knQ4mL",624205,0.651078,0.027357,"outcome",TRUE,"reported","textfile",2,"624205",0.00336069389789628,5.35e-21,"SmoInit",TRUE,"reported","G8JOQX",2,TRUE,NA
"223","rs6750107","A","G","A","G",0.0145651380943922,-0.00482427,0.386875,0.450158,FALSE,FALSE,FALSE,"knQ4mL",80521682,0.814598,0.0205727,"outcome",TRUE,"reported","textfile",2,"80748807",0.00261597602650499,2.6e-08,"SmoInit",TRUE,"reported","G8JOQX",2,TRUE,NA
"224","rs6750529","T","C","T","C",0.0199073582141741,0.0110351,0.744,0.745293,FALSE,FALSE,FALSE,"knQ4mL",181162876,0.639773,0.0235785,"outcome",TRUE,"reported","textfile",2,"182027603",0.00291935664980527,9.26e-12,"SmoInit",TRUE,"reported","G8JOQX",2,TRUE,NA
"225","rs6756212","T","C","T","C",-0.0338880494124865,0.00105497,0.535,0.438409,FALSE,FALSE,FALSE,"knQ4mL",145382564,0.959258,0.0206514,"outcome",TRUE,"reported","textfile",2,"146140132",0.00255440783586912,3.49e-40,"SmoInit",TRUE,"reported","G8JOQX",2,TRUE,NA
"226","rs67777803","T","G","T","G",-0.0246014935565632,-0.0201275,0.172,0.16712,FALSE,FALSE,FALSE,"knQ4mL",28996304,0.464441,0.0275134,"outcome",TRUE,"reported","textfile",17,"27323322",0.00337609153783181,3.18e-13,"SmoInit",TRUE,"reported","G8JOQX",2,TRUE,NA
"227","rs6782116","T","C","T","C",-0.0146502197827914,0.0415349,0.415,0.316225,FALSE,FALSE,FALSE,"knQ4mL",77126881,0.0598825,0.0220736,"outcome",TRUE,"reported","textfile",3,"77176032",0.00258578030838715,1.46e-08,"SmoInit",TRUE,"reported","G8JOQX",2,TRUE,NA
"228","rs6874731","G","T","G","T",0.0153179156797748,0.0162823,0.484,0.464758,FALSE,FALSE,FALSE,"knQ4mL",80968046,0.432532,0.0207454,"outcome",TRUE,"reported","textfile",5,"80263865",0.00254944750286814,1.83e-09,"SmoInit",TRUE,"reported","G8JOQX",2,TRUE,NA
"229","rs6890961","T","C","T","C",-0.0193108669011559,0.0274937,0.624,0.638039,FALSE,FALSE,FALSE,"knQ4mL",167351498,0.200739,0.0214887,"outcome",TRUE,"reported","textfile",5,"166778503",0.0026303127365933,2.13e-13,"SmoInit",TRUE,"reported","G8JOQX",2,TRUE,NA
"230","rs6936160","T","C","T","C",0.0201067590761284,-0.0186021,0.698,0.690153,FALSE,FALSE,FALSE,"knQ4mL",99899869,0.402003,0.0221969,"outcome",TRUE,"reported","textfile",6,"100347745",0.0027749963896861,4.2e-13,"SmoInit",TRUE,"reported","G8JOQX",2,TRUE,NA
"231","rs6968380","A","G","A","G",-0.0234192367880246,0.0223009,0.681,0.63027,FALSE,FALSE,FALSE,"knQ4mL",115300105,0.294736,0.0212838,"outcome",TRUE,"reported","textfile",7,"114940159",0.00273353543303769,1.05e-17,"SmoInit",TRUE,"reported","G8JOQX",2,TRUE,NA
"232","rs6986430","C","T","C","T",-0.0243376590460144,0.060157,0.222377,0.193998,FALSE,FALSE,FALSE,"knQ4mL",92035876,0.0200424,0.0258678,"outcome",TRUE,"reported","textfile",8,"93048104",0.00306382618128011,1.99e-15,"SmoInit",TRUE,"reported","G8JOQX",2,TRUE,NA
"233","rs7024924","C","T","C","T",0.0188917634386336,-0.00971127,0.174,0.172836,FALSE,FALSE,FALSE,"knQ4mL",8282399,0.719823,0.0270739,"outcome",TRUE,"reported","textfile",9,"8282399",0.00336069389789629,1.9e-08,"SmoInit",TRUE,"reported","G8JOQX",2,TRUE,NA
"234","rs7026534","G","T","G","T",-0.0166030163128688,0.0321632,0.703821,0.736596,FALSE,FALSE,FALSE,"knQ4mL",132031876,0.168153,0.0233378,"outcome",TRUE,"reported","textfile",9,"134907263",0.0027905214398687,2.68e-09,"SmoInit",TRUE,"reported","G8JOQX",2,TRUE,NA
"235","rs7072776","G","A","G","A",-0.0219746659604234,0.0176649,0.712,0.762103,FALSE,FALSE,FALSE,"knQ4mL",21744013,0.461307,0.0239785,"outcome",TRUE,"reported","textfile",10,"22032942",0.00281356766714023,5.66e-15,"SmoInit",TRUE,"reported","G8JOQX",2,TRUE,NA
"236","rs7134009","C","T","C","T",-0.0157969079482934,0.000557382,0.287,0.356942,FALSE,FALSE,FALSE,"knQ4mL",74869413,0.979187,0.0213657,"outcome",TRUE,"reported","textfile",12,"75263193",0.00288410760737097,4.3e-08,"SmoInit",TRUE,"reported","G8JOQX",2,TRUE,NA
"237","rs71367544","T","C","T","C",0.0205521600569838,0.00484373,0.203,0.219359,FALSE,FALSE,FALSE,"knQ4mL",79814374,0.845201,0.0248084,"outcome",TRUE,"reported","textfile",18,"77574374",0.00316749855600992,8.54e-11,"SmoInit",TRUE,"reported","G8JOQX",2,TRUE,NA
"238","rs71592686","C","T","C","T",0.0207374485275736,-0.00658429,0.274,0.279773,FALSE,FALSE,FALSE,"knQ4mL",60825444,0.772504,0.022775,"outcome",TRUE,"reported","textfile",5,"60121271",0.00285660382555937,3.85e-13,"SmoInit",TRUE,"reported","G8JOQX",2,TRUE,NA
"239","rs71602617","T","C","T","C",-0.0177654859083323,-0.024691,0.216,0.296941,FALSE,FALSE,FALSE,"knQ4mL",135485000,0.269679,0.022369,"outcome",TRUE,"reported","textfile",4,"136406155",0.00317038691182538,2.1e-08,"SmoInit",TRUE,"reported","G8JOQX",2,TRUE,NA
"240","rs7188873","G","A","G","A",0.0202957786323485,0.0261663,0.612998,0.631215,FALSE,FALSE,FALSE,"knQ4mL",24715743,0.217872,0.0212353,"outcome",TRUE,"reported","textfile",16,"24727064",0.00261581768560816,8.46e-15,"SmoInit",TRUE,"reported","G8JOQX",2,TRUE,NA
"241","rs7192140","C","T","C","T",-0.0168833776674707,-0.018577,0.498,0.421246,FALSE,FALSE,FALSE,"knQ4mL",10079891,0.371215,0.020775,"outcome",TRUE,"reported","textfile",16,"10173748",0.00254816223679372,3.4e-11,"SmoInit",TRUE,"reported","G8JOQX",2,TRUE,NA
"242","rs72780746","C","T","C","T",-0.0257629583806218,0.00687578,0.173,0.153818,FALSE,FALSE,FALSE,"knQ4mL",104593887,0.807577,0.0282311,"outcome",TRUE,"reported","textfile",5,"103929588",0.00336835455155562,2.05e-14,"SmoInit",TRUE,"reported","G8JOQX",2,TRUE,NA
"243","rs72789626","A","T","A","T",-0.025643113591373,-0.0431016,0.136,0.0845241,FALSE,TRUE,FALSE,"knQ4mL",107489917,0.238258,0.0365469,"outcome",TRUE,"reported","textfile",5,"106825618",0.00371678363105592,5.13e-12,"SmoInit",TRUE,"reported","G8JOQX",2,TRUE,NA
"244","rs72790288","A","G","A","G",-0.0455317796974094,0.14419,0.0282,0.0180942,FALSE,FALSE,FALSE,"knQ4mL",29290538,0.0653236,0.0782352,"outcome",TRUE,"reported","textfile",2,"29513404",0.00769627546732542,3.28e-09,"SmoInit",TRUE,"reported","G8JOQX",2,TRUE,NA
"245","rs72898831","G","A","G","A",-0.024415855154164,-0.0415475,0.155,0.134231,FALSE,FALSE,FALSE,"knQ4mL",45078678,0.167403,0.0300938,"outcome",TRUE,"reported","textfile",18,"42658643",0.00352045989869483,4.14e-12,"SmoInit",TRUE,"reported","G8JOQX",2,TRUE,NA
"246","rs73008357","C","A","C","A",-0.0223095209685988,-0.0366838,0.121,0.111454,FALSE,FALSE,FALSE,"knQ4mL",156110722,0.258054,0.0324347,"outcome",TRUE,"reported","textfile",6,"156431856",0.00400046109017831,2.44e-08,"SmoInit",TRUE,"reported","G8JOQX",2,TRUE,NA
"247","rs7333559","A","G","A","G",-0.0232125263243759,-0.0407846,0.783,0.836392,FALSE,FALSE,FALSE,"knQ4mL",99894196,0.140775,0.0276898,"outcome",TRUE,"reported","textfile",13,"100546450",0.00309088507361485,5.94e-14,"SmoInit",TRUE,"reported","G8JOQX",2,TRUE,NA
"248","rs73831818","G","A","G","A",0.0320434884207701,-0.0109924,0.057,0.0371059,FALSE,FALSE,FALSE,"knQ4mL",55954366,0.837064,0.0534518,"outcome",TRUE,"reported","textfile",3,"55988394",0.00549541292719244,5.46e-09,"SmoInit",TRUE,"reported","G8JOQX",2,TRUE,NA
"249","rs748832","G","A","G","A",0.017214171572941,0.0299145,0.371,0.365436,FALSE,FALSE,FALSE,"knQ4mL",16809700,0.15875,0.0212267,"outcome",TRUE,"reported","textfile",3,"16851202",0.00263743234317981,6.6e-11,"SmoInit",TRUE,"reported","G8JOQX",2,TRUE,NA
"250","rs7505855","T","C","T","C",-0.016981782012443,0.000975122,0.586,0.576749,FALSE,FALSE,FALSE,"knQ4mL",34116111,0.962483,0.0207305,"outcome",TRUE,"reported","textfile",18,"31696075",0.00258669144452735,5.31e-11,"SmoInit",TRUE,"reported","G8JOQX",2,TRUE,NA
"251","rs75674569","A","G","A","G",-0.0253376642806127,0.019727,0.0997,0.0590187,FALSE,FALSE,FALSE,"knQ4mL",96171470,0.646108,0.0429618,"outcome",TRUE,"reported","textfile",13,"96823724",0.00425257910541401,2.58e-09,"SmoInit",TRUE,"reported","G8JOQX",2,TRUE,NA
"252","rs75919030","C","T","C","T",-0.0209664026528435,0.0234355,0.267,0.259139,FALSE,FALSE,FALSE,"knQ4mL",52115837,0.315524,0.0233492,"outcome",TRUE,"reported","textfile",17,"50193197",0.00287995689236987,3.35e-13,"SmoInit",TRUE,"reported","G8JOQX",2,TRUE,NA
"253","rs7598402","G","C","G","C",-0.0147282541443157,0.045692,0.492084,0.479214,FALSE,TRUE,TRUE,"knQ4mL",50508805,0.025828,0.0205008,"outcome",TRUE,"reported","textfile",2,"50735943",0.00254846126017199,7.38e-09,"SmoInit",TRUE,"reported","G8JOQX",2,FALSE,NA
"254","rs7600835","A","G","A","G",-0.0151215822660203,-0.0214536,0.342,0.280313,FALSE,FALSE,FALSE,"knQ4mL",171665317,0.348864,0.0229011,"outcome",TRUE,"reported","textfile",2,"172521827",0.00268576249814973,1.8e-08,"SmoInit",TRUE,"reported","G8JOQX",2,TRUE,NA
"255","rs7631379","C","T","C","T",0.0208014202663307,-0.0170077,0.206,0.154767,FALSE,FALSE,FALSE,"knQ4mL",181691269,0.545345,0.0281235,"outcome",TRUE,"reported","textfile",3,"181409057",0.00315028426377377,3.94e-11,"SmoInit",TRUE,"reported","G8JOQX",2,TRUE,NA
"256","rs7640107","T","C","T","C",-0.0141860488913742,0.0062339,0.430789,0.480396,FALSE,FALSE,FALSE,"knQ4mL",59980430,0.760705,0.0204688,"outcome",TRUE,"reported","textfile",3,"59966156",0.00257291038839787,3.46e-08,"SmoInit",TRUE,"reported","G8JOQX",2,TRUE,NA
"257","rs76460663","G","C","G","C",-0.0423499881621549,0.029202,0.041056,0.0775929,FALSE,TRUE,FALSE,"knQ4mL",112109017,0.450656,0.038713,"outcome",TRUE,"reported","textfile",11,"111979741",0.00642108863426387,4.15e-11,"SmoInit",TRUE,"reported","G8JOQX",2,TRUE,NA
"258","rs7657022","G","A","G","A",0.0182907848013209,-0.00761018,0.489,0.50823,FALSE,FALSE,FALSE,"knQ4mL",35499410,0.709932,0.0204604,"outcome",TRUE,"reported","textfile",4,"35501032",0.00254875872567672,7.34e-13,"SmoInit",TRUE,"reported","G8JOQX",2,TRUE,NA
"259","rs76608582","A","C","A","C",-0.0345492908715738,-0.0122708,0.0489,0.0575515,FALSE,FALSE,FALSE,"knQ4mL",4474728,0.782928,0.0445391,"outcome",TRUE,"reported","textfile",19,"4474725",0.00590780408568799,4.88e-09,"SmoInit",TRUE,"reported","G8JOQX",2,TRUE,NA
"260","rs76841737","G","C","G","C",-0.0231488111016818,0.0347913,0.103,0.1119,FALSE,TRUE,FALSE,"knQ4mL",91652094,0.283847,0.0324631,"outcome",TRUE,"reported","textfile",7,"91281409",0.0041915897661762,3.26e-08,"SmoInit",TRUE,"reported","G8JOQX",2,TRUE,NA
"261","rs7696257","A","G","A","G",0.0153312678884022,-0.00187551,0.366,0.419825,FALSE,FALSE,FALSE,"knQ4mL",136553628,0.927839,0.0207093,"outcome",TRUE,"reported","textfile",4,"137474783",0.00264489498770943,6.78e-09,"SmoInit",TRUE,"reported","G8JOQX",2,TRUE,NA
"262","rs77283305","A","G","A","G",-0.0151959719568566,-0.0140468,0.305819,0.277423,FALSE,FALSE,FALSE,"knQ4mL",132909071,0.538763,0.022852,"outcome",TRUE,"reported","textfile",7,"132593831",0.00276519021844032,3.91e-08,"SmoInit",TRUE,"reported","G8JOQX",2,TRUE,NA
"263","rs7743165","G","T","G","T",0.0192558800004546,0.0054584,0.495,0.465748,FALSE,FALSE,FALSE,"knQ4mL",66811329,0.790395,0.0205359,"outcome",TRUE,"reported","textfile",6,"67521222",0.00254826926806319,4.15e-14,"SmoInit",TRUE,"reported","G8JOQX",2,TRUE,NA
"264","rs7802996","T","C","T","C",-0.0208846886818414,0.0217188,0.166,0.0983798,FALSE,FALSE,FALSE,"knQ4mL",78142666,0.5235,0.0340442,"outcome",TRUE,"reported","textfile",7,"77771983",0.00342417960246408,1.06e-09,"SmoInit",TRUE,"reported","G8JOQX",2,TRUE,NA
"265","rs7809303","A","G","A","G",-0.021418836864619,0.0186447,0.325,0.337966,FALSE,FALSE,FALSE,"knQ4mL",70019380,0.386504,0.0215303,"outcome",TRUE,"reported","textfile",7,"69484366",0.00272019500200298,3.48e-15,"SmoInit",TRUE,"reported","G8JOQX",2,TRUE,NA
"266","rs7836565","T","C","T","C",-0.0155084165083128,-0.0222173,0.718,0.699731,FALSE,FALSE,FALSE,"knQ4mL",51656889,0.319617,0.0223234,"outcome",TRUE,"reported","textfile",8,"52569449",0.00283143651759614,4.36e-08,"SmoInit",TRUE,"reported","G8JOQX",2,TRUE,NA
"267","rs7867822","G","A","G","A",-0.0150970271647724,-0.000449886,0.673,0.702165,FALSE,FALSE,FALSE,"knQ4mL",20676455,0.983916,0.0223159,"outcome",TRUE,"reported","textfile",9,"20676454",0.00271589012993163,2.76e-08,"SmoInit",TRUE,"reported","G8JOQX",2,TRUE,NA
"268","rs7920501","A","T","A","T",-0.0155168449616196,-0.0071198,0.465,0.392635,FALSE,TRUE,TRUE,"knQ4mL",10001196,0.733687,0.0209268,"outcome",TRUE,"reported","textfile",10,"10043159",0.00255440783586912,1.25e-09,"SmoInit",TRUE,"reported","G8JOQX",2,FALSE,NA
"269","rs7921378","C","G","C","G",-0.0233135465388289,0.0236553,0.482,0.494238,FALSE,TRUE,TRUE,"knQ4mL",61915126,0.247312,0.0204471,"outcome",TRUE,"reported","textfile",10,"63674885",0.00254979465403176,6.1e-20,"SmoInit",TRUE,"reported","G8JOQX",2,FALSE,NA
"270","rs7929518","G","A","G","A",0.0192362727079985,0.00064222,0.773,0.742192,FALSE,FALSE,FALSE,"knQ4mL",86269916,0.978139,0.0234365,"outcome",TRUE,"reported","textfile",11,"85980958",0.00304152177247051,2.55e-10,"SmoInit",TRUE,"reported","G8JOQX",2,TRUE,NA
"271","rs7943721","A","G","A","G",-0.0212136090038615,-0.0145301,0.829,0.844288,FALSE,FALSE,FALSE,"knQ4mL",73598348,0.608812,0.0283918,"outcome",TRUE,"reported","textfile",11,"73309393",0.00338390595551107,3.58e-10,"SmoInit",TRUE,"reported","G8JOQX",2,TRUE,NA
"272","rs7969559","G","A","G","A",-0.0170158764738426,0.0154682,0.713,0.644546,FALSE,FALSE,FALSE,"knQ4mL",69261387,0.469415,0.0213817,"outcome",TRUE,"reported","textfile",12,"69655167",0.00281648791389652,1.53e-09,"SmoInit",TRUE,"reported","G8JOQX",2,TRUE,NA
"273","rs8005334","G","T","G","T",0.0166733576649974,0.0107849,0.36,0.234959,FALSE,FALSE,FALSE,"knQ4mL",79097311,0.654675,0.0241123,"outcome",TRUE,"reported","textfile",14,"79563654",0.00265628674749107,3.44e-10,"SmoInit",TRUE,"reported","G8JOQX",2,TRUE,NA
"274","rs8027457","C","T","C","T",0.0153137772807968,0.00601276,0.511,0.520919,FALSE,FALSE,FALSE,"knQ4mL",98660872,0.769299,0.020501,"outcome",TRUE,"reported","textfile",15,"99204101",0.00254875872567672,1.88e-09,"SmoInit",TRUE,"reported","G8JOQX",2,TRUE,NA
"275","rs8050598","T","C","T","C",0.0186697540012263,0.00680594,0.254117,0.226727,FALSE,FALSE,FALSE,"knQ4mL",49858053,0.782651,0.0246711,"outcome",TRUE,"reported","textfile",16,"49891964",0.00292645190436437,1.76e-10,"SmoInit",TRUE,"reported","G8JOQX",2,TRUE,NA
"276","rs8096225","C","A","C","A",0.0155245337193483,-0.016339,0.703,0.755759,FALSE,FALSE,FALSE,"knQ4mL",39341887,0.489833,0.0236601,"outcome",TRUE,"reported","textfile",18,"36921851",0.00278828856748841,2.63e-08,"SmoInit",TRUE,"reported","G8JOQX",2,TRUE,NA
"277","rs8103660","C","T","C","T",0.0158025711053756,-0.0281069,0.354431,0.393262,FALSE,FALSE,FALSE,"knQ4mL",18455585,0.178774,0.0209045,"outcome",TRUE,"reported","textfile",19,"18566395",0.00266352281645246,3.03e-09,"SmoInit",TRUE,"reported","G8JOQX",2,TRUE,NA
"278","rs876793","C","T","C","T",-0.0179245007056761,-0.00203101,0.349262,0.272031,FALSE,FALSE,FALSE,"knQ4mL",237688783,0.929502,0.0229566,"outcome",TRUE,"reported","textfile",1,"237852083",0.00273664472881359,5.69e-11,"SmoInit",TRUE,"reported","G8JOQX",2,TRUE,NA
"279","rs910912","C","T","C","T",-0.0167699273398506,0.0275067,0.739,0.756057,FALSE,FALSE,FALSE,"knQ4mL",55887337,0.247626,0.023792,"outcome",TRUE,"reported","textfile",20,"54462393",0.00290609002764278,7.82e-09,"SmoInit",TRUE,"reported","G8JOQX",2,TRUE,NA
"280","rs925524","G","A","G","A",0.0155573140824448,-0.0242551,0.71,0.739978,FALSE,FALSE,FALSE,"knQ4mL",46031037,0.300593,0.0234312,"outcome",TRUE,"reported","textfile",1,"46496709",0.00280779523008113,2.94e-08,"SmoInit",TRUE,"reported","G8JOQX",2,TRUE,NA
"281","rs9288999","A","G","A","G",0.0174410822809077,0.00196689,0.735,0.706576,FALSE,FALSE,FALSE,"knQ4mL",114429080,0.930368,0.0225091,"outcome",TRUE,"reported","textfile",3,"114147927",0.00288686847985553,1.5e-09,"SmoInit",TRUE,"reported","G8JOQX",2,TRUE,NA
"282","rs9302604","G","A","G","A",0.0187095218089082,0.0083133,0.435,0.425004,FALSE,FALSE,FALSE,"knQ4mL",69542991,0.689152,0.020783,"outcome",TRUE,"reported","textfile",16,"69576894",0.00256995046688193,3.29e-13,"SmoInit",TRUE,"reported","G8JOQX",2,TRUE,NA
"283","rs9323328","G","A","G","A",-0.0142370300423771,-0.00697171,0.537,0.465137,FALSE,FALSE,FALSE,"knQ4mL",58186796,0.733704,0.0204929,"outcome",TRUE,"reported","textfile",14,"58653514",0.00255704608072541,2.55e-08,"SmoInit",TRUE,"reported","G8JOQX",2,TRUE,NA
"284","rs9331343","C","T","C","T",-0.0141345190480488,0.0210384,0.568,0.565072,FALSE,FALSE,FALSE,"knQ4mL",157317226,0.314956,0.0209363,"outcome",TRUE,"reported","textfile",6,"157738258",0.00257203908542274,3.9e-08,"SmoInit",TRUE,"reported","G8JOQX",2,TRUE,NA
"285","rs9423279","G","C","G","C",-0.0185807847386936,-0.00588702,0.645,0.599527,FALSE,TRUE,FALSE,"knQ4mL",123920903,0.780089,0.021085,"outcome",TRUE,"reported","textfile",10,"125680419",0.00266256103074018,3.06e-12,"SmoInit",TRUE,"reported","G8JOQX",2,TRUE,NA
"286","rs951740","A","G","A","G",0.0295408668572617,-0.0166994,0.625,0.607501,FALSE,FALSE,FALSE,"knQ4mL",43546066,0.426485,0.0209997,"outcome",TRUE,"reported","textfile",1,"44011737",0.00263170958781378,3.82e-29,"SmoInit",TRUE,"reported","G8JOQX",2,TRUE,NA
"287","rs9538162","C","T","C","T",0.0173791554995482,0.0109235,0.415874,0.400096,FALSE,FALSE,FALSE,"knQ4mL",58690909,0.600168,0.0208401,"outcome",TRUE,"reported","textfile",13,"59265043",0.00258499347783996,1.76e-11,"SmoInit",TRUE,"reported","G8JOQX",2,TRUE,NA
"288","rs9540731","T","C","T","C",-0.017730323058699,0.0294047,0.509,0.459633,FALSE,FALSE,FALSE,"knQ4mL",66375238,0.153027,0.0205782,"outcome",TRUE,"reported","textfile",13,"66949370",0.00254855475073146,3.42e-12,"SmoInit",TRUE,"reported","G8JOQX",2,TRUE,NA
"289","rs9545155","C","T","C","T",-0.0160708800199023,-0.0201611,0.478,0.475491,FALSE,FALSE,FALSE,"knQ4mL",79617738,0.326562,0.0205502,"outcome",TRUE,"reported","textfile",13,"80191873",0.00255061204001953,3.04e-10,"SmoInit",TRUE,"reported","G8JOQX",2,TRUE,NA
"290","rs9627272","C","G","C","G",-0.0154736957351565,-0.0361559,0.407,0.333805,FALSE,TRUE,FALSE,"knQ4mL",46046408,0.100326,0.0220024,"outcome",TRUE,"reported","textfile",22,"46442288",0.00259339729741758,2.42e-09,"SmoInit",TRUE,"reported","G8JOQX",2,TRUE,NA
"291","rs9826984","A","G","A","G",-0.0140528591832801,0.0171587,0.542,0.502046,FALSE,FALSE,FALSE,"knQ4mL",132226878,0.40112,0.0204362,"outcome",TRUE,"reported","textfile",3,"131945722",0.00255717955159768,3.87e-08,"SmoInit",TRUE,"reported","G8JOQX",2,TRUE,NA
"292","rs9841807","T","C","T","C",0.0162534791111457,0.0463091,0.273,0.338217,FALSE,FALSE,FALSE,"knQ4mL",176001139,0.0324638,0.0216534,"outcome",TRUE,"reported","textfile",3,"175718927",0.00285986199420466,1.35e-08,"SmoInit",TRUE,"reported","G8JOQX",2,TRUE,NA
"293","rs9850597","A","G","A","G",-0.0185709857124084,-0.0425585,0.816,0.770173,FALSE,FALSE,FALSE,"knQ4mL",162044078,0.0828896,0.0245413,"outcome",TRUE,"reported","textfile",3,"161761866",0.00328805909500432,1.65e-08,"SmoInit",TRUE,"reported","G8JOQX",2,TRUE,NA
"294","rs986714","T","A","T","A",-0.0160308107404769,-0.0273781,0.445,0.424985,FALSE,TRUE,TRUE,"knQ4mL",51525504,0.186861,0.0207422,"outcome",TRUE,"reported","textfile",5,"50821338",0.00256369943794258,4.13e-10,"SmoInit",TRUE,"reported","G8JOQX",2,FALSE,NA
"295","rs9922607","T","C","T","C",-0.0221593131420856,0.0350674,0.2,0.0797837,FALSE,FALSE,FALSE,"knQ4mL",17476363,0.350817,0.0375854,"outcome",TRUE,"reported","textfile",16,"17570220",0.00318517731426786,3.42e-12,"SmoInit",TRUE,"reported","G8JOQX",2,TRUE,NA
"296","rs9941217","G","C","G","C",-0.0185566686524006,0.00434176,0.352204,0.337522,FALSE,TRUE,FALSE,"knQ4mL",17957069,0.841296,0.0216833,"outcome",TRUE,"reported","textfile",16,"18050926",0.00266733357848334,3.5e-12,"SmoInit",TRUE,"reported","G8JOQX",2,TRUE,NA
"297","rs9987376","G","T","G","T",-0.0204682440460495,0.00191462,0.574251,0.641852,FALSE,FALSE,FALSE,"knQ4mL",92177786,0.92838,0.021301,"outcome",TRUE,"reported","textfile",8,"93190014",0.00257671215931455,2.01e-15,"SmoInit",TRUE,"reported","G8JOQX",2,TRUE,NA
