"","SNP","effect_allele.exposure","other_allele.exposure","effect_allele.outcome","other_allele.outcome","beta.exposure","beta.outcome","eaf.exposure","eaf.outcome","remove","palindromic","ambiguous","id.outcome","pos.outcome","pval.outcome","se.outcome","outcome","mr_keep.outcome","pval_origin.outcome","data_source.outcome","chr.exposure","pos.exposure","se.exposure","pval.exposure","exposure","mr_keep.exposure","pval_origin.exposure","id.exposure","action","mr_keep","samplesize.outcome"
"1","rs1004787","A","G","A","G",0.0284143427641967,-0.0196867,0.552,0.62484,FALSE,FALSE,FALSE,"p0dAOf",44931952,0.488457,0.0284175,"outcome",TRUE,"reported","textfile",2,"45159091",0.00256203500595084,1.11e-28,"SmoInit",TRUE,"reported","G8JOQX",2,TRUE,NA
"2","rs10060196","A","C","A","C",0.0183115763240156,0.0068398,0.580606,0.626721,FALSE,FALSE,FALSE,"p0dAOf",107120287,0.809843,0.0284247,"outcome",TRUE,"reported","textfile",5,"106455988",0.00258191380106852,1.29e-12,"SmoInit",TRUE,"reported","G8JOQX",2,TRUE,NA
"3","rs1008078","T","C","T","C",0.0228169281970342,-0.0172615,0.402,0.566311,FALSE,FALSE,FALSE,"p0dAOf",90724174,0.535441,0.0278537,"outcome",TRUE,"reported","textfile",1,"91189731",0.0025985434719719,1.63e-18,"SmoInit",TRUE,"reported","G8JOQX",2,TRUE,NA
"4","rs1022376","C","T","C","T",-0.0147448388634785,-0.00149047,0.515821,0.534278,FALSE,FALSE,FALSE,"p0dAOf",21844341,0.956995,0.0276395,"outcome",TRUE,"reported","textfile",2,"22067213",0.00261062618216545,1.66e-08,"SmoInit",TRUE,"reported","G8JOQX",2,TRUE,NA
"5","rs10233018","G","A","G","A",0.0246124036923026,0.0576928,0.516,0.597939,FALSE,FALSE,FALSE,"p0dAOf",117883655,0.0402504,0.0281268,"outcome",TRUE,"reported","textfile",7,"117523709",0.00254944750286814,4.77e-22,"SmoInit",TRUE,"reported","G8JOQX",2,TRUE,NA
"6","rs10279261","A","G","A","G",-0.0188726361055845,0.0194857,0.618,0.641043,FALSE,FALSE,FALSE,"p0dAOf",133905093,0.497301,0.0287085,"outcome",TRUE,"reported","textfile",7,"133589846",0.00262221130993186,6.05e-13,"SmoInit",TRUE,"reported","G8JOQX",2,TRUE,NA
"7","rs1030015","T","G","T","G",0.014289634882684,-0.00350249,0.519564,0.49456,FALSE,FALSE,FALSE,"p0dAOf",78510264,0.898907,0.0275694,"outcome",TRUE,"reported","textfile",7,"78139581",0.00255009469713275,2.15e-08,"SmoInit",TRUE,"reported","G8JOQX",2,TRUE,NA
"8","rs10446419","G","A","G","A",-0.0195626336224949,-0.036534,0.207,0.217354,FALSE,FALSE,FALSE,"p0dAOf",25684010,0.274049,0.0334015,"outcome",TRUE,"reported","textfile",3,"25725501",0.00314464654906591,5.05e-10,"SmoInit",TRUE,"reported","G8JOQX",2,TRUE,NA
"9","rs10490159","T","C","T","C",0.0172365324259487,0.00442999,0.394,0.368506,FALSE,FALSE,FALSE,"p0dAOf",51114121,0.876612,0.0285316,"outcome",TRUE,"reported","textfile",2,"51341259",0.00260740913197035,3.86e-11,"SmoInit",TRUE,"reported","G8JOQX",2,TRUE,NA
"10","rs1050847","T","C","T","C",-0.0148300166955147,-0.055286,0.559,0.50754,FALSE,FALSE,FALSE,"p0dAOf",87410128,0.0454779,0.0276401,"outcome",TRUE,"reported","textfile",16,"87443734",0.00256606945167423,7.37e-09,"SmoInit",TRUE,"reported","G8JOQX",2,TRUE,NA
"11","rs10698713","A","G","A","G",-0.0335170218571916,0.0867364,0.0544,0.0179743,FALSE,FALSE,FALSE,"p0dAOf",158461288,0.400974,0.103272,"outcome",TRUE,"reported","textfile",6,"158882320",0.00561746562616172,2.38e-09,"SmoInit",TRUE,"reported","G8JOQX",2,TRUE,NA
"12","rs10789369","G","A","G","A",-0.0234483812495865,0.00490264,0.615,0.639688,FALSE,FALSE,FALSE,"p0dAOf",73359226,0.863981,0.0286187,"outcome",TRUE,"reported","textfile",1,"73824909",0.00261833784254063,3.39e-19,"SmoInit",TRUE,"reported","G8JOQX",2,TRUE,NA
"13","rs10805858","T","A","T","A",0.018124112672701,0.0707812,0.335286,0.329793,FALSE,TRUE,FALSE,"p0dAOf",89578015,0.0162054,0.02944,"outcome",TRUE,"reported","textfile",5,"88873832",0.00269878621059218,1.88e-11,"SmoInit",TRUE,"reported","G8JOQX",2,TRUE,NA
"14","rs10853981","A","G","A","G",0.0147872465733797,0.0368233,0.33036,0.269343,FALSE,FALSE,FALSE,"p0dAOf",4965053,0.235615,0.0310479,"outcome",TRUE,"reported","textfile",19,"4965064",0.00270881398316067,4.88e-08,"SmoInit",TRUE,"reported","G8JOQX",2,TRUE,NA
"15","rs10858334","G","C","G","C",0.022870980938688,0.000343174,0.14,0.0780872,FALSE,TRUE,FALSE,"p0dAOf",135097939,0.994677,0.0514424,"outcome",TRUE,"reported","textfile",9,"137989785",0.00375996610500044,1.18e-09,"SmoInit",TRUE,"reported","G8JOQX",2,TRUE,NA
"16","rs10873871","G","A","G","A",0.0174520800792171,0.0430547,0.207,0.203147,FALSE,FALSE,FALSE,"p0dAOf",76223334,0.20825,0.0342141,"outcome",TRUE,"reported","textfile",1,"76689019",0.00314464654906591,2.82e-08,"SmoInit",TRUE,"reported","G8JOQX",2,TRUE,NA
"17","rs10885480","C","T","C","T",-0.0186774955897606,-0.0189989,0.284,0.302478,FALSE,FALSE,FALSE,"p0dAOf",113618605,0.526806,0.0300194,"outcome",TRUE,"reported","textfile",10,"115378364",0.00282538687942609,3.83e-11,"SmoInit",TRUE,"reported","G8JOQX",2,TRUE,NA
"18","rs10905461","C","T","C","T",-0.0163915428331727,-0.0640158,0.748,0.839841,FALSE,FALSE,FALSE,"p0dAOf",8761588,0.0880846,0.037533,"outcome",TRUE,"reported","textfile",10,"8803551",0.00293455690782236,2.36e-08,"SmoInit",TRUE,"reported","G8JOQX",2,TRUE,NA
"19","rs10914684","A","G","A","G",-0.0158038428531466,0.0538113,0.324,0.336533,FALSE,FALSE,FALSE,"p0dAOf",33329971,0.0639028,0.0290424,"outcome",TRUE,"reported","textfile",1,"33795572",0.00272237377287851,6.32e-09,"SmoInit",TRUE,"reported","G8JOQX",2,TRUE,NA
"20","rs10935779","T","C","T","C",-0.0143271831132136,-0.00408935,0.415,0.45074,FALSE,FALSE,FALSE,"p0dAOf",149825315,0.882808,0.0277411,"outcome",TRUE,"reported","textfile",3,"149543102",0.00258578030838715,2.95e-08,"SmoInit",TRUE,"reported","G8JOQX",2,TRUE,NA
"21","rs10945141","A","G","A","G",0.0181417117497388,-0.0346127,0.263,0.236863,FALSE,FALSE,FALSE,"p0dAOf",68760817,0.285487,0.0324066,"outcome",TRUE,"reported","textfile",6,"69470709",0.00289388978659556,3.59e-10,"SmoInit",TRUE,"reported","G8JOQX",2,TRUE,NA
"22","rs10953957","A","G","A","G",0.014405790066301,-0.0155903,0.386,0.399021,FALSE,FALSE,FALSE,"p0dAOf",122314655,0.579587,0.028142,"outcome",TRUE,"reported","textfile",7,"121954709",0.00261707258061795,3.66e-08,"SmoInit",TRUE,"reported","G8JOQX",2,TRUE,NA
"23","rs10966092","C","T","C","T",-0.0204861923284094,-0.0303399,0.267,0.332756,FALSE,FALSE,FALSE,"p0dAOf",23831660,0.29897,0.029211,"outcome",TRUE,"reported","textfile",9,"23831658",0.00287995689236987,1.12e-12,"SmoInit",TRUE,"reported","G8JOQX",2,TRUE,NA
"24","rs10969352","A","T","A","T",0.0143467401373709,0.0167143,0.5,0.446931,FALSE,TRUE,TRUE,"p0dAOf",29747490,0.54521,0.0276291,"outcome",TRUE,"reported","textfile",9,"29747488",0.00254814185141429,1.82e-08,"SmoInit",TRUE,"reported","G8JOQX",2,FALSE,NA
"25","rs11057005","G","A","G","A",-0.0157139020028632,0.0318559,0.441,0.545335,FALSE,FALSE,FALSE,"p0dAOf",16595787,0.252189,0.0278206,"outcome",TRUE,"reported","textfile",12,"16748721",0.00256606945167423,9.12e-10,"SmoInit",TRUE,"reported","G8JOQX",2,TRUE,NA
"26","rs1106363","T","C","T","C",0.017374554238077,0.0259587,0.344579,0.43294,FALSE,FALSE,FALSE,"p0dAOf",132096370,0.350031,0.0277773,"outcome",TRUE,"reported","textfile",11,"131966264",0.00268095192303335,9.2e-11,"SmoInit",TRUE,"reported","G8JOQX",2,TRUE,NA
"27","rs11076962","C","T","C","T",0.0182998664190876,0.0569445,0.279,0.248475,FALSE,FALSE,FALSE,"p0dAOf",5761366,0.0732504,0.0317901,"outcome",TRUE,"reported","textfile",16,"5811367",0.0028406901883061,1.2e-10,"SmoInit",TRUE,"reported","G8JOQX",2,TRUE,NA
"28","rs1108130","A","T","A","T",0.0239435516621278,-0.0172153,0.212,0.252866,FALSE,TRUE,FALSE,"p0dAOf",99996102,0.586919,0.0316862,"outcome",TRUE,"reported","textfile",13,"100648356",0.00311718491590551,1.57e-14,"SmoInit",TRUE,"reported","G8JOQX",2,TRUE,NA
"29","rs1109480","A","G","A","G",-0.016691703198282,0.00568498,0.384,0.355253,FALSE,FALSE,FALSE,"p0dAOf",120645476,0.844393,0.028964,"outcome",TRUE,"reported","textfile",12,"121083279",0.00261961601583743,1.84e-10,"SmoInit",TRUE,"reported","G8JOQX",2,TRUE,NA
"30","rs11128203","A","T","A","T",0.0204059665559331,-0.0413967,0.53,0.505171,FALSE,TRUE,TRUE,"p0dAOf",71015280,0.133749,0.0276074,"outcome",TRUE,"reported","textfile",3,"71064431",0.00255274092798555,1.29e-15,"SmoInit",TRUE,"reported","G8JOQX",2,FALSE,NA
"31","rs11162019","T","C","T","C",-0.0154947163221235,-0.00648172,0.363,0.314285,FALSE,FALSE,FALSE,"p0dAOf",87447493,0.826691,0.029604,"outcome",TRUE,"reported","textfile",1,"87913176",0.00264954058636653,5.06e-09,"SmoInit",TRUE,"reported","G8JOQX",2,TRUE,NA
"32","rs1116690","G","A","G","A",0.0162912334988931,0.0173855,0.742,0.761019,FALSE,FALSE,FALSE,"p0dAOf",142588995,0.588971,0.0321758,"outcome",TRUE,"reported","textfile",4,"143510148",0.00291193582568195,2.16e-08,"SmoInit",TRUE,"reported","G8JOQX",2,TRUE,NA
"33","rs11192347","A","G","A","G",-0.0264500127592952,-0.0904543,0.104,0.070815,FALSE,FALSE,FALSE,"p0dAOf",105169555,0.0908134,0.0534877,"outcome",TRUE,"reported","textfile",10,"106929313",0.00427392108434006,6.15e-10,"SmoInit",TRUE,"reported","G8JOQX",2,TRUE,NA
"34","rs11258417","T","C","T","C",-0.0145136224014371,-0.0547431,0.391,0.32014,FALSE,FALSE,FALSE,"p0dAOf",13491053,0.0651268,0.0296809,"outcome",TRUE,"reported","textfile",10,"13533053",0.00261093812705026,2.71e-08,"SmoInit",TRUE,"reported","G8JOQX",2,TRUE,NA
"35","rs1126757","T","C","T","C",0.0141622770326115,-0.0261469,0.473,0.565331,FALSE,FALSE,FALSE,"p0dAOf",55368504,0.346758,0.0277894,"outcome",TRUE,"reported","textfile",19,"55879872",0.00255186518715053,2.92e-08,"SmoInit",TRUE,"reported","G8JOQX",2,TRUE,NA
"36","rs112725451","T","C","T","C",0.026092001115637,0.0165178,0.169,0.189085,FALSE,FALSE,FALSE,"p0dAOf",67151992,0.639847,0.0353011,"outcome",TRUE,"reported","textfile",4,"68017710",0.0033997715947909,1.65e-14,"SmoInit",TRUE,"reported","G8JOQX",2,TRUE,NA
"37","rs113230003","A","G","A","G",-0.0188761494045352,0.00685832,0.255,0.212187,FALSE,FALSE,FALSE,"p0dAOf",18350146,0.838172,0.033581,"outcome",TRUE,"reported","textfile",19,"18460956",0.00292311148053473,1.05e-10,"SmoInit",TRUE,"reported","G8JOQX",2,TRUE,NA
"38","rs1139897","A","G","A","G",-0.0240871922890012,-0.0344748,0.23,0.354135,FALSE,FALSE,FALSE,"p0dAOf",670986,0.230187,0.0287319,"outcome",TRUE,"reported","textfile",16,"720986",0.00302750120470783,1.77e-15,"SmoInit",TRUE,"reported","G8JOQX",2,TRUE,NA
"39","rs1150668","G","T","G","T",-0.0185103038719593,0.027215,0.419,0.462986,FALSE,FALSE,FALSE,"p0dAOf",28162011,0.325497,0.0276793,"outcome",TRUE,"reported","textfile",6,"28129789",0.00258689360886741,8.54e-13,"SmoInit",TRUE,"reported","G8JOQX",2,TRUE,NA
"40","rs11594623","C","T","C","T",0.0274395987738761,-0.0158648,0.234241,0.231655,FALSE,FALSE,FALSE,"p0dAOf",102200594,0.627749,0.0327179,"outcome",TRUE,"reported","textfile",10,"103960351",0.00300826501889942,7.45e-20,"SmoInit",TRUE,"reported","G8JOQX",2,TRUE,NA
"41","rs1160685","G","C","G","C",0.0153017150999146,-0.0415565,0.45,0.379242,FALSE,TRUE,TRUE,"p0dAOf",93131703,0.144435,0.0284736,"outcome",TRUE,"reported","textfile",4,"94052854",0.00256097891931598,2.31e-09,"SmoInit",TRUE,"reported","G8JOQX",2,FALSE,NA
"42","rs11611651","A","G","A","G",0.0271142761895211,0.0356234,0.0868,0.0472376,FALSE,FALSE,FALSE,"p0dAOf",132804204,0.584213,0.0650964,"outcome",TRUE,"reported","textfile",12,"133380790",0.00452533559069401,2.05e-09,"SmoInit",TRUE,"reported","G8JOQX",2,TRUE,NA
"43","rs11642231","A","G","A","G",-0.0155983426396819,0.00886375,0.369,0.444002,FALSE,FALSE,FALSE,"p0dAOf",89542294,0.751073,0.0279414,"outcome",TRUE,"reported","textfile",16,"89608702",0.00264037579326386,3.44e-09,"SmoInit",TRUE,"reported","G8JOQX",2,TRUE,NA
"44","rs11651955","A","G","A","G",-0.0140263859163491,-0.0680232,0.499,0.48735,FALSE,FALSE,FALSE,"p0dAOf",16332148,0.0135466,0.0275502,"outcome",TRUE,"reported","textfile",17,"16235462",0.00254814694771328,3.74e-08,"SmoInit",TRUE,"reported","G8JOQX",2,TRUE,NA
"45","rs11692435","A","G","A","G",0.0250526290454763,0.00477711,0.0848,0.233831,FALSE,FALSE,FALSE,"p0dAOf",97658891,0.884686,0.0329383,"outcome",TRUE,"reported","textfile",2,"98275354",0.00458160573453205,4.47e-08,"SmoInit",TRUE,"reported","G8JOQX",2,TRUE,NA
"46","rs11713899","C","A","C","A",0.0187188428376795,0.0211236,0.171,0.162364,FALSE,FALSE,FALSE,"p0dAOf",2323342,0.570981,0.0372809,"outcome",TRUE,"reported","textfile",3,"2365026",0.00338390595551107,3.15e-08,"SmoInit",TRUE,"reported","G8JOQX",2,TRUE,NA
"47","rs1173461","T","C","T","C",0.0166091725862538,-0.00441971,0.327,0.31814,FALSE,FALSE,FALSE,"p0dAOf",158280563,0.881203,0.0295743,"outcome",TRUE,"reported","textfile",5,"157707571",0.00271589012993163,9.51e-10,"SmoInit",TRUE,"reported","G8JOQX",2,TRUE,NA
"48","rs117657830","G","A","G","A",-0.0377596875423349,-0.202335,0.0417,0.0164805,FALSE,FALSE,FALSE,"p0dAOf",75732975,0.0592789,0.107276,"outcome",TRUE,"reported","textfile",16,"75766873",0.0063734536771502,3.18e-09,"SmoInit",TRUE,"reported","G8JOQX",2,TRUE,NA
"49","rs11766326","C","T","C","T",-0.0175439611879407,0.00648501,0.506,0.533313,FALSE,FALSE,FALSE,"p0dAOf",111460529,0.814107,0.0275804,"outcome",TRUE,"reported","textfile",7,"111100585",0.00260950684557043,1.79e-11,"SmoInit",TRUE,"reported","G8JOQX",2,TRUE,NA
"50","rs11783093","T","C","T","C",-0.0471242780688017,0.0496063,0.158,0.124546,FALSE,FALSE,FALSE,"p0dAOf",27567832,0.234759,0.0417495,"outcome",TRUE,"reported","textfile",8,"27425349",0.0034930838916647,2.07e-41,"SmoInit",TRUE,"reported","G8JOQX",2,TRUE,NA
"51","rs11791671","T","C","T","C",0.0278503598762205,0.0902119,0.067315,0.0305053,FALSE,FALSE,FALSE,"p0dAOf",3398679,0.261658,0.0803683,"outcome",TRUE,"reported","textfile",9,"3398679",0.00508475677961425,4.24e-08,"SmoInit",TRUE,"reported","G8JOQX",2,TRUE,NA
"52","rs118202","T","G","T","G",-0.0367484077425043,0.0266368,0.812,0.712257,FALSE,FALSE,FALSE,"p0dAOf",111337168,0.382782,0.0305194,"outcome",TRUE,"reported","textfile",6,"111658371",0.00326089388209887,1.9e-29,"SmoInit",TRUE,"reported","G8JOQX",2,TRUE,NA
"53","rs11872397","A","G","A","G",-0.0171139489913003,-0.0294112,0.253,0.220948,FALSE,FALSE,FALSE,"p0dAOf",74823326,0.375827,0.0332101,"outcome",TRUE,"reported","textfile",18,"72535282",0.00293071133297175,5.2e-09,"SmoInit",TRUE,"reported","G8JOQX",2,TRUE,NA
"54","rs1187820","T","C","T","C",-0.0142711560226536,-0.0407666,0.439,0.382358,FALSE,FALSE,FALSE,"p0dAOf",173354794,0.151704,0.0284377,"outcome",TRUE,"reported","textfile",3,"173072584",0.00256731947035769,2.69e-08,"SmoInit",TRUE,"reported","G8JOQX",2,TRUE,NA
"55","rs11956866","G","T","G","T",-0.014838166648189,0.0333238,0.567,0.472183,FALSE,FALSE,FALSE,"p0dAOf",161591265,0.229152,0.027711,"outcome",TRUE,"reported","textfile",5,"161018271",0.00257133184008107,7.82e-09,"SmoInit",TRUE,"reported","G8JOQX",2,TRUE,NA
"56","rs12022778","C","A","C","A",0.0268248011931265,-0.0430956,0.202,0.19647,FALSE,FALSE,FALSE,"p0dAOf",50138323,0.21468,0.0347321,"outcome",TRUE,"reported","textfile",1,"50603995",0.00317904382630837,3.18e-17,"SmoInit",TRUE,"reported","G8JOQX",2,TRUE,NA
"57","rs12130857","A","G","A","G",-0.0180031367822357,-0.0379078,0.324968,0.284467,FALSE,FALSE,FALSE,"p0dAOf",7731401,0.214374,0.0305307,"outcome",TRUE,"reported","textfile",1,"7791461",0.00272026444960715,3.65e-11,"SmoInit",TRUE,"reported","G8JOQX",2,TRUE,NA
"58","rs12195240","A","G","A","G",0.0249107545835319,-0.0313914,0.285,0.329877,FALSE,FALSE,FALSE,"p0dAOf",98189029,0.283442,0.0292661,"outcome",TRUE,"reported","textfile",6,"98636905",0.0028223973411325,1.08e-18,"SmoInit",TRUE,"reported","G8JOQX",2,TRUE,NA
"59","rs12474587","T","G","T","G",0.0242305775516422,-0.00350696,0.429,0.349084,FALSE,FALSE,FALSE,"p0dAOf",161946483,0.903256,0.0288521,"outcome",TRUE,"reported","textfile",2,"162802993",0.00257422737863404,4.83e-21,"SmoInit",TRUE,"reported","G8JOQX",2,TRUE,NA
"60","rs12517438","G","T","G","T",0.015354478851039,0.010499,0.538,0.500429,FALSE,FALSE,FALSE,"p0dAOf",30841947,0.703544,0.0275897,"outcome",TRUE,"reported","textfile",5,"30842054",0.00255553291864044,1.89e-09,"SmoInit",TRUE,"reported","G8JOQX",2,TRUE,NA
"61","rs12563365","A","G","A","G",0.0165589483633689,-0.00373618,0.556,0.554223,FALSE,FALSE,FALSE,"p0dAOf",236709529,0.892445,0.0276322,"outcome",TRUE,"reported","textfile",1,"236872829",0.00256427574444373,1.05e-10,"SmoInit",TRUE,"reported","G8JOQX",2,TRUE,NA
"62","rs12633090","C","G","C","G",-0.023019685930427,0.0148317,0.182,0.13046,FALSE,TRUE,FALSE,"p0dAOf",83192214,0.716737,0.0408785,"outcome",TRUE,"reported","textfile",3,"83241365",0.00330203186086922,3.16e-12,"SmoInit",TRUE,"reported","G8JOQX",2,TRUE,NA
"63","rs12714017","C","T","C","T",0.0153964967875365,-0.00618365,0.511,0.444333,FALSE,FALSE,FALSE,"p0dAOf",80772273,0.823381,0.0277048,"outcome",TRUE,"reported","textfile",2,"80999398",0.00260995063881089,3.65e-09,"SmoInit",TRUE,"reported","G8JOQX",2,TRUE,NA
"64","rs12739243","C","T","C","T",-0.0212518379791449,0.0514989,0.221,0.294554,FALSE,FALSE,FALSE,"p0dAOf",210128698,0.0878901,0.0301756,"outcome",TRUE,"reported","textfile",1,"210302043",0.00307063884430368,4.45e-12,"SmoInit",TRUE,"reported","G8JOQX",2,TRUE,NA
"65","rs12740789","A","G","A","G",-0.0284972685993262,0.00583857,0.178,0.13994,FALSE,FALSE,FALSE,"p0dAOf",72286390,0.883138,0.0397202,"outcome",TRUE,"reported","textfile",1,"72752073",0.00333079339902209,1.18e-17,"SmoInit",TRUE,"reported","G8JOQX",2,TRUE,NA
"66","rs12755632","G","A","G","A",-0.0154051366259368,0.0294895,0.316,0.343055,FALSE,FALSE,FALSE,"p0dAOf",41310951,0.309264,0.0290032,"outcome",TRUE,"reported","textfile",1,"41776623",0.0027404508225617,1.93e-08,"SmoInit",TRUE,"reported","G8JOQX",2,TRUE,NA
"67","rs12855717","T","C","T","C",0.0155236793185639,-0.0436903,0.538,0.566638,FALSE,FALSE,FALSE,"p0dAOf",100600381,0.116752,0.0278539,"outcome",TRUE,"reported","textfile",13,"101252635",0.00255553291864044,1.22e-09,"SmoInit",TRUE,"reported","G8JOQX",2,TRUE,NA
"68","rs12878369","A","C","A","C",0.0174372655171602,-0.0288639,0.414762,0.30129,FALSE,FALSE,FALSE,"p0dAOf",27877296,0.335104,0.0299454,"outcome",TRUE,"reported","textfile",14,"28346502",0.00258791765964964,1.6e-11,"SmoInit",TRUE,"reported","G8JOQX",2,TRUE,NA
"69","rs12918191","G","A","G","A",-0.0197270353770097,0.00996432,0.243,0.176511,FALSE,FALSE,FALSE,"p0dAOf",50911245,0.781957,0.0360023,"outcome",TRUE,"reported","textfile",16,"50945156",0.00297058872733663,3.14e-11,"SmoInit",TRUE,"reported","G8JOQX",2,TRUE,NA
"70","rs1291821","G","A","G","A",0.0144929887207407,0.0314144,0.534,0.532933,FALSE,FALSE,FALSE,"p0dAOf",11091860,0.254682,0.0275795,"outcome",TRUE,"reported","textfile",10,"11133823",0.00255405366546437,1.39e-08,"SmoInit",TRUE,"reported","G8JOQX",2,TRUE,NA
"71","rs13007361","A","G","A","G",0.017533824042557,-0.0305774,0.208,0.0999994,FALSE,FALSE,FALSE,"p0dAOf",165393734,0.500362,0.0453724,"outcome",TRUE,"reported","textfile",2,"166250244",0.00313905804891633,2.29e-08,"SmoInit",TRUE,"reported","G8JOQX",2,TRUE,NA
"72","rs13066050","T","C","T","C",0.018834348293498,0.0336025,0.208,0.179058,FALSE,FALSE,FALSE,"p0dAOf",81276710,0.350274,0.0359747,"outcome",TRUE,"reported","textfile",3,"81325861",0.00313905804891633,1.93e-09,"SmoInit",TRUE,"reported","G8JOQX",2,TRUE,NA
"73","rs13109980","A","G","A","G",-0.0221815541396989,0.00573701,0.326,0.339866,FALSE,FALSE,FALSE,"p0dAOf",139965809,0.843314,0.0290252,"outcome",TRUE,"reported","textfile",4,"140886963",0.00271803382404535,3.37e-16,"SmoInit",TRUE,"reported","G8JOQX",2,TRUE,NA
"74","rs13110073","C","T","C","T",-0.0246425774100615,-0.044101,0.395,0.423765,FALSE,FALSE,FALSE,"p0dAOf",146876761,0.113163,0.0278392,"outcome",TRUE,"reported","textfile",4,"147797913",0.00260625778806314,3.24e-21,"SmoInit",TRUE,"reported","G8JOQX",2,TRUE,NA
"75","rs13237637","C","G","C","G",-0.0236823349508072,-0.0397506,0.485,0.46721,FALSE,TRUE,TRUE,"p0dAOf",3463575,0.149253,0.0275629,"outcome",TRUE,"reported","textfile",7,"3503207",0.00254928928982647,1.54e-20,"SmoInit",TRUE,"reported","G8JOQX",2,FALSE,NA
"76","rs13261666","T","G","T","G",-0.0199945818545181,-0.0346096,0.517,0.548442,FALSE,FALSE,FALSE,"p0dAOf",58902107,0.208863,0.0275401,"outcome",TRUE,"reported","textfile",8,"59814666",0.0025496159555759,4.36e-15,"SmoInit",TRUE,"reported","G8JOQX",2,TRUE,NA
"77","rs13392222","C","A","C","A",-0.0234375461906368,-0.0524769,0.139,0.190556,FALSE,FALSE,FALSE,"p0dAOf",100055946,0.135993,0.0351986,"outcome",TRUE,"reported","textfile",2,"100672408",0.00368285507683827,1.93e-10,"SmoInit",TRUE,"reported","G8JOQX",2,TRUE,NA
"78","rs13437771","G","A","G","A",-0.0271098271364884,-0.0148294,0.155,0.222928,FALSE,FALSE,FALSE,"p0dAOf",99473855,0.652813,0.0329647,"outcome",TRUE,"reported","textfile",7,"99071478",0.00352045989869483,1.39e-14,"SmoInit",TRUE,"reported","G8JOQX",2,TRUE,NA
"79","rs1373178","G","T","G","T",-0.0203163969776818,-0.0516511,0.588,0.631008,FALSE,FALSE,FALSE,"p0dAOf",52441441,0.0710771,0.0286159,"outcome",TRUE,"reported","textfile",18,"49967811",0.00258854866495185,4.16e-15,"SmoInit",TRUE,"reported","G8JOQX",2,TRUE,NA
"80","rs1381287","T","C","T","C",0.0180165795033833,-0.0391246,0.467,0.492604,FALSE,FALSE,FALSE,"p0dAOf",98131215,0.15549,0.0275447,"outcome",TRUE,"reported","textfile",14,"98597552",0.00255560746538615,1.81e-12,"SmoInit",TRUE,"reported","G8JOQX",2,TRUE,NA
"81","rs1381775","C","T","C","T",-0.0156146668533584,0.0657733,0.712,0.723155,FALSE,FALSE,FALSE,"p0dAOf",42421276,0.0324362,0.0307497,"outcome",TRUE,"reported","textfile",11,"42442826",0.00281356766714023,2.79e-08,"SmoInit",TRUE,"reported","G8JOQX",2,TRUE,NA
"82","rs1385108","T","C","T","C",0.0187044679803843,0.0201736,0.239,0.284437,FALSE,FALSE,FALSE,"p0dAOf",155460086,0.50899,0.0305469,"outcome",TRUE,"reported","textfile",5,"154839646",0.00298746156336482,3.84e-10,"SmoInit",TRUE,"reported","G8JOQX",2,TRUE,NA
"83","rs13906","T","C","T","C",-0.024529729248181,-0.051601,0.109,0.135886,FALSE,FALSE,FALSE,"p0dAOf",49558611,0.19984,0.0402501,"outcome",TRUE,"reported","textfile",12,"49952394",0.00408828820803017,1.98e-09,"SmoInit",TRUE,"reported","G8JOQX",2,TRUE,NA
"84","rs1435479","T","G","T","G",0.0163904586547917,-0.0028794,0.28748,0.306154,FALSE,FALSE,FALSE,"p0dAOf",93629299,0.923163,0.0298537,"outcome",TRUE,"reported","textfile",4,"94550450",0.00281508334605987,5.68e-09,"SmoInit",TRUE,"reported","G8JOQX",2,TRUE,NA
"85","rs1435672","C","T","C","T",0.0141051180405541,-0.0247527,0.56,0.62208,FALSE,FALSE,FALSE,"p0dAOf",36107278,0.381543,0.028287,"outcome",TRUE,"reported","textfile",15,"36399479",0.00256668902432973,3.82e-08,"SmoInit",TRUE,"reported","G8JOQX",2,TRUE,NA
"86","rs1445649","C","T","C","T",0.0205716431693465,-0.015402,0.538,0.509785,FALSE,FALSE,FALSE,"p0dAOf",154826044,0.576079,0.0275468,"outcome",TRUE,"reported","textfile",2,"155682556",0.00255553291864044,8.48e-16,"SmoInit",TRUE,"reported","G8JOQX",2,TRUE,NA
"87","rs1449012","T","C","T","C",-0.0153734115013626,-0.0421127,0.463,0.368403,FALSE,FALSE,FALSE,"p0dAOf",159330544,0.140858,0.0285975,"outcome",TRUE,"reported","textfile",3,"159048333",0.00255514744895826,1.77e-09,"SmoInit",TRUE,"reported","G8JOQX",2,TRUE,NA
"88","rs147052174","T","G","T","G",0.0623094487438692,0.00668663,0.0171,0.00891949,FALSE,FALSE,FALSE,"p0dAOf",179814032,0.963781,0.147253,"outcome",TRUE,"reported","textfile",1,"179783167",0.00982745089601336,2.3e-10,"SmoInit",TRUE,"reported","G8JOQX",2,TRUE,NA
"89","rs1514176","A","G","A","G",-0.0193001581257968,0.0242258,0.58,0.52878,FALSE,FALSE,FALSE,"p0dAOf",74525912,0.379112,0.0275439,"outcome",TRUE,"reported","textfile",1,"74991596",0.0025813979643714,7.67e-14,"SmoInit",TRUE,"reported","G8JOQX",2,TRUE,NA
"90","rs1549979","T","C","T","C",-0.0245223134403877,-0.0151825,0.615,0.707795,FALSE,FALSE,FALSE,"p0dAOf",85410981,0.616196,0.0302894,"outcome",TRUE,"reported","textfile",3,"85460131",0.00262304488914841,8.8e-21,"SmoInit",TRUE,"reported","G8JOQX",2,TRUE,NA
"91","rs160631","G","T","G","T",-0.0172628452622627,-0.0236229,0.731,0.711413,FALSE,FALSE,FALSE,"p0dAOf",53030432,0.437956,0.0304556,"outcome",TRUE,"reported","textfile",6,"52895230",0.00287315315388405,1.87e-09,"SmoInit",TRUE,"reported","G8JOQX",2,TRUE,NA
"92","rs1632941","C","T","C","T",-0.0158073961616223,-0.0765938,0.46,0.358442,FALSE,FALSE,FALSE,"p0dAOf",29828908,0.00779345,0.0287851,"outcome",TRUE,"reported","textfile",6,"29796685",0.00256093083783619,6.67e-10,"SmoInit",TRUE,"reported","G8JOQX",2,TRUE,NA
"93","rs16826827","C","T","C","T",-0.0222068868383587,0.000668246,0.124,0.11015,FALSE,FALSE,FALSE,"p0dAOf",147068121,0.987871,0.0439568,"outcome",TRUE,"reported","textfile",2,"147825689",0.00386572280689492,9.17e-09,"SmoInit",TRUE,"reported","G8JOQX",2,TRUE,NA
"94","rs16828799","T","G","T","G",0.0197692281663615,0.0838827,0.156,0.150427,FALSE,FALSE,FALSE,"p0dAOf",173635949,0.0289161,0.0383967,"outcome",TRUE,"reported","textfile",3,"173353739",0.00351123650240556,1.83e-08,"SmoInit",TRUE,"reported","G8JOQX",2,TRUE,NA
"95","rs1713676","G","A","G","A",-0.0167262455351488,-0.0456729,0.522512,0.56021,FALSE,FALSE,FALSE,"p0dAOf",113789854,0.0996919,0.027742,"outcome",TRUE,"reported","textfile",11,"113660576",0.00255072853114231,5.38e-11,"SmoInit",TRUE,"reported","G8JOQX",2,TRUE,NA
"96","rs1714521","C","A","C","A",-0.0162953104881966,0.0144373,0.411,0.436192,FALSE,FALSE,FALSE,"p0dAOf",158567072,0.603705,0.0278133,"outcome",TRUE,"reported","textfile",3,"158284861",0.0025894948217728,3.07e-10,"SmoInit",TRUE,"reported","G8JOQX",2,TRUE,NA
"97","rs17165769","G","A","G","A",0.0159396071041438,0.0285561,0.394872,0.411581,FALSE,FALSE,FALSE,"p0dAOf",108029941,0.307309,0.0279719,"outcome",TRUE,"reported","textfile",5,"107365642",0.00260640446622611,9.56e-10,"SmoInit",TRUE,"reported","G8JOQX",2,TRUE,NA
"98","rs17197663","A","G","A","G",-0.0215873531495124,0.0744133,0.125,0.086379,FALSE,FALSE,FALSE,"p0dAOf",37598730,0.125731,0.0485995,"outcome",TRUE,"reported","textfile",13,"38172867",0.00385242836809023,2.06e-08,"SmoInit",TRUE,"reported","G8JOQX",2,TRUE,NA
"99","rs17229285","T","C","T","C",-0.0154795560042364,-0.0521143,0.505,0.453071,FALSE,FALSE,FALSE,"p0dAOf",198658398,0.0583647,0.0275308,"outcome",TRUE,"reported","textfile",2,"199523122",0.00254826926806319,1.27e-09,"SmoInit",TRUE,"reported","G8JOQX",2,TRUE,NA
"100","rs1733760","C","T","C","T",0.0147733884018381,-0.0250408,0.51,0.453642,FALSE,FALSE,FALSE,"p0dAOf",54938414,0.36341,0.0275511,"outcome",TRUE,"reported","textfile",10,"56698174",0.00254865163272406,6.7e-09,"SmoInit",TRUE,"reported","G8JOQX",2,TRUE,NA
"101","rs1737329","G","C","G","C",0.0170292237829221,-0.0418818,0.742,0.762687,FALSE,TRUE,FALSE,"p0dAOf",163386716,0.197085,0.032469,"outcome",TRUE,"reported","textfile",6,"163807748",0.00291193582568195,5.08e-09,"SmoInit",TRUE,"reported","G8JOQX",2,TRUE,NA
"102","rs17554906","C","G","C","G",0.014184872535994,-0.0311945,0.444,0.366978,FALSE,TRUE,TRUE,"p0dAOf",91516891,0.272579,0.0284325,"outcome",TRUE,"reported","textfile",6,"92226609",0.00256427574444373,3.14e-08,"SmoInit",TRUE,"reported","G8JOQX",2,FALSE,NA
"103","rs1759433","A","G","A","G",0.015364719185164,0.0153144,0.48,0.516046,FALSE,FALSE,FALSE,"p0dAOf",125310818,0.577684,0.0275057,"outcome",TRUE,"reported","textfile",9,"128073097",0.00255018281437779,1.69e-09,"SmoInit",TRUE,"reported","G8JOQX",2,TRUE,NA
"104","rs17616642","G","A","G","A",-0.0165572915814431,-0.0713379,0.24687,0.1929,FALSE,FALSE,FALSE,"p0dAOf",58795075,0.041759,0.0350397,"outcome",TRUE,"reported","textfile",2,"59022210",0.00295477538840993,2.1e-08,"SmoInit",TRUE,"reported","G8JOQX",2,TRUE,NA
"105","rs17692129","T","C","T","C",0.0195989223809853,-0.0136058,0.331,0.460488,FALSE,FALSE,FALSE,"p0dAOf",46715917,0.623896,0.0277479,"outcome",TRUE,"reported","textfile",17,"44793283",0.00270748805617845,4.57e-13,"SmoInit",TRUE,"reported","G8JOQX",2,TRUE,NA
"106","rs1772572","A","C","A","C",-0.0168681448072877,-0.0102576,0.324132,0.344655,FALSE,FALSE,FALSE,"p0dAOf",80617041,0.723712,0.0290171,"outcome",TRUE,"reported","textfile",13,"81191176",0.00272208516333501,5.62e-10,"SmoInit",TRUE,"reported","G8JOQX",2,TRUE,NA
"107","rs1799068","T","G","T","G",0.0166095626009421,-0.0306748,0.379,0.400455,FALSE,FALSE,FALSE,"p0dAOf",98077757,0.275142,0.0281085,"outcome",TRUE,"reported","textfile",7,"97707069",0.00262620243790636,2.59e-10,"SmoInit",TRUE,"reported","G8JOQX",2,TRUE,NA
"108","rs1863161","A","G","A","G",0.015339371713194,0.0356974,0.56094,0.671565,FALSE,FALSE,FALSE,"p0dAOf",59912389,0.222091,0.0292365,"outcome",TRUE,"reported","textfile",2,"60139524",0.00256728133653859,2.34e-09,"SmoInit",TRUE,"reported","G8JOQX",2,TRUE,NA
"109","rs1889571","G","T","G","T",0.0221797995406237,0.0120783,0.131,0.16988,FALSE,FALSE,FALSE,"p0dAOf",31730218,0.742593,0.0367771,"outcome",TRUE,"reported","textfile",1,"32195819",0.00377613984197516,4.19e-09,"SmoInit",TRUE,"reported","G8JOQX",2,TRUE,NA
"110","rs1901477","G","A","G","A",0.0304369932456541,0.0124816,0.511,0.495633,FALSE,FALSE,FALSE,"p0dAOf",103510525,0.650892,0.0275823,"outcome",TRUE,"reported","textfile",2,"104126983",0.00260995063881089,2.07e-31,"SmoInit",TRUE,"reported","G8JOQX",2,TRUE,NA
"111","rs1927901","C","T","C","T",-0.0141754871045966,-0.0274793,0.553,0.544322,FALSE,FALSE,FALSE,"p0dAOf",117756833,0.319779,0.0276199,"outcome",TRUE,"reported","textfile",9,"120519111",0.00256257908950217,3.1e-08,"SmoInit",TRUE,"reported","G8JOQX",2,TRUE,NA
"112","rs1930371","T","C","T","C",-0.0172419586612647,-0.0401085,0.241,0.179617,FALSE,FALSE,FALSE,"p0dAOf",78829188,0.262012,0.0357586,"outcome",TRUE,"reported","textfile",9,"81444104",0.00297895673652913,7.09e-09,"SmoInit",TRUE,"reported","G8JOQX",2,TRUE,NA
"113","rs1931431","C","G","C","G",0.0182328624437084,0.0398981,0.478,0.451327,FALSE,TRUE,TRUE,"p0dAOf",11161799,0.150956,0.027781,"outcome",TRUE,"reported","textfile",9,"11161799",0.00255061204001953,8.56e-13,"SmoInit",TRUE,"reported","G8JOQX",2,FALSE,NA
"114","rs1937443","G","C","G","C",0.0204362188245672,0.0324931,0.563,0.611918,FALSE,TRUE,TRUE,"p0dAOf",66003960,0.250255,0.0282615,"outcome",TRUE,"reported","textfile",1,"66469643",0.00256861307738644,1.79e-15,"SmoInit",TRUE,"reported","G8JOQX",2,FALSE,NA
"115","rs2010921","A","G","A","G",0.0174291411105034,0.0145688,0.311,0.349929,FALSE,FALSE,FALSE,"p0dAOf",132228311,0.615959,0.0290456,"outcome",TRUE,"reported","textfile",11,"132098205",0.0027523508874645,2.47e-10,"SmoInit",TRUE,"reported","G8JOQX",2,TRUE,NA
"116","rs2028269","A","G","A","G",0.016164548317376,-0.0439112,0.399,0.354995,FALSE,FALSE,FALSE,"p0dAOf",80012492,0.126822,0.0287612,"outcome",TRUE,"reported","textfile",5,"79308315",0.00260177610870211,5.19e-10,"SmoInit",TRUE,"reported","G8JOQX",2,TRUE,NA
"117","rs2063976","T","C","T","C",-0.0201814241776652,-0.0607651,0.664955,0.599313,FALSE,FALSE,FALSE,"p0dAOf",90084138,0.0302176,0.0280382,"outcome",TRUE,"reported","textfile",8,"91096366",0.00269926738168577,7.45e-14,"SmoInit",TRUE,"reported","G8JOQX",2,TRUE,NA
"118","rs2155646","C","T","C","T",0.0377771518638971,0.00957941,0.4,0.624963,FALSE,FALSE,FALSE,"p0dAOf",113042089,0.737452,0.0285757,"outcome",TRUE,"reported","textfile",11,"112912811",0.00260068638674826,9.44e-48,"SmoInit",TRUE,"reported","G8JOQX",2,TRUE,NA
"119","rs2173019","A","T","A","T",0.0282069520540153,0.0174806,0.177,0.135195,FALSE,TRUE,FALSE,"p0dAOf",168187966,0.664482,0.0403027,"outcome",TRUE,"reported","textfile",5,"167614971",0.00333815927442383,2.98e-17,"SmoInit",TRUE,"reported","G8JOQX",2,TRUE,NA
"120","rs221988","C","A","C","A",-0.0148650225653347,0.0403802,0.384,0.448884,FALSE,FALSE,FALSE,"p0dAOf",64248631,0.145412,0.027735,"outcome",TRUE,"reported","textfile",3,"64234307",0.00261961601583743,1.43e-08,"SmoInit",TRUE,"reported","G8JOQX",2,TRUE,NA
"121","rs2276825","C","T","C","T",0.0188755712515354,-0.0122135,0.245,0.274942,FALSE,FALSE,FALSE,"p0dAOf",52852589,0.69179,0.0308089,"outcome",TRUE,"reported","textfile",3,"52886605",0.0029623548999896,1.89e-10,"SmoInit",TRUE,"reported","G8JOQX",2,TRUE,NA
"122","rs2279829","T","C","T","C",-0.0173765668386769,0.0491449,0.216,0.289742,FALSE,FALSE,FALSE,"p0dAOf",147388532,0.105349,0.0303465,"outcome",TRUE,"reported","textfile",3,"147106319",0.00309605522231936,2.05e-08,"SmoInit",TRUE,"reported","G8JOQX",2,TRUE,NA
"123","rs2289791","T","G","T","G",-0.017725516174548,-0.00820727,0.247,0.209675,FALSE,FALSE,FALSE,"p0dAOf",67184614,0.809934,0.0341243,"outcome",TRUE,"reported","textfile",15,"67476952",0.002954252695758,2.01e-09,"SmoInit",TRUE,"reported","G8JOQX",2,TRUE,NA
"124","rs2306866","T","A","T","A",-0.0166754969048669,-0.0357629,0.614,0.667357,FALSE,TRUE,FALSE,"p0dAOf",53732185,0.22078,0.0292072,"outcome",TRUE,"reported","textfile",3,"53766212",0.00261707258061795,1.89e-10,"SmoInit",TRUE,"reported","G8JOQX",2,TRUE,NA
"125","rs2319545","A","C","A","C",0.0232366196004364,-0.00194801,0.149099,0.167135,FALSE,FALSE,FALSE,"p0dAOf",148001861,0.957878,0.0368829,"outcome",TRUE,"reported","textfile",3,"147719648",0.00357698173772572,8.3e-11,"SmoInit",TRUE,"reported","G8JOQX",2,TRUE,NA
"126","rs2344976","C","T","C","T",-0.0150877384938283,0.000678762,0.612,0.654995,FALSE,FALSE,FALSE,"p0dAOf",32358916,0.981207,0.0288159,"outcome",TRUE,"reported","textfile",17,"30685935",0.00261458058153918,7.98e-09,"SmoInit",TRUE,"reported","G8JOQX",2,TRUE,NA
"127","rs2378662","A","G","A","G",0.0152121381530069,-0.0231587,0.541,0.564637,FALSE,FALSE,FALSE,"p0dAOf",84092374,0.404216,0.0277645,"outcome",TRUE,"reported","textfile",9,"86707289",0.00255675215046967,2.67e-09,"SmoInit",TRUE,"reported","G8JOQX",2,TRUE,NA
"128","rs238896","A","G","A","G",-0.0168673762438155,0.0158034,0.49,0.47997,FALSE,FALSE,FALSE,"p0dAOf",114123783,0.566698,0.0275838,"outcome",TRUE,"reported","textfile",11,"113994505",0.00254865163272406,3.65e-11,"SmoInit",TRUE,"reported","G8JOQX",2,TRUE,NA
"129","rs2539706","A","G","A","G",0.0162454401847471,0.0307065,0.529947,0.537127,FALSE,FALSE,FALSE,"p0dAOf",59592410,0.26556,0.0275804,"outcome",TRUE,"reported","textfile",2,"59819545",0.00255272464844336,1.95e-10,"SmoInit",TRUE,"reported","G8JOQX",2,TRUE,NA
"130","rs2587507","C","T","C","T",-0.0146602397314715,-0.0414378,0.502,0.512453,FALSE,FALSE,FALSE,"p0dAOf",79816336,0.133371,0.0276079,"outcome",TRUE,"reported","textfile",17,"77790135",0.00254816223679372,8.69e-09,"SmoInit",TRUE,"reported","G8JOQX",2,TRUE,NA
"131","rs2710634","C","T","C","T",-0.0177614270391893,-0.0234972,0.521,0.538433,FALSE,FALSE,FALSE,"p0dAOf",32583737,0.395251,0.0276394,"outcome",TRUE,"reported","textfile",2,"32808804",0.00255039229029593,3.36e-12,"SmoInit",TRUE,"reported","G8JOQX",2,TRUE,NA
"132","rs2734390","G","A","G","A",0.0147709061051891,0.00453221,0.372,0.269539,FALSE,FALSE,FALSE,"p0dAOf",60473558,0.883879,0.031031,"outcome",TRUE,"reported","textfile",3,"60459291",0.00263598122974669,2.09e-08,"SmoInit",TRUE,"reported","G8JOQX",2,TRUE,NA
"133","rs2796793","A","G","A","G",0.0144813515872424,-0.00489792,0.452,0.43583,FALSE,FALSE,FALSE,"p0dAOf",36345196,0.860043,0.0277786,"outcome",TRUE,"reported","textfile",10,"36634124",0.00255996547702142,1.55e-08,"SmoInit",TRUE,"reported","G8JOQX",2,TRUE,NA
"134","rs281296","A","G","A","G",0.0246892355778618,-0.00763782,0.357,0.325255,FALSE,FALSE,FALSE,"p0dAOf",47392813,0.795092,0.0294098,"outcome",TRUE,"reported","textfile",15,"47685010",0.00265921842184342,1.59e-20,"SmoInit",TRUE,"reported","G8JOQX",2,TRUE,NA
"135","rs28441558","C","T","C","T",-0.0355649826227975,0.0485036,0.0563,0.0611505,FALSE,FALSE,FALSE,"p0dAOf",7899800,0.396851,0.0572478,"outcome",TRUE,"reported","textfile",17,"7803118",0.00552741955012364,1.24e-10,"SmoInit",TRUE,"reported","G8JOQX",2,TRUE,NA
"136","rs2901785","A","G","A","G",-0.0173082721317735,-0.0257096,0.446,0.439069,FALSE,FALSE,FALSE,"p0dAOf",174135605,0.353452,0.0277069,"outcome",TRUE,"reported","textfile",1,"174104743",0.00256313389330125,1.47e-11,"SmoInit",TRUE,"reported","G8JOQX",2,TRUE,NA
"137","rs290601","T","C","T","C",0.0163101822358959,-0.0514421,0.274,0.288685,FALSE,FALSE,FALSE,"p0dAOf",114362413,0.090567,0.0303956,"outcome",TRUE,"reported","textfile",8,"115374642",0.00285660382555937,1.14e-08,"SmoInit",TRUE,"reported","G8JOQX",2,TRUE,NA
"138","rs2925128","T","C","T","C",0.0168199054545407,0.0641205,0.385191,0.450408,FALSE,FALSE,FALSE,"p0dAOf",97896018,0.0205149,0.0276763,"outcome",TRUE,"reported","textfile",14,"98362355",0.00268304078897622,3.67e-10,"SmoInit",TRUE,"reported","G8JOQX",2,TRUE,NA
"139","rs2939756","A","G","A","G",-0.015699684310767,0.0157093,0.48,0.510717,FALSE,FALSE,FALSE,"p0dAOf",41414747,0.569131,0.0275926,"outcome",TRUE,"reported","textfile",11,"41436297",0.00255018281437779,7.45e-10,"SmoInit",TRUE,"reported","G8JOQX",2,TRUE,NA
"140","rs2959084","A","G","A","G",0.0170798652799423,-0.00280363,0.704674,0.679653,FALSE,FALSE,FALSE,"p0dAOf",46057105,0.924229,0.0294783,"outcome",TRUE,"reported","textfile",11,"46078656",0.00279285661543118,9.82e-10,"SmoInit",TRUE,"reported","G8JOQX",2,TRUE,NA
"141","rs301807","G","A","G","A",0.0180144077909169,-0.00399697,0.57,0.654165,FALSE,FALSE,FALSE,"p0dAOf",8424763,0.89004,0.0289104,"outcome",TRUE,"reported","textfile",1,"8484823",0.00257348682727385,2.5e-12,"SmoInit",TRUE,"reported","G8JOQX",2,TRUE,NA
"142","rs3115418","C","T","C","T",-0.014224879533231,0.0157508,0.454,0.512119,FALSE,FALSE,FALSE,"p0dAOf",200071676,0.566992,0.0275129,"outcome",TRUE,"reported","textfile",2,"200936399",0.00255899452932799,2.79e-08,"SmoInit",TRUE,"reported","G8JOQX",2,TRUE,NA
"143","rs3172494","T","G","T","G",-0.0291266827063679,-0.0254144,0.115,0.215571,FALSE,FALSE,FALSE,"p0dAOf",48694054,0.450908,0.0337104,"outcome",TRUE,"reported","textfile",3,"48731487",0.00400085756250123,3.4e-13,"SmoInit",TRUE,"reported","G8JOQX",2,TRUE,NA
"144","rs3218116","T","C","T","C",-0.0198430370178765,-0.0422174,0.256,0.240453,FALSE,FALSE,FALSE,"p0dAOf",41934025,0.188139,0.0320776,"outcome",TRUE,"reported","textfile",6,"41901763",0.00291935664980527,1.05e-11,"SmoInit",TRUE,"reported","G8JOQX",2,TRUE,NA
"145","rs329124","G","A","G","A",-0.0163870665684475,-0.0338601,0.428,0.424598,FALSE,FALSE,FALSE,"p0dAOf",134529762,0.223452,0.0278135,"outcome",TRUE,"reported","textfile",5,"133865452",0.00257497908762324,1.96e-10,"SmoInit",TRUE,"reported","G8JOQX",2,TRUE,NA
"146","rs34342129","C","T","C","T",-0.0142810056847808,0.0206227,0.509,0.481636,FALSE,FALSE,FALSE,"p0dAOf",5872473,0.454245,0.0275573,"outcome",TRUE,"reported","textfile",18,"5872472",0.00254855475073146,2.13e-08,"SmoInit",TRUE,"reported","G8JOQX",2,TRUE,NA
"147","rs34399632","G","A","G","A",0.0193503985196848,-0.0709987,0.232,0.232384,FALSE,FALSE,FALSE,"p0dAOf",136813604,0.0296435,0.0326458,"outcome",TRUE,"reported","textfile",2,"137571174",0.00301834586299796,1.46e-10,"SmoInit",TRUE,"reported","G8JOQX",2,TRUE,NA
"148","rs34553878","G","A","G","A",0.0246707355129666,-0.00445033,0.111,0.0843344,FALSE,FALSE,FALSE,"p0dAOf",131459201,0.928043,0.0492795,"outcome",TRUE,"reported","textfile",9,"134334588",0.00405584393441003,1.17e-09,"SmoInit",TRUE,"reported","G8JOQX",2,TRUE,NA
"149","rs34940743","G","A","G","A",0.0159248966327585,0.0161731,0.346,0.358082,FALSE,FALSE,FALSE,"p0dAOf",79635890,0.574311,0.0287923,"outcome",TRUE,"reported","textfile",14,"80102233",0.00268033618438142,2.8e-09,"SmoInit",TRUE,"reported","G8JOQX",2,TRUE,NA
"150","rs35375873","C","G","C","G",-0.0270102496045462,-0.0357449,0.11,0.171915,FALSE,TRUE,FALSE,"p0dAOf",43190545,0.330399,0.0367251,"outcome",TRUE,"reported","textfile",5,"43190647",0.00407194833782387,3.29e-11,"SmoInit",TRUE,"reported","G8JOQX",2,TRUE,NA
"151","rs35656245","A","G","A","G",0.0159456398141213,-0.0360844,0.276,0.263766,FALSE,FALSE,FALSE,"p0dAOf",190988350,0.246387,0.0311294,"outcome",TRUE,"reported","textfile",1,"190957480",0.0028501635460148,2.23e-08,"SmoInit",TRUE,"reported","G8JOQX",2,TRUE,NA
"152","rs357304","C","T","C","T",0.0166757177141037,0.0161083,0.727,0.740547,FALSE,FALSE,FALSE,"p0dAOf",164006129,0.608194,0.0314216,"outcome",TRUE,"reported","textfile",2,"164862639",0.00285986199420466,5.4e-09,"SmoInit",TRUE,"reported","G8JOQX",2,TRUE,NA
"153","rs359247","T","A","T","A",0.0220304406866879,0.0101554,0.638652,0.661493,FALSE,TRUE,FALSE,"p0dAOf",60249917,0.726333,0.029015,"outcome",TRUE,"reported","textfile",2,"60477052",0.00265215339592237,9.89e-17,"SmoInit",TRUE,"reported","G8JOQX",2,TRUE,NA
"154","rs359431","T","C","T","C",-0.0141982221407122,0.0094598,0.56,0.527719,FALSE,FALSE,FALSE,"p0dAOf",173861531,0.731483,0.0275672,"outcome",TRUE,"reported","textfile",5,"173288534",0.00256668902432973,3.16e-08,"SmoInit",TRUE,"reported","G8JOQX",2,TRUE,NA
"155","rs3740977","C","T","C","T",0.0194739723678087,-0.00554498,0.167,0.125445,FALSE,FALSE,FALSE,"p0dAOf",46372024,0.894013,0.0416202,"outcome",TRUE,"reported","textfile",11,"46393574",0.00341596072659002,1.17e-08,"SmoInit",TRUE,"reported","G8JOQX",2,TRUE,NA
"156","rs3800227","G","A","G","A",0.0171779534520435,0.0184227,0.742,0.679326,FALSE,FALSE,FALSE,"p0dAOf",108672958,0.532371,0.0295051,"outcome",TRUE,"reported","textfile",6,"108994161",0.00291193582568195,3.64e-09,"SmoInit",TRUE,"reported","G8JOQX",2,TRUE,NA
"157","rs3810496","C","T","C","T",0.015881294406838,-0.0279919,0.619436,0.609463,FALSE,FALSE,FALSE,"p0dAOf",63775533,0.320718,0.0281897,"outcome",TRUE,"reported","textfile",20,"62406886",0.00262869055394539,1.54e-09,"SmoInit",TRUE,"reported","G8JOQX",2,TRUE,NA
"158","rs3811038","C","T","C","T",0.0191404347355438,-0.0182406,0.279,0.229099,FALSE,FALSE,FALSE,"p0dAOf",112482606,0.580039,0.0329652,"outcome",TRUE,"reported","textfile",2,"113240183",0.0028406901883061,1.58e-11,"SmoInit",TRUE,"reported","G8JOQX",2,TRUE,NA
"159","rs3820277","T","G","T","G",-0.0188369165347618,-0.00127549,0.526,0.51425,FALSE,FALSE,FALSE,"p0dAOf",18110163,0.963242,0.0276765,"outcome",TRUE,"reported","textfile",1,"18436657",0.00255159394161599,1.57e-13,"SmoInit",TRUE,"reported","G8JOQX",2,TRUE,NA
"160","rs3843905","T","C","T","C",-0.0151458403650148,0.0178497,0.403,0.4447,FALSE,FALSE,FALSE,"p0dAOf",166000275,0.518024,0.0276143,"outcome",TRUE,"reported","textfile",5,"165427280",0.00259749019339433,5.41e-09,"SmoInit",TRUE,"reported","G8JOQX",2,TRUE,NA
"161","rs3847244","T","C","T","C",0.0186716901787056,-0.0474302,0.47,0.393601,FALSE,FALSE,FALSE,"p0dAOf",3025368,0.0939118,0.0283146,"outcome",TRUE,"reported","textfile",9,"3025368",0.00255274092798555,2.6e-13,"SmoInit",TRUE,"reported","G8JOQX",2,TRUE,NA
"162","rs3850736","G","C","G","C",0.0191284473580711,0.0207413,0.474,0.456313,FALSE,TRUE,TRUE,"p0dAOf",63999464,0.453752,0.0276855,"outcome",TRUE,"reported","textfile",8,"64912021",0.00255159394161599,6.43e-14,"SmoInit",TRUE,"reported","G8JOQX",2,FALSE,NA
"163","rs3909281","G","T","G","T",0.0210671931230717,0.00189137,0.536,0.462868,FALSE,FALSE,FALSE,"p0dAOf",165669430,0.945396,0.0276156,"outcome",TRUE,"reported","textfile",5,"165096435",0.00255477242593266,1.62e-16,"SmoInit",TRUE,"reported","G8JOQX",2,TRUE,NA
"164","rs3934797","A","G","A","G",-0.0212974655643372,-0.0034769,0.182,0.156368,FALSE,FALSE,FALSE,"p0dAOf",111546456,0.927242,0.0380757,"outcome",TRUE,"reported","textfile",4,"112467612",0.00330203186086922,1.12e-10,"SmoInit",TRUE,"reported","G8JOQX",2,TRUE,NA
"165","rs4044321","G","A","G","A",-0.0226409661630272,0.0535648,0.644,0.66188,FALSE,FALSE,FALSE,"p0dAOf",167562508,0.0653206,0.029063,"outcome",TRUE,"reported","textfile",5,"166989513",0.00266088234855731,1.75e-17,"SmoInit",TRUE,"reported","G8JOQX",2,TRUE,NA
"166","rs4140932","A","T","A","T",-0.0140445222019547,-0.0149301,0.431,0.496179,FALSE,TRUE,TRUE,"p0dAOf",15456974,0.58835,0.0275856,"outcome",TRUE,"reported","textfile",4,"15458598",0.00257275740542211,4.89e-08,"SmoInit",TRUE,"reported","G8JOQX",2,FALSE,NA
"167","rs42417","T","C","T","C",0.0169295734879061,-0.00317371,0.691,0.527003,FALSE,FALSE,FALSE,"p0dAOf",94862585,0.908703,0.0276759,"outcome",TRUE,"reported","textfile",5,"94198290",0.00275724489830731,8.27e-10,"SmoInit",TRUE,"reported","G8JOQX",2,TRUE,NA
"168","rs4264267","T","C","T","C",0.0147920832786023,0.0354214,0.527042,0.565855,FALSE,FALSE,FALSE,"p0dAOf",37785539,0.204265,0.027902,"outcome",TRUE,"reported","textfile",13,"38359676",0.00255187680537184,6.82e-09,"SmoInit",TRUE,"reported","G8JOQX",2,TRUE,NA
"169","rs4310804","G","C","G","C",-0.0181872587471534,0.009308,0.247,0.303537,FALSE,TRUE,FALSE,"p0dAOf",96315180,0.757007,0.0300826,"outcome",TRUE,"reported","textfile",15,"96858409",0.002954252695758,7.55e-10,"SmoInit",TRUE,"reported","G8JOQX",2,TRUE,NA
"170","rs4326350","G","C","G","C",-0.0176136629922878,-0.0140902,0.493,0.387736,FALSE,TRUE,TRUE,"p0dAOf",10906145,0.618946,0.0283309,"outcome",TRUE,"reported","textfile",8,"10763655",0.00255297290866797,5.16e-12,"SmoInit",TRUE,"reported","G8JOQX",2,FALSE,NA
"171","rs4476253","A","G","A","G",-0.0184861639511242,-0.0132159,0.24,0.221131,FALSE,FALSE,FALSE,"p0dAOf",27673333,0.690771,0.0332218,"outcome",TRUE,"reported","textfile",18,"25253297",0.00298319187991516,5.78e-10,"SmoInit",TRUE,"reported","G8JOQX",2,TRUE,NA
"172","rs4543050","T","A","T","A",0.0222035305102178,-0.0535424,0.816,0.860806,FALSE,TRUE,FALSE,"p0dAOf",74905409,0.178608,0.0398069,"outcome",TRUE,"reported","textfile",3,"74954560",0.00328805909500432,1.45e-11,"SmoInit",TRUE,"reported","G8JOQX",2,TRUE,NA
"173","rs45444697","G","C","G","C",0.0196901495123313,0.0530493,0.212,0.17807,FALSE,TRUE,FALSE,"p0dAOf",155062156,0.140909,0.0360288,"outcome",TRUE,"reported","textfile",1,"155034632",0.00311718491590551,2.72e-10,"SmoInit",TRUE,"reported","G8JOQX",2,TRUE,NA
"174","rs4674916","A","C","A","C",-0.0180261497464384,-0.0434247,0.327671,0.304177,FALSE,FALSE,FALSE,"p0dAOf",224500918,0.146189,0.0298836,"outcome",TRUE,"reported","textfile",2,"225365635",0.00271446145914343,3.06e-11,"SmoInit",TRUE,"reported","G8JOQX",2,TRUE,NA
"175","rs4674993","G","A","G","A",-0.0240053355928417,0.0623964,0.2,0.174079,FALSE,FALSE,FALSE,"p0dAOf",225467317,0.0852354,0.036254,"outcome",TRUE,"reported","textfile",2,"226332033",0.00318517731426786,4.85e-14,"SmoInit",TRUE,"reported","G8JOQX",2,TRUE,NA
"176","rs4727189","C","T","C","T",0.0148604394330488,-0.00842125,0.344,0.324278,FALSE,FALSE,FALSE,"p0dAOf",88813254,0.774654,0.029415,"outcome",TRUE,"reported","textfile",7,"88442568",0.00268202279236024,3e-08,"SmoInit",TRUE,"reported","G8JOQX",2,TRUE,NA
"177","rs4752018","A","C","A","C",0.0188538152048703,0.0591331,0.231,0.191883,FALSE,FALSE,FALSE,"p0dAOf",116919201,0.090734,0.0349583,"outcome",TRUE,"reported","textfile",10,"118678712",0.00302290462718799,4.42e-10,"SmoInit",TRUE,"reported","G8JOQX",2,TRUE,NA
"178","rs4759229","G","A","G","A",0.0155695985471537,0.0223473,0.656,0.671694,FALSE,FALSE,FALSE,"p0dAOf",56080696,0.444922,0.0292538,"outcome",TRUE,"reported","textfile",12,"56474480",0.00268202279236024,6.53e-09,"SmoInit",TRUE,"reported","G8JOQX",2,TRUE,NA
"179","rs4785187","A","G","A","G",0.0199772389299315,-0.0146507,0.223,0.29358,FALSE,FALSE,FALSE,"p0dAOf",49732861,0.628998,0.030324,"outcome",TRUE,"reported","textfile",16,"49766772",0.00306076977669106,6.55e-11,"SmoInit",TRUE,"reported","G8JOQX",2,TRUE,NA
"180","rs4788676","C","T","C","T",-0.0177450351799136,-0.062472,0.228528,0.151967,FALSE,FALSE,FALSE,"p0dAOf",72916569,0.101015,0.0380939,"outcome",TRUE,"reported","textfile",16,"72950468",0.00303433699193013,4.92e-09,"SmoInit",TRUE,"reported","G8JOQX",2,TRUE,NA
"181","rs4790874","T","C","T","C",0.0174491108982369,0.00100997,0.532,0.502837,FALSE,FALSE,FALSE,"p0dAOf",2091883,0.970872,0.0276592,"outcome",TRUE,"reported","textfile",17,"1995177",0.0025533765323661,8.43e-12,"SmoInit",TRUE,"reported","G8JOQX",2,TRUE,NA
"182","rs4818005","A","G","A","G",-0.0204309829445482,-0.016465,0.581,0.688406,FALSE,FALSE,FALSE,"p0dAOf",39216893,0.579753,0.0297338,"outcome",TRUE,"reported","textfile",21,"40588819",0.00264424745900656,1.09e-14,"SmoInit",TRUE,"reported","G8JOQX",2,TRUE,NA
"183","rs4822102","T","C","T","C",-0.0165428077340757,0.00668265,0.618,0.497245,FALSE,FALSE,FALSE,"p0dAOf",42302424,0.80834,0.0275497,"outcome",TRUE,"reported","textfile",22,"42698430",0.00262221130993186,2.78e-10,"SmoInit",TRUE,"reported","G8JOQX",2,TRUE,NA
"184","rs4837631","T","C","T","C",-0.0153574290571087,-0.0354843,0.446,0.45372,FALSE,FALSE,FALSE,"p0dAOf",119299670,0.198382,0.027589,"outcome",TRUE,"reported","textfile",9,"122061948",0.00256313389330125,2.03e-09,"SmoInit",TRUE,"reported","G8JOQX",2,TRUE,NA
"185","rs4877285","A","G","A","G",-0.0181318240751014,0.00936026,0.668249,0.6707,FALSE,FALSE,FALSE,"p0dAOf",78739213,0.74977,0.0293477,"outcome",TRUE,"reported","textfile",9,"81354129",0.00270594101919117,2.1e-11,"SmoInit",TRUE,"reported","G8JOQX",2,TRUE,NA
"186","rs4886207","C","T","C","T",-0.0162466752287049,-0.0228966,0.637,0.567854,FALSE,FALSE,FALSE,"p0dAOf",60131658,0.408113,0.0276789,"outcome",TRUE,"reported","textfile",13,"60705792",0.00264954058636653,8.78e-10,"SmoInit",TRUE,"reported","G8JOQX",2,TRUE,NA
"187","rs4912332","T","C","T","C",0.0141209253041899,-0.0156889,0.491,0.544199,FALSE,FALSE,FALSE,"p0dAOf",58349571,0.568994,0.0275469,"outcome",TRUE,"reported","textfile",1,"58815243",0.00254855475073146,2.94e-08,"SmoInit",TRUE,"reported","G8JOQX",2,TRUE,NA
"188","rs540860","G","A","G","A",0.0176085972904721,0.0100695,0.543,0.547888,FALSE,FALSE,FALSE,"p0dAOf",121660179,0.717424,0.0278239,"outcome",TRUE,"reported","textfile",11,"121530888",0.00255761747377367,5.75e-12,"SmoInit",TRUE,"reported","G8JOQX",2,TRUE,NA
"189","rs55786907","G","A","G","A",0.019445215573239,0.0236535,0.162492,0.186007,FALSE,FALSE,FALSE,"p0dAOf",59297450,0.503359,0.0353452,"outcome",TRUE,"reported","textfile",13,"59871584",0.00345368823422651,1.84e-08,"SmoInit",TRUE,"reported","G8JOQX",2,TRUE,NA
"190","rs55913542","T","G","T","G",0.0185622623947187,-0.0542148,0.175,0.190774,FALSE,FALSE,FALSE,"p0dAOf",99227506,0.121442,0.0350055,"outcome",TRUE,"reported","textfile",14,"99693843",0.00335560006619697,3.25e-08,"SmoInit",TRUE,"reported","G8JOQX",2,TRUE,NA
"191","rs56208390","G","A","G","A",0.0215635615380883,-0.0329852,0.123,0.138406,FALSE,FALSE,FALSE,"p0dAOf",83020873,0.411141,0.0401335,"outcome",TRUE,"reported","textfile",2,"83247997",0.00387919179771511,2.68e-08,"SmoInit",TRUE,"reported","G8JOQX",2,TRUE,NA
"192","rs56902655","G","T","G","T",-0.0218627772110258,0.0205785,0.136,0.165911,FALSE,FALSE,FALSE,"p0dAOf",63606510,0.576974,0.0368916,"outcome",TRUE,"reported","textfile",15,"63898709",0.00371678363105592,4.09e-09,"SmoInit",TRUE,"reported","G8JOQX",2,TRUE,NA
"193","rs58400863","A","G","A","G",-0.0201718832102996,0.00426714,0.347,0.353402,FALSE,FALSE,FALSE,"p0dAOf",31182862,0.883371,0.029088,"outcome",TRUE,"reported","textfile",4,"31184484",0.00267653099616181,4.89e-14,"SmoInit",TRUE,"reported","G8JOQX",2,TRUE,NA
"194","rs586699","A","G","A","G",-0.0148032813680652,0.0286776,0.543,0.568205,FALSE,FALSE,FALSE,"p0dAOf",92556568,0.30032,0.0276878,"outcome",TRUE,"reported","textfile",11,"92289734",0.00255761747377367,7.29e-09,"SmoInit",TRUE,"reported","G8JOQX",2,TRUE,NA
"195","rs59537158","T","C","T","C",0.0224874954780672,0.0317576,0.214,0.176807,FALSE,FALSE,FALSE,"p0dAOf",28244427,0.381811,0.0363125,"outcome",TRUE,"reported","textfile",4,"28246049",0.00310652923853118,4.62e-13,"SmoInit",TRUE,"reported","G8JOQX",2,TRUE,NA
"196","rs6011779","T","C","T","C",-0.019176551179367,-0.0484216,0.806,0.756656,FALSE,FALSE,FALSE,"p0dAOf",63352965,0.13159,0.0321127,"outcome",TRUE,"reported","textfile",20,"61984317",0.0032276255980191,2.83e-09,"SmoInit",TRUE,"reported","G8JOQX",2,TRUE,NA
"197","rs6050446","G","A","G","A",0.0544097950038368,-0.0223772,0.971,0.976988,FALSE,FALSE,FALSE,"p0dAOf",25214873,0.807707,0.0919415,"outcome",TRUE,"reported","textfile",20,"25195509",0.00761143669351101,8.8e-13,"SmoInit",TRUE,"reported","G8JOQX",2,TRUE,NA
"198","rs6073075","A","T","A","T",-0.0187040436887538,-0.00180345,0.824,0.852286,FALSE,TRUE,FALSE,"p0dAOf",43387161,0.963133,0.0390165,"outcome",TRUE,"reported","textfile",20,"42015801",0.00335394019043135,2.44e-08,"SmoInit",TRUE,"reported","G8JOQX",2,TRUE,NA
"199","rs60833441","G","A","G","A",-0.0142766415932626,-0.00530526,0.461,0.464738,FALSE,FALSE,FALSE,"p0dAOf",73756427,0.847273,0.0275456,"outcome",TRUE,"reported","textfile",15,"74048768",0.00255592884906635,2.28e-08,"SmoInit",TRUE,"reported","G8JOQX",2,TRUE,NA
"200","rs61533748","C","T","C","T",0.0174357045031205,-0.00724787,0.384,0.439649,FALSE,FALSE,FALSE,"p0dAOf",22360096,0.794228,0.0277884,"outcome",TRUE,"reported","textfile",2,"22582968",0.00261961601583743,2.82e-11,"SmoInit",TRUE,"reported","G8JOQX",2,TRUE,NA
"201","rs61884449","T","C","T","C",0.0199752928300066,0.0461391,0.149183,0.216694,FALSE,FALSE,FALSE,"p0dAOf",64717721,0.170647,0.033675,"outcome",TRUE,"reported","textfile",11,"64485193",0.00357615107721525,2.32e-08,"SmoInit",TRUE,"reported","G8JOQX",2,TRUE,NA
"202","rs61886926","T","C","T","C",-0.0179400669035335,-0.0293891,0.384,0.42036,FALSE,FALSE,FALSE,"p0dAOf",64366080,0.292584,0.0279239,"outcome",TRUE,"reported","textfile",11,"64133552",0.00261961601583743,7.3e-12,"SmoInit",TRUE,"reported","G8JOQX",2,TRUE,NA
"203","rs619087","G","A","G","A",0.0142703351761035,0.0344758,0.422,0.524238,FALSE,FALSE,FALSE,"p0dAOf",93465561,0.211207,0.027575,"outcome",TRUE,"reported","textfile",6,"94175279",0.00257972528581484,3.1e-08,"SmoInit",TRUE,"reported","G8JOQX",2,TRUE,NA
"204","rs61959481","A","G","A","G",-0.0203441990277331,0.00595505,0.21,0.178477,FALSE,FALSE,FALSE,"p0dAOf",55260794,0.868313,0.0359167,"outcome",TRUE,"reported","textfile",13,"55834929",0.00312802641757244,7.95e-11,"SmoInit",TRUE,"reported","G8JOQX",2,TRUE,NA
"205","rs62007780","T","G","T","G",-0.0159132952767858,0.0106176,0.416,0.394985,FALSE,FALSE,FALSE,"p0dAOf",77733122,0.707294,0.0282766,"outcome",TRUE,"reported","textfile",15,"78025464",0.00258488077414061,7.48e-10,"SmoInit",TRUE,"reported","G8JOQX",2,TRUE,NA
"206","rs62052916","T","A","T","A",-0.0319137711463547,0.0272708,0.0701,0.0915067,FALSE,TRUE,FALSE,"p0dAOf",72540651,0.569461,0.0479407,"outcome",TRUE,"reported","textfile",16,"72574550",0.00499018300026018,1.62e-10,"SmoInit",TRUE,"reported","G8JOQX",2,TRUE,NA
"207","rs62098013","A","G","A","G",0.0177099761642005,0.026919,0.365322,0.351441,FALSE,FALSE,FALSE,"p0dAOf",53337491,0.352346,0.0289436,"outcome",TRUE,"reported","textfile",18,"50863861",0.00264593377276032,2.24e-11,"SmoInit",TRUE,"reported","G8JOQX",2,TRUE,NA
"208","rs62106258","C","T","C","T",-0.0454980088384573,-0.145315,0.047329,0.0203065,FALSE,FALSE,FALSE,"p0dAOf",417167,0.133067,0.0967399,"outcome",TRUE,"reported","textfile",2,"417167",0.00600009972129354,3.33e-14,"SmoInit",TRUE,"reported","G8JOQX",2,TRUE,NA
"209","rs62137126","G","A","G","A",-0.0236910869881559,-0.0435725,0.121094,0.104933,FALSE,FALSE,FALSE,"p0dAOf",44023010,0.328541,0.0445956,"outcome",TRUE,"reported","textfile",2,"44250149",0.00390536003837775,1.31e-09,"SmoInit",TRUE,"reported","G8JOQX",2,TRUE,NA
"210","rs62180324","A","G","A","G",-0.0195166646371247,-0.0955346,0.212,0.153763,FALSE,FALSE,FALSE,"p0dAOf",63189471,0.011998,0.0380283,"outcome",TRUE,"reported","textfile",2,"63416606",0.00311718491590551,3.91e-10,"SmoInit",TRUE,"reported","G8JOQX",2,TRUE,NA
"211","rs62193862","A","G","A","G",0.0238462864833974,0.0798568,0.0999,0.123547,FALSE,FALSE,FALSE,"p0dAOf",201979152,0.0588708,0.042271,"outcome",TRUE,"reported","textfile",2,"202843875",0.00424879209370151,1.99e-08,"SmoInit",TRUE,"reported","G8JOQX",2,TRUE,NA
"212","rs62246017","A","G","A","G",-0.0161694933302614,0.0309255,0.322639,0.279099,FALSE,FALSE,FALSE,"p0dAOf",71433933,0.315644,0.0308191,"outcome",TRUE,"reported","textfile",3,"71483084",0.00272536754484063,3.03e-09,"SmoInit",TRUE,"reported","G8JOQX",2,TRUE,NA
"213","rs62340589","C","G","C","G",0.017413369446369,0.0624775,0.201,0.195301,FALSE,TRUE,FALSE,"p0dAOf",175954644,0.0719184,0.0347168,"outcome",TRUE,"reported","textfile",4,"176875795",0.00317923174931584,4.31e-08,"SmoInit",TRUE,"reported","G8JOQX",2,TRUE,NA
"214","rs62618693","T","C","T","C",-0.0352724153423309,0.103393,0.0428,0.0257724,FALSE,FALSE,FALSE,"p0dAOf",32934946,0.227121,0.0856041,"outcome",TRUE,"reported","textfile",11,"32956492",0.00629463244218645,2.09e-08,"SmoInit",TRUE,"reported","G8JOQX",2,TRUE,NA
"215","rs6265","T","C","T","C",-0.0292754909467112,-0.111308,0.188,0.154297,FALSE,FALSE,FALSE,"p0dAOf",27658369,0.00416188,0.0388426,"outcome",TRUE,"reported","textfile",11,"27679916",0.00326089388209887,2.81e-19,"SmoInit",TRUE,"reported","G8JOQX",2,TRUE,NA
"216","rs6437769","T","C","T","C",0.0142141155562826,-0.00637631,0.581,0.50908,FALSE,FALSE,FALSE,"p0dAOf",108278667,0.816852,0.0275321,"outcome",TRUE,"reported","textfile",3,"107997514",0.00258225143562947,3.74e-08,"SmoInit",TRUE,"reported","G8JOQX",2,TRUE,NA
"217","rs6438436","T","C","T","C",0.0247370456169046,0.0262735,0.816,0.756471,FALSE,FALSE,FALSE,"p0dAOf",118103302,0.41376,0.0321469,"outcome",TRUE,"reported","textfile",3,"117822149",0.00328805909500432,5.33e-14,"SmoInit",TRUE,"reported","G8JOQX",2,TRUE,NA
"218","rs644740","T","C","T","C",-0.0140785168397533,-0.00197762,0.457,0.395751,FALSE,FALSE,FALSE,"p0dAOf",65793997,0.943939,0.028123,"outcome",TRUE,"reported","textfile",11,"65561468",0.00255761747377367,3.67e-08,"SmoInit",TRUE,"reported","G8JOQX",2,TRUE,NA
"219","rs6497840","A","G","A","G",0.0227702781578142,0.0124591,0.707,0.74291,FALSE,FALSE,FALSE,"p0dAOf",25340312,0.691745,0.0314235,"outcome",TRUE,"reported","textfile",16,"25351633",0.00286651128783754,2.01e-15,"SmoInit",TRUE,"reported","G8JOQX",2,TRUE,NA
"220","rs6568832","A","G","A","G",0.0188690056414671,0.0311194,0.753851,0.728399,FALSE,FALSE,FALSE,"p0dAOf",97255000,0.315096,0.0309773,"outcome",TRUE,"reported","textfile",6,"97702876",0.00295768425707732,1.74e-10,"SmoInit",TRUE,"reported","G8JOQX",2,TRUE,NA
"221","rs67050670","G","A","G","A",-0.0202722725573387,-0.0271932,0.229,0.204373,FALSE,FALSE,FALSE,"p0dAOf",41717290,0.426906,0.0342268,"outcome",TRUE,"reported","textfile",18,"39297254",0.00303213598798646,2.34e-11,"SmoInit",TRUE,"reported","G8JOQX",2,TRUE,NA
"222","rs6731872","G","T","G","T",0.0315976722437205,0.0587827,0.826,0.835618,FALSE,FALSE,FALSE,"p0dAOf",624205,0.112534,0.0370424,"outcome",TRUE,"reported","textfile",2,"624205",0.00336069389789628,5.35e-21,"SmoInit",TRUE,"reported","G8JOQX",2,TRUE,NA
"223","rs6750107","A","G","A","G",0.0145651380943922,-0.0252978,0.386875,0.450278,FALSE,FALSE,FALSE,"p0dAOf",80521682,0.360165,0.0276464,"outcome",TRUE,"reported","textfile",2,"80748807",0.00261597602650499,2.6e-08,"SmoInit",TRUE,"reported","G8JOQX",2,TRUE,NA
"224","rs6750529","T","C","T","C",0.0199073582141741,0.0464244,0.744,0.744885,FALSE,FALSE,FALSE,"p0dAOf",181162876,0.14232,0.0316413,"outcome",TRUE,"reported","textfile",2,"182027603",0.00291935664980527,9.26e-12,"SmoInit",TRUE,"reported","G8JOQX",2,TRUE,NA
"225","rs6756212","T","C","T","C",-0.0338880494124865,0.0305461,0.535,0.438344,FALSE,FALSE,FALSE,"p0dAOf",145382564,0.27075,0.0277355,"outcome",TRUE,"reported","textfile",2,"146140132",0.00255440783586912,3.49e-40,"SmoInit",TRUE,"reported","G8JOQX",2,TRUE,NA
"226","rs67777803","T","G","T","G",-0.0246014935565632,0.0195911,0.172,0.167006,FALSE,FALSE,FALSE,"p0dAOf",28996304,0.59619,0.0369721,"outcome",TRUE,"reported","textfile",17,"27323322",0.00337609153783181,3.18e-13,"SmoInit",TRUE,"reported","G8JOQX",2,TRUE,NA
"227","rs6782116","T","C","T","C",-0.0146502197827914,0.0176209,0.415,0.316165,FALSE,FALSE,FALSE,"p0dAOf",77126881,0.552202,0.0296417,"outcome",TRUE,"reported","textfile",3,"77176032",0.00258578030838715,1.46e-08,"SmoInit",TRUE,"reported","G8JOQX",2,TRUE,NA
"228","rs6874731","G","T","G","T",0.0153179156797748,0.0130959,0.484,0.464298,FALSE,FALSE,FALSE,"p0dAOf",80968046,0.638549,0.0278797,"outcome",TRUE,"reported","textfile",5,"80263865",0.00254944750286814,1.83e-09,"SmoInit",TRUE,"reported","G8JOQX",2,TRUE,NA
"229","rs6890961","T","C","T","C",-0.0193108669011559,-0.0666288,0.624,0.638349,FALSE,FALSE,FALSE,"p0dAOf",167351498,0.0208728,0.0288402,"outcome",TRUE,"reported","textfile",5,"166778503",0.0026303127365933,2.13e-13,"SmoInit",TRUE,"reported","G8JOQX",2,TRUE,NA
"230","rs6936160","T","C","T","C",0.0201067590761284,-0.0226922,0.698,0.689718,FALSE,FALSE,FALSE,"p0dAOf",99899869,0.44665,0.0298185,"outcome",TRUE,"reported","textfile",6,"100347745",0.0027749963896861,4.2e-13,"SmoInit",TRUE,"reported","G8JOQX",2,TRUE,NA
"231","rs6968380","A","G","A","G",-0.0234192367880246,0.00532817,0.681,0.630454,FALSE,FALSE,FALSE,"p0dAOf",115300105,0.851766,0.0285134,"outcome",TRUE,"reported","textfile",7,"114940159",0.00273353543303769,1.05e-17,"SmoInit",TRUE,"reported","G8JOQX",2,TRUE,NA
"232","rs6986430","C","T","C","T",-0.0243376590460144,-0.0303471,0.222377,0.19418,FALSE,FALSE,FALSE,"p0dAOf",92035876,0.380362,0.0345942,"outcome",TRUE,"reported","textfile",8,"93048104",0.00306382618128011,1.99e-15,"SmoInit",TRUE,"reported","G8JOQX",2,TRUE,NA
"233","rs7024924","C","T","C","T",0.0188917634386336,0.0144643,0.174,0.173084,FALSE,FALSE,FALSE,"p0dAOf",8282399,0.690658,0.0363459,"outcome",TRUE,"reported","textfile",9,"8282399",0.00336069389789629,1.9e-08,"SmoInit",TRUE,"reported","G8JOQX",2,TRUE,NA
"234","rs7026534","G","T","G","T",-0.0166030163128688,-0.0201593,0.703821,0.73685,FALSE,FALSE,FALSE,"p0dAOf",132031876,0.519108,0.0312683,"outcome",TRUE,"reported","textfile",9,"134907263",0.0027905214398687,2.68e-09,"SmoInit",TRUE,"reported","G8JOQX",2,TRUE,NA
"235","rs7072776","G","A","G","A",-0.0219746659604234,-0.0579713,0.712,0.7622,FALSE,FALSE,FALSE,"p0dAOf",21744013,0.0724119,0.0322688,"outcome",TRUE,"reported","textfile",10,"22032942",0.00281356766714023,5.66e-15,"SmoInit",TRUE,"reported","G8JOQX",2,TRUE,NA
"236","rs7134009","C","T","C","T",-0.0157969079482934,-0.0164811,0.287,0.357591,FALSE,FALSE,FALSE,"p0dAOf",74869413,0.565933,0.0287102,"outcome",TRUE,"reported","textfile",12,"75263193",0.00288410760737097,4.3e-08,"SmoInit",TRUE,"reported","G8JOQX",2,TRUE,NA
"237","rs71367544","T","C","T","C",0.0205521600569838,0.0409619,0.203,0.219376,FALSE,FALSE,FALSE,"p0dAOf",79814374,0.21962,0.0333691,"outcome",TRUE,"reported","textfile",18,"77574374",0.00316749855600992,8.54e-11,"SmoInit",TRUE,"reported","G8JOQX",2,TRUE,NA
"238","rs71592686","C","T","C","T",0.0207374485275736,-0.00189908,0.274,0.279715,FALSE,FALSE,FALSE,"p0dAOf",60825444,0.950649,0.0306836,"outcome",TRUE,"reported","textfile",5,"60121271",0.00285660382555937,3.85e-13,"SmoInit",TRUE,"reported","G8JOQX",2,TRUE,NA
"239","rs71602617","T","C","T","C",-0.0177654859083323,0.0165268,0.216,0.29677,FALSE,FALSE,FALSE,"p0dAOf",135485000,0.583064,0.030108,"outcome",TRUE,"reported","textfile",4,"136406155",0.00317038691182538,2.1e-08,"SmoInit",TRUE,"reported","G8JOQX",2,TRUE,NA
"240","rs7188873","G","A","G","A",0.0202957786323485,-0.0296774,0.612998,0.630927,FALSE,FALSE,FALSE,"p0dAOf",24715743,0.297572,0.0284906,"outcome",TRUE,"reported","textfile",16,"24727064",0.00261581768560816,8.46e-15,"SmoInit",TRUE,"reported","G8JOQX",2,TRUE,NA
"241","rs7192140","C","T","C","T",-0.0168833776674707,-0.0500398,0.498,0.421205,FALSE,FALSE,FALSE,"p0dAOf",10079891,0.0727931,0.0278909,"outcome",TRUE,"reported","textfile",16,"10173748",0.00254816223679372,3.4e-11,"SmoInit",TRUE,"reported","G8JOQX",2,TRUE,NA
"242","rs72780746","C","T","C","T",-0.0257629583806218,-0.0343294,0.173,0.153591,FALSE,FALSE,FALSE,"p0dAOf",104593887,0.366916,0.038048,"outcome",TRUE,"reported","textfile",5,"103929588",0.00336835455155562,2.05e-14,"SmoInit",TRUE,"reported","G8JOQX",2,TRUE,NA
"243","rs72789626","A","T","A","T",-0.025643113591373,-0.0924354,0.136,0.0843909,FALSE,TRUE,FALSE,"p0dAOf",107489917,0.060317,0.049208,"outcome",TRUE,"reported","textfile",5,"106825618",0.00371678363105592,5.13e-12,"SmoInit",TRUE,"reported","G8JOQX",2,TRUE,NA
"244","rs72790288","A","G","A","G",-0.0455317796974094,-0.238647,0.0282,0.0181673,FALSE,FALSE,FALSE,"p0dAOf",29290538,0.0208089,0.103246,"outcome",TRUE,"reported","textfile",2,"29513404",0.00769627546732542,3.28e-09,"SmoInit",TRUE,"reported","G8JOQX",2,TRUE,NA
"245","rs72898831","G","A","G","A",-0.024415855154164,-0.0384247,0.155,0.134664,FALSE,FALSE,FALSE,"p0dAOf",45078678,0.342859,0.0405096,"outcome",TRUE,"reported","textfile",18,"42658643",0.00352045989869483,4.14e-12,"SmoInit",TRUE,"reported","G8JOQX",2,TRUE,NA
"246","rs73008357","C","A","C","A",-0.0223095209685988,-0.0162037,0.121,0.111581,FALSE,FALSE,FALSE,"p0dAOf",156110722,0.708789,0.0433854,"outcome",TRUE,"reported","textfile",6,"156431856",0.00400046109017831,2.44e-08,"SmoInit",TRUE,"reported","G8JOQX",2,TRUE,NA
"247","rs7333559","A","G","A","G",-0.0232125263243759,0.022119,0.783,0.83621,FALSE,FALSE,FALSE,"p0dAOf",99894196,0.551675,0.0371591,"outcome",TRUE,"reported","textfile",13,"100546450",0.00309088507361485,5.94e-14,"SmoInit",TRUE,"reported","G8JOQX",2,TRUE,NA
"248","rs73831818","G","A","G","A",0.0320434884207701,-0.0299044,0.057,0.0371559,FALSE,FALSE,FALSE,"p0dAOf",55954366,0.679445,0.0723691,"outcome",TRUE,"reported","textfile",3,"55988394",0.00549541292719244,5.46e-09,"SmoInit",TRUE,"reported","G8JOQX",2,TRUE,NA
"249","rs748832","G","A","G","A",0.017214171572941,0.0133066,0.371,0.365506,FALSE,FALSE,FALSE,"p0dAOf",16809700,0.641118,0.0285467,"outcome",TRUE,"reported","textfile",3,"16851202",0.00263743234317981,6.6e-11,"SmoInit",TRUE,"reported","G8JOQX",2,TRUE,NA
"250","rs7505855","T","C","T","C",-0.016981782012443,-0.0195046,0.586,0.577158,FALSE,FALSE,FALSE,"p0dAOf",34116111,0.483971,0.0278665,"outcome",TRUE,"reported","textfile",18,"31696075",0.00258669144452735,5.31e-11,"SmoInit",TRUE,"reported","G8JOQX",2,TRUE,NA
"251","rs75674569","A","G","A","G",-0.0253376642806127,-0.0197522,0.0997,0.0589796,FALSE,FALSE,FALSE,"p0dAOf",96171470,0.733383,0.0579874,"outcome",TRUE,"reported","textfile",13,"96823724",0.00425257910541401,2.58e-09,"SmoInit",TRUE,"reported","G8JOQX",2,TRUE,NA
"252","rs75919030","C","T","C","T",-0.0209664026528435,0.000763889,0.267,0.259383,FALSE,FALSE,FALSE,"p0dAOf",52115837,0.980621,0.0314489,"outcome",TRUE,"reported","textfile",17,"50193197",0.00287995689236987,3.35e-13,"SmoInit",TRUE,"reported","G8JOQX",2,TRUE,NA
"253","rs7598402","G","C","G","C",-0.0147282541443157,0.0150514,0.492084,0.478691,FALSE,TRUE,TRUE,"p0dAOf",50508805,0.584519,0.0275267,"outcome",TRUE,"reported","textfile",2,"50735943",0.00254846126017199,7.38e-09,"SmoInit",TRUE,"reported","G8JOQX",2,FALSE,NA
"254","rs7600835","A","G","A","G",-0.0151215822660203,-0.021843,0.342,0.280332,FALSE,FALSE,FALSE,"p0dAOf",171665317,0.477361,0.0307409,"outcome",TRUE,"reported","textfile",2,"172521827",0.00268576249814973,1.8e-08,"SmoInit",TRUE,"reported","G8JOQX",2,TRUE,NA
"255","rs7631379","C","T","C","T",0.0208014202663307,0.043476,0.206,0.15459,FALSE,FALSE,FALSE,"p0dAOf",181691269,0.252169,0.0379671,"outcome",TRUE,"reported","textfile",3,"181409057",0.00315028426377377,3.94e-11,"SmoInit",TRUE,"reported","G8JOQX",2,TRUE,NA
"256","rs7640107","T","C","T","C",-0.0141860488913742,-0.0171779,0.430789,0.4807,FALSE,FALSE,FALSE,"p0dAOf",59980430,0.532936,0.0275495,"outcome",TRUE,"reported","textfile",3,"59966156",0.00257291038839787,3.46e-08,"SmoInit",TRUE,"reported","G8JOQX",2,TRUE,NA
"257","rs76460663","G","C","G","C",-0.0423499881621549,0.0996631,0.041056,0.0779217,FALSE,TRUE,FALSE,"p0dAOf",112109017,0.0550149,0.0519415,"outcome",TRUE,"reported","textfile",11,"111979741",0.00642108863426387,4.15e-11,"SmoInit",TRUE,"reported","G8JOQX",2,TRUE,NA
"258","rs7657022","G","A","G","A",0.0182907848013209,0.0648682,0.489,0.50867,FALSE,FALSE,FALSE,"p0dAOf",35499410,0.018281,0.027488,"outcome",TRUE,"reported","textfile",4,"35501032",0.00254875872567672,7.34e-13,"SmoInit",TRUE,"reported","G8JOQX",2,TRUE,NA
"259","rs76608582","A","C","A","C",-0.0345492908715738,-0.000751307,0.0489,0.0575631,FALSE,FALSE,FALSE,"p0dAOf",4474728,0.989933,0.0595431,"outcome",TRUE,"reported","textfile",19,"4474725",0.00590780408568799,4.88e-09,"SmoInit",TRUE,"reported","G8JOQX",2,TRUE,NA
"260","rs76841737","G","C","G","C",-0.0231488111016818,-0.0222564,0.103,0.111815,FALSE,TRUE,FALSE,"p0dAOf",91652094,0.610727,0.0437226,"outcome",TRUE,"reported","textfile",7,"91281409",0.0041915897661762,3.26e-08,"SmoInit",TRUE,"reported","G8JOQX",2,TRUE,NA
"261","rs7696257","A","G","A","G",0.0153312678884022,0.0152063,0.366,0.419526,FALSE,FALSE,FALSE,"p0dAOf",136553628,0.584931,0.0278404,"outcome",TRUE,"reported","textfile",4,"137474783",0.00264489498770943,6.78e-09,"SmoInit",TRUE,"reported","G8JOQX",2,TRUE,NA
"262","rs77283305","A","G","A","G",-0.0151959719568566,-0.0534259,0.305819,0.277958,FALSE,FALSE,FALSE,"p0dAOf",132909071,0.0821391,0.0307327,"outcome",TRUE,"reported","textfile",7,"132593831",0.00276519021844032,3.91e-08,"SmoInit",TRUE,"reported","G8JOQX",2,TRUE,NA
"263","rs7743165","G","T","G","T",0.0192558800004546,0.0377662,0.495,0.465242,FALSE,FALSE,FALSE,"p0dAOf",66811329,0.171405,0.0276129,"outcome",TRUE,"reported","textfile",6,"67521222",0.00254826926806319,4.15e-14,"SmoInit",TRUE,"reported","G8JOQX",2,TRUE,NA
"264","rs7802996","T","C","T","C",-0.0208846886818414,0.0731691,0.166,0.0982542,FALSE,FALSE,FALSE,"p0dAOf",78142666,0.111812,0.0460154,"outcome",TRUE,"reported","textfile",7,"77771983",0.00342417960246408,1.06e-09,"SmoInit",TRUE,"reported","G8JOQX",2,TRUE,NA
"265","rs7809303","A","G","A","G",-0.021418836864619,-0.0281472,0.325,0.337995,FALSE,FALSE,FALSE,"p0dAOf",70019380,0.331963,0.0290128,"outcome",TRUE,"reported","textfile",7,"69484366",0.00272019500200298,3.48e-15,"SmoInit",TRUE,"reported","G8JOQX",2,TRUE,NA
"266","rs7836565","T","C","T","C",-0.0155084165083128,0.0104416,0.718,0.699887,FALSE,FALSE,FALSE,"p0dAOf",51656889,0.727564,0.0299729,"outcome",TRUE,"reported","textfile",8,"52569449",0.00283143651759614,4.36e-08,"SmoInit",TRUE,"reported","G8JOQX",2,TRUE,NA
"267","rs7867822","G","A","G","A",-0.0150970271647724,-0.0147354,0.673,0.70198,FALSE,FALSE,FALSE,"p0dAOf",20676455,0.623161,0.0299882,"outcome",TRUE,"reported","textfile",9,"20676454",0.00271589012993163,2.76e-08,"SmoInit",TRUE,"reported","G8JOQX",2,TRUE,NA
"268","rs7920501","A","T","A","T",-0.0155168449616196,0.0158292,0.465,0.393053,FALSE,TRUE,TRUE,"p0dAOf",10001196,0.57314,0.0280941,"outcome",TRUE,"reported","textfile",10,"10043159",0.00255440783586912,1.25e-09,"SmoInit",TRUE,"reported","G8JOQX",2,FALSE,NA
"269","rs7921378","C","G","C","G",-0.0233135465388289,0.0229882,0.482,0.494066,FALSE,TRUE,TRUE,"p0dAOf",61915126,0.403255,0.0275037,"outcome",TRUE,"reported","textfile",10,"63674885",0.00254979465403176,6.1e-20,"SmoInit",TRUE,"reported","G8JOQX",2,FALSE,NA
"270","rs7929518","G","A","G","A",0.0192362727079985,0.0193703,0.773,0.741328,FALSE,FALSE,FALSE,"p0dAOf",86269916,0.536214,0.0313157,"outcome",TRUE,"reported","textfile",11,"85980958",0.00304152177247051,2.55e-10,"SmoInit",TRUE,"reported","G8JOQX",2,TRUE,NA
"271","rs7943721","A","G","A","G",-0.0212136090038615,-0.0169362,0.829,0.844444,FALSE,FALSE,FALSE,"p0dAOf",73598348,0.657169,0.0381596,"outcome",TRUE,"reported","textfile",11,"73309393",0.00338390595551107,3.58e-10,"SmoInit",TRUE,"reported","G8JOQX",2,TRUE,NA
"272","rs7969559","G","A","G","A",-0.0170158764738426,0.0103183,0.713,0.644536,FALSE,FALSE,FALSE,"p0dAOf",69261387,0.71986,0.0287702,"outcome",TRUE,"reported","textfile",12,"69655167",0.00281648791389652,1.53e-09,"SmoInit",TRUE,"reported","G8JOQX",2,TRUE,NA
"273","rs8005334","G","T","G","T",0.0166733576649974,0.0148257,0.36,0.235028,FALSE,FALSE,FALSE,"p0dAOf",79097311,0.647125,0.0323875,"outcome",TRUE,"reported","textfile",14,"79563654",0.00265628674749107,3.44e-10,"SmoInit",TRUE,"reported","G8JOQX",2,TRUE,NA
"274","rs8027457","C","T","C","T",0.0153137772807968,0.0500414,0.511,0.520681,FALSE,FALSE,FALSE,"p0dAOf",98660872,0.0693745,0.0275562,"outcome",TRUE,"reported","textfile",15,"99204101",0.00254875872567672,1.88e-09,"SmoInit",TRUE,"reported","G8JOQX",2,TRUE,NA
"275","rs8050598","T","C","T","C",0.0186697540012263,0.0504948,0.254117,0.226615,FALSE,FALSE,FALSE,"p0dAOf",49858053,0.129708,0.0333243,"outcome",TRUE,"reported","textfile",16,"49891964",0.00292645190436437,1.76e-10,"SmoInit",TRUE,"reported","G8JOQX",2,TRUE,NA
"276","rs8096225","C","A","C","A",0.0155245337193483,0.0643477,0.703,0.755885,FALSE,FALSE,FALSE,"p0dAOf",39341887,0.0437079,0.0319045,"outcome",TRUE,"reported","textfile",18,"36921851",0.00278828856748841,2.63e-08,"SmoInit",TRUE,"reported","G8JOQX",2,TRUE,NA
"277","rs8103660","C","T","C","T",0.0158025711053756,0.0440608,0.354431,0.393399,FALSE,FALSE,FALSE,"p0dAOf",18455585,0.116915,0.0281026,"outcome",TRUE,"reported","textfile",19,"18566395",0.00266352281645246,3.03e-09,"SmoInit",TRUE,"reported","G8JOQX",2,TRUE,NA
"278","rs876793","C","T","C","T",-0.0179245007056761,-0.00160543,0.349262,0.271935,FALSE,FALSE,FALSE,"p0dAOf",237688783,0.958536,0.0308794,"outcome",TRUE,"reported","textfile",1,"237852083",0.00273664472881359,5.69e-11,"SmoInit",TRUE,"reported","G8JOQX",2,TRUE,NA
"279","rs910912","C","T","C","T",-0.0167699273398506,0.00579294,0.739,0.755605,FALSE,FALSE,FALSE,"p0dAOf",55887337,0.856168,0.0319603,"outcome",TRUE,"reported","textfile",20,"54462393",0.00290609002764278,7.82e-09,"SmoInit",TRUE,"reported","G8JOQX",2,TRUE,NA
"280","rs925524","G","A","G","A",0.0155573140824448,-0.0657682,0.71,0.740018,FALSE,FALSE,FALSE,"p0dAOf",46031037,0.0359352,0.0313532,"outcome",TRUE,"reported","textfile",1,"46496709",0.00280779523008113,2.94e-08,"SmoInit",TRUE,"reported","G8JOQX",2,TRUE,NA
"281","rs9288999","A","G","A","G",0.0174410822809077,-0.0260263,0.735,0.706892,FALSE,FALSE,FALSE,"p0dAOf",114429080,0.389998,0.0302764,"outcome",TRUE,"reported","textfile",3,"114147927",0.00288686847985553,1.5e-09,"SmoInit",TRUE,"reported","G8JOQX",2,TRUE,NA
"282","rs9302604","G","A","G","A",0.0187095218089082,-0.0349564,0.435,0.424825,FALSE,FALSE,FALSE,"p0dAOf",69542991,0.211024,0.0279483,"outcome",TRUE,"reported","textfile",16,"69576894",0.00256995046688193,3.29e-13,"SmoInit",TRUE,"reported","G8JOQX",2,TRUE,NA
"283","rs9323328","G","A","G","A",-0.0142370300423771,0.000962617,0.537,0.464865,FALSE,FALSE,FALSE,"p0dAOf",58186796,0.9721,0.0275235,"outcome",TRUE,"reported","textfile",14,"58653514",0.00255704608072541,2.55e-08,"SmoInit",TRUE,"reported","G8JOQX",2,TRUE,NA
"284","rs9331343","C","T","C","T",-0.0141345190480488,-0.0540489,0.568,0.564922,FALSE,FALSE,FALSE,"p0dAOf",157317226,0.0546072,0.0281213,"outcome",TRUE,"reported","textfile",6,"157738258",0.00257203908542274,3.9e-08,"SmoInit",TRUE,"reported","G8JOQX",2,TRUE,NA
"285","rs9423279","G","C","G","C",-0.0185807847386936,-0.0354738,0.645,0.59935,FALSE,TRUE,FALSE,"p0dAOf",123920903,0.210671,0.02834,"outcome",TRUE,"reported","textfile",10,"125680419",0.00266256103074018,3.06e-12,"SmoInit",TRUE,"reported","G8JOQX",2,TRUE,NA
"286","rs951740","A","G","A","G",0.0295408668572617,0.00997979,0.625,0.607887,FALSE,FALSE,FALSE,"p0dAOf",43546066,0.723847,0.0282457,"outcome",TRUE,"reported","textfile",1,"44011737",0.00263170958781378,3.82e-29,"SmoInit",TRUE,"reported","G8JOQX",2,TRUE,NA
"287","rs9538162","C","T","C","T",0.0173791554995482,0.0142963,0.415874,0.400192,FALSE,FALSE,FALSE,"p0dAOf",58690909,0.610194,0.0280432,"outcome",TRUE,"reported","textfile",13,"59265043",0.00258499347783996,1.76e-11,"SmoInit",TRUE,"reported","G8JOQX",2,TRUE,NA
"288","rs9540731","T","C","T","C",-0.017730323058699,-0.0112136,0.509,0.459579,FALSE,FALSE,FALSE,"p0dAOf",66375238,0.685214,0.0276634,"outcome",TRUE,"reported","textfile",13,"66949370",0.00254855475073146,3.42e-12,"SmoInit",TRUE,"reported","G8JOQX",2,TRUE,NA
"289","rs9545155","C","T","C","T",-0.0160708800199023,-0.0409167,0.478,0.475225,FALSE,FALSE,FALSE,"p0dAOf",79617738,0.138881,0.027647,"outcome",TRUE,"reported","textfile",13,"80191873",0.00255061204001953,3.04e-10,"SmoInit",TRUE,"reported","G8JOQX",2,TRUE,NA
"290","rs9627272","C","G","C","G",-0.0154736957351565,0.0130063,0.407,0.333781,FALSE,TRUE,FALSE,"p0dAOf",46046408,0.660931,0.0296523,"outcome",TRUE,"reported","textfile",22,"46442288",0.00259339729741758,2.42e-09,"SmoInit",TRUE,"reported","G8JOQX",2,TRUE,NA
"291","rs9826984","A","G","A","G",-0.0140528591832801,4.30728e-05,0.542,0.501816,FALSE,FALSE,FALSE,"p0dAOf",132226878,0.998748,0.0274466,"outcome",TRUE,"reported","textfile",3,"131945722",0.00255717955159768,3.87e-08,"SmoInit",TRUE,"reported","G8JOQX",2,TRUE,NA
"292","rs9841807","T","C","T","C",0.0162534791111457,-0.0311929,0.273,0.338204,FALSE,FALSE,FALSE,"p0dAOf",176001139,0.283938,0.029111,"outcome",TRUE,"reported","textfile",3,"175718927",0.00285986199420466,1.35e-08,"SmoInit",TRUE,"reported","G8JOQX",2,TRUE,NA
"293","rs9850597","A","G","A","G",-0.0185709857124084,-0.0455929,0.816,0.769942,FALSE,FALSE,FALSE,"p0dAOf",162044078,0.164624,0.032808,"outcome",TRUE,"reported","textfile",3,"161761866",0.00328805909500432,1.65e-08,"SmoInit",TRUE,"reported","G8JOQX",2,TRUE,NA
"294","rs986714","T","A","T","A",-0.0160308107404769,-0.0481235,0.445,0.424514,FALSE,TRUE,TRUE,"p0dAOf",51525504,0.0835699,0.0278116,"outcome",TRUE,"reported","textfile",5,"50821338",0.00256369943794258,4.13e-10,"SmoInit",TRUE,"reported","G8JOQX",2,FALSE,NA
"295","rs9922607","T","C","T","C",-0.0221593131420856,-0.0280342,0.2,0.0799694,FALSE,FALSE,FALSE,"p0dAOf",17476363,0.580254,0.0506935,"outcome",TRUE,"reported","textfile",16,"17570220",0.00318517731426786,3.42e-12,"SmoInit",TRUE,"reported","G8JOQX",2,TRUE,NA
"296","rs9941217","G","C","G","C",-0.0185566686524006,-0.0235734,0.352204,0.337212,FALSE,TRUE,FALSE,"p0dAOf",17957069,0.418918,0.0291642,"outcome",TRUE,"reported","textfile",16,"18050926",0.00266733357848334,3.5e-12,"SmoInit",TRUE,"reported","G8JOQX",2,TRUE,NA
"297","rs9987376","G","T","G","T",-0.0204682440460495,-0.0303224,0.574251,0.641745,FALSE,FALSE,FALSE,"p0dAOf",92177786,0.288868,0.0285896,"outcome",TRUE,"reported","textfile",8,"93190014",0.00257671215931455,2.01e-15,"SmoInit",TRUE,"reported","G8JOQX",2,TRUE,NA
