"","SNP","effect_allele.exposure","other_allele.exposure","effect_allele.outcome","other_allele.outcome","beta.exposure","beta.outcome","eaf.exposure","eaf.outcome","remove","palindromic","ambiguous","id.outcome","pos.outcome","pval.outcome","se.outcome","outcome","mr_keep.outcome","pval_origin.outcome","data_source.outcome","chr.exposure","pos.exposure","se.exposure","pval.exposure","exposure","mr_keep.exposure","pval_origin.exposure","id.exposure","action","mr_keep","samplesize.outcome"
"1","rs1004787","A","G","A","G",0.0284143427641967,0.0117468,0.552,0.62485,FALSE,FALSE,FALSE,"Ad8pSP",44931952,0.24588,0.0101229,"outcome",TRUE,"reported","textfile",2,"45159091",0.00256203500595084,1.11e-28,"SmoInit",TRUE,"reported","G8JOQX",2,TRUE,NA
"2","rs10060196","A","C","A","C",0.0183115763240156,-0.00370974,0.580606,0.626332,FALSE,FALSE,FALSE,"Ad8pSP",107120287,0.713604,0.0101077,"outcome",TRUE,"reported","textfile",5,"106455988",0.00258191380106852,1.29e-12,"SmoInit",TRUE,"reported","G8JOQX",2,TRUE,NA
"3","rs1008078","T","C","T","C",0.0228169281970342,0.00689192,0.402,0.566164,FALSE,FALSE,FALSE,"Ad8pSP",90724174,0.487062,0.00991657,"outcome",TRUE,"reported","textfile",1,"91189731",0.0025985434719719,1.63e-18,"SmoInit",TRUE,"reported","G8JOQX",2,TRUE,NA
"4","rs1022376","C","T","C","T",-0.0147448388634785,-0.00126699,0.515821,0.533981,FALSE,FALSE,FALSE,"Ad8pSP",21844341,0.897291,0.00981517,"outcome",TRUE,"reported","textfile",2,"22067213",0.00261062618216545,1.66e-08,"SmoInit",TRUE,"reported","G8JOQX",2,TRUE,NA
"5","rs10233018","G","A","G","A",0.0246124036923026,-0.014516,0.516,0.597443,FALSE,FALSE,FALSE,"Ad8pSP",117883655,0.146456,0.00999614,"outcome",TRUE,"reported","textfile",7,"117523709",0.00254944750286814,4.77e-22,"SmoInit",TRUE,"reported","G8JOQX",2,TRUE,NA
"6","rs10279261","A","G","A","G",-0.0188726361055845,0.0202693,0.618,0.641121,FALSE,FALSE,FALSE,"Ad8pSP",133905093,0.0469537,0.0102024,"outcome",TRUE,"reported","textfile",7,"133589846",0.00262221130993186,6.05e-13,"SmoInit",TRUE,"reported","G8JOQX",2,TRUE,NA
"7","rs1030015","T","G","T","G",0.014289634882684,0.00357331,0.519564,0.495134,FALSE,FALSE,FALSE,"Ad8pSP",78510264,0.715285,0.00979608,"outcome",TRUE,"reported","textfile",7,"78139581",0.00255009469713275,2.15e-08,"SmoInit",TRUE,"reported","G8JOQX",2,TRUE,NA
"8","rs10446419","G","A","G","A",-0.0195626336224949,0.0194015,0.207,0.217331,FALSE,FALSE,FALSE,"Ad8pSP",25684010,0.102996,0.0118991,"outcome",TRUE,"reported","textfile",3,"25725501",0.00314464654906591,5.05e-10,"SmoInit",TRUE,"reported","G8JOQX",2,TRUE,NA
"9","rs10490159","T","C","T","C",0.0172365324259487,-0.00628701,0.394,0.368354,FALSE,FALSE,FALSE,"Ad8pSP",51114121,0.534625,0.0101246,"outcome",TRUE,"reported","textfile",2,"51341259",0.00260740913197035,3.86e-11,"SmoInit",TRUE,"reported","G8JOQX",2,TRUE,NA
"10","rs1050847","T","C","T","C",-0.0148300166955147,0.00986641,0.559,0.507842,FALSE,FALSE,FALSE,"Ad8pSP",87410128,0.314731,0.00981397,"outcome",TRUE,"reported","textfile",16,"87443734",0.00256606945167423,7.37e-09,"SmoInit",TRUE,"reported","G8JOQX",2,TRUE,NA
"11","rs10698713","A","G","A","G",-0.0335170218571916,-0.0273588,0.0544,0.0179273,FALSE,FALSE,FALSE,"Ad8pSP",158461288,0.459478,0.0369861,"outcome",TRUE,"reported","textfile",6,"158882320",0.00561746562616172,2.38e-09,"SmoInit",TRUE,"reported","G8JOQX",2,TRUE,NA
"12","rs10789369","G","A","G","A",-0.0234483812495865,0.00463501,0.615,0.639997,FALSE,FALSE,FALSE,"Ad8pSP",73359226,0.648502,0.010168,"outcome",TRUE,"reported","textfile",1,"73824909",0.00261833784254063,3.39e-19,"SmoInit",TRUE,"reported","G8JOQX",2,TRUE,NA
"13","rs10805858","T","A","T","A",0.018124112672701,0.0159552,0.335286,0.330113,FALSE,TRUE,FALSE,"Ad8pSP",89578015,0.125208,0.010406,"outcome",TRUE,"reported","textfile",5,"88873832",0.00269878621059218,1.88e-11,"SmoInit",TRUE,"reported","G8JOQX",2,TRUE,NA
"14","rs10853981","A","G","A","G",0.0147872465733797,0.0103993,0.33036,0.269568,FALSE,FALSE,FALSE,"Ad8pSP",4965053,0.346891,0.0110556,"outcome",TRUE,"reported","textfile",19,"4965064",0.00270881398316067,4.88e-08,"SmoInit",TRUE,"reported","G8JOQX",2,TRUE,NA
"15","rs10858334","G","C","G","C",0.022870980938688,0.0190875,0.14,0.0782852,FALSE,TRUE,FALSE,"Ad8pSP",135097939,0.297156,0.0183084,"outcome",TRUE,"reported","textfile",9,"137989785",0.00375996610500044,1.18e-09,"SmoInit",TRUE,"reported","G8JOQX",2,TRUE,NA
"16","rs10873871","G","A","G","A",0.0174520800792171,0.00135889,0.207,0.202897,FALSE,FALSE,FALSE,"Ad8pSP",76223334,0.911105,0.0121715,"outcome",TRUE,"reported","textfile",1,"76689019",0.00314464654906591,2.82e-08,"SmoInit",TRUE,"reported","G8JOQX",2,TRUE,NA
"17","rs10885480","C","T","C","T",-0.0186774955897606,0.00314636,0.284,0.30224,FALSE,FALSE,FALSE,"Ad8pSP",113618605,0.767817,0.0106573,"outcome",TRUE,"reported","textfile",10,"115378364",0.00282538687942609,3.83e-11,"SmoInit",TRUE,"reported","G8JOQX",2,TRUE,NA
"18","rs10905461","C","T","C","T",-0.0163915428331727,0.00511141,0.748,0.839858,FALSE,FALSE,FALSE,"Ad8pSP",8761588,0.701746,0.0133469,"outcome",TRUE,"reported","textfile",10,"8803551",0.00293455690782236,2.36e-08,"SmoInit",TRUE,"reported","G8JOQX",2,TRUE,NA
"19","rs10914684","A","G","A","G",-0.0158038428531466,-0.00794986,0.324,0.336265,FALSE,FALSE,FALSE,"Ad8pSP",33329971,0.442368,0.0103487,"outcome",TRUE,"reported","textfile",1,"33795572",0.00272237377287851,6.32e-09,"SmoInit",TRUE,"reported","G8JOQX",2,TRUE,NA
"20","rs10935779","T","C","T","C",-0.0143271831132136,-0.00214905,0.415,0.45053,FALSE,FALSE,FALSE,"Ad8pSP",149825315,0.827024,0.00983455,"outcome",TRUE,"reported","textfile",3,"149543102",0.00258578030838715,2.95e-08,"SmoInit",TRUE,"reported","G8JOQX",2,TRUE,NA
"21","rs10945141","A","G","A","G",0.0181417117497388,0.0051775,0.263,0.237189,FALSE,FALSE,FALSE,"Ad8pSP",68760817,0.653349,0.0115282,"outcome",TRUE,"reported","textfile",6,"69470709",0.00289388978659556,3.59e-10,"SmoInit",TRUE,"reported","G8JOQX",2,TRUE,NA
"22","rs10953957","A","G","A","G",0.014405790066301,0.000412582,0.386,0.399705,FALSE,FALSE,FALSE,"Ad8pSP",122314655,0.967104,0.0100044,"outcome",TRUE,"reported","textfile",7,"121954709",0.00261707258061795,3.66e-08,"SmoInit",TRUE,"reported","G8JOQX",2,TRUE,NA
"23","rs10966092","C","T","C","T",-0.0204861923284094,0.00402677,0.267,0.332536,FALSE,FALSE,FALSE,"Ad8pSP",23831660,0.697606,0.0103634,"outcome",TRUE,"reported","textfile",9,"23831658",0.00287995689236987,1.12e-12,"SmoInit",TRUE,"reported","G8JOQX",2,TRUE,NA
"24","rs10969352","A","T","A","T",0.0143467401373709,-0.000845468,0.5,0.447185,FALSE,TRUE,TRUE,"Ad8pSP",29747490,0.931351,0.00981447,"outcome",TRUE,"reported","textfile",9,"29747488",0.00254814185141429,1.82e-08,"SmoInit",TRUE,"reported","G8JOQX",2,FALSE,NA
"25","rs11057005","G","A","G","A",-0.0157139020028632,-0.00870277,0.441,0.54533,FALSE,FALSE,FALSE,"Ad8pSP",16595787,0.377748,0.00986649,"outcome",TRUE,"reported","textfile",12,"16748721",0.00256606945167423,9.12e-10,"SmoInit",TRUE,"reported","G8JOQX",2,TRUE,NA
"26","rs1106363","T","C","T","C",0.017374554238077,-0.00128309,0.344579,0.433607,FALSE,FALSE,FALSE,"Ad8pSP",132096370,0.896432,0.00985699,"outcome",TRUE,"reported","textfile",11,"131966264",0.00268095192303335,9.2e-11,"SmoInit",TRUE,"reported","G8JOQX",2,TRUE,NA
"27","rs11076962","C","T","C","T",0.0182998664190876,-0.0105037,0.279,0.24831,FALSE,FALSE,FALSE,"Ad8pSP",5761366,0.354573,0.0113461,"outcome",TRUE,"reported","textfile",16,"5811367",0.0028406901883061,1.2e-10,"SmoInit",TRUE,"reported","G8JOQX",2,TRUE,NA
"28","rs1108130","A","T","A","T",0.0239435516621278,0.0209236,0.212,0.253243,FALSE,TRUE,FALSE,"Ad8pSP",99996102,0.0629463,0.0112519,"outcome",TRUE,"reported","textfile",13,"100648356",0.00311718491590551,1.57e-14,"SmoInit",TRUE,"reported","G8JOQX",2,TRUE,NA
"29","rs1109480","A","G","A","G",-0.016691703198282,0.0167727,0.384,0.354858,FALSE,FALSE,FALSE,"Ad8pSP",120645476,0.104197,0.0103227,"outcome",TRUE,"reported","textfile",12,"121083279",0.00261961601583743,1.84e-10,"SmoInit",TRUE,"reported","G8JOQX",2,TRUE,NA
"30","rs11128203","A","T","A","T",0.0204059665559331,0.000512234,0.53,0.504915,FALSE,TRUE,TRUE,"Ad8pSP",71015280,0.958332,0.00980414,"outcome",TRUE,"reported","textfile",3,"71064431",0.00255274092798555,1.29e-15,"SmoInit",TRUE,"reported","G8JOQX",2,FALSE,NA
"31","rs11162019","T","C","T","C",-0.0154947163221235,-0.0165132,0.363,0.314108,FALSE,FALSE,FALSE,"Ad8pSP",87447493,0.116997,0.0105347,"outcome",TRUE,"reported","textfile",1,"87913176",0.00264954058636653,5.06e-09,"SmoInit",TRUE,"reported","G8JOQX",2,TRUE,NA
"32","rs1116690","G","A","G","A",0.0162912334988931,-0.000485741,0.742,0.760833,FALSE,FALSE,FALSE,"Ad8pSP",142588995,0.966185,0.0114578,"outcome",TRUE,"reported","textfile",4,"143510148",0.00291193582568195,2.16e-08,"SmoInit",TRUE,"reported","G8JOQX",2,TRUE,NA
"33","rs11192347","A","G","A","G",-0.0264500127592952,0.023553,0.104,0.0709771,FALSE,FALSE,FALSE,"Ad8pSP",105169555,0.215988,0.0190363,"outcome",TRUE,"reported","textfile",10,"106929313",0.00427392108434006,6.15e-10,"SmoInit",TRUE,"reported","G8JOQX",2,TRUE,NA
"34","rs11258417","T","C","T","C",-0.0145136224014371,-0.0043006,0.391,0.320251,FALSE,FALSE,FALSE,"Ad8pSP",13491053,0.684343,0.0105784,"outcome",TRUE,"reported","textfile",10,"13533053",0.00261093812705026,2.71e-08,"SmoInit",TRUE,"reported","G8JOQX",2,TRUE,NA
"35","rs1126757","T","C","T","C",0.0141622770326115,-0.00176579,0.473,0.565012,FALSE,FALSE,FALSE,"Ad8pSP",55368504,0.857867,0.00985981,"outcome",TRUE,"reported","textfile",19,"55879872",0.00255186518715053,2.92e-08,"SmoInit",TRUE,"reported","G8JOQX",2,TRUE,NA
"36","rs112725451","T","C","T","C",0.026092001115637,0.00693947,0.169,0.189324,FALSE,FALSE,FALSE,"Ad8pSP",67151992,0.577515,0.0124582,"outcome",TRUE,"reported","textfile",4,"68017710",0.0033997715947909,1.65e-14,"SmoInit",TRUE,"reported","G8JOQX",2,TRUE,NA
"37","rs113230003","A","G","A","G",-0.0188761494045352,0.00882007,0.255,0.211995,FALSE,FALSE,FALSE,"Ad8pSP",18350146,0.461712,0.0119833,"outcome",TRUE,"reported","textfile",19,"18460956",0.00292311148053473,1.05e-10,"SmoInit",TRUE,"reported","G8JOQX",2,TRUE,NA
"38","rs1139897","A","G","A","G",-0.0240871922890012,0.00759022,0.23,0.353937,FALSE,FALSE,FALSE,"Ad8pSP",670986,0.457297,0.0102114,"outcome",TRUE,"reported","textfile",16,"720986",0.00302750120470783,1.77e-15,"SmoInit",TRUE,"reported","G8JOQX",2,TRUE,NA
"39","rs1150668","G","T","G","T",-0.0185103038719593,0.00232378,0.419,0.462511,FALSE,FALSE,FALSE,"Ad8pSP",28162011,0.812994,0.00982302,"outcome",TRUE,"reported","textfile",6,"28129789",0.00258689360886741,8.54e-13,"SmoInit",TRUE,"reported","G8JOQX",2,TRUE,NA
"40","rs11594623","C","T","C","T",0.0274395987738761,0.0026037,0.234241,0.232191,FALSE,FALSE,FALSE,"Ad8pSP",102200594,0.822489,0.0116058,"outcome",TRUE,"reported","textfile",10,"103960351",0.00300826501889942,7.45e-20,"SmoInit",TRUE,"reported","G8JOQX",2,TRUE,NA
"41","rs1160685","G","C","G","C",0.0153017150999146,-0.00313515,0.45,0.378849,FALSE,TRUE,TRUE,"Ad8pSP",93131703,0.756826,0.0101248,"outcome",TRUE,"reported","textfile",4,"94052854",0.00256097891931598,2.31e-09,"SmoInit",TRUE,"reported","G8JOQX",2,FALSE,NA
"42","rs11611651","A","G","A","G",0.0271142761895211,0.0135471,0.0868,0.0471371,FALSE,FALSE,FALSE,"Ad8pSP",132804204,0.560316,0.023262,"outcome",TRUE,"reported","textfile",12,"133380790",0.00452533559069401,2.05e-09,"SmoInit",TRUE,"reported","G8JOQX",2,TRUE,NA
"43","rs11642231","A","G","A","G",-0.0155983426396819,0.00763411,0.369,0.443733,FALSE,FALSE,FALSE,"Ad8pSP",89542294,0.440315,0.00989306,"outcome",TRUE,"reported","textfile",16,"89608702",0.00264037579326386,3.44e-09,"SmoInit",TRUE,"reported","G8JOQX",2,TRUE,NA
"44","rs11651955","A","G","A","G",-0.0140263859163491,0.00480427,0.499,0.487536,FALSE,FALSE,FALSE,"Ad8pSP",16332148,0.623598,0.00978952,"outcome",TRUE,"reported","textfile",17,"16235462",0.00254814694771328,3.74e-08,"SmoInit",TRUE,"reported","G8JOQX",2,TRUE,NA
"45","rs11692435","A","G","A","G",0.0250526290454763,0.00768196,0.0848,0.233455,FALSE,FALSE,FALSE,"Ad8pSP",97658891,0.508328,0.0116139,"outcome",TRUE,"reported","textfile",2,"98275354",0.00458160573453205,4.47e-08,"SmoInit",TRUE,"reported","G8JOQX",2,TRUE,NA
"46","rs11713899","C","A","C","A",0.0187188428376795,0.00514173,0.171,0.162355,FALSE,FALSE,FALSE,"Ad8pSP",2323342,0.697733,0.0132388,"outcome",TRUE,"reported","textfile",3,"2365026",0.00338390595551107,3.15e-08,"SmoInit",TRUE,"reported","G8JOQX",2,TRUE,NA
"47","rs1173461","T","C","T","C",0.0166091725862538,0.020528,0.327,0.318371,FALSE,FALSE,FALSE,"Ad8pSP",158280563,0.0505731,0.0104998,"outcome",TRUE,"reported","textfile",5,"157707571",0.00271589012993163,9.51e-10,"SmoInit",TRUE,"reported","G8JOQX",2,TRUE,NA
"48","rs117657830","G","A","G","A",-0.0377596875423349,-0.031516,0.0417,0.016485,FALSE,FALSE,FALSE,"Ad8pSP",75732975,0.417229,0.0388493,"outcome",TRUE,"reported","textfile",16,"75766873",0.0063734536771502,3.18e-09,"SmoInit",TRUE,"reported","G8JOQX",2,TRUE,NA
"49","rs11766326","C","T","C","T",-0.0175439611879407,-0.00205869,0.506,0.533179,FALSE,FALSE,FALSE,"Ad8pSP",111460529,0.833699,0.00980518,"outcome",TRUE,"reported","textfile",7,"111100585",0.00260950684557043,1.79e-11,"SmoInit",TRUE,"reported","G8JOQX",2,TRUE,NA
"50","rs11783093","T","C","T","C",-0.0471242780688017,-0.01262,0.158,0.124257,FALSE,FALSE,FALSE,"Ad8pSP",27567832,0.397003,0.0148999,"outcome",TRUE,"reported","textfile",8,"27425349",0.0034930838916647,2.07e-41,"SmoInit",TRUE,"reported","G8JOQX",2,TRUE,NA
"51","rs11791671","T","C","T","C",0.0278503598762205,0.0140031,0.067315,0.0305719,FALSE,FALSE,FALSE,"Ad8pSP",3398679,0.624045,0.0285703,"outcome",TRUE,"reported","textfile",9,"3398679",0.00508475677961425,4.24e-08,"SmoInit",TRUE,"reported","G8JOQX",2,TRUE,NA
"52","rs118202","T","G","T","G",-0.0367484077425043,-0.0116072,0.812,0.712158,FALSE,FALSE,FALSE,"Ad8pSP",111337168,0.282737,0.0108055,"outcome",TRUE,"reported","textfile",6,"111658371",0.00326089388209887,1.9e-29,"SmoInit",TRUE,"reported","G8JOQX",2,TRUE,NA
"53","rs11872397","A","G","A","G",-0.0171139489913003,0.00261312,0.253,0.220853,FALSE,FALSE,FALSE,"Ad8pSP",74823326,0.825478,0.0118506,"outcome",TRUE,"reported","textfile",18,"72535282",0.00293071133297175,5.2e-09,"SmoInit",TRUE,"reported","G8JOQX",2,TRUE,NA
"54","rs1187820","T","C","T","C",-0.0142711560226536,0.0107622,0.439,0.382055,FALSE,FALSE,FALSE,"Ad8pSP",173354794,0.287954,0.0101279,"outcome",TRUE,"reported","textfile",3,"173072584",0.00256731947035769,2.69e-08,"SmoInit",TRUE,"reported","G8JOQX",2,TRUE,NA
"55","rs11956866","G","T","G","T",-0.014838166648189,-0.00422741,0.567,0.472259,FALSE,FALSE,FALSE,"Ad8pSP",161591265,0.66793,0.00985433,"outcome",TRUE,"reported","textfile",5,"161018271",0.00257133184008107,7.82e-09,"SmoInit",TRUE,"reported","G8JOQX",2,TRUE,NA
"56","rs12022778","C","A","C","A",0.0268248011931265,0.00544429,0.202,0.196736,FALSE,FALSE,FALSE,"Ad8pSP",50138323,0.657837,0.0122923,"outcome",TRUE,"reported","textfile",1,"50603995",0.00317904382630837,3.18e-17,"SmoInit",TRUE,"reported","G8JOQX",2,TRUE,NA
"57","rs12130857","A","G","A","G",-0.0180031367822357,0.00344293,0.324968,0.284926,FALSE,FALSE,FALSE,"Ad8pSP",7731401,0.751407,0.0108683,"outcome",TRUE,"reported","textfile",1,"7791461",0.00272026444960715,3.65e-11,"SmoInit",TRUE,"reported","G8JOQX",2,TRUE,NA
"58","rs12195240","A","G","A","G",0.0249107545835319,-0.0207529,0.285,0.330266,FALSE,FALSE,FALSE,"Ad8pSP",98189029,0.0460235,0.0104015,"outcome",TRUE,"reported","textfile",6,"98636905",0.0028223973411325,1.08e-18,"SmoInit",TRUE,"reported","G8JOQX",2,TRUE,NA
"59","rs12474587","T","G","T","G",0.0242305775516422,0.00835413,0.429,0.348625,FALSE,FALSE,FALSE,"Ad8pSP",161946483,0.416307,0.0102777,"outcome",TRUE,"reported","textfile",2,"162802993",0.00257422737863404,4.83e-21,"SmoInit",TRUE,"reported","G8JOQX",2,TRUE,NA
"60","rs12517438","G","T","G","T",0.015354478851039,0.0066806,0.538,0.500835,FALSE,FALSE,FALSE,"Ad8pSP",30841947,0.495138,0.0097933,"outcome",TRUE,"reported","textfile",5,"30842054",0.00255553291864044,1.89e-09,"SmoInit",TRUE,"reported","G8JOQX",2,TRUE,NA
"61","rs12563365","A","G","A","G",0.0165589483633689,-0.00717356,0.556,0.554432,FALSE,FALSE,FALSE,"Ad8pSP",236709529,0.465667,0.00983289,"outcome",TRUE,"reported","textfile",1,"236872829",0.00256427574444373,1.05e-10,"SmoInit",TRUE,"reported","G8JOQX",2,TRUE,NA
"62","rs12633090","C","G","C","G",-0.023019685930427,0.00994204,0.182,0.130491,FALSE,TRUE,FALSE,"Ad8pSP",83192214,0.495842,0.0145982,"outcome",TRUE,"reported","textfile",3,"83241365",0.00330203186086922,3.16e-12,"SmoInit",TRUE,"reported","G8JOQX",2,TRUE,NA
"63","rs12714017","C","T","C","T",0.0153964967875365,0.00331777,0.511,0.444704,FALSE,FALSE,FALSE,"Ad8pSP",80772273,0.735829,0.00983386,"outcome",TRUE,"reported","textfile",2,"80999398",0.00260995063881089,3.65e-09,"SmoInit",TRUE,"reported","G8JOQX",2,TRUE,NA
"64","rs12739243","C","T","C","T",-0.0212518379791449,-0.0101485,0.221,0.294461,FALSE,FALSE,FALSE,"Ad8pSP",210128698,0.344424,0.0107339,"outcome",TRUE,"reported","textfile",1,"210302043",0.00307063884430368,4.45e-12,"SmoInit",TRUE,"reported","G8JOQX",2,TRUE,NA
"65","rs12740789","A","G","A","G",-0.0284972685993262,0.00372372,0.178,0.13995,FALSE,FALSE,FALSE,"Ad8pSP",72286390,0.792126,0.014129,"outcome",TRUE,"reported","textfile",1,"72752073",0.00333079339902209,1.18e-17,"SmoInit",TRUE,"reported","G8JOQX",2,TRUE,NA
"66","rs12755632","G","A","G","A",-0.0154051366259368,-0.0169911,0.316,0.34306,FALSE,FALSE,FALSE,"Ad8pSP",41310951,0.0993025,0.0103086,"outcome",TRUE,"reported","textfile",1,"41776623",0.0027404508225617,1.93e-08,"SmoInit",TRUE,"reported","G8JOQX",2,TRUE,NA
"67","rs12855717","T","C","T","C",0.0155236793185639,0.0169163,0.538,0.566721,FALSE,FALSE,FALSE,"Ad8pSP",100600381,0.0883365,0.00992601,"outcome",TRUE,"reported","textfile",13,"101252635",0.00255553291864044,1.22e-09,"SmoInit",TRUE,"reported","G8JOQX",2,TRUE,NA
"68","rs12878369","A","C","A","C",0.0174372655171602,0.00380662,0.414762,0.301227,FALSE,FALSE,FALSE,"Ad8pSP",27877296,0.721634,0.0106845,"outcome",TRUE,"reported","textfile",14,"28346502",0.00258791765964964,1.6e-11,"SmoInit",TRUE,"reported","G8JOQX",2,TRUE,NA
"69","rs12918191","G","A","G","A",-0.0197270353770097,0.0205372,0.243,0.176934,FALSE,FALSE,FALSE,"Ad8pSP",50911245,0.108772,0.0128058,"outcome",TRUE,"reported","textfile",16,"50945156",0.00297058872733663,3.14e-11,"SmoInit",TRUE,"reported","G8JOQX",2,TRUE,NA
"70","rs1291821","G","A","G","A",0.0144929887207407,-0.00096633,0.534,0.533422,FALSE,FALSE,FALSE,"Ad8pSP",11091860,0.921508,0.0098071,"outcome",TRUE,"reported","textfile",10,"11133823",0.00255405366546437,1.39e-08,"SmoInit",TRUE,"reported","G8JOQX",2,TRUE,NA
"71","rs13007361","A","G","A","G",0.017533824042557,0.000806034,0.208,0.100224,FALSE,FALSE,FALSE,"Ad8pSP",165393734,0.960801,0.0164002,"outcome",TRUE,"reported","textfile",2,"166250244",0.00313905804891633,2.29e-08,"SmoInit",TRUE,"reported","G8JOQX",2,TRUE,NA
"72","rs13066050","T","C","T","C",0.018834348293498,0.0126525,0.208,0.179123,FALSE,FALSE,FALSE,"Ad8pSP",81276710,0.324389,0.0128389,"outcome",TRUE,"reported","textfile",3,"81325861",0.00313905804891633,1.93e-09,"SmoInit",TRUE,"reported","G8JOQX",2,TRUE,NA
"73","rs13109980","A","G","A","G",-0.0221815541396989,-0.0271493,0.326,0.338757,FALSE,FALSE,FALSE,"Ad8pSP",139965809,0.00876637,0.0103582,"outcome",TRUE,"reported","textfile",4,"140886963",0.00271803382404535,3.37e-16,"SmoInit",TRUE,"reported","G8JOQX",2,TRUE,NA
"74","rs13110073","C","T","C","T",-0.0246425774100615,-0.00992147,0.395,0.423411,FALSE,FALSE,FALSE,"Ad8pSP",146876761,0.316057,0.00989581,"outcome",TRUE,"reported","textfile",4,"147797913",0.00260625778806314,3.24e-21,"SmoInit",TRUE,"reported","G8JOQX",2,TRUE,NA
"75","rs13237637","C","G","C","G",-0.0236823349508072,-0.0136171,0.485,0.467623,FALSE,TRUE,TRUE,"Ad8pSP",3463575,0.163928,0.00978251,"outcome",TRUE,"reported","textfile",7,"3503207",0.00254928928982647,1.54e-20,"SmoInit",TRUE,"reported","G8JOQX",2,FALSE,NA
"76","rs13261666","T","G","T","G",-0.0199945818545181,-0.00505663,0.517,0.548194,FALSE,FALSE,FALSE,"Ad8pSP",58902107,0.605901,0.00980098,"outcome",TRUE,"reported","textfile",8,"59814666",0.0025496159555759,4.36e-15,"SmoInit",TRUE,"reported","G8JOQX",2,TRUE,NA
"77","rs13392222","C","A","C","A",-0.0234375461906368,-0.0122,0.139,0.190024,FALSE,FALSE,FALSE,"Ad8pSP",100055946,0.327963,0.0124715,"outcome",TRUE,"reported","textfile",2,"100672408",0.00368285507683827,1.93e-10,"SmoInit",TRUE,"reported","G8JOQX",2,TRUE,NA
"78","rs13437771","G","A","G","A",-0.0271098271364884,0.00323287,0.155,0.223134,FALSE,FALSE,FALSE,"Ad8pSP",99473855,0.782435,0.011707,"outcome",TRUE,"reported","textfile",7,"99071478",0.00352045989869483,1.39e-14,"SmoInit",TRUE,"reported","G8JOQX",2,TRUE,NA
"79","rs1373178","G","T","G","T",-0.0203163969776818,0.00628479,0.588,0.630966,FALSE,FALSE,FALSE,"Ad8pSP",52441441,0.536122,0.0101583,"outcome",TRUE,"reported","textfile",18,"49967811",0.00258854866495185,4.16e-15,"SmoInit",TRUE,"reported","G8JOQX",2,TRUE,NA
"80","rs1381287","T","C","T","C",0.0180165795033833,0.00671126,0.467,0.492626,FALSE,FALSE,FALSE,"Ad8pSP",98131215,0.492782,0.00978475,"outcome",TRUE,"reported","textfile",14,"98597552",0.00255560746538615,1.81e-12,"SmoInit",TRUE,"reported","G8JOQX",2,TRUE,NA
"81","rs1381775","C","T","C","T",-0.0156146668533584,-0.00829912,0.712,0.723279,FALSE,FALSE,FALSE,"Ad8pSP",42421276,0.446649,0.0109053,"outcome",TRUE,"reported","textfile",11,"42442826",0.00281356766714023,2.79e-08,"SmoInit",TRUE,"reported","G8JOQX",2,TRUE,NA
"82","rs1385108","T","C","T","C",0.0187044679803843,0.0156586,0.239,0.284471,FALSE,FALSE,FALSE,"Ad8pSP",155460086,0.147936,0.0108224,"outcome",TRUE,"reported","textfile",5,"154839646",0.00298746156336482,3.84e-10,"SmoInit",TRUE,"reported","G8JOQX",2,TRUE,NA
"83","rs13906","T","C","T","C",-0.024529729248181,0.00359741,0.109,0.13594,FALSE,FALSE,FALSE,"Ad8pSP",49558611,0.801378,0.0143002,"outcome",TRUE,"reported","textfile",12,"49952394",0.00408828820803017,1.98e-09,"SmoInit",TRUE,"reported","G8JOQX",2,TRUE,NA
"84","rs1435479","T","G","T","G",0.0163904586547917,0.00589933,0.28748,0.306062,FALSE,FALSE,FALSE,"Ad8pSP",93629299,0.577574,0.0105926,"outcome",TRUE,"reported","textfile",4,"94550450",0.00281508334605987,5.68e-09,"SmoInit",TRUE,"reported","G8JOQX",2,TRUE,NA
"85","rs1435672","C","T","C","T",0.0141051180405541,0.0306336,0.56,0.622464,FALSE,FALSE,FALSE,"Ad8pSP",36107278,0.00237083,0.010079,"outcome",TRUE,"reported","textfile",15,"36399479",0.00256668902432973,3.82e-08,"SmoInit",TRUE,"reported","G8JOQX",2,TRUE,NA
"86","rs1445649","C","T","C","T",0.0205716431693465,-0.00649391,0.538,0.509903,FALSE,FALSE,FALSE,"Ad8pSP",154826044,0.507324,0.00979457,"outcome",TRUE,"reported","textfile",2,"155682556",0.00255553291864044,8.48e-16,"SmoInit",TRUE,"reported","G8JOQX",2,TRUE,NA
"87","rs1449012","T","C","T","C",-0.0153734115013626,-0.00294758,0.463,0.36868,FALSE,FALSE,FALSE,"Ad8pSP",159330544,0.771697,0.0101586,"outcome",TRUE,"reported","textfile",3,"159048333",0.00255514744895826,1.77e-09,"SmoInit",TRUE,"reported","G8JOQX",2,TRUE,NA
"88","rs147052174","T","G","T","G",0.0623094487438692,-0.0752125,0.0171,0.0089466,FALSE,FALSE,FALSE,"Ad8pSP",179814032,0.148831,0.052098,"outcome",TRUE,"reported","textfile",1,"179783167",0.00982745089601336,2.3e-10,"SmoInit",TRUE,"reported","G8JOQX",2,TRUE,NA
"89","rs1514176","A","G","A","G",-0.0193001581257968,0.00128339,0.58,0.528599,FALSE,FALSE,FALSE,"Ad8pSP",74525912,0.895642,0.00978429,"outcome",TRUE,"reported","textfile",1,"74991596",0.0025813979643714,7.67e-14,"SmoInit",TRUE,"reported","G8JOQX",2,TRUE,NA
"90","rs1549979","T","C","T","C",-0.0245223134403877,0.00788659,0.615,0.707842,FALSE,FALSE,FALSE,"Ad8pSP",85410981,0.463303,0.0107532,"outcome",TRUE,"reported","textfile",3,"85460131",0.00262304488914841,8.8e-21,"SmoInit",TRUE,"reported","G8JOQX",2,TRUE,NA
"91","rs160631","G","T","G","T",-0.0172628452622627,-0.00532454,0.731,0.711364,FALSE,FALSE,FALSE,"Ad8pSP",53030432,0.621596,0.0107874,"outcome",TRUE,"reported","textfile",6,"52895230",0.00287315315388405,1.87e-09,"SmoInit",TRUE,"reported","G8JOQX",2,TRUE,NA
"92","rs1632941","C","T","C","T",-0.0158073961616223,0.0232753,0.46,0.359142,FALSE,FALSE,FALSE,"Ad8pSP",29828908,0.0224994,0.0102003,"outcome",TRUE,"reported","textfile",6,"29796685",0.00256093083783619,6.67e-10,"SmoInit",TRUE,"reported","G8JOQX",2,TRUE,NA
"93","rs16826827","C","T","C","T",-0.0222068868383587,-0.00720475,0.124,0.110458,FALSE,FALSE,FALSE,"Ad8pSP",147068121,0.644187,0.0155997,"outcome",TRUE,"reported","textfile",2,"147825689",0.00386572280689492,9.17e-09,"SmoInit",TRUE,"reported","G8JOQX",2,TRUE,NA
"94","rs16828799","T","G","T","G",0.0197692281663615,-0.00847928,0.156,0.15074,FALSE,FALSE,FALSE,"Ad8pSP",173635949,0.535937,0.013699,"outcome",TRUE,"reported","textfile",3,"173353739",0.00351123650240556,1.83e-08,"SmoInit",TRUE,"reported","G8JOQX",2,TRUE,NA
"95","rs1713676","G","A","G","A",-0.0167262455351488,-0.00499044,0.522512,0.55978,FALSE,FALSE,FALSE,"Ad8pSP",113789854,0.612802,0.009861,"outcome",TRUE,"reported","textfile",11,"113660576",0.00255072853114231,5.38e-11,"SmoInit",TRUE,"reported","G8JOQX",2,TRUE,NA
"96","rs1714521","C","A","C","A",-0.0162953104881966,-0.00668215,0.411,0.435901,FALSE,FALSE,FALSE,"Ad8pSP",158567072,0.499455,0.00989437,"outcome",TRUE,"reported","textfile",3,"158284861",0.0025894948217728,3.07e-10,"SmoInit",TRUE,"reported","G8JOQX",2,TRUE,NA
"97","rs17165769","G","A","G","A",0.0159396071041438,-0.0102077,0.394872,0.411714,FALSE,FALSE,FALSE,"Ad8pSP",108029941,0.304138,0.0099335,"outcome",TRUE,"reported","textfile",5,"107365642",0.00260640446622611,9.56e-10,"SmoInit",TRUE,"reported","G8JOQX",2,TRUE,NA
"98","rs17197663","A","G","A","G",-0.0215873531495124,-0.0144717,0.125,0.0863575,FALSE,FALSE,FALSE,"Ad8pSP",37598730,0.405342,0.0173914,"outcome",TRUE,"reported","textfile",13,"38172867",0.00385242836809023,2.06e-08,"SmoInit",TRUE,"reported","G8JOQX",2,TRUE,NA
"99","rs17229285","T","C","T","C",-0.0154795560042364,0.00856291,0.505,0.453227,FALSE,FALSE,FALSE,"Ad8pSP",198658398,0.382828,0.009812,"outcome",TRUE,"reported","textfile",2,"199523122",0.00254826926806319,1.27e-09,"SmoInit",TRUE,"reported","G8JOQX",2,TRUE,NA
"100","rs1733760","C","T","C","T",0.0147733884018381,0.0123068,0.51,0.453628,FALSE,FALSE,FALSE,"Ad8pSP",54938414,0.209552,0.00980783,"outcome",TRUE,"reported","textfile",10,"56698174",0.00254865163272406,6.7e-09,"SmoInit",TRUE,"reported","G8JOQX",2,TRUE,NA
"101","rs1737329","G","C","G","C",0.0170292237829221,-0.0113163,0.742,0.762655,FALSE,TRUE,FALSE,"Ad8pSP",163386716,0.326142,0.0115247,"outcome",TRUE,"reported","textfile",6,"163807748",0.00291193582568195,5.08e-09,"SmoInit",TRUE,"reported","G8JOQX",2,TRUE,NA
"102","rs17554906","C","G","C","G",0.014184872535994,0.00345348,0.444,0.367422,FALSE,TRUE,TRUE,"Ad8pSP",91516891,0.732963,0.010122,"outcome",TRUE,"reported","textfile",6,"92226609",0.00256427574444373,3.14e-08,"SmoInit",TRUE,"reported","G8JOQX",2,FALSE,NA
"103","rs1759433","A","G","A","G",0.015364719185164,0.00147988,0.48,0.515923,FALSE,FALSE,FALSE,"Ad8pSP",125310818,0.879639,0.00977295,"outcome",TRUE,"reported","textfile",9,"128073097",0.00255018281437779,1.69e-09,"SmoInit",TRUE,"reported","G8JOQX",2,TRUE,NA
"104","rs17616642","G","A","G","A",-0.0165572915814431,0.00612255,0.24687,0.19337,FALSE,FALSE,FALSE,"Ad8pSP",58795075,0.623679,0.0124786,"outcome",TRUE,"reported","textfile",2,"59022210",0.00295477538840993,2.1e-08,"SmoInit",TRUE,"reported","G8JOQX",2,TRUE,NA
"105","rs17692129","T","C","T","C",0.0195989223809853,0.00506458,0.331,0.460953,FALSE,FALSE,FALSE,"Ad8pSP",46715917,0.60749,0.00985979,"outcome",TRUE,"reported","textfile",17,"44793283",0.00270748805617845,4.57e-13,"SmoInit",TRUE,"reported","G8JOQX",2,TRUE,NA
"106","rs1772572","A","C","A","C",-0.0168681448072877,-0.024543,0.324132,0.344167,FALSE,FALSE,FALSE,"Ad8pSP",80617041,0.0170192,0.010285,"outcome",TRUE,"reported","textfile",13,"81191176",0.00272208516333501,5.62e-10,"SmoInit",TRUE,"reported","G8JOQX",2,TRUE,NA
"107","rs1799068","T","G","T","G",0.0166095626009421,0.00498727,0.379,0.400367,FALSE,FALSE,FALSE,"Ad8pSP",98077757,0.617574,0.00998871,"outcome",TRUE,"reported","textfile",7,"97707069",0.00262620243790636,2.59e-10,"SmoInit",TRUE,"reported","G8JOQX",2,TRUE,NA
"108","rs1863161","A","G","A","G",0.015339371713194,0.00407809,0.56094,0.672086,FALSE,FALSE,FALSE,"Ad8pSP",59912389,0.695204,0.0104085,"outcome",TRUE,"reported","textfile",2,"60139524",0.00256728133653859,2.34e-09,"SmoInit",TRUE,"reported","G8JOQX",2,TRUE,NA
"109","rs1889571","G","T","G","T",0.0221797995406237,0.00456057,0.131,0.170113,FALSE,FALSE,FALSE,"Ad8pSP",31730218,0.725949,0.0130109,"outcome",TRUE,"reported","textfile",1,"32195819",0.00377613984197516,4.19e-09,"SmoInit",TRUE,"reported","G8JOQX",2,TRUE,NA
"110","rs1901477","G","A","G","A",0.0304369932456541,0.00614474,0.511,0.495552,FALSE,FALSE,FALSE,"Ad8pSP",103510525,0.53095,0.00980718,"outcome",TRUE,"reported","textfile",2,"104126983",0.00260995063881089,2.07e-31,"SmoInit",TRUE,"reported","G8JOQX",2,TRUE,NA
"111","rs1927901","C","T","C","T",-0.0141754871045966,-0.0208445,0.553,0.544023,FALSE,FALSE,FALSE,"Ad8pSP",117756833,0.0337202,0.0098166,"outcome",TRUE,"reported","textfile",9,"120519111",0.00256257908950217,3.1e-08,"SmoInit",TRUE,"reported","G8JOQX",2,TRUE,NA
"112","rs1930371","T","C","T","C",-0.0172419586612647,-0.00114743,0.241,0.179533,FALSE,FALSE,FALSE,"Ad8pSP",78829188,0.928236,0.0127401,"outcome",TRUE,"reported","textfile",9,"81444104",0.00297895673652913,7.09e-09,"SmoInit",TRUE,"reported","G8JOQX",2,TRUE,NA
"113","rs1931431","C","G","C","G",0.0182328624437084,0.0068539,0.478,0.451701,FALSE,TRUE,TRUE,"Ad8pSP",11161799,0.486605,0.00985155,"outcome",TRUE,"reported","textfile",9,"11161799",0.00255061204001953,8.56e-13,"SmoInit",TRUE,"reported","G8JOQX",2,FALSE,NA
"114","rs1937443","G","C","G","C",0.0204362188245672,0.00551649,0.563,0.611961,FALSE,TRUE,TRUE,"Ad8pSP",66003960,0.582394,0.010032,"outcome",TRUE,"reported","textfile",1,"66469643",0.00256861307738644,1.79e-15,"SmoInit",TRUE,"reported","G8JOQX",2,FALSE,NA
"115","rs2010921","A","G","A","G",0.0174291411105034,0.00670831,0.311,0.350103,FALSE,FALSE,FALSE,"Ad8pSP",132228311,0.5133,0.0102619,"outcome",TRUE,"reported","textfile",11,"132098205",0.0027523508874645,2.47e-10,"SmoInit",TRUE,"reported","G8JOQX",2,TRUE,NA
"116","rs2028269","A","G","A","G",0.016164548317376,0.00546217,0.399,0.355344,FALSE,FALSE,FALSE,"Ad8pSP",80012492,0.593066,0.0102212,"outcome",TRUE,"reported","textfile",5,"79308315",0.00260177610870211,5.19e-10,"SmoInit",TRUE,"reported","G8JOQX",2,TRUE,NA
"117","rs2063976","T","C","T","C",-0.0201814241776652,0.00260491,0.664955,0.599121,FALSE,FALSE,FALSE,"Ad8pSP",90084138,0.793361,0.00994439,"outcome",TRUE,"reported","textfile",8,"91096366",0.00269926738168577,7.45e-14,"SmoInit",TRUE,"reported","G8JOQX",2,TRUE,NA
"118","rs2155646","C","T","C","T",0.0377771518638971,0.0124171,0.4,0.625029,FALSE,FALSE,FALSE,"Ad8pSP",113042089,0.222373,0.0101759,"outcome",TRUE,"reported","textfile",11,"112912811",0.00260068638674826,9.44e-48,"SmoInit",TRUE,"reported","G8JOQX",2,TRUE,NA
"119","rs2173019","A","T","A","T",0.0282069520540153,-0.00433566,0.177,0.135151,FALSE,TRUE,FALSE,"Ad8pSP",168187966,0.763155,0.0143879,"outcome",TRUE,"reported","textfile",5,"167614971",0.00333815927442383,2.98e-17,"SmoInit",TRUE,"reported","G8JOQX",2,TRUE,NA
"120","rs221988","C","A","C","A",-0.0148650225653347,-0.00716432,0.384,0.448892,FALSE,FALSE,FALSE,"Ad8pSP",64248631,0.466994,0.0098495,"outcome",TRUE,"reported","textfile",3,"64234307",0.00261961601583743,1.43e-08,"SmoInit",TRUE,"reported","G8JOQX",2,TRUE,NA
"121","rs2276825","C","T","C","T",0.0188755712515354,0.0262512,0.245,0.275003,FALSE,FALSE,FALSE,"Ad8pSP",52852589,0.0166613,0.010965,"outcome",TRUE,"reported","textfile",3,"52886605",0.0029623548999896,1.89e-10,"SmoInit",TRUE,"reported","G8JOQX",2,TRUE,NA
"122","rs2279829","T","C","T","C",-0.0173765668386769,0.00410099,0.216,0.289176,FALSE,FALSE,FALSE,"Ad8pSP",147388532,0.703782,0.0107858,"outcome",TRUE,"reported","textfile",3,"147106319",0.00309605522231936,2.05e-08,"SmoInit",TRUE,"reported","G8JOQX",2,TRUE,NA
"123","rs2289791","T","G","T","G",-0.017725516174548,-0.00196422,0.247,0.20957,FALSE,FALSE,FALSE,"Ad8pSP",67184614,0.87107,0.0121025,"outcome",TRUE,"reported","textfile",15,"67476952",0.002954252695758,2.01e-09,"SmoInit",TRUE,"reported","G8JOQX",2,TRUE,NA
"124","rs2306866","T","A","T","A",-0.0166754969048669,0.00564477,0.614,0.667453,FALSE,TRUE,FALSE,"Ad8pSP",53732185,0.587169,0.0103966,"outcome",TRUE,"reported","textfile",3,"53766212",0.00261707258061795,1.89e-10,"SmoInit",TRUE,"reported","G8JOQX",2,TRUE,NA
"125","rs2319545","A","C","A","C",0.0232366196004364,0.00443723,0.149099,0.167065,FALSE,FALSE,FALSE,"Ad8pSP",148001861,0.734759,0.0130968,"outcome",TRUE,"reported","textfile",3,"147719648",0.00357698173772572,8.3e-11,"SmoInit",TRUE,"reported","G8JOQX",2,TRUE,NA
"126","rs2344976","C","T","C","T",-0.0150877384938283,0.00898191,0.612,0.654972,FALSE,FALSE,FALSE,"Ad8pSP",32358916,0.382175,0.010278,"outcome",TRUE,"reported","textfile",17,"30685935",0.00261458058153918,7.98e-09,"SmoInit",TRUE,"reported","G8JOQX",2,TRUE,NA
"127","rs2378662","A","G","A","G",0.0152121381530069,-0.0104403,0.541,0.564747,FALSE,FALSE,FALSE,"Ad8pSP",84092374,0.289717,0.00986106,"outcome",TRUE,"reported","textfile",9,"86707289",0.00255675215046967,2.67e-09,"SmoInit",TRUE,"reported","G8JOQX",2,TRUE,NA
"128","rs238896","A","G","A","G",-0.0168673762438155,-0.00284268,0.49,0.4805,FALSE,FALSE,FALSE,"Ad8pSP",114123783,0.771744,0.00979916,"outcome",TRUE,"reported","textfile",11,"113994505",0.00254865163272406,3.65e-11,"SmoInit",TRUE,"reported","G8JOQX",2,TRUE,NA
"129","rs2539706","A","G","A","G",0.0162454401847471,0.0215948,0.529947,0.537697,FALSE,FALSE,FALSE,"Ad8pSP",59592410,0.0275429,0.00979921,"outcome",TRUE,"reported","textfile",2,"59819545",0.00255272464844336,1.95e-10,"SmoInit",TRUE,"reported","G8JOQX",2,TRUE,NA
"130","rs2587507","C","T","C","T",-0.0146602397314715,-0.0148841,0.502,0.512416,FALSE,FALSE,FALSE,"Ad8pSP",79816336,0.12837,0.00978857,"outcome",TRUE,"reported","textfile",17,"77790135",0.00254816223679372,8.69e-09,"SmoInit",TRUE,"reported","G8JOQX",2,TRUE,NA
"131","rs2710634","C","T","C","T",-0.0177614270391893,-0.0178347,0.521,0.538415,FALSE,FALSE,FALSE,"Ad8pSP",32583737,0.0694528,0.00982381,"outcome",TRUE,"reported","textfile",2,"32808804",0.00255039229029593,3.36e-12,"SmoInit",TRUE,"reported","G8JOQX",2,TRUE,NA
"132","rs2734390","G","A","G","A",0.0147709061051891,0.00555357,0.372,0.269907,FALSE,FALSE,FALSE,"Ad8pSP",60473558,0.615065,0.011044,"outcome",TRUE,"reported","textfile",3,"60459291",0.00263598122974669,2.09e-08,"SmoInit",TRUE,"reported","G8JOQX",2,TRUE,NA
"133","rs2796793","A","G","A","G",0.0144813515872424,-0.0161634,0.452,0.435908,FALSE,FALSE,FALSE,"Ad8pSP",36345196,0.100903,0.00985282,"outcome",TRUE,"reported","textfile",10,"36634124",0.00255996547702142,1.55e-08,"SmoInit",TRUE,"reported","G8JOQX",2,TRUE,NA
"134","rs281296","A","G","A","G",0.0246892355778618,0.00416716,0.357,0.325803,FALSE,FALSE,FALSE,"Ad8pSP",47392813,0.689838,0.010442,"outcome",TRUE,"reported","textfile",15,"47685010",0.00265921842184342,1.59e-20,"SmoInit",TRUE,"reported","G8JOQX",2,TRUE,NA
"135","rs28441558","C","T","C","T",-0.0355649826227975,-0.0127384,0.0563,0.0610607,FALSE,FALSE,FALSE,"Ad8pSP",7899800,0.532996,0.0204325,"outcome",TRUE,"reported","textfile",17,"7803118",0.00552741955012364,1.24e-10,"SmoInit",TRUE,"reported","G8JOQX",2,TRUE,NA
"136","rs2901785","A","G","A","G",-0.0173082721317735,-0.0311853,0.446,0.438604,FALSE,FALSE,FALSE,"Ad8pSP",174135605,0.0015295,0.00984065,"outcome",TRUE,"reported","textfile",1,"174104743",0.00256313389330125,1.47e-11,"SmoInit",TRUE,"reported","G8JOQX",2,TRUE,NA
"137","rs290601","T","C","T","C",0.0163101822358959,-0.000380162,0.274,0.288275,FALSE,FALSE,FALSE,"Ad8pSP",114362413,0.971859,0.0107765,"outcome",TRUE,"reported","textfile",8,"115374642",0.00285660382555937,1.14e-08,"SmoInit",TRUE,"reported","G8JOQX",2,TRUE,NA
"138","rs2925128","T","C","T","C",0.0168199054545407,0.00274819,0.385191,0.450753,FALSE,FALSE,FALSE,"Ad8pSP",97896018,0.779441,0.00981332,"outcome",TRUE,"reported","textfile",14,"98362355",0.00268304078897622,3.67e-10,"SmoInit",TRUE,"reported","G8JOQX",2,TRUE,NA
"139","rs2939756","A","G","A","G",-0.015699684310767,-0.016488,0.48,0.510679,FALSE,FALSE,FALSE,"Ad8pSP",41414747,0.0926958,0.00980643,"outcome",TRUE,"reported","textfile",11,"41436297",0.00255018281437779,7.45e-10,"SmoInit",TRUE,"reported","G8JOQX",2,TRUE,NA
"140","rs2959084","A","G","A","G",0.0170798652799423,0.00360833,0.704674,0.679092,FALSE,FALSE,FALSE,"Ad8pSP",46057105,0.730907,0.0104918,"outcome",TRUE,"reported","textfile",11,"46078656",0.00279285661543118,9.82e-10,"SmoInit",TRUE,"reported","G8JOQX",2,TRUE,NA
"141","rs301807","G","A","G","A",0.0180144077909169,-0.0113684,0.57,0.654217,FALSE,FALSE,FALSE,"Ad8pSP",8424763,0.268756,0.0102795,"outcome",TRUE,"reported","textfile",1,"8484823",0.00257348682727385,2.5e-12,"SmoInit",TRUE,"reported","G8JOQX",2,TRUE,NA
"142","rs3115418","C","T","C","T",-0.014224879533231,-0.00582866,0.454,0.512035,FALSE,FALSE,FALSE,"Ad8pSP",200071676,0.551433,0.00978598,"outcome",TRUE,"reported","textfile",2,"200936399",0.00255899452932799,2.79e-08,"SmoInit",TRUE,"reported","G8JOQX",2,TRUE,NA
"143","rs3172494","T","G","T","G",-0.0291266827063679,-0.0218316,0.115,0.21474,FALSE,FALSE,FALSE,"Ad8pSP",48694054,0.0671151,0.011924,"outcome",TRUE,"reported","textfile",3,"48731487",0.00400085756250123,3.4e-13,"SmoInit",TRUE,"reported","G8JOQX",2,TRUE,NA
"144","rs3218116","T","C","T","C",-0.0198430370178765,-0.0124988,0.256,0.240843,FALSE,FALSE,FALSE,"Ad8pSP",41934025,0.273325,0.0114099,"outcome",TRUE,"reported","textfile",6,"41901763",0.00291935664980527,1.05e-11,"SmoInit",TRUE,"reported","G8JOQX",2,TRUE,NA
"145","rs329124","G","A","G","A",-0.0163870665684475,-0.0219404,0.428,0.424399,FALSE,FALSE,FALSE,"Ad8pSP",134529762,0.0266097,0.00989559,"outcome",TRUE,"reported","textfile",5,"133865452",0.00257497908762324,1.96e-10,"SmoInit",TRUE,"reported","G8JOQX",2,TRUE,NA
"146","rs34342129","C","T","C","T",-0.0142810056847808,0.000299541,0.509,0.480825,FALSE,FALSE,FALSE,"Ad8pSP",5872473,0.975606,0.00979608,"outcome",TRUE,"reported","textfile",18,"5872472",0.00254855475073146,2.13e-08,"SmoInit",TRUE,"reported","G8JOQX",2,TRUE,NA
"147","rs34399632","G","A","G","A",0.0193503985196848,-0.00502774,0.232,0.232537,FALSE,FALSE,FALSE,"Ad8pSP",136813604,0.66512,0.0116153,"outcome",TRUE,"reported","textfile",2,"137571174",0.00301834586299796,1.46e-10,"SmoInit",TRUE,"reported","G8JOQX",2,TRUE,NA
"148","rs34553878","G","A","G","A",0.0246707355129666,-0.00139023,0.111,0.0842142,FALSE,FALSE,FALSE,"Ad8pSP",131459201,0.937389,0.0176983,"outcome",TRUE,"reported","textfile",9,"134334588",0.00405584393441003,1.17e-09,"SmoInit",TRUE,"reported","G8JOQX",2,TRUE,NA
"149","rs34940743","G","A","G","A",0.0159248966327585,-0.0089878,0.346,0.358766,FALSE,FALSE,FALSE,"Ad8pSP",79635890,0.380257,0.0102434,"outcome",TRUE,"reported","textfile",14,"80102233",0.00268033618438142,2.8e-09,"SmoInit",TRUE,"reported","G8JOQX",2,TRUE,NA
"150","rs35375873","C","G","C","G",-0.0270102496045462,-0.010719,0.11,0.171621,FALSE,TRUE,FALSE,"Ad8pSP",43190545,0.412409,0.0130773,"outcome",TRUE,"reported","textfile",5,"43190647",0.00407194833782387,3.29e-11,"SmoInit",TRUE,"reported","G8JOQX",2,TRUE,NA
"151","rs35656245","A","G","A","G",0.0159456398141213,0.00581645,0.276,0.263743,FALSE,FALSE,FALSE,"Ad8pSP",190988350,0.60021,0.011098,"outcome",TRUE,"reported","textfile",1,"190957480",0.0028501635460148,2.23e-08,"SmoInit",TRUE,"reported","G8JOQX",2,TRUE,NA
"152","rs357304","C","T","C","T",0.0166757177141037,-0.00279469,0.727,0.740982,FALSE,FALSE,FALSE,"Ad8pSP",164006129,0.802918,0.0111979,"outcome",TRUE,"reported","textfile",2,"164862639",0.00285986199420466,5.4e-09,"SmoInit",TRUE,"reported","G8JOQX",2,TRUE,NA
"153","rs359247","T","A","T","A",0.0220304406866879,0.012501,0.638652,0.661065,FALSE,TRUE,FALSE,"Ad8pSP",60249917,0.226924,0.0103458,"outcome",TRUE,"reported","textfile",2,"60477052",0.00265215339592237,9.89e-17,"SmoInit",TRUE,"reported","G8JOQX",2,TRUE,NA
"154","rs359431","T","C","T","C",-0.0141982221407122,-0.0109803,0.56,0.527547,FALSE,FALSE,FALSE,"Ad8pSP",173861531,0.261656,0.00978217,"outcome",TRUE,"reported","textfile",5,"173288534",0.00256668902432973,3.16e-08,"SmoInit",TRUE,"reported","G8JOQX",2,TRUE,NA
"155","rs3740977","C","T","C","T",0.0194739723678087,0.0165715,0.167,0.125306,FALSE,FALSE,FALSE,"Ad8pSP",46372024,0.265068,0.0148691,"outcome",TRUE,"reported","textfile",11,"46393574",0.00341596072659002,1.17e-08,"SmoInit",TRUE,"reported","G8JOQX",2,TRUE,NA
"156","rs3800227","G","A","G","A",0.0171779534520435,0.0274705,0.742,0.6794,FALSE,FALSE,FALSE,"Ad8pSP",108672958,0.00885686,0.0104948,"outcome",TRUE,"reported","textfile",6,"108994161",0.00291193582568195,3.64e-09,"SmoInit",TRUE,"reported","G8JOQX",2,TRUE,NA
"157","rs3810496","C","T","C","T",0.015881294406838,-0.00883629,0.619436,0.60975,FALSE,FALSE,FALSE,"Ad8pSP",63775533,0.377637,0.0100155,"outcome",TRUE,"reported","textfile",20,"62406886",0.00262869055394539,1.54e-09,"SmoInit",TRUE,"reported","G8JOQX",2,TRUE,NA
"158","rs3811038","C","T","C","T",0.0191404347355438,0.00872692,0.279,0.229188,FALSE,FALSE,FALSE,"Ad8pSP",112482606,0.456915,0.0117307,"outcome",TRUE,"reported","textfile",2,"113240183",0.0028406901883061,1.58e-11,"SmoInit",TRUE,"reported","G8JOQX",2,TRUE,NA
"159","rs3820277","T","G","T","G",-0.0188369165347618,-0.00511638,0.526,0.514098,FALSE,FALSE,FALSE,"Ad8pSP",18110163,0.601995,0.00981027,"outcome",TRUE,"reported","textfile",1,"18436657",0.00255159394161599,1.57e-13,"SmoInit",TRUE,"reported","G8JOQX",2,TRUE,NA
"160","rs3843905","T","C","T","C",-0.0151458403650148,0.00178653,0.403,0.444813,FALSE,FALSE,FALSE,"Ad8pSP",166000275,0.855692,0.00982361,"outcome",TRUE,"reported","textfile",5,"165427280",0.00259749019339433,5.41e-09,"SmoInit",TRUE,"reported","G8JOQX",2,TRUE,NA
"161","rs3847244","T","C","T","C",0.0186716901787056,-0.0108288,0.47,0.393999,FALSE,FALSE,FALSE,"Ad8pSP",3025368,0.280272,0.0100294,"outcome",TRUE,"reported","textfile",9,"3025368",0.00255274092798555,2.6e-13,"SmoInit",TRUE,"reported","G8JOQX",2,TRUE,NA
"162","rs3850736","G","C","G","C",0.0191284473580711,0.00752074,0.474,0.456794,FALSE,TRUE,TRUE,"Ad8pSP",63999464,0.444198,0.00982946,"outcome",TRUE,"reported","textfile",8,"64912021",0.00255159394161599,6.43e-14,"SmoInit",TRUE,"reported","G8JOQX",2,FALSE,NA
"163","rs3909281","G","T","G","T",0.0210671931230717,0.0242294,0.536,0.463409,FALSE,FALSE,FALSE,"Ad8pSP",165669430,0.013551,0.00981367,"outcome",TRUE,"reported","textfile",5,"165096435",0.00255477242593266,1.62e-16,"SmoInit",TRUE,"reported","G8JOQX",2,TRUE,NA
"164","rs3934797","A","G","A","G",-0.0212974655643372,0.00223798,0.182,0.156368,FALSE,FALSE,FALSE,"Ad8pSP",111546456,0.869117,0.0135816,"outcome",TRUE,"reported","textfile",4,"112467612",0.00330203186086922,1.12e-10,"SmoInit",TRUE,"reported","G8JOQX",2,TRUE,NA
"165","rs4044321","G","A","G","A",-0.0226409661630272,-0.00797742,0.644,0.661673,FALSE,FALSE,FALSE,"Ad8pSP",167562508,0.439424,0.0103179,"outcome",TRUE,"reported","textfile",5,"166989513",0.00266088234855731,1.75e-17,"SmoInit",TRUE,"reported","G8JOQX",2,TRUE,NA
"166","rs4140932","A","T","A","T",-0.0140445222019547,0.000563074,0.431,0.495926,FALSE,TRUE,TRUE,"Ad8pSP",15456974,0.954126,0.00978815,"outcome",TRUE,"reported","textfile",4,"15458598",0.00257275740542211,4.89e-08,"SmoInit",TRUE,"reported","G8JOQX",2,FALSE,NA
"167","rs42417","T","C","T","C",0.0169295734879061,0.0100895,0.691,0.527584,FALSE,FALSE,FALSE,"Ad8pSP",94862585,0.304803,0.00983206,"outcome",TRUE,"reported","textfile",5,"94198290",0.00275724489830731,8.27e-10,"SmoInit",TRUE,"reported","G8JOQX",2,TRUE,NA
"168","rs4264267","T","C","T","C",0.0147920832786023,-0.00203065,0.527042,0.565818,FALSE,FALSE,FALSE,"Ad8pSP",37785539,0.837935,0.00992811,"outcome",TRUE,"reported","textfile",13,"38359676",0.00255187680537184,6.82e-09,"SmoInit",TRUE,"reported","G8JOQX",2,TRUE,NA
"169","rs4310804","G","C","G","C",-0.0181872587471534,0.00119615,0.247,0.302448,FALSE,TRUE,FALSE,"Ad8pSP",96315180,0.910796,0.0106766,"outcome",TRUE,"reported","textfile",15,"96858409",0.002954252695758,7.55e-10,"SmoInit",TRUE,"reported","G8JOQX",2,TRUE,NA
"170","rs4326350","G","C","G","C",-0.0176136629922878,0.00909276,0.493,0.387468,FALSE,TRUE,TRUE,"Ad8pSP",10906145,0.367553,0.0100911,"outcome",TRUE,"reported","textfile",8,"10763655",0.00255297290866797,5.16e-12,"SmoInit",TRUE,"reported","G8JOQX",2,FALSE,NA
"171","rs4476253","A","G","A","G",-0.0184861639511242,-0.00867828,0.24,0.221062,FALSE,FALSE,FALSE,"Ad8pSP",27673333,0.461778,0.0117924,"outcome",TRUE,"reported","textfile",18,"25253297",0.00298319187991516,5.78e-10,"SmoInit",TRUE,"reported","G8JOQX",2,TRUE,NA
"172","rs4543050","T","A","T","A",0.0222035305102178,-0.0102468,0.816,0.860878,FALSE,TRUE,FALSE,"Ad8pSP",74905409,0.469521,0.0141675,"outcome",TRUE,"reported","textfile",3,"74954560",0.00328805909500432,1.45e-11,"SmoInit",TRUE,"reported","G8JOQX",2,TRUE,NA
"173","rs45444697","G","C","G","C",0.0196901495123313,-0.0182275,0.212,0.17784,FALSE,TRUE,FALSE,"Ad8pSP",155062156,0.15572,0.0128398,"outcome",TRUE,"reported","textfile",1,"155034632",0.00311718491590551,2.72e-10,"SmoInit",TRUE,"reported","G8JOQX",2,TRUE,NA
"174","rs4674916","A","C","A","C",-0.0180261497464384,0.00485624,0.327671,0.304056,FALSE,FALSE,FALSE,"Ad8pSP",224500918,0.647177,0.0106104,"outcome",TRUE,"reported","textfile",2,"225365635",0.00271446145914343,3.06e-11,"SmoInit",TRUE,"reported","G8JOQX",2,TRUE,NA
"175","rs4674993","G","A","G","A",-0.0240053355928417,-0.00535701,0.2,0.17392,FALSE,FALSE,FALSE,"Ad8pSP",225467317,0.677958,0.0129007,"outcome",TRUE,"reported","textfile",2,"226332033",0.00318517731426786,4.85e-14,"SmoInit",TRUE,"reported","G8JOQX",2,TRUE,NA
"176","rs4727189","C","T","C","T",0.0148604394330488,0.00695812,0.344,0.324852,FALSE,FALSE,FALSE,"Ad8pSP",88813254,0.505238,0.0104434,"outcome",TRUE,"reported","textfile",7,"88442568",0.00268202279236024,3e-08,"SmoInit",TRUE,"reported","G8JOQX",2,TRUE,NA
"177","rs4752018","A","C","A","C",0.0188538152048703,0.0207373,0.231,0.192182,FALSE,FALSE,FALSE,"Ad8pSP",116919201,0.095043,0.0124222,"outcome",TRUE,"reported","textfile",10,"118678712",0.00302290462718799,4.42e-10,"SmoInit",TRUE,"reported","G8JOQX",2,TRUE,NA
"178","rs4759229","G","A","G","A",0.0155695985471537,0.00420382,0.656,0.671629,FALSE,FALSE,FALSE,"Ad8pSP",56080696,0.686121,0.0104023,"outcome",TRUE,"reported","textfile",12,"56474480",0.00268202279236024,6.53e-09,"SmoInit",TRUE,"reported","G8JOQX",2,TRUE,NA
"179","rs4785187","A","G","A","G",0.0199772389299315,-0.0088743,0.223,0.293874,FALSE,FALSE,FALSE,"Ad8pSP",49732861,0.408131,0.0107283,"outcome",TRUE,"reported","textfile",16,"49766772",0.00306076977669106,6.55e-11,"SmoInit",TRUE,"reported","G8JOQX",2,TRUE,NA
"180","rs4788676","C","T","C","T",-0.0177450351799136,0.0146348,0.228528,0.152196,FALSE,FALSE,FALSE,"Ad8pSP",72916569,0.283638,0.0136495,"outcome",TRUE,"reported","textfile",16,"72950468",0.00303433699193013,4.92e-09,"SmoInit",TRUE,"reported","G8JOQX",2,TRUE,NA
"181","rs4790874","T","C","T","C",0.0174491108982369,0.000882135,0.532,0.503127,FALSE,FALSE,FALSE,"Ad8pSP",2091883,0.928459,0.0098251,"outcome",TRUE,"reported","textfile",17,"1995177",0.0025533765323661,8.43e-12,"SmoInit",TRUE,"reported","G8JOQX",2,TRUE,NA
"182","rs4818005","A","G","A","G",-0.0204309829445482,0.000450609,0.581,0.688411,FALSE,FALSE,FALSE,"Ad8pSP",39216893,0.966051,0.0105871,"outcome",TRUE,"reported","textfile",21,"40588819",0.00264424745900656,1.09e-14,"SmoInit",TRUE,"reported","G8JOQX",2,TRUE,NA
"183","rs4822102","T","C","T","C",-0.0165428077340757,-0.00190103,0.618,0.497173,FALSE,FALSE,FALSE,"Ad8pSP",42302424,0.845992,0.00978731,"outcome",TRUE,"reported","textfile",22,"42698430",0.00262221130993186,2.78e-10,"SmoInit",TRUE,"reported","G8JOQX",2,TRUE,NA
"184","rs4837631","T","C","T","C",-0.0153574290571087,0.00294206,0.446,0.453889,FALSE,FALSE,FALSE,"Ad8pSP",119299670,0.76427,0.00981089,"outcome",TRUE,"reported","textfile",9,"122061948",0.00256313389330125,2.03e-09,"SmoInit",TRUE,"reported","G8JOQX",2,TRUE,NA
"185","rs4877285","A","G","A","G",-0.0181318240751014,-0.00396324,0.668249,0.670054,FALSE,FALSE,FALSE,"Ad8pSP",78739213,0.704004,0.0104317,"outcome",TRUE,"reported","textfile",9,"81354129",0.00270594101919117,2.1e-11,"SmoInit",TRUE,"reported","G8JOQX",2,TRUE,NA
"186","rs4886207","C","T","C","T",-0.0162466752287049,-0.00882207,0.637,0.567478,FALSE,FALSE,FALSE,"Ad8pSP",60131658,0.370335,0.00984775,"outcome",TRUE,"reported","textfile",13,"60705792",0.00264954058636653,8.78e-10,"SmoInit",TRUE,"reported","G8JOQX",2,TRUE,NA
"187","rs4912332","T","C","T","C",0.0141209253041899,-0.000596771,0.491,0.544085,FALSE,FALSE,FALSE,"Ad8pSP",58349571,0.951399,0.00979108,"outcome",TRUE,"reported","textfile",1,"58815243",0.00254855475073146,2.94e-08,"SmoInit",TRUE,"reported","G8JOQX",2,TRUE,NA
"188","rs540860","G","A","G","A",0.0176085972904721,-0.01642,0.543,0.548354,FALSE,FALSE,FALSE,"Ad8pSP",121660179,0.0967075,0.00988539,"outcome",TRUE,"reported","textfile",11,"121530888",0.00255761747377367,5.75e-12,"SmoInit",TRUE,"reported","G8JOQX",2,TRUE,NA
"189","rs55786907","G","A","G","A",0.019445215573239,0.011895,0.162492,0.186018,FALSE,FALSE,FALSE,"Ad8pSP",59297450,0.344804,0.0125911,"outcome",TRUE,"reported","textfile",13,"59871584",0.00345368823422651,1.84e-08,"SmoInit",TRUE,"reported","G8JOQX",2,TRUE,NA
"190","rs55913542","T","G","T","G",0.0185622623947187,-0.00672148,0.175,0.190278,FALSE,FALSE,FALSE,"Ad8pSP",99227506,0.589704,0.0124641,"outcome",TRUE,"reported","textfile",14,"99693843",0.00335560006619697,3.25e-08,"SmoInit",TRUE,"reported","G8JOQX",2,TRUE,NA
"191","rs56208390","G","A","G","A",0.0215635615380883,0.00113687,0.123,0.138838,FALSE,FALSE,FALSE,"Ad8pSP",83020873,0.936076,0.0141749,"outcome",TRUE,"reported","textfile",2,"83247997",0.00387919179771511,2.68e-08,"SmoInit",TRUE,"reported","G8JOQX",2,TRUE,NA
"192","rs56902655","G","T","G","T",-0.0218627772110258,-0.0170457,0.136,0.166083,FALSE,FALSE,FALSE,"Ad8pSP",63606510,0.1936,0.013112,"outcome",TRUE,"reported","textfile",15,"63898709",0.00371678363105592,4.09e-09,"SmoInit",TRUE,"reported","G8JOQX",2,TRUE,NA
"193","rs58400863","A","G","A","G",-0.0201718832102996,-0.00284738,0.347,0.353688,FALSE,FALSE,FALSE,"Ad8pSP",31182862,0.782899,0.0103337,"outcome",TRUE,"reported","textfile",4,"31184484",0.00267653099616181,4.89e-14,"SmoInit",TRUE,"reported","G8JOQX",2,TRUE,NA
"194","rs586699","A","G","A","G",-0.0148032813680652,-0.017786,0.543,0.568344,FALSE,FALSE,FALSE,"Ad8pSP",92556568,0.0706496,0.00983892,"outcome",TRUE,"reported","textfile",11,"92289734",0.00255761747377367,7.29e-09,"SmoInit",TRUE,"reported","G8JOQX",2,TRUE,NA
"195","rs59537158","T","C","T","C",0.0224874954780672,0.00264477,0.214,0.177106,FALSE,FALSE,FALSE,"Ad8pSP",28244427,0.837529,0.0128979,"outcome",TRUE,"reported","textfile",4,"28246049",0.00310652923853118,4.62e-13,"SmoInit",TRUE,"reported","G8JOQX",2,TRUE,NA
"196","rs6011779","T","C","T","C",-0.019176551179367,0.000135998,0.806,0.756785,FALSE,FALSE,FALSE,"Ad8pSP",63352965,0.990465,0.0113795,"outcome",TRUE,"reported","textfile",20,"61984317",0.0032276255980191,2.83e-09,"SmoInit",TRUE,"reported","G8JOQX",2,TRUE,NA
"197","rs6050446","G","A","G","A",0.0544097950038368,0.00823489,0.971,0.977114,FALSE,FALSE,FALSE,"Ad8pSP",25214873,0.801476,0.0327512,"outcome",TRUE,"reported","textfile",20,"25195509",0.00761143669351101,8.8e-13,"SmoInit",TRUE,"reported","G8JOQX",2,TRUE,NA
"198","rs6073075","A","T","A","T",-0.0187040436887538,0.00940768,0.824,0.852028,FALSE,TRUE,FALSE,"Ad8pSP",43387161,0.497358,0.0138623,"outcome",TRUE,"reported","textfile",20,"42015801",0.00335394019043135,2.44e-08,"SmoInit",TRUE,"reported","G8JOQX",2,TRUE,NA
"199","rs60833441","G","A","G","A",-0.0142766415932626,-0.0156712,0.461,0.46466,FALSE,FALSE,FALSE,"Ad8pSP",73756427,0.109922,0.00980341,"outcome",TRUE,"reported","textfile",15,"74048768",0.00255592884906635,2.28e-08,"SmoInit",TRUE,"reported","G8JOQX",2,TRUE,NA
"200","rs61533748","C","T","C","T",0.0174357045031205,0.0090548,0.384,0.439833,FALSE,FALSE,FALSE,"Ad8pSP",22360096,0.3588,0.00986734,"outcome",TRUE,"reported","textfile",2,"22582968",0.00261961601583743,2.82e-11,"SmoInit",TRUE,"reported","G8JOQX",2,TRUE,NA
"201","rs61884449","T","C","T","C",0.0199752928300066,0.0245894,0.149183,0.216685,FALSE,FALSE,FALSE,"Ad8pSP",64717721,0.0391309,0.0119204,"outcome",TRUE,"reported","textfile",11,"64485193",0.00357615107721525,2.32e-08,"SmoInit",TRUE,"reported","G8JOQX",2,TRUE,NA
"202","rs61886926","T","C","T","C",-0.0179400669035335,-0.0121073,0.384,0.42016,FALSE,FALSE,FALSE,"Ad8pSP",64366080,0.222336,0.00992125,"outcome",TRUE,"reported","textfile",11,"64133552",0.00261961601583743,7.3e-12,"SmoInit",TRUE,"reported","G8JOQX",2,TRUE,NA
"203","rs619087","G","A","G","A",0.0142703351761035,-0.00248675,0.422,0.523849,FALSE,FALSE,FALSE,"Ad8pSP",93465561,0.799533,0.00979225,"outcome",TRUE,"reported","textfile",6,"94175279",0.00257972528581484,3.1e-08,"SmoInit",TRUE,"reported","G8JOQX",2,TRUE,NA
"204","rs61959481","A","G","A","G",-0.0203441990277331,-0.00902785,0.21,0.17845,FALSE,FALSE,FALSE,"Ad8pSP",55260794,0.479277,0.0127608,"outcome",TRUE,"reported","textfile",13,"55834929",0.00312802641757244,7.95e-11,"SmoInit",TRUE,"reported","G8JOQX",2,TRUE,NA
"205","rs62007780","T","G","T","G",-0.0159132952767858,0.0076698,0.416,0.394909,FALSE,FALSE,FALSE,"Ad8pSP",77733122,0.445223,0.0100469,"outcome",TRUE,"reported","textfile",15,"78025464",0.00258488077414061,7.48e-10,"SmoInit",TRUE,"reported","G8JOQX",2,TRUE,NA
"206","rs62052916","T","A","T","A",-0.0319137711463547,-0.00984585,0.0701,0.0912716,FALSE,TRUE,FALSE,"Ad8pSP",72540651,0.562418,0.0169975,"outcome",TRUE,"reported","textfile",16,"72574550",0.00499018300026018,1.62e-10,"SmoInit",TRUE,"reported","G8JOQX",2,TRUE,NA
"207","rs62098013","A","G","A","G",0.0177099761642005,-0.001894,0.365322,0.351941,FALSE,FALSE,FALSE,"Ad8pSP",53337491,0.853943,0.0102885,"outcome",TRUE,"reported","textfile",18,"50863861",0.00264593377276032,2.24e-11,"SmoInit",TRUE,"reported","G8JOQX",2,TRUE,NA
"208","rs62106258","C","T","C","T",-0.0454980088384573,0.0106958,0.047329,0.0202665,FALSE,FALSE,FALSE,"Ad8pSP",417167,0.760787,0.0351319,"outcome",TRUE,"reported","textfile",2,"417167",0.00600009972129354,3.33e-14,"SmoInit",TRUE,"reported","G8JOQX",2,TRUE,NA
"209","rs62137126","G","A","G","A",-0.0236910869881559,0.0161046,0.121094,0.104948,FALSE,FALSE,FALSE,"Ad8pSP",44023010,0.313499,0.0159783,"outcome",TRUE,"reported","textfile",2,"44250149",0.00390536003837775,1.31e-09,"SmoInit",TRUE,"reported","G8JOQX",2,TRUE,NA
"210","rs62180324","A","G","A","G",-0.0195166646371247,-0.00670349,0.212,0.154059,FALSE,FALSE,FALSE,"Ad8pSP",63189471,0.620433,0.0135359,"outcome",TRUE,"reported","textfile",2,"63416606",0.00311718491590551,3.91e-10,"SmoInit",TRUE,"reported","G8JOQX",2,TRUE,NA
"211","rs62193862","A","G","A","G",0.0238462864833974,-0.0181053,0.0999,0.123764,FALSE,FALSE,FALSE,"Ad8pSP",201979152,0.226446,0.0149684,"outcome",TRUE,"reported","textfile",2,"202843875",0.00424879209370151,1.99e-08,"SmoInit",TRUE,"reported","G8JOQX",2,TRUE,NA
"212","rs62246017","A","G","A","G",-0.0161694933302614,0.0255321,0.322639,0.278708,FALSE,FALSE,FALSE,"Ad8pSP",71433933,0.0195519,0.0109353,"outcome",TRUE,"reported","textfile",3,"71483084",0.00272536754484063,3.03e-09,"SmoInit",TRUE,"reported","G8JOQX",2,TRUE,NA
"213","rs62340589","C","G","C","G",0.017413369446369,-0.00341798,0.201,0.195492,FALSE,TRUE,FALSE,"Ad8pSP",175954644,0.781876,0.0123449,"outcome",TRUE,"reported","textfile",4,"176875795",0.00317923174931584,4.31e-08,"SmoInit",TRUE,"reported","G8JOQX",2,TRUE,NA
"214","rs62618693","T","C","T","C",-0.0352724153423309,-0.0418548,0.0428,0.0257393,FALSE,FALSE,FALSE,"Ad8pSP",32934946,0.176859,0.0309923,"outcome",TRUE,"reported","textfile",11,"32956492",0.00629463244218645,2.09e-08,"SmoInit",TRUE,"reported","G8JOQX",2,TRUE,NA
"215","rs6265","T","C","T","C",-0.0292754909467112,-0.00272224,0.188,0.15442,FALSE,FALSE,FALSE,"Ad8pSP",27658369,0.840433,0.0135207,"outcome",TRUE,"reported","textfile",11,"27679916",0.00326089388209887,2.81e-19,"SmoInit",TRUE,"reported","G8JOQX",2,TRUE,NA
"216","rs6437769","T","C","T","C",0.0142141155562826,0.0199648,0.581,0.509317,FALSE,FALSE,FALSE,"Ad8pSP",108278667,0.041061,0.00977275,"outcome",TRUE,"reported","textfile",3,"107997514",0.00258225143562947,3.74e-08,"SmoInit",TRUE,"reported","G8JOQX",2,TRUE,NA
"217","rs6438436","T","C","T","C",0.0247370456169046,0.0125589,0.816,0.756881,FALSE,FALSE,FALSE,"Ad8pSP",118103302,0.272053,0.0114343,"outcome",TRUE,"reported","textfile",3,"117822149",0.00328805909500432,5.33e-14,"SmoInit",TRUE,"reported","G8JOQX",2,TRUE,NA
"218","rs644740","T","C","T","C",-0.0140785168397533,-2.55478e-05,0.457,0.396205,FALSE,FALSE,FALSE,"Ad8pSP",65793997,0.997962,0.0100005,"outcome",TRUE,"reported","textfile",11,"65561468",0.00255761747377367,3.67e-08,"SmoInit",TRUE,"reported","G8JOQX",2,TRUE,NA
"219","rs6497840","A","G","A","G",0.0227702781578142,0.00868283,0.707,0.743148,FALSE,FALSE,FALSE,"Ad8pSP",25340312,0.437303,0.0111783,"outcome",TRUE,"reported","textfile",16,"25351633",0.00286651128783754,2.01e-15,"SmoInit",TRUE,"reported","G8JOQX",2,TRUE,NA
"220","rs6568832","A","G","A","G",0.0188690056414671,0.00620624,0.753851,0.728492,FALSE,FALSE,FALSE,"Ad8pSP",97255000,0.57223,0.010989,"outcome",TRUE,"reported","textfile",6,"97702876",0.00295768425707732,1.74e-10,"SmoInit",TRUE,"reported","G8JOQX",2,TRUE,NA
"221","rs67050670","G","A","G","A",-0.0202722725573387,-0.0109314,0.229,0.203889,FALSE,FALSE,FALSE,"Ad8pSP",41717290,0.367821,0.0121384,"outcome",TRUE,"reported","textfile",18,"39297254",0.00303213598798646,2.34e-11,"SmoInit",TRUE,"reported","G8JOQX",2,TRUE,NA
"222","rs6731872","G","T","G","T",0.0315976722437205,-0.0254963,0.826,0.835206,FALSE,FALSE,FALSE,"Ad8pSP",624205,0.0533409,0.0131958,"outcome",TRUE,"reported","textfile",2,"624205",0.00336069389789628,5.35e-21,"SmoInit",TRUE,"reported","G8JOQX",2,TRUE,NA
"223","rs6750107","A","G","A","G",0.0145651380943922,-0.00683957,0.386875,0.450082,FALSE,FALSE,FALSE,"Ad8pSP",80521682,0.485651,0.00980944,"outcome",TRUE,"reported","textfile",2,"80748807",0.00261597602650499,2.6e-08,"SmoInit",TRUE,"reported","G8JOQX",2,TRUE,NA
"224","rs6750529","T","C","T","C",0.0199073582141741,-0.0146558,0.744,0.745235,FALSE,FALSE,FALSE,"Ad8pSP",181162876,0.191239,0.011214,"outcome",TRUE,"reported","textfile",2,"182027603",0.00291935664980527,9.26e-12,"SmoInit",TRUE,"reported","G8JOQX",2,TRUE,NA
"225","rs6756212","T","C","T","C",-0.0338880494124865,0.00207543,0.535,0.438381,FALSE,FALSE,FALSE,"Ad8pSP",145382564,0.833317,0.00986188,"outcome",TRUE,"reported","textfile",2,"146140132",0.00255440783586912,3.49e-40,"SmoInit",TRUE,"reported","G8JOQX",2,TRUE,NA
"226","rs67777803","T","G","T","G",-0.0246014935565632,-0.0175783,0.172,0.167087,FALSE,FALSE,FALSE,"Ad8pSP",28996304,0.18054,0.013127,"outcome",TRUE,"reported","textfile",17,"27323322",0.00337609153783181,3.18e-13,"SmoInit",TRUE,"reported","G8JOQX",2,TRUE,NA
"227","rs6782116","T","C","T","C",-0.0146502197827914,-0.001168,0.415,0.316229,FALSE,FALSE,FALSE,"Ad8pSP",77126881,0.911849,0.0105504,"outcome",TRUE,"reported","textfile",3,"77176032",0.00258578030838715,1.46e-08,"SmoInit",TRUE,"reported","G8JOQX",2,TRUE,NA
"228","rs6874731","G","T","G","T",0.0153179156797748,0.00241235,0.484,0.464736,FALSE,FALSE,FALSE,"Ad8pSP",80968046,0.807433,0.0098973,"outcome",TRUE,"reported","textfile",5,"80263865",0.00254944750286814,1.83e-09,"SmoInit",TRUE,"reported","G8JOQX",2,TRUE,NA
"229","rs6890961","T","C","T","C",-0.0193108669011559,-0.0106107,0.624,0.638054,FALSE,FALSE,FALSE,"Ad8pSP",167351498,0.299684,0.010231,"outcome",TRUE,"reported","textfile",5,"166778503",0.0026303127365933,2.13e-13,"SmoInit",TRUE,"reported","G8JOQX",2,TRUE,NA
"230","rs6936160","T","C","T","C",0.0201067590761284,-0.00559036,0.698,0.69017,FALSE,FALSE,FALSE,"Ad8pSP",99899869,0.597255,0.0105808,"outcome",TRUE,"reported","textfile",6,"100347745",0.0027749963896861,4.2e-13,"SmoInit",TRUE,"reported","G8JOQX",2,TRUE,NA
"231","rs6968380","A","G","A","G",-0.0234192367880246,0.0148041,0.681,0.630188,FALSE,FALSE,FALSE,"Ad8pSP",115300105,0.14463,0.0101484,"outcome",TRUE,"reported","textfile",7,"114940159",0.00273353543303769,1.05e-17,"SmoInit",TRUE,"reported","G8JOQX",2,TRUE,NA
"232","rs6986430","C","T","C","T",-0.0243376590460144,0.0067574,0.222377,0.193968,FALSE,FALSE,FALSE,"Ad8pSP",92035876,0.583941,0.0123392,"outcome",TRUE,"reported","textfile",8,"93048104",0.00306382618128011,1.99e-15,"SmoInit",TRUE,"reported","G8JOQX",2,TRUE,NA
"233","rs7024924","C","T","C","T",0.0188917634386336,0.0148291,0.174,0.172843,FALSE,FALSE,FALSE,"Ad8pSP",8282399,0.251429,0.0129298,"outcome",TRUE,"reported","textfile",9,"8282399",0.00336069389789629,1.9e-08,"SmoInit",TRUE,"reported","G8JOQX",2,TRUE,NA
"234","rs7026534","G","T","G","T",-0.0166030163128688,0.00411858,0.703821,0.736632,FALSE,FALSE,FALSE,"Ad8pSP",132031876,0.710431,0.011093,"outcome",TRUE,"reported","textfile",9,"134907263",0.0027905214398687,2.68e-09,"SmoInit",TRUE,"reported","G8JOQX",2,TRUE,NA
"235","rs7072776","G","A","G","A",-0.0219746659604234,-0.0097215,0.712,0.762157,FALSE,FALSE,FALSE,"Ad8pSP",21744013,0.396189,0.011458,"outcome",TRUE,"reported","textfile",10,"22032942",0.00281356766714023,5.66e-15,"SmoInit",TRUE,"reported","G8JOQX",2,TRUE,NA
"236","rs7134009","C","T","C","T",-0.0157969079482934,0.0102124,0.287,0.356899,FALSE,FALSE,FALSE,"Ad8pSP",74869413,0.316697,0.0101995,"outcome",TRUE,"reported","textfile",12,"75263193",0.00288410760737097,4.3e-08,"SmoInit",TRUE,"reported","G8JOQX",2,TRUE,NA
"237","rs71367544","T","C","T","C",0.0205521600569838,0.0198388,0.203,0.219369,FALSE,FALSE,FALSE,"Ad8pSP",79814374,0.0930829,0.0118134,"outcome",TRUE,"reported","textfile",18,"77574374",0.00316749855600992,8.54e-11,"SmoInit",TRUE,"reported","G8JOQX",2,TRUE,NA
"238","rs71592686","C","T","C","T",0.0207374485275736,-0.00215089,0.274,0.279638,FALSE,FALSE,FALSE,"Ad8pSP",60825444,0.843296,0.0108807,"outcome",TRUE,"reported","textfile",5,"60121271",0.00285660382555937,3.85e-13,"SmoInit",TRUE,"reported","G8JOQX",2,TRUE,NA
"239","rs71602617","T","C","T","C",-0.0177654859083323,-0.00277374,0.216,0.296975,FALSE,FALSE,FALSE,"Ad8pSP",135485000,0.795125,0.0106821,"outcome",TRUE,"reported","textfile",4,"136406155",0.00317038691182538,2.1e-08,"SmoInit",TRUE,"reported","G8JOQX",2,TRUE,NA
"240","rs7188873","G","A","G","A",0.0202957786323485,0.00753008,0.612998,0.63114,FALSE,FALSE,FALSE,"Ad8pSP",24715743,0.457365,0.0101321,"outcome",TRUE,"reported","textfile",16,"24727064",0.00261581768560816,8.46e-15,"SmoInit",TRUE,"reported","G8JOQX",2,TRUE,NA
"241","rs7192140","C","T","C","T",-0.0168833776674707,-0.00345627,0.498,0.421253,FALSE,FALSE,FALSE,"Ad8pSP",10079891,0.728103,0.00994183,"outcome",TRUE,"reported","textfile",16,"10173748",0.00254816223679372,3.4e-11,"SmoInit",TRUE,"reported","G8JOQX",2,TRUE,NA
"242","rs72780746","C","T","C","T",-0.0257629583806218,-0.00959055,0.173,0.153829,FALSE,FALSE,FALSE,"Ad8pSP",104593887,0.479475,0.0135623,"outcome",TRUE,"reported","textfile",5,"103929588",0.00336835455155562,2.05e-14,"SmoInit",TRUE,"reported","G8JOQX",2,TRUE,NA
"243","rs72789626","A","T","A","T",-0.025643113591373,-0.00369816,0.136,0.0844947,FALSE,TRUE,FALSE,"Ad8pSP",107489917,0.834357,0.0176846,"outcome",TRUE,"reported","textfile",5,"106825618",0.00371678363105592,5.13e-12,"SmoInit",TRUE,"reported","G8JOQX",2,TRUE,NA
"244","rs72790288","A","G","A","G",-0.0455317796974094,0.0176012,0.0282,0.0180879,FALSE,FALSE,FALSE,"Ad8pSP",29290538,0.631513,0.0366997,"outcome",TRUE,"reported","textfile",2,"29513404",0.00769627546732542,3.28e-09,"SmoInit",TRUE,"reported","G8JOQX",2,TRUE,NA
"245","rs72898831","G","A","G","A",-0.024415855154164,-0.0363436,0.155,0.134236,FALSE,FALSE,FALSE,"Ad8pSP",45078678,0.0119437,0.0144576,"outcome",TRUE,"reported","textfile",18,"42658643",0.00352045989869483,4.14e-12,"SmoInit",TRUE,"reported","G8JOQX",2,TRUE,NA
"246","rs73008357","C","A","C","A",-0.0223095209685988,-0.000977169,0.121,0.11147,FALSE,FALSE,FALSE,"Ad8pSP",156110722,0.949917,0.0155573,"outcome",TRUE,"reported","textfile",6,"156431856",0.00400046109017831,2.44e-08,"SmoInit",TRUE,"reported","G8JOQX",2,TRUE,NA
"247","rs7333559","A","G","A","G",-0.0232125263243759,-0.00455014,0.783,0.836431,FALSE,FALSE,FALSE,"Ad8pSP",99894196,0.732025,0.0132877,"outcome",TRUE,"reported","textfile",13,"100546450",0.00309088507361485,5.94e-14,"SmoInit",TRUE,"reported","G8JOQX",2,TRUE,NA
"248","rs73831818","G","A","G","A",0.0320434884207701,-0.0385522,0.057,0.037128,FALSE,FALSE,FALSE,"Ad8pSP",55954366,0.136692,0.0259049,"outcome",TRUE,"reported","textfile",3,"55988394",0.00549541292719244,5.46e-09,"SmoInit",TRUE,"reported","G8JOQX",2,TRUE,NA
"249","rs748832","G","A","G","A",0.017214171572941,0.00854999,0.371,0.365399,FALSE,FALSE,FALSE,"Ad8pSP",16809700,0.400424,0.0101681,"outcome",TRUE,"reported","textfile",3,"16851202",0.00263743234317981,6.6e-11,"SmoInit",TRUE,"reported","G8JOQX",2,TRUE,NA
"250","rs7505855","T","C","T","C",-0.016981782012443,-0.0147436,0.586,0.576759,FALSE,FALSE,FALSE,"Ad8pSP",34116111,0.136834,0.00991045,"outcome",TRUE,"reported","textfile",18,"31696075",0.00258669144452735,5.31e-11,"SmoInit",TRUE,"reported","G8JOQX",2,TRUE,NA
"251","rs75674569","A","G","A","G",-0.0253376642806127,-0.0489784,0.0997,0.059069,FALSE,FALSE,FALSE,"Ad8pSP",96171470,0.0187841,0.0208437,"outcome",TRUE,"reported","textfile",13,"96823724",0.00425257910541401,2.58e-09,"SmoInit",TRUE,"reported","G8JOQX",2,TRUE,NA
"252","rs75919030","C","T","C","T",-0.0209664026528435,-0.0103564,0.267,0.259133,FALSE,FALSE,FALSE,"Ad8pSP",52115837,0.354394,0.0111828,"outcome",TRUE,"reported","textfile",17,"50193197",0.00287995689236987,3.35e-13,"SmoInit",TRUE,"reported","G8JOQX",2,TRUE,NA
"253","rs7598402","G","C","G","C",-0.0147282541443157,2.04351e-05,0.492084,0.479286,FALSE,TRUE,TRUE,"Ad8pSP",50508805,0.998333,0.00978235,"outcome",TRUE,"reported","textfile",2,"50735943",0.00254846126017199,7.38e-09,"SmoInit",TRUE,"reported","G8JOQX",2,FALSE,NA
"254","rs7600835","A","G","A","G",-0.0151215822660203,-0.00327051,0.342,0.280287,FALSE,FALSE,FALSE,"Ad8pSP",171665317,0.765519,0.010966,"outcome",TRUE,"reported","textfile",2,"172521827",0.00268576249814973,1.8e-08,"SmoInit",TRUE,"reported","G8JOQX",2,TRUE,NA
"255","rs7631379","C","T","C","T",0.0208014202663307,-0.000299984,0.206,0.154714,FALSE,FALSE,FALSE,"Ad8pSP",181691269,0.982338,0.0135511,"outcome",TRUE,"reported","textfile",3,"181409057",0.00315028426377377,3.94e-11,"SmoInit",TRUE,"reported","G8JOQX",2,TRUE,NA
"256","rs7640107","T","C","T","C",-0.0141860488913742,-0.0111211,0.430789,0.480409,FALSE,FALSE,FALSE,"Ad8pSP",59980430,0.255127,0.00977264,"outcome",TRUE,"reported","textfile",3,"59966156",0.00257291038839787,3.46e-08,"SmoInit",TRUE,"reported","G8JOQX",2,TRUE,NA
"257","rs76460663","G","C","G","C",-0.0423499881621549,-0.0205132,0.041056,0.0776272,FALSE,TRUE,FALSE,"Ad8pSP",112109017,0.26487,0.0183982,"outcome",TRUE,"reported","textfile",11,"111979741",0.00642108863426387,4.15e-11,"SmoInit",TRUE,"reported","G8JOQX",2,TRUE,NA
"258","rs7657022","G","A","G","A",0.0182907848013209,0.013511,0.489,0.508269,FALSE,FALSE,FALSE,"Ad8pSP",35499410,0.166824,0.00977301,"outcome",TRUE,"reported","textfile",4,"35501032",0.00254875872567672,7.34e-13,"SmoInit",TRUE,"reported","G8JOQX",2,TRUE,NA
"259","rs76608582","A","C","A","C",-0.0345492908715738,0.0248871,0.0489,0.0575667,FALSE,FALSE,FALSE,"Ad8pSP",4474728,0.237767,0.0210802,"outcome",TRUE,"reported","textfile",19,"4474725",0.00590780408568799,4.88e-09,"SmoInit",TRUE,"reported","G8JOQX",2,TRUE,NA
"260","rs76841737","G","C","G","C",-0.0231488111016818,-0.0181836,0.103,0.111836,FALSE,TRUE,FALSE,"Ad8pSP",91652094,0.242209,0.0155484,"outcome",TRUE,"reported","textfile",7,"91281409",0.0041915897661762,3.26e-08,"SmoInit",TRUE,"reported","G8JOQX",2,TRUE,NA
"261","rs7696257","A","G","A","G",0.0153312678884022,0.0122791,0.366,0.419762,FALSE,FALSE,FALSE,"Ad8pSP",136553628,0.214031,0.00988208,"outcome",TRUE,"reported","textfile",4,"137474783",0.00264489498770943,6.78e-09,"SmoInit",TRUE,"reported","G8JOQX",2,TRUE,NA
"262","rs77283305","A","G","A","G",-0.0151959719568566,0.00336779,0.305819,0.277386,FALSE,FALSE,FALSE,"Ad8pSP",132909071,0.757932,0.0109273,"outcome",TRUE,"reported","textfile",7,"132593831",0.00276519021844032,3.91e-08,"SmoInit",TRUE,"reported","G8JOQX",2,TRUE,NA
"263","rs7743165","G","T","G","T",0.0192558800004546,0.00183097,0.495,0.465735,FALSE,FALSE,FALSE,"Ad8pSP",66811329,0.851951,0.0098107,"outcome",TRUE,"reported","textfile",6,"67521222",0.00254826926806319,4.15e-14,"SmoInit",TRUE,"reported","G8JOQX",2,TRUE,NA
"264","rs7802996","T","C","T","C",-0.0208846886818414,-0.0233803,0.166,0.0983583,FALSE,FALSE,FALSE,"Ad8pSP",78142666,0.158897,0.016596,"outcome",TRUE,"reported","textfile",7,"77771983",0.00342417960246408,1.06e-09,"SmoInit",TRUE,"reported","G8JOQX",2,TRUE,NA
"265","rs7809303","A","G","A","G",-0.021418836864619,-0.0115565,0.325,0.337898,FALSE,FALSE,FALSE,"Ad8pSP",70019380,0.263438,0.010334,"outcome",TRUE,"reported","textfile",7,"69484366",0.00272019500200298,3.48e-15,"SmoInit",TRUE,"reported","G8JOQX",2,TRUE,NA
"266","rs7836565","T","C","T","C",-0.0155084165083128,0.0131168,0.718,0.699775,FALSE,FALSE,FALSE,"Ad8pSP",51656889,0.218199,0.0106526,"outcome",TRUE,"reported","textfile",8,"52569449",0.00283143651759614,4.36e-08,"SmoInit",TRUE,"reported","G8JOQX",2,TRUE,NA
"267","rs7867822","G","A","G","A",-0.0150970271647724,0.0210581,0.673,0.702232,FALSE,FALSE,FALSE,"Ad8pSP",20676455,0.0490366,0.0106988,"outcome",TRUE,"reported","textfile",9,"20676454",0.00271589012993163,2.76e-08,"SmoInit",TRUE,"reported","G8JOQX",2,TRUE,NA
"268","rs7920501","A","T","A","T",-0.0155168449616196,-0.00547,0.465,0.392653,FALSE,TRUE,TRUE,"Ad8pSP",10001196,0.584415,0.0100009,"outcome",TRUE,"reported","textfile",10,"10043159",0.00255440783586912,1.25e-09,"SmoInit",TRUE,"reported","G8JOQX",2,FALSE,NA
"269","rs7921378","C","G","C","G",-0.0233135465388289,0.00188277,0.482,0.494209,FALSE,TRUE,TRUE,"Ad8pSP",61915126,0.847147,0.00976743,"outcome",TRUE,"reported","textfile",10,"63674885",0.00254979465403176,6.1e-20,"SmoInit",TRUE,"reported","G8JOQX",2,FALSE,NA
"270","rs7929518","G","A","G","A",0.0192362727079985,0.00621888,0.773,0.742159,FALSE,FALSE,FALSE,"Ad8pSP",86269916,0.577527,0.0111649,"outcome",TRUE,"reported","textfile",11,"85980958",0.00304152177247051,2.55e-10,"SmoInit",TRUE,"reported","G8JOQX",2,TRUE,NA
"271","rs7943721","A","G","A","G",-0.0212136090038615,-0.0198145,0.829,0.844227,FALSE,FALSE,FALSE,"Ad8pSP",73598348,0.144092,0.0135649,"outcome",TRUE,"reported","textfile",11,"73309393",0.00338390595551107,3.58e-10,"SmoInit",TRUE,"reported","G8JOQX",2,TRUE,NA
"272","rs7969559","G","A","G","A",-0.0170158764738426,0.0148679,0.713,0.644551,FALSE,FALSE,FALSE,"Ad8pSP",69261387,0.144356,0.0101852,"outcome",TRUE,"reported","textfile",12,"69655167",0.00281648791389652,1.53e-09,"SmoInit",TRUE,"reported","G8JOQX",2,TRUE,NA
"273","rs8005334","G","T","G","T",0.0166733576649974,-0.0108766,0.36,0.234932,FALSE,FALSE,FALSE,"Ad8pSP",79097311,0.34696,0.0115647,"outcome",TRUE,"reported","textfile",14,"79563654",0.00265628674749107,3.44e-10,"SmoInit",TRUE,"reported","G8JOQX",2,TRUE,NA
"274","rs8027457","C","T","C","T",0.0153137772807968,-0.00151055,0.511,0.52083,FALSE,FALSE,FALSE,"Ad8pSP",98660872,0.877452,0.00979604,"outcome",TRUE,"reported","textfile",15,"99204101",0.00254875872567672,1.88e-09,"SmoInit",TRUE,"reported","G8JOQX",2,TRUE,NA
"275","rs8050598","T","C","T","C",0.0186697540012263,0.0134589,0.254117,0.226637,FALSE,FALSE,FALSE,"Ad8pSP",49858053,0.255688,0.011841,"outcome",TRUE,"reported","textfile",16,"49891964",0.00292645190436437,1.76e-10,"SmoInit",TRUE,"reported","G8JOQX",2,TRUE,NA
"276","rs8096225","C","A","C","A",0.0155245337193483,0.0202356,0.703,0.755765,FALSE,FALSE,FALSE,"Ad8pSP",39341887,0.0756258,0.0113897,"outcome",TRUE,"reported","textfile",18,"36921851",0.00278828856748841,2.63e-08,"SmoInit",TRUE,"reported","G8JOQX",2,TRUE,NA
"277","rs8103660","C","T","C","T",0.0158025711053756,-0.0124994,0.354431,0.393275,FALSE,FALSE,FALSE,"Ad8pSP",18455585,0.210764,0.00998777,"outcome",TRUE,"reported","textfile",19,"18566395",0.00266352281645246,3.03e-09,"SmoInit",TRUE,"reported","G8JOQX",2,TRUE,NA
"278","rs876793","C","T","C","T",-0.0179245007056761,-0.00155191,0.349262,0.271999,FALSE,FALSE,FALSE,"Ad8pSP",237688783,0.888215,0.0110406,"outcome",TRUE,"reported","textfile",1,"237852083",0.00273664472881359,5.69e-11,"SmoInit",TRUE,"reported","G8JOQX",2,TRUE,NA
"279","rs910912","C","T","C","T",-0.0167699273398506,-0.0098616,0.739,0.756065,FALSE,FALSE,FALSE,"Ad8pSP",55887337,0.38577,0.0113703,"outcome",TRUE,"reported","textfile",20,"54462393",0.00290609002764278,7.82e-09,"SmoInit",TRUE,"reported","G8JOQX",2,TRUE,NA
"280","rs925524","G","A","G","A",0.0155573140824448,-0.00275741,0.71,0.739943,FALSE,FALSE,FALSE,"Ad8pSP",46031037,0.804903,0.0111633,"outcome",TRUE,"reported","textfile",1,"46496709",0.00280779523008113,2.94e-08,"SmoInit",TRUE,"reported","G8JOQX",2,TRUE,NA
"281","rs9288999","A","G","A","G",0.0174410822809077,-0.000446276,0.735,0.706565,FALSE,FALSE,FALSE,"Ad8pSP",114429080,0.966847,0.0107372,"outcome",TRUE,"reported","textfile",3,"114147927",0.00288686847985553,1.5e-09,"SmoInit",TRUE,"reported","G8JOQX",2,TRUE,NA
"282","rs9302604","G","A","G","A",0.0187095218089082,-0.00996686,0.435,0.424974,FALSE,FALSE,FALSE,"Ad8pSP",69542991,0.315561,0.0099309,"outcome",TRUE,"reported","textfile",16,"69576894",0.00256995046688193,3.29e-13,"SmoInit",TRUE,"reported","G8JOQX",2,TRUE,NA
"283","rs9323328","G","A","G","A",-0.0142370300423771,0.00415864,0.537,0.46504,FALSE,FALSE,FALSE,"Ad8pSP",58186796,0.671016,0.0097907,"outcome",TRUE,"reported","textfile",14,"58653514",0.00255704608072541,2.55e-08,"SmoInit",TRUE,"reported","G8JOQX",2,TRUE,NA
"284","rs9331343","C","T","C","T",-0.0141345190480488,-0.0127548,0.568,0.565149,FALSE,FALSE,FALSE,"Ad8pSP",157317226,0.201272,0.00998078,"outcome",TRUE,"reported","textfile",6,"157738258",0.00257203908542274,3.9e-08,"SmoInit",TRUE,"reported","G8JOQX",2,TRUE,NA
"285","rs9423279","G","C","G","C",-0.0185807847386936,-0.00534474,0.645,0.599582,FALSE,TRUE,FALSE,"Ad8pSP",123920903,0.59523,0.0100603,"outcome",TRUE,"reported","textfile",10,"125680419",0.00266256103074018,3.06e-12,"SmoInit",TRUE,"reported","G8JOQX",2,TRUE,NA
"286","rs951740","A","G","A","G",0.0295408668572617,0.00444154,0.625,0.607448,FALSE,FALSE,FALSE,"Ad8pSP",43546066,0.658046,0.0100348,"outcome",TRUE,"reported","textfile",1,"44011737",0.00263170958781378,3.82e-29,"SmoInit",TRUE,"reported","G8JOQX",2,TRUE,NA
"287","rs9538162","C","T","C","T",0.0173791554995482,0.00476965,0.415874,0.400056,FALSE,FALSE,FALSE,"Ad8pSP",58690909,0.632796,0.00998261,"outcome",TRUE,"reported","textfile",13,"59265043",0.00258499347783996,1.76e-11,"SmoInit",TRUE,"reported","G8JOQX",2,TRUE,NA
"288","rs9540731","T","C","T","C",-0.017730323058699,-0.00128316,0.509,0.459619,FALSE,FALSE,FALSE,"Ad8pSP",66375238,0.896197,0.00983509,"outcome",TRUE,"reported","textfile",13,"66949370",0.00254855475073146,3.42e-12,"SmoInit",TRUE,"reported","G8JOQX",2,TRUE,NA
"289","rs9545155","C","T","C","T",-0.0160708800199023,-0.0107952,0.478,0.475471,FALSE,FALSE,FALSE,"Ad8pSP",79617738,0.271014,0.00980727,"outcome",TRUE,"reported","textfile",13,"80191873",0.00255061204001953,3.04e-10,"SmoInit",TRUE,"reported","G8JOQX",2,TRUE,NA
"290","rs9627272","C","G","C","G",-0.0154736957351565,-0.0217582,0.407,0.33378,FALSE,TRUE,FALSE,"Ad8pSP",46046408,0.0385461,0.0105163,"outcome",TRUE,"reported","textfile",22,"46442288",0.00259339729741758,2.42e-09,"SmoInit",TRUE,"reported","G8JOQX",2,TRUE,NA
"291","rs9826984","A","G","A","G",-0.0140528591832801,0.00802653,0.542,0.501974,FALSE,FALSE,FALSE,"Ad8pSP",132226878,0.410989,0.00976279,"outcome",TRUE,"reported","textfile",3,"131945722",0.00255717955159768,3.87e-08,"SmoInit",TRUE,"reported","G8JOQX",2,TRUE,NA
"292","rs9841807","T","C","T","C",0.0162534791111457,0.000271745,0.273,0.338303,FALSE,FALSE,FALSE,"Ad8pSP",176001139,0.979044,0.0103451,"outcome",TRUE,"reported","textfile",3,"175718927",0.00285986199420466,1.35e-08,"SmoInit",TRUE,"reported","G8JOQX",2,TRUE,NA
"293","rs9850597","A","G","A","G",-0.0185709857124084,0.00954681,0.816,0.77016,FALSE,FALSE,FALSE,"Ad8pSP",162044078,0.411669,0.0116288,"outcome",TRUE,"reported","textfile",3,"161761866",0.00328805909500432,1.65e-08,"SmoInit",TRUE,"reported","G8JOQX",2,TRUE,NA
"294","rs986714","T","A","T","A",-0.0160308107404769,5.31471e-05,0.445,0.424978,FALSE,TRUE,TRUE,"Ad8pSP",51525504,0.995717,0.00989995,"outcome",TRUE,"reported","textfile",5,"50821338",0.00256369943794258,4.13e-10,"SmoInit",TRUE,"reported","G8JOQX",2,FALSE,NA
"295","rs9922607","T","C","T","C",-0.0221593131420856,-0.0178336,0.2,0.0797706,FALSE,FALSE,FALSE,"Ad8pSP",17476363,0.325696,0.0181454,"outcome",TRUE,"reported","textfile",16,"17570220",0.00318517731426786,3.42e-12,"SmoInit",TRUE,"reported","G8JOQX",2,TRUE,NA
"296","rs9941217","G","C","G","C",-0.0185566686524006,-0.000696195,0.352204,0.337508,FALSE,TRUE,FALSE,"Ad8pSP",17957069,0.946438,0.0103631,"outcome",TRUE,"reported","textfile",16,"18050926",0.00266733357848334,3.5e-12,"SmoInit",TRUE,"reported","G8JOQX",2,TRUE,NA
"297","rs9987376","G","T","G","T",-0.0204682440460495,0.00284749,0.574251,0.641886,FALSE,FALSE,FALSE,"Ad8pSP",92177786,0.779909,0.0101901,"outcome",TRUE,"reported","textfile",8,"93190014",0.00257671215931455,2.01e-15,"SmoInit",TRUE,"reported","G8JOQX",2,TRUE,NA
