"","SNP","effect_allele.exposure","other_allele.exposure","effect_allele.outcome","other_allele.outcome","beta.exposure","beta.outcome","eaf.exposure","eaf.outcome","remove","palindromic","ambiguous","id.outcome","se.outcome","pval.outcome","outcome","mr_keep.outcome","pval_origin.outcome","data_source.outcome","chr.exposure","pos.exposure","se.exposure","pval.exposure","exposure","mr_keep.exposure","pval_origin.exposure","id.exposure","action","mr_keep","samplesize.outcome"
"1","rs10052591","T","C","T","C",0.012,-0.0360265,0.573,0.5682919,FALSE,FALSE,FALSE,"46YtPo",0.0474933,0.448445,"outcome",TRUE,"reported","textfile",5,"50812738",0.002,2.1e-09,"SmoIndex",TRUE,"reported","VXFMjl",2,TRUE,NA
"2","rs10226228","A","G","A","G",-0.016,-0.103239,0.63,0.6336441,FALSE,FALSE,FALSE,"46YtPo",0.0485904,0.0342926,"outcome",TRUE,"reported","textfile",7,"32315613",0.002,2e-15,"SmoIndex",TRUE,"reported","VXFMjl",2,TRUE,NA
"3","rs10282292","C","T","C","T",0.013,-0.0148759,0.362,0.3735535,FALSE,FALSE,FALSE,"46YtPo",0.0490154,0.761357,"outcome",TRUE,"reported","textfile",7,"111092478",0.002,5.9e-10,"SmoIndex",TRUE,"reported","VXFMjl",2,TRUE,NA
"4","rs1050847","C","T","C","T",0.011,0.0164501,0.426,0.434458,FALSE,FALSE,FALSE,"46YtPo",0.0495242,0.73881,"outcome",TRUE,"reported","textfile",16,"87443734",0.002,1.4e-08,"SmoIndex",TRUE,"reported","VXFMjl",2,TRUE,NA
"5","rs10823968","A","T","A","T",0.012,0.0312072,0.633,0.626883,FALSE,TRUE,FALSE,"46YtPo",0.0491944,0.525258,"outcome",TRUE,"reported","textfile",10,"74738269",0.002,2.1e-08,"SmoIndex",TRUE,"reported","VXFMjl",2,TRUE,NA
"6","rs10879871","T","G","T","G",-0.014,-0.0196851,0.343,0.3638575,FALSE,FALSE,FALSE,"46YtPo",0.0496624,0.691542,"outcome",TRUE,"reported","textfile",12,"75380511",0.002,5e-11,"SmoIndex",TRUE,"reported","VXFMjl",2,TRUE,NA
"7","rs10918701","G","A","G","A",0.012,0.0709146,0.372,0.3742253,FALSE,FALSE,FALSE,"46YtPo",0.0483385,0.143392,"outcome",TRUE,"reported","textfile",1,"162090536",0.002,2.1e-08,"SmoIndex",TRUE,"reported","VXFMjl",2,TRUE,NA
"8","rs10922907","A","T","A","T",0.015,0.0768691,0.451,0.4542737,FALSE,TRUE,TRUE,"46YtPo",0.0472487,0.104005,"outcome",TRUE,"reported","textfile",1,"91193049",0.002,3e-13,"SmoIndex",TRUE,"reported","VXFMjl",2,FALSE,NA
"9","rs11210229","A","G","A","G",0.017,0.0329006,0.384,0.4057365,FALSE,FALSE,FALSE,"46YtPo",0.0481449,0.494768,"outcome",TRUE,"reported","textfile",1,"73860028",0.002,2e-16,"SmoIndex",TRUE,"reported","VXFMjl",2,TRUE,NA
"10","rs112282219","G","A","G","A",-0.033,0.098335,0.959,0.9590258,FALSE,FALSE,FALSE,"46YtPo",0.128663,0.433495,"outcome",TRUE,"reported","textfile",11,"46632809",0.005,3.8e-11,"SmoIndex",TRUE,"reported","VXFMjl",2,TRUE,NA
"11","rs11255908","T","G","T","G",-0.015,0.0329071,0.743,0.7474812,FALSE,FALSE,FALSE,"46YtPo",0.0549561,0.548271,"outcome",TRUE,"reported","textfile",10,"8802912",0.002,2.3e-10,"SmoIndex",TRUE,"reported","VXFMjl",2,TRUE,NA
"12","rs113382419","C","A","C","A",-0.041,0.109297,0.889,0.8943352,FALSE,FALSE,FALSE,"46YtPo",0.0817083,0.17293,"outcome",TRUE,"reported","textfile",9,"136463019",0.003,3e-37,"SmoIndex",TRUE,"reported","VXFMjl",2,TRUE,NA
"13","rs11768481","C","A","C","A",0.013,0.0520488,0.666,0.652869,FALSE,FALSE,FALSE,"46YtPo",0.0502962,0.299352,"outcome",TRUE,"reported","textfile",7,"96629103",0.002,9.9e-10,"SmoIndex",TRUE,"reported","VXFMjl",2,TRUE,NA
"14","rs11783093","C","T","C","T",0.023,0.111587,0.839,0.8366642,FALSE,FALSE,FALSE,"46YtPo",0.0673053,0.0924775,"outcome",TRUE,"reported","textfile",8,"27425349",0.003,1.2e-16,"SmoIndex",TRUE,"reported","VXFMjl",2,TRUE,NA
"15","rs1193237","G","C","G","C",-0.011,-0.0296885,0.439,0.4392764,FALSE,TRUE,TRUE,"46YtPo",0.0567109,0.591075,"outcome",TRUE,"reported","textfile",1,"7526486",0.002,2.8e-08,"SmoIndex",TRUE,"reported","VXFMjl",2,FALSE,NA
"16","rs11948770","T","C","T","C",-0.015,-0.0616842,0.768,0.7645672,FALSE,FALSE,FALSE,"46YtPo",0.0549746,0.264284,"outcome",TRUE,"reported","textfile",5,"13246336",0.002,4.9e-10,"SmoIndex",TRUE,"reported","VXFMjl",2,TRUE,NA
"17","rs12202536","A","G","A","G",-0.012,0.0287122,0.513,0.5221313,FALSE,FALSE,FALSE,"46YtPo",0.0475647,0.545977,"outcome",TRUE,"reported","textfile",6,"67475273",0.002,2.8e-09,"SmoIndex",TRUE,"reported","VXFMjl",2,TRUE,NA
"18","rs1221148","C","G","C","G",0.013,0.0349263,0.587,0.5962339,FALSE,TRUE,FALSE,"46YtPo",0.0483667,0.469701,"outcome",TRUE,"reported","textfile",9,"122046875",0.002,7.3e-11,"SmoIndex",TRUE,"reported","VXFMjl",2,TRUE,NA
"19","rs12244388","G","A","G","A",-0.019,0.00661954,0.661,0.6400028,FALSE,FALSE,FALSE,"46YtPo",0.0493875,0.893228,"outcome",TRUE,"reported","textfile",10,"104640052",0.002,1.4e-19,"SmoIndex",TRUE,"reported","VXFMjl",2,TRUE,NA
"20","rs1246265","T","C","T","C",-0.013,-0.00436886,0.305,0.3110687,FALSE,FALSE,FALSE,"46YtPo",0.0510755,0.931763,"outcome",TRUE,"reported","textfile",9,"86761745",0.002,4.2e-09,"SmoIndex",TRUE,"reported","VXFMjl",2,TRUE,NA
"21","rs12481282","G","C","G","C",-0.013,0.0653172,0.722,0.7286366,FALSE,TRUE,FALSE,"46YtPo",0.0545139,0.228058,"outcome",TRUE,"reported","textfile",20,"44761377",0.002,7.8e-09,"SmoIndex",TRUE,"reported","VXFMjl",2,TRUE,NA
"22","rs12623702","A","G","A","G",-0.014,-0.0390685,0.613,0.6169928,FALSE,FALSE,FALSE,"46YtPo",0.0483486,0.419692,"outcome",TRUE,"reported","textfile",2,"202885506",0.002,7.7e-12,"SmoIndex",TRUE,"reported","VXFMjl",2,TRUE,NA
"23","rs12708665","A","G","A","G",-0.013,0.0550263,0.285,0.2980384,FALSE,FALSE,FALSE,"46YtPo",0.0511917,0.284028,"outcome",TRUE,"reported","textfile",16,"24728227",0.002,3.5e-09,"SmoIndex",TRUE,"reported","VXFMjl",2,TRUE,NA
"24","rs12831617","C","T","C","T",-0.013,-0.00647455,0.764,0.762893,FALSE,FALSE,FALSE,"46YtPo",0.0559125,0.907891,"outcome",TRUE,"reported","textfile",12,"84758368",0.002,1.9e-08,"SmoIndex",TRUE,"reported","VXFMjl",2,TRUE,NA
"25","rs12967855","A","G","A","G",0.012,0.126137,0.331,0.3256758,FALSE,FALSE,FALSE,"46YtPo",0.049602,0.0114897,"outcome",TRUE,"reported","textfile",18,"35138245",0.002,3.1e-08,"SmoIndex",TRUE,"reported","VXFMjl",2,TRUE,NA
"26","rs13009008","A","G","A","G",0.012,0.00733608,0.328,0.3362634,FALSE,FALSE,FALSE,"46YtPo",0.0499833,0.883356,"outcome",TRUE,"reported","textfile",2,"174043233",0.002,4.6e-09,"SmoIndex",TRUE,"reported","VXFMjl",2,TRUE,NA
"27","rs13016665","C","A","C","A",-0.012,-0.0304055,0.577,0.5659984,FALSE,FALSE,FALSE,"46YtPo",0.0480595,0.526936,"outcome",TRUE,"reported","textfile",2,"57995348",0.002,1.8e-09,"SmoIndex",TRUE,"reported","VXFMjl",2,TRUE,NA
"28","rs13153393","A","G","A","G",-0.02,0.00498099,0.884,0.8869798,FALSE,FALSE,FALSE,"46YtPo",0.0751138,0.946148,"outcome",TRUE,"reported","textfile",5,"167604213",0.003,2.5e-10,"SmoIndex",TRUE,"reported","VXFMjl",2,TRUE,NA
"29","rs13296519","G","T","G","T",-0.014,0.0459682,0.606,0.6171923,FALSE,FALSE,FALSE,"46YtPo",0.0492973,0.350099,"outcome",TRUE,"reported","textfile",9,"128471924",0.002,8.1e-12,"SmoIndex",TRUE,"reported","VXFMjl",2,TRUE,NA
"30","rs136233","A","G","A","G",-0.014,0.0439821,0.809,0.8141259,FALSE,FALSE,FALSE,"46YtPo",0.0615269,0.472721,"outcome",TRUE,"reported","textfile",22,"31212410",0.003,1.8e-08,"SmoIndex",TRUE,"reported","VXFMjl",2,TRUE,NA
"31","rs147412694","G","A","G","A",-0.017,0.0541023,0.85,0.8554731,FALSE,FALSE,FALSE,"46YtPo",0.0688055,0.428631,"outcome",TRUE,"reported","textfile",21,"40702786",0.003,2.9e-09,"SmoIndex",TRUE,"reported","VXFMjl",2,TRUE,NA
"32","rs17309874","G","A","G","A",-0.016,0.0793945,0.74,0.7574538,FALSE,FALSE,FALSE,"46YtPo",0.0564852,0.157022,"outcome",TRUE,"reported","textfile",11,"27667236",0.002,9.7e-13,"SmoIndex",TRUE,"reported","VXFMjl",2,TRUE,NA
"33","rs17553262","A","C","A","C",-0.018,0.00713399,0.885,0.8920349,FALSE,FALSE,FALSE,"46YtPo",0.0764659,0.925332,"outcome",TRUE,"reported","textfile",10,"92912773",0.003,5.3e-09,"SmoIndex",TRUE,"reported","VXFMjl",2,TRUE,NA
"34","rs17576594","G","A","G","A",0.016,-0.0405326,0.724,0.7262125,FALSE,FALSE,FALSE,"46YtPo",0.0526581,0.442717,"outcome",TRUE,"reported","textfile",4,"147952241",0.002,1.7e-12,"SmoIndex",TRUE,"reported","VXFMjl",2,TRUE,NA
"35","rs1922018","C","T","C","T",0.014,0.0826754,0.364,0.3551936,FALSE,FALSE,FALSE,"46YtPo",0.0488992,0.0919804,"outcome",TRUE,"reported","textfile",7,"3560401",0.002,3e-12,"SmoIndex",TRUE,"reported","VXFMjl",2,TRUE,NA
"36","rs1931263","G","T","G","T",-0.011,-0.000899842,0.51,0.5039188,FALSE,FALSE,FALSE,"46YtPo",0.0473038,0.984789,"outcome",TRUE,"reported","textfile",1,"96175101",0.002,4e-08,"SmoIndex",TRUE,"reported","VXFMjl",2,TRUE,NA
"37","rs1933270","T","G","T","G",0.013,-0.0711079,0.364,0.3716051,FALSE,FALSE,FALSE,"46YtPo",0.0491541,0.146631,"outcome",TRUE,"reported","textfile",1,"49977965",0.002,1.5e-10,"SmoIndex",TRUE,"reported","VXFMjl",2,TRUE,NA
"38","rs202645","A","G","A","G",-0.015,0.12846,0.203,0.207662,FALSE,FALSE,FALSE,"46YtPo",0.0563738,0.0242534,"outcome",TRUE,"reported","textfile",22,"41798520",0.002,3.9e-09,"SmoIndex",TRUE,"reported","VXFMjl",2,TRUE,NA
"39","rs2062882","G","A","G","A",-0.012,-0.115397,0.587,0.587231,FALSE,FALSE,FALSE,"46YtPo",0.0477276,0.0158554,"outcome",TRUE,"reported","textfile",8,"91839576",0.002,1.1e-08,"SmoIndex",TRUE,"reported","VXFMjl",2,TRUE,NA
"40","rs2080870","A","T","A","T",0.012,0.0346311,0.258,0.2472253,FALSE,TRUE,FALSE,"46YtPo",0.0545683,0.526762,"outcome",TRUE,"reported","textfile",5,"60388313",0.002,4.9e-08,"SmoIndex",TRUE,"reported","VXFMjl",2,TRUE,NA
"41","rs2254710","C","A","C","A",0.013,0.0181505,0.236,0.2279632,FALSE,FALSE,FALSE,"46YtPo",0.0565582,0.748609,"outcome",TRUE,"reported","textfile",6,"37477000",0.002,3.5e-08,"SmoIndex",TRUE,"reported","VXFMjl",2,TRUE,NA
"42","rs2401924","G","C","G","C",0.015,0.0441969,0.502,0.500655,FALSE,TRUE,TRUE,"46YtPo",0.0472773,0.34979,"outcome",TRUE,"reported","textfile",7,"115057862",0.002,2.7e-14,"SmoIndex",TRUE,"reported","VXFMjl",2,FALSE,NA
"43","rs245774","A","G","A","G",-0.013,-0.03278,0.272,0.2754489,FALSE,FALSE,FALSE,"46YtPo",0.0537114,0.540682,"outcome",TRUE,"reported","textfile",5,"170530930",0.002,7.4e-09,"SmoIndex",TRUE,"reported","VXFMjl",2,TRUE,NA
"44","rs2675638","G","A","G","A",0.012,0.0195558,0.581,0.5891581,FALSE,FALSE,FALSE,"46YtPo",0.0482616,0.685158,"outcome",TRUE,"reported","textfile",10,"63576286",0.002,1.3e-09,"SmoIndex",TRUE,"reported","VXFMjl",2,TRUE,NA
"45","rs2678670","A","T","A","T",0.013,-0.0125465,0.486,0.4822492,FALSE,TRUE,TRUE,"46YtPo",0.0472795,0.790702,"outcome",TRUE,"reported","textfile",2,"104469564",0.002,3.1e-10,"SmoIndex",TRUE,"reported","VXFMjl",2,FALSE,NA
"46","rs2838834","C","T","C","T",-0.013,0.0421331,0.699,0.7027881,FALSE,FALSE,FALSE,"46YtPo",0.0524023,0.420086,"outcome",TRUE,"reported","textfile",21,"46665208",0.002,6.3e-10,"SmoIndex",TRUE,"reported","VXFMjl",2,TRUE,NA
"47","rs28485305","C","T","C","T",0.012,-0.000441465,0.631,0.620375,FALSE,FALSE,FALSE,"46YtPo",0.0486614,0.992749,"outcome",TRUE,"reported","textfile",15,"74044197",0.002,2.6e-08,"SmoIndex",TRUE,"reported","VXFMjl",2,TRUE,NA
"48","rs2867112","T","G","T","G",0.021,-0.0188735,0.835,0.8217766,FALSE,FALSE,FALSE,"46YtPo",0.0615736,0.75965,"outcome",TRUE,"reported","textfile",2,"651349",0.003,4.8e-15,"SmoIndex",TRUE,"reported","VXFMjl",2,TRUE,NA
"49","rs2890772","G","T","G","T",-0.02,-0.0235513,0.413,0.4214656,FALSE,FALSE,FALSE,"46YtPo",0.0478338,0.622246,"outcome",TRUE,"reported","textfile",2,"146175106",0.002,2.1e-22,"SmoIndex",TRUE,"reported","VXFMjl",2,TRUE,NA
"50","rs2894808","T","A","T","A",-0.022,-0.0147744,0.922,0.9165088,FALSE,TRUE,FALSE,"46YtPo",0.0848807,0.862085,"outcome",TRUE,"reported","textfile",6,"52861990",0.004,3.5e-09,"SmoIndex",TRUE,"reported","VXFMjl",2,TRUE,NA
"51","rs317021","T","A","T","A",-0.017,0.158755,0.814,0.8300064,FALSE,TRUE,FALSE,"46YtPo",0.0661026,0.0145142,"outcome",TRUE,"reported","textfile",4,"35418368",0.003,1.1e-10,"SmoIndex",TRUE,"reported","VXFMjl",2,TRUE,NA
"52","rs326341","G","A","G","A",0.014,0.0646454,0.525,0.5342462,FALSE,FALSE,FALSE,"46YtPo",0.0473672,0.171891,"outcome",TRUE,"reported","textfile",3,"107811142",0.002,1.2e-11,"SmoIndex",TRUE,"reported","VXFMjl",2,TRUE,NA
"53","rs329120","C","T","C","T",0.014,0.058132,0.581,0.5682593,FALSE,FALSE,FALSE,"46YtPo",0.0479829,0.224973,"outcome",TRUE,"reported","textfile",5,"133861756",0.002,6.3e-12,"SmoIndex",TRUE,"reported","VXFMjl",2,TRUE,NA
"54","rs34866095","A","G","A","G",-0.012,0.0250954,0.686,0.6803155,FALSE,FALSE,FALSE,"46YtPo",0.0513268,0.624321,"outcome",TRUE,"reported","textfile",11,"16377356",0.002,1.2e-08,"SmoIndex",TRUE,"reported","VXFMjl",2,TRUE,NA
"55","rs348809","A","G","A","G",-0.012,0.0180725,0.348,0.3521514,FALSE,FALSE,FALSE,"46YtPo",0.0491575,0.713367,"outcome",TRUE,"reported","textfile",20,"59032097",0.002,1.3e-08,"SmoIndex",TRUE,"reported","VXFMjl",2,TRUE,NA
"56","rs35169606","T","G","T","G",0.013,0.023796,0.612,0.6050848,FALSE,FALSE,FALSE,"46YtPo",0.0491546,0.627894,"outcome",TRUE,"reported","textfile",8,"9604066",0.002,1.2e-09,"SmoIndex",TRUE,"reported","VXFMjl",2,TRUE,NA
"57","rs35175834","G","A","G","A",-0.024,-0.00617088,0.788,0.790243,FALSE,FALSE,FALSE,"46YtPo",0.0578993,0.915244,"outcome",TRUE,"reported","textfile",15,"47680815",0.002,4.6e-22,"SmoIndex",TRUE,"reported","VXFMjl",2,TRUE,NA
"58","rs359243","T","C","T","C",-0.013,-0.0350696,0.393,0.3965606,FALSE,FALSE,FALSE,"46YtPo",0.0484852,0.468951,"outcome",TRUE,"reported","textfile",2,"60475509",0.002,9.5e-10,"SmoIndex",TRUE,"reported","VXFMjl",2,TRUE,NA
"59","rs369230","G","T","G","T",-0.013,0.0602104,0.308,0.2823923,FALSE,FALSE,FALSE,"46YtPo",0.0559651,0.282727,"outcome",TRUE,"reported","textfile",16,"89645437",0.002,1.8e-09,"SmoIndex",TRUE,"reported","VXFMjl",2,TRUE,NA
"60","rs3742365","T","C","T","C",-0.016,-0.0313469,0.595,0.6029186,FALSE,FALSE,FALSE,"46YtPo",0.0490571,0.522848,"outcome",TRUE,"reported","textfile",14,"104198251",0.002,2.5e-14,"SmoIndex",TRUE,"reported","VXFMjl",2,TRUE,NA
"61","rs3769949","T","A","T","A",-0.012,-0.048282,0.528,0.5262231,FALSE,TRUE,TRUE,"46YtPo",0.0474745,0.309281,"outcome",TRUE,"reported","textfile",2,"166199284",0.002,2.5e-09,"SmoIndex",TRUE,"reported","VXFMjl",2,FALSE,NA
"62","rs3811038","T","C","T","C",-0.014,0.0222626,0.724,0.7215276,FALSE,FALSE,FALSE,"46YtPo",0.0532941,0.67562,"outcome",TRUE,"reported","textfile",2,"113240183",0.002,8.9e-10,"SmoIndex",TRUE,"reported","VXFMjl",2,TRUE,NA
"63","rs3896224","A","G","A","G",0.014,0.00451131,0.585,0.5667497,FALSE,FALSE,FALSE,"46YtPo",0.0479648,0.925037,"outcome",TRUE,"reported","textfile",10,"106467853",0.002,1.1e-11,"SmoIndex",TRUE,"reported","VXFMjl",2,TRUE,NA
"64","rs421983","T","C","T","C",0.013,0.0274087,0.519,0.5156788,FALSE,FALSE,FALSE,"46YtPo",0.0473935,0.562979,"outcome",TRUE,"reported","textfile",3,"84892866",0.002,3.3e-10,"SmoIndex",TRUE,"reported","VXFMjl",2,TRUE,NA
"65","rs4391802","A","G","A","G",0.015,0.0958146,0.707,0.7068789,FALSE,FALSE,FALSE,"46YtPo",0.052848,0.0679165,"outcome",TRUE,"reported","textfile",11,"28674592",0.002,1.4e-11,"SmoIndex",TRUE,"reported","VXFMjl",2,TRUE,NA
"66","rs4473348","A","T","A","T",-0.015,0.0988647,0.25,0.2408081,FALSE,TRUE,FALSE,"46YtPo",0.0541071,0.0697725,"outcome",TRUE,"reported","textfile",2,"182073742",0.002,6.4e-11,"SmoIndex",TRUE,"reported","VXFMjl",2,TRUE,NA
"67","rs4543592","T","C","T","C",-0.012,-0.0544478,0.52,0.5237363,FALSE,FALSE,FALSE,"46YtPo",0.0474023,0.250823,"outcome",TRUE,"reported","textfile",9,"3014254",0.002,4.5e-10,"SmoIndex",TRUE,"reported","VXFMjl",2,TRUE,NA
"68","rs4571506","C","T","C","T",0.011,-0.0548487,0.54,0.5206799,FALSE,FALSE,FALSE,"46YtPo",0.0476349,0.249651,"outcome",TRUE,"reported","textfile",5,"87756918",0.002,1.5e-08,"SmoIndex",TRUE,"reported","VXFMjl",2,TRUE,NA
"69","rs4671357","T","C","T","C",-0.014,0.00333326,0.519,0.5153398,FALSE,FALSE,FALSE,"46YtPo",0.0472471,0.943699,"outcome",TRUE,"reported","textfile",2,"60136176",0.002,1.1e-11,"SmoIndex",TRUE,"reported","VXFMjl",2,TRUE,NA
"70","rs4731925","C","T","C","T",-0.012,0.00657626,0.316,0.3133773,FALSE,FALSE,FALSE,"46YtPo",0.0508677,0.89722,"outcome",TRUE,"reported","textfile",7,"132664757",0.002,2.6e-08,"SmoIndex",TRUE,"reported","VXFMjl",2,TRUE,NA
"71","rs4814873","C","T","C","T",0.014,0.0329661,0.767,0.7584175,FALSE,FALSE,FALSE,"46YtPo",0.0556925,0.552736,"outcome",TRUE,"reported","textfile",20,"19616429",0.002,2.9e-09,"SmoIndex",TRUE,"reported","VXFMjl",2,TRUE,NA
"72","rs4949465","T","C","T","C",-0.017,0.205172,0.87,0.8624571,FALSE,FALSE,FALSE,"46YtPo",0.0854531,0.0129956,"outcome",TRUE,"reported","textfile",1,"32178489",0.003,1.7e-08,"SmoIndex",TRUE,"reported","VXFMjl",2,TRUE,NA
"73","rs4957528","A","C","A","C",-0.015,0.0304102,0.208,0.2177287,FALSE,FALSE,FALSE,"46YtPo",0.0568362,0.593599,"outcome",TRUE,"reported","textfile",5,"106420589",0.002,4.2e-09,"SmoIndex",TRUE,"reported","VXFMjl",2,TRUE,NA
"74","rs549845","G","A","G","A",0.016,-0.0131992,0.301,0.3027279,FALSE,FALSE,FALSE,"46YtPo",0.0516801,0.798249,"outcome",TRUE,"reported","textfile",1,"44076469",0.002,8.3e-14,"SmoIndex",TRUE,"reported","VXFMjl",2,TRUE,NA
"75","rs57611503","G","A","G","A",0.011,0.0181744,0.485,0.4631486,FALSE,FALSE,FALSE,"46YtPo",0.0500851,0.714552,"outcome",TRUE,"reported","textfile",16,"31165795",0.002,4e-08,"SmoIndex",TRUE,"reported","VXFMjl",2,TRUE,NA
"76","rs60952428","T","C","T","C",0.019,-0.0276503,0.909,0.9037864,FALSE,FALSE,FALSE,"46YtPo",0.0799989,0.730515,"outcome",TRUE,"reported","textfile",16,"75640521",0.003,3e-08,"SmoIndex",TRUE,"reported","VXFMjl",2,TRUE,NA
"77","rs6119897","G","A","G","A",-0.018,-0.084349,0.762,0.7578601,FALSE,FALSE,FALSE,"46YtPo",0.0571852,0.13925,"outcome",TRUE,"reported","textfile",20,"31145415",0.002,3.6e-15,"SmoIndex",TRUE,"reported","VXFMjl",2,TRUE,NA
"78","rs61796681","A","T","A","T",-0.019,-0.0757177,0.912,0.9191086,FALSE,TRUE,FALSE,"46YtPo",0.0838109,0.371044,"outcome",TRUE,"reported","textfile",4,"23678196",0.004,4.2e-08,"SmoIndex",TRUE,"reported","VXFMjl",2,TRUE,NA
"79","rs62098013","G","A","G","A",-0.012,0.0333435,0.64,0.6337414,FALSE,FALSE,FALSE,"46YtPo",0.0498521,0.502816,"outcome",TRUE,"reported","textfile",18,"50863861",0.002,4.1e-09,"SmoIndex",TRUE,"reported","VXFMjl",2,TRUE,NA
"80","rs62135536","C","T","C","T",0.035,0.117568,0.968,0.9725632,FALSE,FALSE,FALSE,"46YtPo",0.154552,0.43642,"outcome",TRUE,"reported","textfile",2,"44326028",0.006,8e-10,"SmoIndex",TRUE,"reported","VXFMjl",2,TRUE,NA
"81","rs62155874","A","G","A","G",-0.024,0.0140624,0.873,0.8773239,FALSE,FALSE,FALSE,"46YtPo",0.0723693,0.845659,"outcome",TRUE,"reported","textfile",2,"105973094",0.003,5.2e-16,"SmoIndex",TRUE,"reported","VXFMjl",2,TRUE,NA
"82","rs62175972","T","C","T","C",0.031,-0.140674,0.966,0.9615692,FALSE,FALSE,FALSE,"46YtPo",0.115103,0.231219,"outcome",TRUE,"reported","textfile",2,"161362830",0.006,1.7e-08,"SmoIndex",TRUE,"reported","VXFMjl",2,TRUE,NA
"83","rs624833","T","G","T","G",0.013,0.00214107,0.695,0.6896659,FALSE,FALSE,FALSE,"46YtPo",0.0512887,0.966609,"outcome",TRUE,"reported","textfile",4,"2881256",0.002,6.6e-10,"SmoIndex",TRUE,"reported","VXFMjl",2,TRUE,NA
"84","rs6562474","C","G","C","G",0.012,-0.0421074,0.651,0.644879,FALSE,TRUE,FALSE,"46YtPo",0.049224,0.393174,"outcome",TRUE,"reported","textfile",13,"67332812",0.002,1e-08,"SmoIndex",TRUE,"reported","VXFMjl",2,TRUE,NA
"85","rs6598539","T","C","T","C",-0.012,-0.00136862,0.489,0.4953123,FALSE,FALSE,FALSE,"46YtPo",0.0472943,0.976913,"outcome",TRUE,"reported","textfile",15,"99204483",0.002,4.5e-09,"SmoIndex",TRUE,"reported","VXFMjl",2,TRUE,NA
"86","rs6741228","T","C","T","C",0.011,0.0194591,0.433,0.4299398,FALSE,FALSE,FALSE,"46YtPo",0.0479946,0.685257,"outcome",TRUE,"reported","textfile",2,"22548774",0.002,1.6e-08,"SmoIndex",TRUE,"reported","VXFMjl",2,TRUE,NA
"87","rs67596067","G","A","G","A",-0.013,-0.00798014,0.649,0.6584432,FALSE,FALSE,FALSE,"46YtPo",0.0500878,0.873457,"outcome",TRUE,"reported","textfile",17,"50333733",0.002,1.2e-09,"SmoIndex",TRUE,"reported","VXFMjl",2,TRUE,NA
"88","rs6778080","T","C","T","C",0.016,-0.0436781,0.267,0.2652824,FALSE,FALSE,FALSE,"46YtPo",0.0541198,0.418037,"outcome",TRUE,"reported","textfile",3,"49317338",0.002,1.3e-12,"SmoIndex",TRUE,"reported","VXFMjl",2,TRUE,NA
"89","rs6779302","G","T","G","T",-0.013,-0.027134,0.633,0.6373136,FALSE,FALSE,FALSE,"46YtPo",0.0490239,0.580362,"outcome",TRUE,"reported","textfile",3,"16859710",0.002,1.2e-09,"SmoIndex",TRUE,"reported","VXFMjl",2,TRUE,NA
"90","rs6935954","A","G","A","G",0.014,0.0150255,0.421,0.4021373,FALSE,FALSE,FALSE,"46YtPo",0.04959,0.761906,"outcome",TRUE,"reported","textfile",6,"26255451",0.002,8.2e-12,"SmoIndex",TRUE,"reported","VXFMjl",2,TRUE,NA
"91","rs6957896","C","T","C","T",-0.011,-0.0468788,0.503,0.5062406,FALSE,FALSE,FALSE,"46YtPo",0.0470447,0.318986,"outcome",TRUE,"reported","textfile",7,"132309592",0.002,4.5e-08,"SmoIndex",TRUE,"reported","VXFMjl",2,TRUE,NA
"92","rs6962772","A","G","A","G",0.016,-0.0180689,0.846,0.850919,FALSE,FALSE,FALSE,"46YtPo",0.0660301,0.784771,"outcome",TRUE,"reported","textfile",7,"99081730",0.003,7.8e-09,"SmoIndex",TRUE,"reported","VXFMjl",2,TRUE,NA
"93","rs7039819","G","A","G","A",0.013,-0.0102112,0.427,0.4161326,FALSE,FALSE,FALSE,"46YtPo",0.048089,0.83179,"outcome",TRUE,"reported","textfile",9,"82430418",0.002,5.1e-10,"SmoIndex",TRUE,"reported","VXFMjl",2,TRUE,NA
"94","rs7077678","C","T","C","T",0.012,0.0078449,0.623,0.6240715,FALSE,FALSE,FALSE,"46YtPo",0.0492725,0.873446,"outcome",TRUE,"reported","textfile",10,"104438565",0.002,2.6e-09,"SmoIndex",TRUE,"reported","VXFMjl",2,TRUE,NA
"95","rs71367545","G","A","G","A",-0.015,0.0917696,0.791,0.8083498,FALSE,FALSE,FALSE,"46YtPo",0.0619951,0.135124,"outcome",TRUE,"reported","textfile",18,"77576337",0.002,1.4e-09,"SmoIndex",TRUE,"reported","VXFMjl",2,TRUE,NA
"96","rs7155595","A","C","A","C",-0.013,-0.1358,0.674,0.673125,FALSE,FALSE,FALSE,"46YtPo",0.0506033,0.00760578,"outcome",TRUE,"reported","textfile",14,"77502546",0.002,2.5e-09,"SmoIndex",TRUE,"reported","VXFMjl",2,TRUE,NA
"97","rs71627581","G","A","G","A",0.019,0.162646,0.889,0.8924238,FALSE,FALSE,FALSE,"46YtPo",0.0867062,0.0537706,"outcome",TRUE,"reported","textfile",5,"43161351",0.003,1.6e-09,"SmoIndex",TRUE,"reported","VXFMjl",2,TRUE,NA
"98","rs72674867","A","T","A","T",0.013,0.0285078,0.765,0.7506741,FALSE,TRUE,FALSE,"46YtPo",0.0552553,0.605046,"outcome",TRUE,"reported","textfile",8,"95578201",0.002,3.8e-08,"SmoIndex",TRUE,"reported","VXFMjl",2,TRUE,NA
"99","rs72678864","G","A","G","A",0.018,-0.00532182,0.829,0.8374077,FALSE,FALSE,FALSE,"46YtPo",0.0637513,0.933407,"outcome",TRUE,"reported","textfile",4,"112422145",0.003,1.6e-11,"SmoIndex",TRUE,"reported","VXFMjl",2,TRUE,NA
"100","rs7297175","T","C","T","C",-0.012,-0.036494,0.431,0.4197618,FALSE,FALSE,FALSE,"46YtPo",0.0482865,0.449298,"outcome",TRUE,"reported","textfile",12,"56473808",0.002,6.6e-09,"SmoIndex",TRUE,"reported","VXFMjl",2,TRUE,NA
"101","rs732083","G","A","G","A",0.012,-0.0403933,0.333,0.343205,FALSE,FALSE,FALSE,"46YtPo",0.0499514,0.417719,"outcome",TRUE,"reported","textfile",17,"37834367",0.002,1.5e-08,"SmoIndex",TRUE,"reported","VXFMjl",2,TRUE,NA
"102","rs73220544","A","C","A","C",-0.016,0.0399472,0.842,0.8312986,FALSE,FALSE,FALSE,"46YtPo",0.064527,0.534028,"outcome",TRUE,"reported","textfile",3,"131074511",0.003,1.5e-08,"SmoIndex",TRUE,"reported","VXFMjl",2,TRUE,NA
"103","rs7333559","G","A","G","A",0.015,-0.055452,0.212,0.217455,FALSE,FALSE,FALSE,"46YtPo",0.0597973,0.349686,"outcome",TRUE,"reported","textfile",13,"100546450",0.002,3.2e-10,"SmoIndex",TRUE,"reported","VXFMjl",2,TRUE,NA
"104","rs74086911","G","A","G","A",0.021,-0.0703637,0.925,0.9243702,FALSE,FALSE,FALSE,"46YtPo",0.0874518,0.425448,"outcome",TRUE,"reported","textfile",12,"50015942",0.004,2.1e-08,"SmoIndex",TRUE,"reported","VXFMjl",2,TRUE,NA
"105","rs7519626","C","T","C","T",0.012,0.0144615,0.324,0.3328301,FALSE,FALSE,FALSE,"46YtPo",0.0500882,0.772959,"outcome",TRUE,"reported","textfile",1,"99514554",0.002,1.2e-08,"SmoIndex",TRUE,"reported","VXFMjl",2,TRUE,NA
"106","rs7528604","G","A","G","A",0.014,-0.0249381,0.566,0.56414,FALSE,FALSE,FALSE,"46YtPo",0.0477759,0.60185,"outcome",TRUE,"reported","textfile",1,"66407352",0.002,5.7e-12,"SmoIndex",TRUE,"reported","VXFMjl",2,TRUE,NA
"107","rs7553348","G","A","G","A",0.014,-0.00612833,0.438,0.4356507,FALSE,FALSE,FALSE,"46YtPo",0.0477689,0.897745,"outcome",TRUE,"reported","textfile",1,"75005067",0.002,5.2e-12,"SmoIndex",TRUE,"reported","VXFMjl",2,TRUE,NA
"108","rs7569203","A","C","A","C",-0.016,0.0272836,0.689,0.6784123,FALSE,FALSE,FALSE,"46YtPo",0.0511725,0.593213,"outcome",TRUE,"reported","textfile",2,"45154418",0.002,7.4e-13,"SmoIndex",TRUE,"reported","VXFMjl",2,TRUE,NA
"109","rs75742406","G","A","G","A",0.014,-0.0172027,0.739,0.7510762,FALSE,FALSE,FALSE,"46YtPo",0.0548262,0.754011,"outcome",TRUE,"reported","textfile",11,"17070365",0.002,1.3e-09,"SmoIndex",TRUE,"reported","VXFMjl",2,TRUE,NA
"110","rs76608582","C","A","C","A",0.031,0.219061,0.953,0.9573525,FALSE,FALSE,FALSE,"46YtPo",0.149007,0.118607,"outcome",TRUE,"reported","textfile",19,"4474725",0.005,3.2e-10,"SmoIndex",TRUE,"reported","VXFMjl",2,TRUE,NA
"111","rs775758","A","T","A","T",0.012,0.0287529,0.433,0.4254878,FALSE,TRUE,TRUE,"46YtPo",0.0478095,0.547811,"outcome",TRUE,"reported","textfile",3,"77582005",0.002,1.1e-08,"SmoIndex",TRUE,"reported","VXFMjl",2,FALSE,NA
"112","rs7766610","C","A","C","A",0.018,-0.055773,0.183,0.1857196,FALSE,FALSE,FALSE,"46YtPo",0.0616693,0.363059,"outcome",TRUE,"reported","textfile",6,"111707821",0.003,2.2e-12,"SmoIndex",TRUE,"reported","VXFMjl",2,TRUE,NA
"113","rs7807019","A","G","A","G",-0.015,0.0288993,0.54,0.5344545,FALSE,FALSE,FALSE,"46YtPo",0.0475143,0.54289,"outcome",TRUE,"reported","textfile",7,"117543063",0.002,6.7e-14,"SmoIndex",TRUE,"reported","VXFMjl",2,TRUE,NA
"114","rs8042134","T","G","T","G",-0.014,-0.0466679,0.541,0.5464776,FALSE,FALSE,FALSE,"46YtPo",0.0476172,0.327221,"outcome",TRUE,"reported","textfile",15,"97514404",0.002,1.3e-12,"SmoIndex",TRUE,"reported","VXFMjl",2,TRUE,NA
"115","rs8042849","T","C","T","C",0.028,0.0356182,0.342,0.6460167,FALSE,FALSE,FALSE,"46YtPo",0.0500395,0.47583,"outcome",TRUE,"reported","textfile",15,"78817929",0.002,1.8e-39,"SmoIndex",TRUE,"reported","VXFMjl",2,TRUE,NA
"116","rs860326","C","T","C","T",0.012,-0.0908482,0.428,0.4268455,FALSE,FALSE,FALSE,"46YtPo",0.0481984,0.0587723,"outcome",TRUE,"reported","textfile",14,"57342912",0.002,2.7e-09,"SmoIndex",TRUE,"reported","VXFMjl",2,TRUE,NA
"117","rs8614","C","A","C","A",-0.017,-0.0134198,0.817,0.8137084,FALSE,FALSE,FALSE,"46YtPo",0.0607338,0.825347,"outcome",TRUE,"reported","textfile",17,"27588806",0.003,1.8e-10,"SmoIndex",TRUE,"reported","VXFMjl",2,TRUE,NA
"118","rs889398","C","T","C","T",0.013,0.0658422,0.588,0.5748071,FALSE,FALSE,FALSE,"46YtPo",0.048271,0.1717,"outcome",TRUE,"reported","textfile",16,"69556715",0.002,6.3e-11,"SmoIndex",TRUE,"reported","VXFMjl",2,TRUE,NA
"119","rs9435340","T","A","T","A",0.012,-0.0470614,0.344,0.3349233,FALSE,TRUE,FALSE,"46YtPo",0.0506021,0.351017,"outcome",TRUE,"reported","textfile",1,"107593201",0.002,1.2e-08,"SmoIndex",TRUE,"reported","VXFMjl",2,TRUE,NA
"120","rs9842947","C","T","C","T",-0.013,0.00038693,0.326,0.305492,FALSE,FALSE,FALSE,"46YtPo",0.0516005,0.99397,"outcome",TRUE,"reported","textfile",3,"157412246",0.002,3.1e-09,"SmoIndex",TRUE,"reported","VXFMjl",2,TRUE,NA
"121","rs986391","G","A","G","A",0.016,-0.000334417,0.367,0.3614748,FALSE,FALSE,FALSE,"46YtPo",0.0494844,0.994565,"outcome",TRUE,"reported","textfile",5,"166993972",0.002,9.4e-15,"SmoIndex",TRUE,"reported","VXFMjl",2,TRUE,NA
"122","rs9904288","T","C","T","C",0.012,-0.00443727,0.708,0.7062106,FALSE,FALSE,FALSE,"46YtPo",0.0521157,0.932152,"outcome",TRUE,"reported","textfile",17,"47031973",0.002,3.1e-08,"SmoIndex",TRUE,"reported","VXFMjl",2,TRUE,NA
"123","rs9919670","G","A","G","A",-0.022,0.0814847,0.612,0.6045894,FALSE,FALSE,FALSE,"46YtPo",0.0486699,0.0930629,"outcome",TRUE,"reported","textfile",11,"112877304",0.002,7.6e-27,"SmoIndex",TRUE,"reported","VXFMjl",2,TRUE,NA
