"","SNP","effect_allele.exposure","other_allele.exposure","effect_allele.outcome","other_allele.outcome","beta.exposure","beta.outcome","eaf.exposure","eaf.outcome","remove","palindromic","ambiguous","id.outcome","ncase.outcome","ncontrol.outcome","se.outcome","pval.outcome","outcome","mr_keep.outcome","pval_origin.outcome","samplesize.outcome","data_source.outcome","V1","chr.exposure","pos.exposure","se.exposure","pval.exposure","units.exposure","samplesize.exposure","exposure","mr_keep.exposure","pval_origin.exposure","units.exposure_dat","id.exposure","action","mr_keep","units.outcome","prevalence.outcome"
"1","rs10236149","G","A","G","A",-0.013498145,0.000781,0.123,0.124569,FALSE,FALSE,FALSE,"06WqgF",1855,334783,0.0503,0.988,"outcome",TRUE,"reported",336638,"textfile",38,7,98977515,0.002219081,1.18e-09,"SD",941280,"Drinking",TRUE,"reported","SD","vryAVl",2,TRUE,"log odds",0.01
"2","rs10438820","T","C","T","C",0.008971778,-0.0528,0.702,0.69778,FALSE,FALSE,FALSE,"06WqgF",1855,334783,0.036,0.143,"outcome",TRUE,"reported",336638,"textfile",79,17,78524597,0.001593488,1.76e-08,"SD",941280,"Drinking",TRUE,"reported","SD","vryAVl",2,TRUE,"log odds",0.01
"3","rs10506274","T","G","T","G",-0.009037403,0.052,0.484,0.488383,FALSE,FALSE,FALSE,"06WqgF",1855,334783,0.0332,0.117,"outcome",TRUE,"reported",336638,"textfile",58,12,81601464,0.001458405,5.78e-10,"SD",941280,"Drinking",TRUE,"reported","SD","vryAVl",2,TRUE,"log odds",0.01
"4","rs10750025","T","C","T","C",0.010321447,0.0285,0.686,0.682154,FALSE,FALSE,FALSE,"06WqgF",1855,334783,0.0358,0.425,"outcome",TRUE,"reported",336638,"textfile",51,11,113424042,0.001570358,4.89e-11,"SD",941280,"Drinking",TRUE,"reported","SD","vryAVl",2,TRUE,"log odds",0.01
"5","rs10753661","A","G","A","G",-0.008638128,-0.00629,0.684,0.685472,FALSE,FALSE,FALSE,"06WqgF",1855,334783,0.0358,0.86,"outcome",TRUE,"reported",336638,"textfile",5,1,165119792,0.001569272,3.76e-08,"SD",941280,"Drinking",TRUE,"reported","SD","vryAVl",2,TRUE,"log odds",0.01
"6","rs10876188","T","C","T","C",-0.007986853,0.0126,0.457,0.461336,FALSE,FALSE,FALSE,"06WqgF",1855,334783,0.0333,0.704,"outcome",TRUE,"reported",336638,"textfile",56,12,51895882,0.001463078,4.84e-08,"SD",941280,"Drinking",TRUE,"reported","SD","vryAVl",2,TRUE,"log odds",0.01
"7","rs10978550","C","T","C","T",-0.011748331,-0.0111,0.206,0.201395,FALSE,FALSE,FALSE,"06WqgF",1855,334783,0.0414,0.789,"outcome",TRUE,"reported",336638,"textfile",45,9,109345993,0.001802112,7.15e-11,"SD",941280,"Drinking",TRUE,"reported","SD","vryAVl",2,TRUE,"log odds",0.01
"8","rs11030084","T","C","T","C",-0.010606819,0.0559,0.184,0.186701,FALSE,FALSE,FALSE,"06WqgF",1855,334783,0.0426,0.189,"outcome",TRUE,"reported",336638,"textfile",49,11,27643725,0.001880926,1.72e-08,"SD",941280,"Drinking",TRUE,"reported","SD","vryAVl",2,TRUE,"log odds",0.01
"9","rs1104608","C","G","C","G",-0.010974988,-0.0477,0.425,0.426619,FALSE,TRUE,TRUE,"06WqgF",1855,334783,0.0338,0.159,"outcome",TRUE,"reported",336638,"textfile",74,16,73912588,0.001475848,1.05e-13,"SD",941280,"Drinking",TRUE,"reported","SD","vryAVl",2,FALSE,"log odds",0.01
"10","rs1123285","G","C","G","C",-0.008897365,0.0845,0.335,0.327634,FALSE,TRUE,FALSE,"06WqgF",1855,334783,0.0357,0.0179,"outcome",TRUE,"reported",336638,"textfile",61,14,57274519,0.00154416,8.14e-09,"SD",941280,"Drinking",TRUE,"reported","SD","vryAVl",2,TRUE,"log odds",0.01
"11","rs113443718","A","G","A","G",-0.010208258,0.0162,0.305,0.309216,FALSE,FALSE,FALSE,"06WqgF",1855,334783,0.0359,0.652,"outcome",TRUE,"reported",336638,"textfile",70,16,29892184,0.001584629,1.19e-10,"SD",941280,"Drinking",TRUE,"reported","SD","vryAVl",2,TRUE,"log odds",0.01
"12","rs11625650","A","G","A","G",-0.009568091,-0.0477,0.233,0.240902,FALSE,FALSE,FALSE,"06WqgF",1855,334783,0.0388,0.219,"outcome",TRUE,"reported",336638,"textfile",64,14,104610138,0.00172405,2.89e-08,"SD",941280,"Drinking",TRUE,"reported","SD","vryAVl",2,TRUE,"log odds",0.01
"13","rs11692435","A","G","A","G",0.017449894,0.148,0.0852,0.084719,FALSE,FALSE,FALSE,"06WqgF",1855,334783,0.0622,0.0171,"outcome",TRUE,"reported",336638,"textfile",13,2,98275354,0.00261585,2.53e-11,"SD",941280,"Drinking",TRUE,"reported","SD","vryAVl",2,TRUE,"log odds",0.01
"14","rs11940694","G","A","G","A",0.025949908,-0.0373,0.597,0.604915,FALSE,FALSE,FALSE,"06WqgF",1855,334783,0.0343,0.276,"outcome",TRUE,"reported",336638,"textfile",24,4,39414993,0.001485887,3.03e-68,"SD",941280,"Drinking",TRUE,"reported","SD","vryAVl",2,TRUE,"log odds",0.01
"15","rs12088813","C","A","C","A",-0.009329047,0.0238,0.267,0.27209,FALSE,FALSE,FALSE,"06WqgF",1855,334783,0.0373,0.523,"outcome",TRUE,"reported",336638,"textfile",3,1,66407700,0.001649158,1.58e-08,"SD",941280,"Drinking",TRUE,"reported","SD","vryAVl",2,TRUE,"log odds",0.01
"16","rs1217091","C","T","C","T",0.012160827,-0.0246,0.812,0.809238,FALSE,FALSE,FALSE,"06WqgF",1855,334783,0.0423,0.561,"outcome",TRUE,"reported",336638,"textfile",42,8,64527399,0.001865386,7.05e-11,"SD",941280,"Drinking",TRUE,"reported","SD","vryAVl",2,TRUE,"log odds",0.01
"17","rs1229984","C","T","C","T",0.150533575,-0.0767,0.963,0.977513,FALSE,FALSE,FALSE,"06WqgF",1855,334783,0.112,0.494,"outcome",TRUE,"reported",336638,"textfile",26,4,100239319,0.003861105,1e-200,"SD",941280,"Drinking",TRUE,"reported","SD","vryAVl",2,TRUE,"log odds",0.01
"18","rs1260326","C","T","C","T",0.020889835,-0.0346,0.601,0.608207,FALSE,FALSE,FALSE,"06WqgF",1855,334783,0.0339,0.308,"outcome",TRUE,"reported",336638,"textfile",9,2,27730940,0.001488339,8.05e-45,"SD",941280,"Drinking",TRUE,"reported","SD","vryAVl",2,TRUE,"log odds",0.01
"19","rs12651313","G","C","G","C",-0.008642927,0.0119,0.443,0.447788,FALSE,TRUE,TRUE,"06WqgF",1855,334783,0.0335,0.722,"outcome",TRUE,"reported",336638,"textfile",33,4,171086393,0.001467223,3.79e-09,"SD",941280,"Drinking",TRUE,"reported","SD","vryAVl",2,FALSE,"log odds",0.01
"20","rs12655091","A","G","A","G",-0.008312109,-0.0255,0.53,0.537284,FALSE,FALSE,FALSE,"06WqgF",1855,334783,0.0333,0.443,"outcome",TRUE,"reported",336638,"textfile",35,5,144412335,0.001460289,1.25e-08,"SD",941280,"Drinking",TRUE,"reported","SD","vryAVl",2,TRUE,"log odds",0.01
"21","rs12795042","C","A","C","A",-0.008319009,0.0402,0.623,0.62392,FALSE,FALSE,FALSE,"06WqgF",1855,334783,0.0347,0.246,"outcome",TRUE,"reported",336638,"textfile",55,11,133658168,0.001503872,3.25e-08,"SD",941280,"Drinking",TRUE,"reported","SD","vryAVl",2,TRUE,"log odds",0.01
"22","rs12907323","G","A","G","A",0.008496596,0.0132,0.411,0.399244,FALSE,FALSE,FALSE,"06WqgF",1855,334783,0.0339,0.697,"outcome",TRUE,"reported",336638,"textfile",66,15,86796012,0.001481314,9.93e-09,"SD",941280,"Drinking",TRUE,"reported","SD","vryAVl",2,TRUE,"log odds",0.01
"23","rs13024996","A","C","A","C",-0.010912645,-0.0164,0.364,0.371651,FALSE,FALSE,FALSE,"06WqgF",1855,334783,0.0343,0.633,"outcome",TRUE,"reported",336638,"textfile",14,2,144225215,0.001514769,5.72e-13,"SD",941280,"Drinking",TRUE,"reported","SD","vryAVl",2,TRUE,"log odds",0.01
"24","rs13032049","G","A","G","A",0.01019455,0.089,0.283,0.277352,FALSE,FALSE,FALSE,"06WqgF",1855,334783,0.0371,0.0164,"outcome",TRUE,"reported",336638,"textfile",11,2,63581507,0.001617979,3e-10,"SD",941280,"Drinking",TRUE,"reported","SD","vryAVl",2,TRUE,"log odds",0.01
"25","rs13066454","T","C","T","C",-0.008775946,0.0245,0.398,0.402813,FALSE,FALSE,FALSE,"06WqgF",1855,334783,0.0339,0.469,"outcome",TRUE,"reported",336638,"textfile",19,3,93994255,0.001491956,4.13e-09,"SD",941280,"Drinking",TRUE,"reported","SD","vryAVl",2,TRUE,"log odds",0.01
"26","rs13094887","T","A","T","A",-0.010309671,0.0501,0.301,0.300354,FALSE,TRUE,FALSE,"06WqgF",1855,334783,0.0363,0.167,"outcome",TRUE,"reported",336638,"textfile",17,3,70968431,0.001588926,8.57e-11,"SD",941280,"Drinking",TRUE,"reported","SD","vryAVl",2,TRUE,"log odds",0.01
"27","rs13107325","T","C","T","C",-0.027504515,-0.0857,0.0722,0.074215,FALSE,FALSE,FALSE,"06WqgF",1855,334783,0.0634,0.176,"outcome",TRUE,"reported",336638,"textfile",31,4,103188709,0.002815982,1.53e-22,"SD",941280,"Drinking",TRUE,"reported","SD","vryAVl",2,TRUE,"log odds",0.01
"28","rs13250583","T","C","T","C",-0.009717545,0.0148,0.213,0.21496,FALSE,FALSE,FALSE,"06WqgF",1855,334783,0.0405,0.714,"outcome",TRUE,"reported",336638,"textfile",41,8,20949917,0.001780116,4.7e-08,"SD",941280,"Drinking",TRUE,"reported","SD","vryAVl",2,TRUE,"log odds",0.01
"29","rs13383034","T","C","T","C",0.014926977,-0.0183,0.329,0.307884,FALSE,FALSE,FALSE,"06WqgF",1855,334783,0.0361,0.612,"outcome",TRUE,"reported",336638,"textfile",10,2,45155276,0.001551195,6.31e-22,"SD",941280,"Drinking",TRUE,"reported","SD","vryAVl",2,TRUE,"log odds",0.01
"30","rs1713676","G","A","G","A",-0.007991984,-0.00517,0.522454,0.521468,FALSE,FALSE,FALSE,"06WqgF",1855,334783,0.0333,0.876,"outcome",TRUE,"reported",336638,"textfile",52,11,113660576,0.00145913,4.29e-08,"SD",941280,"Drinking",TRUE,"reported","SD","vryAVl",2,TRUE,"log odds",0.01
"31","rs17177078","T","C","T","C",-0.02231549,-0.171,0.0626,0.055849,FALSE,FALSE,FALSE,"06WqgF",1855,334783,0.0726,0.0182,"outcome",TRUE,"reported",336638,"textfile",68,16,24810681,0.003011759,1.27e-13,"SD",941280,"Drinking",TRUE,"reported","SD","vryAVl",2,TRUE,"log odds",0.01
"32","rs17665139","T","C","T","C",-0.011560138,0.0707,0.149,0.15194,FALSE,FALSE,FALSE,"06WqgF",1855,334783,0.0462,0.126,"outcome",TRUE,"reported",336638,"textfile",47,10,125093880,0.002046764,1.59e-08,"SD",941280,"Drinking",TRUE,"reported","SD","vryAVl",2,TRUE,"log odds",0.01
"33","rs2011092","C","T","C","T",-0.008900405,0.0215,0.338643,0.345701,FALSE,FALSE,FALSE,"06WqgF",1855,334783,0.0349,0.537,"outcome",TRUE,"reported",336638,"textfile",21,3,141124607,0.001540056,7.35e-09,"SD",941280,"Drinking",TRUE,"reported","SD","vryAVl",2,TRUE,"log odds",0.01
"34","rs2165670","A","G","A","G",0.02308038,0.0553,0.106337,0.102111,FALSE,FALSE,FALSE,"06WqgF",1855,334783,0.055,0.314,"outcome",TRUE,"reported",336638,"textfile",28,4,100286085,0.002364267,1.67e-22,"SD",941280,"Drinking",TRUE,"reported","SD","vryAVl",2,TRUE,"log odds",0.01
"35","rs2180870","C","T","C","T",-0.012177537,0.0414,0.135,0.131094,FALSE,FALSE,FALSE,"06WqgF",1855,334783,0.0492,0.4,"outcome",TRUE,"reported",336638,"textfile",62,14,58782779,0.002132803,1.12e-08,"SD",941280,"Drinking",TRUE,"reported","SD","vryAVl",2,TRUE,"log odds",0.01
"36","rs2472297","T","C","T","C",0.010606047,-0.00913,0.249,0.267006,FALSE,FALSE,FALSE,"06WqgF",1855,334783,0.0374,0.807,"outcome",TRUE,"reported",336638,"textfile",65,15,75027880,0.001685411,3.1e-10,"SD",941280,"Drinking",TRUE,"reported","SD","vryAVl",2,TRUE,"log odds",0.01
"37","rs2764771","A","G","A","G",0.009890596,0.0116,0.307,0.298262,FALSE,FALSE,FALSE,"06WqgF",1855,334783,0.0362,0.748,"outcome",TRUE,"reported",336638,"textfile",67,16,20013793,0.001581736,4.02e-10,"SD",941280,"Drinking",TRUE,"reported","SD","vryAVl",2,TRUE,"log odds",0.01
"38","rs281379","A","G","A","G",0.013722336,0.0172,0.508,0.523699,FALSE,FALSE,FALSE,"06WqgF",1855,334783,0.0333,0.606,"outcome",TRUE,"reported",336638,"textfile",82,19,49214274,0.001457844,4.91e-21,"SD",941280,"Drinking",TRUE,"reported","SD","vryAVl",2,TRUE,"log odds",0.01
"39","rs2854334","G","A","G","A",0.009220984,-0.00647,0.615,0.613637,FALSE,FALSE,FALSE,"06WqgF",1855,334783,0.0342,0.85,"outcome",TRUE,"reported",336638,"textfile",77,17,29715500,0.001497813,7.51e-10,"SD",941280,"Drinking",TRUE,"reported","SD","vryAVl",2,TRUE,"log odds",0.01
"40","rs28601761","G","C","G","C",0.009102878,-0.0637,0.42,0.420575,FALSE,TRUE,TRUE,"06WqgF",1855,334783,0.034,0.0607,"outcome",TRUE,"reported",336638,"textfile",43,8,126500031,0.001476682,7.17e-10,"SD",941280,"Drinking",TRUE,"reported","SD","vryAVl",2,FALSE,"log odds",0.01
"41","rs28680958","A","G","A","G",-0.010996457,-0.046,0.217,0.215485,FALSE,FALSE,FALSE,"06WqgF",1855,334783,0.0403,0.254,"outcome",TRUE,"reported",336638,"textfile",6,1,173848808,0.001769942,5.13e-10,"SD",941280,"Drinking",TRUE,"reported","SD","vryAVl",2,TRUE,"log odds",0.01
"42","rs28929474","T","C","T","C",-0.036799624,-0.117,0.0183,0.020339,FALSE,FALSE,FALSE,"06WqgF",1855,334783,0.118,0.32,"outcome",TRUE,"reported",336638,"textfile",63,14,94844947,0.005437642,1.34e-11,"SD",941280,"Drinking",TRUE,"reported","SD","vryAVl",2,TRUE,"log odds",0.01
"43","rs35034355","A","G","A","G",-0.008096817,-0.0115,0.521,0.531669,FALSE,FALSE,FALSE,"06WqgF",1855,334783,0.0332,0.729,"outcome",TRUE,"reported",336638,"textfile",39,7,103840115,0.001458945,2.87e-08,"SD",941280,"Drinking",TRUE,"reported","SD","vryAVl",2,TRUE,"log odds",0.01
"44","rs36052336","G","A","G","A",-0.018428809,-0.0568,0.061496,0.06582,FALSE,FALSE,FALSE,"06WqgF",1855,334783,0.0681,0.404,"outcome",TRUE,"reported",336638,"textfile",27,4,100273594,0.00303378,1.23e-09,"SD",941280,"Drinking",TRUE,"reported","SD","vryAVl",2,TRUE,"log odds",0.01
"45","rs3748034","T","G","T","G",-0.011740341,-0.0251,0.143,0.140846,FALSE,FALSE,FALSE,"06WqgF",1855,334783,0.0476,0.598,"outcome",TRUE,"reported",336638,"textfile",23,4,3446091,0.002081935,1.67e-08,"SD",941280,"Drinking",TRUE,"reported","SD","vryAVl",2,TRUE,"log odds",0.01
"46","rs378421","A","G","A","G",-0.011205474,-0.0138,0.404,0.417881,FALSE,FALSE,FALSE,"06WqgF",1855,334783,0.0339,0.684,"outcome",TRUE,"reported",336638,"textfile",69,16,28754684,0.001486812,4.83e-14,"SD",941280,"Drinking",TRUE,"reported","SD","vryAVl",2,TRUE,"log odds",0.01
"47","rs3803800","G","A","G","A",0.011378876,0.0157,0.786,0.788547,FALSE,FALSE,FALSE,"06WqgF",1855,334783,0.0406,0.699,"outcome",TRUE,"reported",336638,"textfile",76,17,7462969,0.001777082,1.5e-10,"SD",941280,"Drinking",TRUE,"reported","SD","vryAVl",2,TRUE,"log odds",0.01
"48","rs3809162","G","A","G","A",0.009060925,-0.00259,0.397,0.408958,FALSE,FALSE,FALSE,"06WqgF",1855,334783,0.0338,0.939,"outcome",TRUE,"reported",336638,"textfile",57,12,54674235,0.001489607,1.19e-09,"SD",941280,"Drinking",TRUE,"reported","SD","vryAVl",2,TRUE,"log odds",0.01
"49","rs4092465","G","A","G","A",-0.008291878,0.0285,0.635,0.648055,FALSE,FALSE,FALSE,"06WqgF",1855,334783,0.0349,0.414,"outcome",TRUE,"reported",336638,"textfile",81,18,55080437,0.001513883,4.39e-08,"SD",941280,"Drinking",TRUE,"reported","SD","vryAVl",2,TRUE,"log odds",0.01
"50","rs4501255","G","C","G","C",0.010693415,-0.00693,0.235,0.237575,FALSE,TRUE,FALSE,"06WqgF",1855,334783,0.039,0.859,"outcome",TRUE,"reported",336638,"textfile",25,4,42151306,0.001718941,4.83e-10,"SD",941280,"Drinking",TRUE,"reported","SD","vryAVl",2,TRUE,"log odds",0.01
"51","rs4548913","A","G","A","G",-0.008359953,0.0278,0.632,0.63867,FALSE,FALSE,FALSE,"06WqgF",1855,334783,0.0347,0.422,"outcome",TRUE,"reported",336638,"textfile",75,17,2209888,0.001511274,3.11e-08,"SD",941280,"Drinking",TRUE,"reported","SD","vryAVl",2,TRUE,"log odds",0.01
"52","rs4690727","G","C","G","C",0.010816985,-0.0823,0.718,0.724642,FALSE,TRUE,FALSE,"06WqgF",1855,334783,0.0372,0.0269,"outcome",TRUE,"reported",336638,"textfile",32,4,143648579,0.001619716,2.43e-11,"SD",941280,"Drinking",TRUE,"reported","SD","vryAVl",2,TRUE,"log odds",0.01
"53","rs4699791","A","G","A","G",0.018570721,-0.053,0.095726,0.096762,FALSE,FALSE,FALSE,"06WqgF",1855,334783,0.0564,0.347,"outcome",TRUE,"reported",336638,"textfile",30,4,101243023,0.002477197,6.58e-14,"SD",941280,"Drinking",TRUE,"reported","SD","vryAVl",2,TRUE,"log odds",0.01
"54","rs4815364","A","G","A","G",0.008582356,-0.0569,0.616,0.605962,FALSE,FALSE,FALSE,"06WqgF",1855,334783,0.034,0.0943,"outcome",TRUE,"reported",336638,"textfile",83,20,25035711,0.001498544,1.02e-08,"SD",941280,"Drinking",TRUE,"reported","SD","vryAVl",2,TRUE,"log odds",0.01
"55","rs4842786","A","G","A","G",-0.008797801,0.0312,0.584,0.579064,FALSE,FALSE,FALSE,"06WqgF",1855,334783,0.0337,0.354,"outcome",TRUE,"reported",336638,"textfile",59,12,92170791,0.001478674,2.73e-09,"SD",941280,"Drinking",TRUE,"reported","SD","vryAVl",2,TRUE,"log odds",0.01
"56","rs4916723","C","A","C","A",-0.009952257,0.00695,0.416,0.423043,FALSE,FALSE,FALSE,"06WqgF",1855,334783,0.034,0.838,"outcome",TRUE,"reported",336638,"textfile",34,5,87854395,0.001478674,1.72e-11,"SD",941280,"Drinking",TRUE,"reported","SD","vryAVl",2,TRUE,"log odds",0.01
"57","rs4938230","A","C","A","C",0.012810377,0.00579,0.842,0.850416,FALSE,FALSE,FALSE,"06WqgF",1855,334783,0.0466,0.901,"outcome",TRUE,"reported",336638,"textfile",53,11,116075001,0.001998209,1.48e-10,"SD",941280,"Drinking",TRUE,"reported","SD","vryAVl",2,TRUE,"log odds",0.01
"58","rs500321","T","A","T","A",-0.009669361,-0.00442,0.736,0.728653,FALSE,TRUE,FALSE,"06WqgF",1855,334783,0.0373,0.906,"outcome",TRUE,"reported",336638,"textfile",60,13,27124360,0.001653426,4.92e-09,"SD",941280,"Drinking",TRUE,"reported","SD","vryAVl",2,TRUE,"log odds",0.01
"59","rs5024204","T","A","T","A",0.009702711,0.00711,0.278,0.26915,FALSE,TRUE,FALSE,"06WqgF",1855,334783,0.0375,0.85,"outcome",TRUE,"reported",336638,"textfile",4,1,71491890,0.001628467,2.55e-09,"SD",941280,"Drinking",TRUE,"reported","SD","vryAVl",2,TRUE,"log odds",0.01
"60","rs55872084","T","G","T","G",0.009978744,-0.0207,0.235,0.24622,FALSE,FALSE,FALSE,"06WqgF",1855,334783,0.0387,0.593,"outcome",TRUE,"reported",336638,"textfile",36,5,155902003,0.001718941,6.32e-09,"SD",941280,"Drinking",TRUE,"reported","SD","vryAVl",2,TRUE,"log odds",0.01
"61","rs55932213","G","A","G","A",0.009488271,0.0134,0.736387,0.746085,FALSE,FALSE,FALSE,"06WqgF",1855,334783,0.0388,0.73,"outcome",TRUE,"reported",336638,"textfile",44,9,108755622,0.001654204,9.55e-09,"SD",941280,"Drinking",TRUE,"reported","SD","vryAVl",2,TRUE,"log odds",0.01
"62","rs56030824","A","G","A","G",-0.011601888,-0.0229,0.322,0.321406,FALSE,FALSE,FALSE,"06WqgF",1855,334783,0.0355,0.52,"outcome",TRUE,"reported",336638,"textfile",50,11,47397353,0.001562978,1.15e-13,"SD",941280,"Drinking",TRUE,"reported","SD","vryAVl",2,TRUE,"log odds",0.01
"63","rs56337305","C","T","C","T",-0.009588381,0.0448,0.383,0.378719,FALSE,FALSE,FALSE,"06WqgF",1855,334783,0.0344,0.192,"outcome",TRUE,"reported",336638,"textfile",16,2,225475560,0.001499283,1.63e-10,"SD",941280,"Drinking",TRUE,"reported","SD","vryAVl",2,TRUE,"log odds",0.01
"64","rs58107686","A","C","A","C",-0.009747126,0.0405,0.328,0.329014,FALSE,FALSE,FALSE,"06WqgF",1855,334783,0.0353,0.251,"outcome",TRUE,"reported",336638,"textfile",2,1,33837334,0.00158537,7.79e-10,"SD",941280,"Drinking",TRUE,"reported","SD","vryAVl",2,TRUE,"log odds",0.01
"65","rs62044525","G","C","G","C",-0.01217318,0.064,0.184,0.188573,FALSE,TRUE,FALSE,"06WqgF",1855,334783,0.0424,0.131,"outcome",TRUE,"reported",336638,"textfile",71,16,64872590,0.001882851,1.03e-10,"SD",941280,"Drinking",TRUE,"reported","SD","vryAVl",2,TRUE,"log odds",0.01
"66","rs62250685","G","A","G","A",-0.014357061,-0.025,0.614,0.620046,FALSE,FALSE,FALSE,"06WqgF",1855,334783,0.0342,0.464,"outcome",TRUE,"reported",336638,"textfile",18,3,85457240,0.001500092,1.05e-21,"SD",941280,"Drinking",TRUE,"reported","SD","vryAVl",2,TRUE,"log odds",0.01
"67","rs6460047","C","T","C","T",0.011623538,-0.008,0.208,0.208446,FALSE,FALSE,FALSE,"06WqgF",1855,334783,0.0408,0.845,"outcome",TRUE,"reported",336638,"textfile",37,7,73042443,0.00179569,9.69e-11,"SD",941280,"Drinking",TRUE,"reported","SD","vryAVl",2,TRUE,"log odds",0.01
"68","rs6787172","G","T","G","T",-0.008030894,0.0288,0.554,0.56339,FALSE,FALSE,FALSE,"06WqgF",1855,334783,0.0334,0.39,"outcome",TRUE,"reported",336638,"textfile",22,3,158187811,0.001466234,4.27e-08,"SD",941280,"Drinking",TRUE,"reported","SD","vryAVl",2,TRUE,"log odds",0.01
"69","rs682011","C","T","C","T",0.008212447,-0.011,0.559,0.560282,FALSE,FALSE,FALSE,"06WqgF",1855,334783,0.0333,0.742,"outcome",TRUE,"reported",336638,"textfile",54,11,121544285,0.001467913,2.22e-08,"SD",941280,"Drinking",TRUE,"reported","SD","vryAVl",2,TRUE,"log odds",0.01
"70","rs6951574","C","T","C","T",0.013222216,0.077,0.458,0.466421,FALSE,FALSE,FALSE,"06WqgF",1855,334783,0.0336,0.0218,"outcome",TRUE,"reported",336638,"textfile",40,7,153489744,0.001462828,1.58e-19,"SD",941280,"Drinking",TRUE,"reported","SD","vryAVl",2,TRUE,"log odds",0.01
"71","rs705687","G","A","G","A",-0.010904017,0.0518,0.785,0.776744,FALSE,FALSE,FALSE,"06WqgF",1855,334783,0.0398,0.193,"outcome",TRUE,"reported",336638,"textfile",1,1,4548453,0.001775889,8.15e-10,"SD",941280,"Drinking",TRUE,"reported","SD","vryAVl",2,TRUE,"log odds",0.01
"72","rs7074871","A","G","A","G",-0.00939985,-0.0106,0.255,0.259943,FALSE,FALSE,FALSE,"06WqgF",1855,334783,0.0378,0.78,"outcome",TRUE,"reported",336638,"textfile",46,10,110507806,0.001672158,1.86e-08,"SD",941280,"Drinking",TRUE,"reported","SD","vryAVl",2,TRUE,"log odds",0.01
"73","rs7185555","C","G","C","G",-0.011100514,-0.00405,0.153,0.158401,FALSE,TRUE,FALSE,"06WqgF",1855,334783,0.0455,0.929,"outcome",TRUE,"reported",336638,"textfile",72,16,69131281,0.002026667,4.24e-08,"SD",941280,"Drinking",TRUE,"reported","SD","vryAVl",2,TRUE,"log odds",0.01
"74","rs72859280","T","G","T","G",0.022885324,-0.013,0.0362,0.037245,FALSE,FALSE,FALSE,"06WqgF",1855,334783,0.0893,0.884,"outcome",TRUE,"reported",336638,"textfile",15,2,147956293,0.003901915,4.44e-09,"SD",941280,"Drinking",TRUE,"reported","SD","vryAVl",2,TRUE,"log odds",0.01
"75","rs77165542","T","C","T","C",-0.026010899,0.000175,0.0349,0.035514,FALSE,FALSE,FALSE,"06WqgF",1855,334783,0.0906,0.998,"outcome",TRUE,"reported",336638,"textfile",8,2,430975,0.003971245,5.63e-11,"SD",941280,"Drinking",TRUE,"reported","SD","vryAVl",2,TRUE,"log odds",0.01
"76","rs79139602","T","A","T","A",0.06027231,0.0443,0.021061,0.020051,FALSE,TRUE,FALSE,"06WqgF",1855,334783,0.119,0.71,"outcome",TRUE,"reported",336638,"textfile",29,4,100444363,0.005075844,1.8e-32,"SD",941280,"Drinking",TRUE,"reported","SD","vryAVl",2,TRUE,"log odds",0.01
"77","rs7950166","T","C","T","C",-0.009799202,0.035,0.637,0.646648,FALSE,FALSE,FALSE,"06WqgF",1855,334783,0.0347,0.312,"outcome",TRUE,"reported",336638,"textfile",48,11,8642218,0.001515663,9.89e-11,"SD",941280,"Drinking",TRUE,"reported","SD","vryAVl",2,TRUE,"log odds",0.01
"78","rs79616692","C","G","C","G",0.016302272,-0.0154,0.108,0.106473,FALSE,TRUE,FALSE,"06WqgF",1855,334783,0.054,0.775,"outcome",TRUE,"reported",336638,"textfile",73,16,72338507,0.002350583,4.11e-12,"SD",941280,"Drinking",TRUE,"reported","SD","vryAVl",2,TRUE,"log odds",0.01
"79","rs823114","A","G","A","G",0.00876774,-0.0225,0.553,0.545752,FALSE,FALSE,FALSE,"06WqgF",1855,334783,0.0333,0.498,"outcome",TRUE,"reported",336638,"textfile",7,1,205719532,0.001467417,2.31e-09,"SD",941280,"Drinking",TRUE,"reported","SD","vryAVl",2,TRUE,"log odds",0.01
"80","rs828867","A","G","A","G",0.008757157,-0.0143,0.545,0.540544,FALSE,FALSE,FALSE,"06WqgF",1855,334783,0.0339,0.672,"outcome",TRUE,"reported",336638,"textfile",12,2,74334462,0.001463597,2.15e-09,"SD",941280,"Drinking",TRUE,"reported","SD","vryAVl",2,TRUE,"log odds",0.01
"81","rs9607814","A","C","A","C",-0.010181001,0.0562,0.2,0.193636,FALSE,FALSE,FALSE,"06WqgF",1855,334783,0.0421,0.182,"outcome",TRUE,"reported",336638,"textfile",84,22,41946519,0.001858788,4.31e-08,"SD",941280,"Drinking",TRUE,"reported","SD","vryAVl",2,TRUE,"log odds",0.01
"82","rs9838144","C","G","C","G",-0.009964223,0.0904,0.209,0.212459,FALSE,TRUE,FALSE,"06WqgF",1855,334783,0.0411,0.0278,"outcome",TRUE,"reported",336638,"textfile",20,3,131576287,0.001792521,2.65e-08,"SD",941280,"Drinking",TRUE,"reported","SD","vryAVl",2,TRUE,"log odds",0.01
"83","rs9950000","T","C","T","C",-0.009117697,-0.0107,0.395,0.397947,FALSE,FALSE,FALSE,"06WqgF",1855,334783,0.0341,0.755,"outcome",TRUE,"reported",336638,"textfile",80,18,53052169,0.001490903,9.38e-10,"SD",941280,"Drinking",TRUE,"reported","SD","vryAVl",2,TRUE,"log odds",0.01
