"","SNP","effect_allele.exposure","other_allele.exposure","effect_allele.outcome","other_allele.outcome","beta.exposure","beta.outcome","eaf.exposure","eaf.outcome","remove","palindromic","ambiguous","id.outcome","se.outcome","pval.outcome","outcome","mr_keep.outcome","pval_origin.outcome","data_source.outcome","chr.exposure","pos.exposure","se.exposure","pval.exposure","exposure","mr_keep.exposure","pval_origin.exposure","id.exposure","action","mr_keep","samplesize.outcome"
"1","rs10236149","G","A","G","A",-0.013498145,-0.0107,0.123,0.124358,FALSE,FALSE,FALSE,"Yox3Jp",0.201,0.958,"outcome",TRUE,"reported","textfile",7,"98977515",0.002219081,1.18e-09,"Drinking",TRUE,"reported","ptY7ya",2,TRUE,NA
"2","rs10438820","T","C","T","C",0.008971778,-0.028,0.702,0.698132,FALSE,FALSE,FALSE,"Yox3Jp",0.144,0.846,"outcome",TRUE,"reported","textfile",17,"78524597",0.001593488,1.76e-08,"Drinking",TRUE,"reported","ptY7ya",2,TRUE,NA
"3","rs10506274","T","G","T","G",-0.009037403,0.0346,0.484,0.488529,FALSE,FALSE,FALSE,"Yox3Jp",0.133,0.794,"outcome",TRUE,"reported","textfile",12,"81601464",0.001458405,5.78e-10,"Drinking",TRUE,"reported","ptY7ya",2,TRUE,NA
"4","rs10750025","T","C","T","C",0.010321447,0.326,0.686,0.682828,FALSE,FALSE,FALSE,"Yox3Jp",0.144,0.0232,"outcome",TRUE,"reported","textfile",11,"113424042",0.001570358,4.89e-11,"Drinking",TRUE,"reported","ptY7ya",2,TRUE,NA
"5","rs10753661","A","G","A","G",-0.008638128,0.0607,0.684,0.685379,FALSE,FALSE,FALSE,"Yox3Jp",0.143,0.671,"outcome",TRUE,"reported","textfile",1,"165119792",0.001569272,3.76e-08,"Drinking",TRUE,"reported","ptY7ya",2,TRUE,NA
"6","rs10876188","T","C","T","C",-0.007986853,0.0162,0.457,0.46135,FALSE,FALSE,FALSE,"Yox3Jp",0.133,0.903,"outcome",TRUE,"reported","textfile",12,"51895882",0.001463078,4.84e-08,"Drinking",TRUE,"reported","ptY7ya",2,TRUE,NA
"7","rs10978550","C","T","C","T",-0.011748331,0.28,0.206,0.201481,FALSE,FALSE,FALSE,"Yox3Jp",0.165,0.0901,"outcome",TRUE,"reported","textfile",9,"109345993",0.001802112,7.15e-11,"Drinking",TRUE,"reported","ptY7ya",2,TRUE,NA
"8","rs11030084","T","C","T","C",-0.010606819,-0.144,0.184,0.18677,FALSE,FALSE,FALSE,"Yox3Jp",0.169,0.396,"outcome",TRUE,"reported","textfile",11,"27643725",0.001880926,1.72e-08,"Drinking",TRUE,"reported","ptY7ya",2,TRUE,NA
"9","rs1104608","C","G","C","G",-0.010974988,0.191,0.425,0.42604,FALSE,TRUE,TRUE,"Yox3Jp",0.135,0.157,"outcome",TRUE,"reported","textfile",16,"73912588",0.001475848,1.05e-13,"Drinking",TRUE,"reported","ptY7ya",2,FALSE,NA
"10","rs1123285","G","C","G","C",-0.008897365,0.0236,0.335,0.327716,FALSE,TRUE,FALSE,"Yox3Jp",0.143,0.868,"outcome",TRUE,"reported","textfile",14,"57274519",0.00154416,8.14e-09,"Drinking",TRUE,"reported","ptY7ya",2,TRUE,NA
"11","rs113443718","A","G","A","G",-0.010208258,-0.197,0.305,0.309595,FALSE,FALSE,FALSE,"Yox3Jp",0.144,0.171,"outcome",TRUE,"reported","textfile",16,"29892184",0.001584629,1.19e-10,"Drinking",TRUE,"reported","ptY7ya",2,TRUE,NA
"12","rs11625650","A","G","A","G",-0.009568091,-0.107,0.233,0.240539,FALSE,FALSE,FALSE,"Yox3Jp",0.155,0.491,"outcome",TRUE,"reported","textfile",14,"104610138",0.00172405,2.89e-08,"Drinking",TRUE,"reported","ptY7ya",2,TRUE,NA
"13","rs11692435","A","G","A","G",0.017449894,0.0366,0.0852,0.084593,FALSE,FALSE,FALSE,"Yox3Jp",0.25,0.884,"outcome",TRUE,"reported","textfile",2,"98275354",0.00261585,2.53e-11,"Drinking",TRUE,"reported","ptY7ya",2,TRUE,NA
"14","rs11940694","G","A","G","A",0.025949908,-0.0663,0.597,0.605213,FALSE,FALSE,FALSE,"Yox3Jp",0.137,0.629,"outcome",TRUE,"reported","textfile",4,"39414993",0.001485887,3.03e-68,"Drinking",TRUE,"reported","ptY7ya",2,TRUE,NA
"15","rs12088813","C","A","C","A",-0.009329047,-0.328,0.267,0.272046,FALSE,FALSE,FALSE,"Yox3Jp",0.149,0.0277,"outcome",TRUE,"reported","textfile",1,"66407700",0.001649158,1.58e-08,"Drinking",TRUE,"reported","ptY7ya",2,TRUE,NA
"16","rs1217091","C","T","C","T",0.012160827,-0.107,0.812,0.809243,FALSE,FALSE,FALSE,"Yox3Jp",0.169,0.526,"outcome",TRUE,"reported","textfile",8,"64527399",0.001865386,7.05e-11,"Drinking",TRUE,"reported","ptY7ya",2,TRUE,NA
"17","rs1229984","C","T","C","T",0.150533575,0.195,0.963,0.977511,FALSE,FALSE,FALSE,"Yox3Jp",0.455,0.668,"outcome",TRUE,"reported","textfile",4,"100239319",0.003861105,1e-200,"Drinking",TRUE,"reported","ptY7ya",2,TRUE,NA
"18","rs1260326","C","T","C","T",0.020889835,0.0403,0.601,0.607627,FALSE,FALSE,FALSE,"Yox3Jp",0.136,0.766,"outcome",TRUE,"reported","textfile",2,"27730940",0.001488339,8.05e-45,"Drinking",TRUE,"reported","ptY7ya",2,TRUE,NA
"19","rs12651313","G","C","G","C",-0.008642927,0.0563,0.443,0.44773,FALSE,TRUE,TRUE,"Yox3Jp",0.134,0.673,"outcome",TRUE,"reported","textfile",4,"171086393",0.001467223,3.79e-09,"Drinking",TRUE,"reported","ptY7ya",2,FALSE,NA
"20","rs12655091","A","G","A","G",-0.008312109,0.0497,0.53,0.537435,FALSE,FALSE,FALSE,"Yox3Jp",0.133,0.709,"outcome",TRUE,"reported","textfile",5,"144412335",0.001460289,1.25e-08,"Drinking",TRUE,"reported","ptY7ya",2,TRUE,NA
"21","rs12795042","C","A","C","A",-0.008319009,0.118,0.623,0.623825,FALSE,FALSE,FALSE,"Yox3Jp",0.138,0.395,"outcome",TRUE,"reported","textfile",11,"133658168",0.001503872,3.25e-08,"Drinking",TRUE,"reported","ptY7ya",2,TRUE,NA
"22","rs12907323","G","A","G","A",0.008496596,-0.0979,0.411,0.399742,FALSE,FALSE,FALSE,"Yox3Jp",0.135,0.47,"outcome",TRUE,"reported","textfile",15,"86796012",0.001481314,9.93e-09,"Drinking",TRUE,"reported","ptY7ya",2,TRUE,NA
"23","rs13024996","A","C","A","C",-0.010912645,-0.35,0.364,0.371657,FALSE,FALSE,FALSE,"Yox3Jp",0.137,0.0109,"outcome",TRUE,"reported","textfile",2,"144225215",0.001514769,5.72e-13,"Drinking",TRUE,"reported","ptY7ya",2,TRUE,NA
"24","rs13032049","G","A","G","A",0.01019455,0.175,0.283,0.277958,FALSE,FALSE,FALSE,"Yox3Jp",0.148,0.237,"outcome",TRUE,"reported","textfile",2,"63581507",0.001617979,3e-10,"Drinking",TRUE,"reported","ptY7ya",2,TRUE,NA
"25","rs13066454","T","C","T","C",-0.008775946,0.0434,0.398,0.402429,FALSE,FALSE,FALSE,"Yox3Jp",0.135,0.748,"outcome",TRUE,"reported","textfile",3,"93994255",0.001491956,4.13e-09,"Drinking",TRUE,"reported","ptY7ya",2,TRUE,NA
"26","rs13094887","T","A","T","A",-0.010309671,0.0498,0.301,0.300529,FALSE,TRUE,FALSE,"Yox3Jp",0.145,0.731,"outcome",TRUE,"reported","textfile",3,"70968431",0.001588926,8.57e-11,"Drinking",TRUE,"reported","ptY7ya",2,TRUE,NA
"27","rs13107325","T","C","T","C",-0.027504515,0.315,0.0722,0.074469,FALSE,FALSE,FALSE,"Yox3Jp",0.252,0.212,"outcome",TRUE,"reported","textfile",4,"103188709",0.002815982,1.53e-22,"Drinking",TRUE,"reported","ptY7ya",2,TRUE,NA
"28","rs13250583","T","C","T","C",-0.009717545,0.117,0.213,0.214935,FALSE,FALSE,FALSE,"Yox3Jp",0.162,0.47,"outcome",TRUE,"reported","textfile",8,"20949917",0.001780116,4.7e-08,"Drinking",TRUE,"reported","ptY7ya",2,TRUE,NA
"29","rs13383034","T","C","T","C",0.014926977,-0.236,0.329,0.308185,FALSE,FALSE,FALSE,"Yox3Jp",0.144,0.101,"outcome",TRUE,"reported","textfile",2,"45155276",0.001551195,6.31e-22,"Drinking",TRUE,"reported","ptY7ya",2,TRUE,NA
"30","rs1713676","G","A","G","A",-0.007991984,-0.0238,0.522454,0.522052,FALSE,FALSE,FALSE,"Yox3Jp",0.133,0.858,"outcome",TRUE,"reported","textfile",11,"113660576",0.00145913,4.29e-08,"Drinking",TRUE,"reported","ptY7ya",2,TRUE,NA
"31","rs17177078","T","C","T","C",-0.02231549,0.445,0.0626,0.055992,FALSE,FALSE,FALSE,"Yox3Jp",0.29,0.124,"outcome",TRUE,"reported","textfile",16,"24810681",0.003011759,1.27e-13,"Drinking",TRUE,"reported","ptY7ya",2,TRUE,NA
"32","rs17665139","T","C","T","C",-0.011560138,-0.0469,0.149,0.151934,FALSE,FALSE,FALSE,"Yox3Jp",0.185,0.8,"outcome",TRUE,"reported","textfile",10,"125093880",0.002046764,1.59e-08,"Drinking",TRUE,"reported","ptY7ya",2,TRUE,NA
"33","rs2011092","C","T","C","T",-0.008900405,0.124,0.338643,0.345887,FALSE,FALSE,FALSE,"Yox3Jp",0.14,0.375,"outcome",TRUE,"reported","textfile",3,"141124607",0.001540056,7.35e-09,"Drinking",TRUE,"reported","ptY7ya",2,TRUE,NA
"34","rs2165670","A","G","A","G",0.02308038,-0.184,0.106337,0.102313,FALSE,FALSE,FALSE,"Yox3Jp",0.218,0.398,"outcome",TRUE,"reported","textfile",4,"100286085",0.002364267,1.67e-22,"Drinking",TRUE,"reported","ptY7ya",2,TRUE,NA
"35","rs2180870","C","T","C","T",-0.012177537,0.215,0.135,0.13121,FALSE,FALSE,FALSE,"Yox3Jp",0.198,0.277,"outcome",TRUE,"reported","textfile",14,"58782779",0.002132803,1.12e-08,"Drinking",TRUE,"reported","ptY7ya",2,TRUE,NA
"36","rs2472297","T","C","T","C",0.010606047,0.176,0.249,0.26698,FALSE,FALSE,FALSE,"Yox3Jp",0.149,0.238,"outcome",TRUE,"reported","textfile",15,"75027880",0.001685411,3.1e-10,"Drinking",TRUE,"reported","ptY7ya",2,TRUE,NA
"37","rs2764771","A","G","A","G",0.009890596,-0.117,0.307,0.29808,FALSE,FALSE,FALSE,"Yox3Jp",0.145,0.421,"outcome",TRUE,"reported","textfile",16,"20013793",0.001581736,4.02e-10,"Drinking",TRUE,"reported","ptY7ya",2,TRUE,NA
"38","rs281379","A","G","A","G",0.013722336,0.273,0.508,0.524046,FALSE,FALSE,FALSE,"Yox3Jp",0.133,0.0408,"outcome",TRUE,"reported","textfile",19,"49214274",0.001457844,4.91e-21,"Drinking",TRUE,"reported","ptY7ya",2,TRUE,NA
"39","rs2854334","G","A","G","A",0.009220984,0.0609,0.615,0.614282,FALSE,FALSE,FALSE,"Yox3Jp",0.137,0.657,"outcome",TRUE,"reported","textfile",17,"29715500",0.001497813,7.51e-10,"Drinking",TRUE,"reported","ptY7ya",2,TRUE,NA
"40","rs28601761","G","C","G","C",0.009102878,-0.0459,0.42,0.420695,FALSE,TRUE,TRUE,"Yox3Jp",0.136,0.736,"outcome",TRUE,"reported","textfile",8,"126500031",0.001476682,7.17e-10,"Drinking",TRUE,"reported","ptY7ya",2,FALSE,NA
"41","rs28680958","A","G","A","G",-0.010996457,0.228,0.217,0.214928,FALSE,FALSE,FALSE,"Yox3Jp",0.161,0.157,"outcome",TRUE,"reported","textfile",1,"173848808",0.001769942,5.13e-10,"Drinking",TRUE,"reported","ptY7ya",2,TRUE,NA
"42","rs28929474","T","C","T","C",-0.036799624,0.316,0.0183,0.020201,FALSE,FALSE,FALSE,"Yox3Jp",0.472,0.503,"outcome",TRUE,"reported","textfile",14,"94844947",0.005437642,1.34e-11,"Drinking",TRUE,"reported","ptY7ya",2,TRUE,NA
"43","rs35034355","A","G","A","G",-0.008096817,0.0281,0.521,0.531308,FALSE,FALSE,FALSE,"Yox3Jp",0.133,0.832,"outcome",TRUE,"reported","textfile",7,"103840115",0.001458945,2.87e-08,"Drinking",TRUE,"reported","ptY7ya",2,TRUE,NA
"44","rs36052336","G","A","G","A",-0.018428809,-0.0149,0.061496,0.065833,FALSE,FALSE,FALSE,"Yox3Jp",0.271,0.956,"outcome",TRUE,"reported","textfile",4,"100273594",0.00303378,1.23e-09,"Drinking",TRUE,"reported","ptY7ya",2,TRUE,NA
"45","rs3748034","T","G","T","G",-0.011740341,0.0246,0.143,0.141375,FALSE,FALSE,FALSE,"Yox3Jp",0.19,0.897,"outcome",TRUE,"reported","textfile",4,"3446091",0.002081935,1.67e-08,"Drinking",TRUE,"reported","ptY7ya",2,TRUE,NA
"46","rs378421","A","G","A","G",-0.011205474,-0.0205,0.404,0.417982,FALSE,FALSE,FALSE,"Yox3Jp",0.135,0.879,"outcome",TRUE,"reported","textfile",16,"28754684",0.001486812,4.83e-14,"Drinking",TRUE,"reported","ptY7ya",2,TRUE,NA
"47","rs3803800","G","A","G","A",0.011378876,0.034,0.786,0.788703,FALSE,FALSE,FALSE,"Yox3Jp",0.162,0.834,"outcome",TRUE,"reported","textfile",17,"7462969",0.001777082,1.5e-10,"Drinking",TRUE,"reported","ptY7ya",2,TRUE,NA
"48","rs3809162","G","A","G","A",0.009060925,0.00817,0.397,0.409097,FALSE,FALSE,FALSE,"Yox3Jp",0.135,0.952,"outcome",TRUE,"reported","textfile",12,"54674235",0.001489607,1.19e-09,"Drinking",TRUE,"reported","ptY7ya",2,TRUE,NA
"49","rs4092465","G","A","G","A",-0.008291878,-0.0154,0.635,0.648651,FALSE,FALSE,FALSE,"Yox3Jp",0.14,0.912,"outcome",TRUE,"reported","textfile",18,"55080437",0.001513883,4.39e-08,"Drinking",TRUE,"reported","ptY7ya",2,TRUE,NA
"50","rs4501255","G","C","G","C",0.010693415,0.163,0.235,0.237535,FALSE,TRUE,FALSE,"Yox3Jp",0.156,0.295,"outcome",TRUE,"reported","textfile",4,"42151306",0.001718941,4.83e-10,"Drinking",TRUE,"reported","ptY7ya",2,TRUE,NA
"51","rs4548913","A","G","A","G",-0.008359953,0.0975,0.632,0.638683,FALSE,FALSE,FALSE,"Yox3Jp",0.139,0.482,"outcome",TRUE,"reported","textfile",17,"2209888",0.001511274,3.11e-08,"Drinking",TRUE,"reported","ptY7ya",2,TRUE,NA
"52","rs4690727","G","C","G","C",0.010816985,-0.0427,0.718,0.724705,FALSE,TRUE,FALSE,"Yox3Jp",0.148,0.774,"outcome",TRUE,"reported","textfile",4,"143648579",0.001619716,2.43e-11,"Drinking",TRUE,"reported","ptY7ya",2,TRUE,NA
"53","rs4699791","A","G","A","G",0.018570721,0.458,0.095726,0.096992,FALSE,FALSE,FALSE,"Yox3Jp",0.224,0.0409,"outcome",TRUE,"reported","textfile",4,"101243023",0.002477197,6.58e-14,"Drinking",TRUE,"reported","ptY7ya",2,TRUE,NA
"54","rs4815364","A","G","A","G",0.008582356,-0.286,0.616,0.605523,FALSE,FALSE,FALSE,"Yox3Jp",0.136,0.0358,"outcome",TRUE,"reported","textfile",20,"25035711",0.001498544,1.02e-08,"Drinking",TRUE,"reported","ptY7ya",2,TRUE,NA
"55","rs4842786","A","G","A","G",-0.008797801,-0.0852,0.584,0.57928,FALSE,FALSE,FALSE,"Yox3Jp",0.135,0.527,"outcome",TRUE,"reported","textfile",12,"92170791",0.001478674,2.73e-09,"Drinking",TRUE,"reported","ptY7ya",2,TRUE,NA
"56","rs4916723","C","A","C","A",-0.009952257,-0.367,0.416,0.422646,FALSE,FALSE,FALSE,"Yox3Jp",0.136,0.00693,"outcome",TRUE,"reported","textfile",5,"87854395",0.001478674,1.72e-11,"Drinking",TRUE,"reported","ptY7ya",2,TRUE,NA
"57","rs4938230","A","C","A","C",0.012810377,-0.0401,0.842,0.850619,FALSE,FALSE,FALSE,"Yox3Jp",0.187,0.83,"outcome",TRUE,"reported","textfile",11,"116075001",0.001998209,1.48e-10,"Drinking",TRUE,"reported","ptY7ya",2,TRUE,NA
"58","rs500321","T","A","T","A",-0.009669361,-0.429,0.736,0.7288,FALSE,TRUE,FALSE,"Yox3Jp",0.149,0.00409,"outcome",TRUE,"reported","textfile",13,"27124360",0.001653426,4.92e-09,"Drinking",TRUE,"reported","ptY7ya",2,TRUE,NA
"59","rs5024204","T","A","T","A",0.009702711,0.0489,0.278,0.269351,FALSE,TRUE,FALSE,"Yox3Jp",0.15,0.745,"outcome",TRUE,"reported","textfile",1,"71491890",0.001628467,2.55e-09,"Drinking",TRUE,"reported","ptY7ya",2,TRUE,NA
"60","rs55872084","T","G","T","G",0.009978744,-0.0235,0.235,0.246058,FALSE,FALSE,FALSE,"Yox3Jp",0.154,0.879,"outcome",TRUE,"reported","textfile",5,"155902003",0.001718941,6.32e-09,"Drinking",TRUE,"reported","ptY7ya",2,TRUE,NA
"61","rs55932213","G","A","G","A",0.009488271,-0.13,0.736387,0.745767,FALSE,FALSE,FALSE,"Yox3Jp",0.155,0.404,"outcome",TRUE,"reported","textfile",9,"108755622",0.001654204,9.55e-09,"Drinking",TRUE,"reported","ptY7ya",2,TRUE,NA
"62","rs56030824","A","G","A","G",-0.011601888,-0.037,0.322,0.321503,FALSE,FALSE,FALSE,"Yox3Jp",0.142,0.794,"outcome",TRUE,"reported","textfile",11,"47397353",0.001562978,1.15e-13,"Drinking",TRUE,"reported","ptY7ya",2,TRUE,NA
"63","rs56337305","C","T","C","T",-0.009588381,0.271,0.383,0.378552,FALSE,FALSE,FALSE,"Yox3Jp",0.137,0.0481,"outcome",TRUE,"reported","textfile",2,"225475560",0.001499283,1.63e-10,"Drinking",TRUE,"reported","ptY7ya",2,TRUE,NA
"64","rs58107686","A","C","A","C",-0.009747126,0.0116,0.328,0.328897,FALSE,FALSE,FALSE,"Yox3Jp",0.141,0.935,"outcome",TRUE,"reported","textfile",1,"33837334",0.00158537,7.79e-10,"Drinking",TRUE,"reported","ptY7ya",2,TRUE,NA
"65","rs62044525","G","C","G","C",-0.01217318,-0.0386,0.184,0.188663,FALSE,TRUE,FALSE,"Yox3Jp",0.169,0.82,"outcome",TRUE,"reported","textfile",16,"64872590",0.001882851,1.03e-10,"Drinking",TRUE,"reported","ptY7ya",2,TRUE,NA
"66","rs62250685","G","A","G","A",-0.014357061,-0.0635,0.614,0.619795,FALSE,FALSE,FALSE,"Yox3Jp",0.136,0.641,"outcome",TRUE,"reported","textfile",3,"85457240",0.001500092,1.05e-21,"Drinking",TRUE,"reported","ptY7ya",2,TRUE,NA
"67","rs6460047","C","T","C","T",0.011623538,-0.122,0.208,0.208402,FALSE,FALSE,FALSE,"Yox3Jp",0.163,0.456,"outcome",TRUE,"reported","textfile",7,"73042443",0.00179569,9.69e-11,"Drinking",TRUE,"reported","ptY7ya",2,TRUE,NA
"68","rs6787172","G","T","G","T",-0.008030894,0.239,0.554,0.563018,FALSE,FALSE,FALSE,"Yox3Jp",0.134,0.0743,"outcome",TRUE,"reported","textfile",3,"158187811",0.001466234,4.27e-08,"Drinking",TRUE,"reported","ptY7ya",2,TRUE,NA
"69","rs682011","C","T","C","T",0.008212447,-0.0294,0.559,0.560303,FALSE,FALSE,FALSE,"Yox3Jp",0.133,0.825,"outcome",TRUE,"reported","textfile",11,"121544285",0.001467913,2.22e-08,"Drinking",TRUE,"reported","ptY7ya",2,TRUE,NA
"70","rs6951574","C","T","C","T",0.013222216,-0.096,0.458,0.466966,FALSE,FALSE,FALSE,"Yox3Jp",0.134,0.474,"outcome",TRUE,"reported","textfile",7,"153489744",0.001462828,1.58e-19,"Drinking",TRUE,"reported","ptY7ya",2,TRUE,NA
"71","rs705687","G","A","G","A",-0.010904017,0.12,0.785,0.776472,FALSE,FALSE,FALSE,"Yox3Jp",0.159,0.45,"outcome",TRUE,"reported","textfile",1,"4548453",0.001775889,8.15e-10,"Drinking",TRUE,"reported","ptY7ya",2,TRUE,NA
"72","rs7074871","A","G","A","G",-0.00939985,-0.0483,0.255,0.259727,FALSE,FALSE,FALSE,"Yox3Jp",0.151,0.749,"outcome",TRUE,"reported","textfile",10,"110507806",0.001672158,1.86e-08,"Drinking",TRUE,"reported","ptY7ya",2,TRUE,NA
"73","rs7185555","C","G","C","G",-0.011100514,0.029,0.153,0.158355,FALSE,TRUE,FALSE,"Yox3Jp",0.181,0.873,"outcome",TRUE,"reported","textfile",16,"69131281",0.002026667,4.24e-08,"Drinking",TRUE,"reported","ptY7ya",2,TRUE,NA
"74","rs72859280","T","G","T","G",0.022885324,-0.629,0.0362,0.037288,FALSE,FALSE,FALSE,"Yox3Jp",0.354,0.0757,"outcome",TRUE,"reported","textfile",2,"147956293",0.003901915,4.44e-09,"Drinking",TRUE,"reported","ptY7ya",2,TRUE,NA
"75","rs77165542","T","C","T","C",-0.026010899,0.383,0.0349,0.035564,FALSE,FALSE,FALSE,"Yox3Jp",0.363,0.292,"outcome",TRUE,"reported","textfile",2,"430975",0.003971245,5.63e-11,"Drinking",TRUE,"reported","ptY7ya",2,TRUE,NA
"76","rs79139602","T","A","T","A",0.06027231,0.528,0.021061,0.020091,FALSE,TRUE,FALSE,"Yox3Jp",0.471,0.263,"outcome",TRUE,"reported","textfile",4,"100444363",0.005075844,1.8e-32,"Drinking",TRUE,"reported","ptY7ya",2,TRUE,NA
"77","rs7950166","T","C","T","C",-0.009799202,0.0892,0.637,0.646531,FALSE,FALSE,FALSE,"Yox3Jp",0.139,0.519,"outcome",TRUE,"reported","textfile",11,"8642218",0.001515663,9.89e-11,"Drinking",TRUE,"reported","ptY7ya",2,TRUE,NA
"78","rs79616692","C","G","C","G",0.016302272,0.248,0.108,0.106485,FALSE,TRUE,FALSE,"Yox3Jp",0.217,0.252,"outcome",TRUE,"reported","textfile",16,"72338507",0.002350583,4.11e-12,"Drinking",TRUE,"reported","ptY7ya",2,TRUE,NA
"79","rs823114","A","G","A","G",0.00876774,0.24,0.553,0.546175,FALSE,FALSE,FALSE,"Yox3Jp",0.133,0.0711,"outcome",TRUE,"reported","textfile",1,"205719532",0.001467417,2.31e-09,"Drinking",TRUE,"reported","ptY7ya",2,TRUE,NA
"80","rs828867","A","G","A","G",0.008757157,0.0671,0.545,0.540801,FALSE,FALSE,FALSE,"Yox3Jp",0.135,0.62,"outcome",TRUE,"reported","textfile",2,"74334462",0.001463597,2.15e-09,"Drinking",TRUE,"reported","ptY7ya",2,TRUE,NA
"81","rs9607814","A","C","A","C",-0.010181001,0.342,0.2,0.193985,FALSE,FALSE,FALSE,"Yox3Jp",0.168,0.0421,"outcome",TRUE,"reported","textfile",22,"41946519",0.001858788,4.31e-08,"Drinking",TRUE,"reported","ptY7ya",2,TRUE,NA
"82","rs9838144","C","G","C","G",-0.009964223,0.0263,0.209,0.212571,FALSE,TRUE,FALSE,"Yox3Jp",0.164,0.872,"outcome",TRUE,"reported","textfile",3,"131576287",0.001792521,2.65e-08,"Drinking",TRUE,"reported","ptY7ya",2,TRUE,NA
"83","rs9950000","T","C","T","C",-0.009117697,-0.0598,0.395,0.398466,FALSE,FALSE,FALSE,"Yox3Jp",0.136,0.66,"outcome",TRUE,"reported","textfile",18,"53052169",0.001490903,9.38e-10,"Drinking",TRUE,"reported","ptY7ya",2,TRUE,NA
