"","SNP","effect_allele.exposure","other_allele.exposure","effect_allele.outcome","other_allele.outcome","beta.exposure","beta.outcome","eaf.exposure","eaf.outcome","remove","palindromic","ambiguous","id.outcome","se.outcome","pval.outcome","outcome","mr_keep.outcome","pval_origin.outcome","data_source.outcome","chr.exposure","pos.exposure","se.exposure","pval.exposure","exposure","mr_keep.exposure","pval_origin.exposure","id.exposure","action","mr_keep","samplesize.outcome"
"1","rs10236149","G","A","G","A",-0.013498145,-0.00695,0.123,0.124231,FALSE,FALSE,FALSE,"hksLxM",0.0324,0.83,"outcome",TRUE,"reported","textfile",7,"98977515",0.002219081,1.18e-09,"Drinking",TRUE,"reported","ptY7ya",2,TRUE,NA
"2","rs10438820","T","C","T","C",0.008971778,0.048,0.702,0.697924,FALSE,FALSE,FALSE,"hksLxM",0.0232,0.0386,"outcome",TRUE,"reported","textfile",17,"78524597",0.001593488,1.76e-08,"Drinking",TRUE,"reported","ptY7ya",2,TRUE,NA
"3","rs10506274","T","G","T","G",-0.009037403,-0.0168,0.484,0.488528,FALSE,FALSE,FALSE,"hksLxM",0.0213,0.431,"outcome",TRUE,"reported","textfile",12,"81601464",0.001458405,5.78e-10,"Drinking",TRUE,"reported","ptY7ya",2,TRUE,NA
"4","rs10750025","T","C","T","C",0.010321447,-0.0102,0.686,0.682562,FALSE,FALSE,FALSE,"hksLxM",0.023,0.658,"outcome",TRUE,"reported","textfile",11,"113424042",0.001570358,4.89e-11,"Drinking",TRUE,"reported","ptY7ya",2,TRUE,NA
"5","rs10753661","A","G","A","G",-0.008638128,-0.0155,0.684,0.685495,FALSE,FALSE,FALSE,"hksLxM",0.023,0.502,"outcome",TRUE,"reported","textfile",1,"165119792",0.001569272,3.76e-08,"Drinking",TRUE,"reported","ptY7ya",2,TRUE,NA
"6","rs10876188","T","C","T","C",-0.007986853,-0.0149,0.457,0.461185,FALSE,FALSE,FALSE,"hksLxM",0.0214,0.488,"outcome",TRUE,"reported","textfile",12,"51895882",0.001463078,4.84e-08,"Drinking",TRUE,"reported","ptY7ya",2,TRUE,NA
"7","rs10978550","C","T","C","T",-0.011748331,0.0365,0.206,0.201528,FALSE,FALSE,FALSE,"hksLxM",0.0266,0.17,"outcome",TRUE,"reported","textfile",9,"109345993",0.001802112,7.15e-11,"Drinking",TRUE,"reported","ptY7ya",2,TRUE,NA
"8","rs11030084","T","C","T","C",-0.010606819,-0.0228,0.184,0.186746,FALSE,FALSE,FALSE,"hksLxM",0.0274,0.405,"outcome",TRUE,"reported","textfile",11,"27643725",0.001880926,1.72e-08,"Drinking",TRUE,"reported","ptY7ya",2,TRUE,NA
"9","rs1104608","C","G","C","G",-0.010974988,0.0184,0.425,0.426141,FALSE,TRUE,TRUE,"hksLxM",0.0218,0.397,"outcome",TRUE,"reported","textfile",16,"73912588",0.001475848,1.05e-13,"Drinking",TRUE,"reported","ptY7ya",2,FALSE,NA
"10","rs1123285","G","C","G","C",-0.008897365,0.0226,0.335,0.327493,FALSE,TRUE,FALSE,"hksLxM",0.023,0.326,"outcome",TRUE,"reported","textfile",14,"57274519",0.00154416,8.14e-09,"Drinking",TRUE,"reported","ptY7ya",2,TRUE,NA
"11","rs113443718","A","G","A","G",-0.010208258,0.0453,0.305,0.309364,FALSE,FALSE,FALSE,"hksLxM",0.0231,0.0503,"outcome",TRUE,"reported","textfile",16,"29892184",0.001584629,1.19e-10,"Drinking",TRUE,"reported","ptY7ya",2,TRUE,NA
"12","rs11625650","A","G","A","G",-0.009568091,-0.0218,0.233,0.240735,FALSE,FALSE,FALSE,"hksLxM",0.025,0.382,"outcome",TRUE,"reported","textfile",14,"104610138",0.00172405,2.89e-08,"Drinking",TRUE,"reported","ptY7ya",2,TRUE,NA
"13","rs11692435","A","G","A","G",0.017449894,-0.106,0.0852,0.08476,FALSE,FALSE,FALSE,"hksLxM",0.0402,0.00845,"outcome",TRUE,"reported","textfile",2,"98275354",0.00261585,2.53e-11,"Drinking",TRUE,"reported","ptY7ya",2,TRUE,NA
"14","rs11940694","G","A","G","A",0.025949908,0.033,0.597,0.605507,FALSE,FALSE,FALSE,"hksLxM",0.0221,0.135,"outcome",TRUE,"reported","textfile",4,"39414993",0.001485887,3.03e-68,"Drinking",TRUE,"reported","ptY7ya",2,TRUE,NA
"15","rs12088813","C","A","C","A",-0.009329047,-0.0378,0.267,0.272156,FALSE,FALSE,FALSE,"hksLxM",0.024,0.115,"outcome",TRUE,"reported","textfile",1,"66407700",0.001649158,1.58e-08,"Drinking",TRUE,"reported","ptY7ya",2,TRUE,NA
"16","rs1217091","C","T","C","T",0.012160827,-0.00291,0.812,0.809402,FALSE,FALSE,FALSE,"hksLxM",0.0273,0.915,"outcome",TRUE,"reported","textfile",8,"64527399",0.001865386,7.05e-11,"Drinking",TRUE,"reported","ptY7ya",2,TRUE,NA
"17","rs1229984","C","T","C","T",0.150533575,0.00467,0.963,0.977639,FALSE,FALSE,FALSE,"hksLxM",0.0725,0.949,"outcome",TRUE,"reported","textfile",4,"100239319",0.003861105,1e-200,"Drinking",TRUE,"reported","ptY7ya",2,TRUE,NA
"18","rs1260326","C","T","C","T",0.020889835,0.0215,0.601,0.607527,FALSE,FALSE,FALSE,"hksLxM",0.0218,0.326,"outcome",TRUE,"reported","textfile",2,"27730940",0.001488339,8.05e-45,"Drinking",TRUE,"reported","ptY7ya",2,TRUE,NA
"19","rs12651313","G","C","G","C",-0.008642927,0.00441,0.443,0.447652,FALSE,TRUE,TRUE,"hksLxM",0.0215,0.838,"outcome",TRUE,"reported","textfile",4,"171086393",0.001467223,3.79e-09,"Drinking",TRUE,"reported","ptY7ya",2,FALSE,NA
"20","rs12655091","A","G","A","G",-0.008312109,0.00176,0.53,0.537258,FALSE,FALSE,FALSE,"hksLxM",0.0214,0.934,"outcome",TRUE,"reported","textfile",5,"144412335",0.001460289,1.25e-08,"Drinking",TRUE,"reported","ptY7ya",2,TRUE,NA
"21","rs12795042","C","A","C","A",-0.008319009,0.0151,0.623,0.62387,FALSE,FALSE,FALSE,"hksLxM",0.0223,0.497,"outcome",TRUE,"reported","textfile",11,"133658168",0.001503872,3.25e-08,"Drinking",TRUE,"reported","ptY7ya",2,TRUE,NA
"22","rs12907323","G","A","G","A",0.008496596,-0.0304,0.411,0.399476,FALSE,FALSE,FALSE,"hksLxM",0.0218,0.164,"outcome",TRUE,"reported","textfile",15,"86796012",0.001481314,9.93e-09,"Drinking",TRUE,"reported","ptY7ya",2,TRUE,NA
"23","rs13024996","A","C","A","C",-0.010912645,-0.0323,0.364,0.37175,FALSE,FALSE,FALSE,"hksLxM",0.0221,0.144,"outcome",TRUE,"reported","textfile",2,"144225215",0.001514769,5.72e-13,"Drinking",TRUE,"reported","ptY7ya",2,TRUE,NA
"24","rs13032049","G","A","G","A",0.01019455,0.000932,0.283,0.278087,FALSE,FALSE,FALSE,"hksLxM",0.0239,0.969,"outcome",TRUE,"reported","textfile",2,"63581507",0.001617979,3e-10,"Drinking",TRUE,"reported","ptY7ya",2,TRUE,NA
"25","rs13066454","T","C","T","C",-0.008775946,-0.00692,0.398,0.402626,FALSE,FALSE,FALSE,"hksLxM",0.0218,0.751,"outcome",TRUE,"reported","textfile",3,"93994255",0.001491956,4.13e-09,"Drinking",TRUE,"reported","ptY7ya",2,TRUE,NA
"26","rs13094887","T","A","T","A",-0.010309671,-0.0245,0.301,0.300706,FALSE,TRUE,FALSE,"hksLxM",0.0233,0.294,"outcome",TRUE,"reported","textfile",3,"70968431",0.001588926,8.57e-11,"Drinking",TRUE,"reported","ptY7ya",2,TRUE,NA
"27","rs13107325","T","C","T","C",-0.027504515,0.0434,0.0722,0.074359,FALSE,FALSE,FALSE,"hksLxM",0.0405,0.283,"outcome",TRUE,"reported","textfile",4,"103188709",0.002815982,1.53e-22,"Drinking",TRUE,"reported","ptY7ya",2,TRUE,NA
"28","rs13250583","T","C","T","C",-0.009717545,0.0118,0.213,0.214759,FALSE,FALSE,FALSE,"hksLxM",0.0261,0.65,"outcome",TRUE,"reported","textfile",8,"20949917",0.001780116,4.7e-08,"Drinking",TRUE,"reported","ptY7ya",2,TRUE,NA
"29","rs13383034","T","C","T","C",0.014926977,-0.00811,0.329,0.308144,FALSE,FALSE,FALSE,"hksLxM",0.0232,0.727,"outcome",TRUE,"reported","textfile",2,"45155276",0.001551195,6.31e-22,"Drinking",TRUE,"reported","ptY7ya",2,TRUE,NA
"30","rs1713676","G","A","G","A",-0.007991984,0.000417,0.522454,0.521498,FALSE,FALSE,FALSE,"hksLxM",0.0214,0.984,"outcome",TRUE,"reported","textfile",11,"113660576",0.00145913,4.29e-08,"Drinking",TRUE,"reported","ptY7ya",2,TRUE,NA
"31","rs17177078","T","C","T","C",-0.02231549,0.0219,0.0626,0.055971,FALSE,FALSE,FALSE,"hksLxM",0.0467,0.639,"outcome",TRUE,"reported","textfile",16,"24810681",0.003011759,1.27e-13,"Drinking",TRUE,"reported","ptY7ya",2,TRUE,NA
"32","rs17665139","T","C","T","C",-0.011560138,0.0506,0.149,0.151931,FALSE,FALSE,FALSE,"hksLxM",0.0298,0.0895,"outcome",TRUE,"reported","textfile",10,"125093880",0.002046764,1.59e-08,"Drinking",TRUE,"reported","ptY7ya",2,TRUE,NA
"33","rs2011092","C","T","C","T",-0.008900405,0.0273,0.338643,0.345807,FALSE,FALSE,FALSE,"hksLxM",0.0224,0.224,"outcome",TRUE,"reported","textfile",3,"141124607",0.001540056,7.35e-09,"Drinking",TRUE,"reported","ptY7ya",2,TRUE,NA
"34","rs2165670","A","G","A","G",0.02308038,-0.0266,0.106337,0.1022,FALSE,FALSE,FALSE,"hksLxM",0.0354,0.452,"outcome",TRUE,"reported","textfile",4,"100286085",0.002364267,1.67e-22,"Drinking",TRUE,"reported","ptY7ya",2,TRUE,NA
"35","rs2180870","C","T","C","T",-0.012177537,-0.0151,0.135,0.131145,FALSE,FALSE,FALSE,"hksLxM",0.0318,0.634,"outcome",TRUE,"reported","textfile",14,"58782779",0.002132803,1.12e-08,"Drinking",TRUE,"reported","ptY7ya",2,TRUE,NA
"36","rs2472297","T","C","T","C",0.010606047,-0.0144,0.249,0.266838,FALSE,FALSE,FALSE,"hksLxM",0.0241,0.549,"outcome",TRUE,"reported","textfile",15,"75027880",0.001685411,3.1e-10,"Drinking",TRUE,"reported","ptY7ya",2,TRUE,NA
"37","rs2764771","A","G","A","G",0.009890596,-0.00555,0.307,0.29817,FALSE,FALSE,FALSE,"hksLxM",0.0233,0.812,"outcome",TRUE,"reported","textfile",16,"20013793",0.001581736,4.02e-10,"Drinking",TRUE,"reported","ptY7ya",2,TRUE,NA
"38","rs281379","A","G","A","G",0.013722336,0.0347,0.508,0.523868,FALSE,FALSE,FALSE,"hksLxM",0.0214,0.106,"outcome",TRUE,"reported","textfile",19,"49214274",0.001457844,4.91e-21,"Drinking",TRUE,"reported","ptY7ya",2,TRUE,NA
"39","rs2854334","G","A","G","A",0.009220984,0.0442,0.615,0.614335,FALSE,FALSE,FALSE,"hksLxM",0.0221,0.0452,"outcome",TRUE,"reported","textfile",17,"29715500",0.001497813,7.51e-10,"Drinking",TRUE,"reported","ptY7ya",2,TRUE,NA
"40","rs28601761","G","C","G","C",0.009102878,-0.0344,0.42,0.42069,FALSE,TRUE,TRUE,"hksLxM",0.0219,0.116,"outcome",TRUE,"reported","textfile",8,"126500031",0.001476682,7.17e-10,"Drinking",TRUE,"reported","ptY7ya",2,FALSE,NA
"41","rs28680958","A","G","A","G",-0.010996457,-0.0454,0.217,0.214979,FALSE,FALSE,FALSE,"hksLxM",0.0259,0.0799,"outcome",TRUE,"reported","textfile",1,"173848808",0.001769942,5.13e-10,"Drinking",TRUE,"reported","ptY7ya",2,TRUE,NA
"42","rs28929474","T","C","T","C",-0.036799624,-0.0496,0.0183,0.02037,FALSE,FALSE,FALSE,"hksLxM",0.0755,0.511,"outcome",TRUE,"reported","textfile",14,"94844947",0.005437642,1.34e-11,"Drinking",TRUE,"reported","ptY7ya",2,TRUE,NA
"43","rs35034355","A","G","A","G",-0.008096817,0.00329,0.521,0.53135,FALSE,FALSE,FALSE,"hksLxM",0.0213,0.877,"outcome",TRUE,"reported","textfile",7,"103840115",0.001458945,2.87e-08,"Drinking",TRUE,"reported","ptY7ya",2,TRUE,NA
"44","rs36052336","G","A","G","A",-0.018428809,0.0604,0.061496,0.065879,FALSE,FALSE,FALSE,"hksLxM",0.0437,0.167,"outcome",TRUE,"reported","textfile",4,"100273594",0.00303378,1.23e-09,"Drinking",TRUE,"reported","ptY7ya",2,TRUE,NA
"45","rs3748034","T","G","T","G",-0.011740341,-0.0211,0.143,0.141221,FALSE,FALSE,FALSE,"hksLxM",0.0306,0.491,"outcome",TRUE,"reported","textfile",4,"3446091",0.002081935,1.67e-08,"Drinking",TRUE,"reported","ptY7ya",2,TRUE,NA
"46","rs378421","A","G","A","G",-0.011205474,-0.00487,0.404,0.418044,FALSE,FALSE,FALSE,"hksLxM",0.0218,0.823,"outcome",TRUE,"reported","textfile",16,"28754684",0.001486812,4.83e-14,"Drinking",TRUE,"reported","ptY7ya",2,TRUE,NA
"47","rs3803800","G","A","G","A",0.011378876,-0.0402,0.786,0.788654,FALSE,FALSE,FALSE,"hksLxM",0.0261,0.123,"outcome",TRUE,"reported","textfile",17,"7462969",0.001777082,1.5e-10,"Drinking",TRUE,"reported","ptY7ya",2,TRUE,NA
"48","rs3809162","G","A","G","A",0.009060925,0.00325,0.397,0.409112,FALSE,FALSE,FALSE,"hksLxM",0.0217,0.881,"outcome",TRUE,"reported","textfile",12,"54674235",0.001489607,1.19e-09,"Drinking",TRUE,"reported","ptY7ya",2,TRUE,NA
"49","rs4092465","G","A","G","A",-0.008291878,-0.0443,0.635,0.648698,FALSE,FALSE,FALSE,"hksLxM",0.0225,0.0485,"outcome",TRUE,"reported","textfile",18,"55080437",0.001513883,4.39e-08,"Drinking",TRUE,"reported","ptY7ya",2,TRUE,NA
"50","rs4501255","G","C","G","C",0.010693415,-0.0242,0.235,0.237586,FALSE,TRUE,FALSE,"hksLxM",0.0251,0.335,"outcome",TRUE,"reported","textfile",4,"42151306",0.001718941,4.83e-10,"Drinking",TRUE,"reported","ptY7ya",2,TRUE,NA
"51","rs4548913","A","G","A","G",-0.008359953,0.0249,0.632,0.638498,FALSE,FALSE,FALSE,"hksLxM",0.0223,0.265,"outcome",TRUE,"reported","textfile",17,"2209888",0.001511274,3.11e-08,"Drinking",TRUE,"reported","ptY7ya",2,TRUE,NA
"52","rs4690727","G","C","G","C",0.010816985,0.0178,0.718,0.724918,FALSE,TRUE,FALSE,"hksLxM",0.024,0.457,"outcome",TRUE,"reported","textfile",4,"143648579",0.001619716,2.43e-11,"Drinking",TRUE,"reported","ptY7ya",2,TRUE,NA
"53","rs4699791","A","G","A","G",0.018570721,0.0737,0.095726,0.09699,FALSE,FALSE,FALSE,"hksLxM",0.0361,0.0415,"outcome",TRUE,"reported","textfile",4,"101243023",0.002477197,6.58e-14,"Drinking",TRUE,"reported","ptY7ya",2,TRUE,NA
"54","rs4815364","A","G","A","G",0.008582356,0.0492,0.616,0.605628,FALSE,FALSE,FALSE,"hksLxM",0.0219,0.0248,"outcome",TRUE,"reported","textfile",20,"25035711",0.001498544,1.02e-08,"Drinking",TRUE,"reported","ptY7ya",2,TRUE,NA
"55","rs4842786","A","G","A","G",-0.008797801,0.0182,0.584,0.579209,FALSE,FALSE,FALSE,"hksLxM",0.0217,0.403,"outcome",TRUE,"reported","textfile",12,"92170791",0.001478674,2.73e-09,"Drinking",TRUE,"reported","ptY7ya",2,TRUE,NA
"56","rs4916723","C","A","C","A",-0.009952257,-0.0289,0.416,0.422845,FALSE,FALSE,FALSE,"hksLxM",0.0218,0.186,"outcome",TRUE,"reported","textfile",5,"87854395",0.001478674,1.72e-11,"Drinking",TRUE,"reported","ptY7ya",2,TRUE,NA
"57","rs4938230","A","C","A","C",0.012810377,0.0327,0.842,0.850643,FALSE,FALSE,FALSE,"hksLxM",0.03,0.275,"outcome",TRUE,"reported","textfile",11,"116075001",0.001998209,1.48e-10,"Drinking",TRUE,"reported","ptY7ya",2,TRUE,NA
"58","rs500321","T","A","T","A",-0.009669361,0.00841,0.736,0.728792,FALSE,TRUE,FALSE,"hksLxM",0.024,0.726,"outcome",TRUE,"reported","textfile",13,"27124360",0.001653426,4.92e-09,"Drinking",TRUE,"reported","ptY7ya",2,TRUE,NA
"59","rs5024204","T","A","T","A",0.009702711,-0.0521,0.278,0.269093,FALSE,TRUE,FALSE,"hksLxM",0.0241,0.0306,"outcome",TRUE,"reported","textfile",1,"71491890",0.001628467,2.55e-09,"Drinking",TRUE,"reported","ptY7ya",2,TRUE,NA
"60","rs55872084","T","G","T","G",0.009978744,0.0153,0.235,0.246251,FALSE,FALSE,FALSE,"hksLxM",0.0249,0.538,"outcome",TRUE,"reported","textfile",5,"155902003",0.001718941,6.32e-09,"Drinking",TRUE,"reported","ptY7ya",2,TRUE,NA
"61","rs55932213","G","A","G","A",0.009488271,0.00414,0.736387,0.745653,FALSE,FALSE,FALSE,"hksLxM",0.025,0.869,"outcome",TRUE,"reported","textfile",9,"108755622",0.001654204,9.55e-09,"Drinking",TRUE,"reported","ptY7ya",2,TRUE,NA
"62","rs56030824","A","G","A","G",-0.011601888,0.0127,0.322,0.321357,FALSE,FALSE,FALSE,"hksLxM",0.0228,0.579,"outcome",TRUE,"reported","textfile",11,"47397353",0.001562978,1.15e-13,"Drinking",TRUE,"reported","ptY7ya",2,TRUE,NA
"63","rs56337305","C","T","C","T",-0.009588381,-0.0137,0.383,0.378796,FALSE,FALSE,FALSE,"hksLxM",0.0221,0.535,"outcome",TRUE,"reported","textfile",2,"225475560",0.001499283,1.63e-10,"Drinking",TRUE,"reported","ptY7ya",2,TRUE,NA
"64","rs58107686","A","C","A","C",-0.009747126,0.00691,0.328,0.329031,FALSE,FALSE,FALSE,"hksLxM",0.0227,0.761,"outcome",TRUE,"reported","textfile",1,"33837334",0.00158537,7.79e-10,"Drinking",TRUE,"reported","ptY7ya",2,TRUE,NA
"65","rs62044525","G","C","G","C",-0.01217318,-0.0393,0.184,0.188815,FALSE,TRUE,FALSE,"hksLxM",0.0272,0.148,"outcome",TRUE,"reported","textfile",16,"64872590",0.001882851,1.03e-10,"Drinking",TRUE,"reported","ptY7ya",2,TRUE,NA
"66","rs62250685","G","A","G","A",-0.014357061,0.0363,0.614,0.620093,FALSE,FALSE,FALSE,"hksLxM",0.022,0.0989,"outcome",TRUE,"reported","textfile",3,"85457240",0.001500092,1.05e-21,"Drinking",TRUE,"reported","ptY7ya",2,TRUE,NA
"67","rs6460047","C","T","C","T",0.011623538,0.028,0.208,0.208575,FALSE,FALSE,FALSE,"hksLxM",0.0263,0.287,"outcome",TRUE,"reported","textfile",7,"73042443",0.00179569,9.69e-11,"Drinking",TRUE,"reported","ptY7ya",2,TRUE,NA
"68","rs6787172","G","T","G","T",-0.008030894,-0.00107,0.554,0.563105,FALSE,FALSE,FALSE,"hksLxM",0.0215,0.961,"outcome",TRUE,"reported","textfile",3,"158187811",0.001466234,4.27e-08,"Drinking",TRUE,"reported","ptY7ya",2,TRUE,NA
"69","rs682011","C","T","C","T",0.008212447,-0.0189,0.559,0.560146,FALSE,FALSE,FALSE,"hksLxM",0.0214,0.378,"outcome",TRUE,"reported","textfile",11,"121544285",0.001467913,2.22e-08,"Drinking",TRUE,"reported","ptY7ya",2,TRUE,NA
"70","rs6951574","C","T","C","T",0.013222216,-0.0162,0.458,0.466792,FALSE,FALSE,FALSE,"hksLxM",0.0216,0.452,"outcome",TRUE,"reported","textfile",7,"153489744",0.001462828,1.58e-19,"Drinking",TRUE,"reported","ptY7ya",2,TRUE,NA
"71","rs705687","G","A","G","A",-0.010904017,-0.0611,0.785,0.776498,FALSE,FALSE,FALSE,"hksLxM",0.0256,0.017,"outcome",TRUE,"reported","textfile",1,"4548453",0.001775889,8.15e-10,"Drinking",TRUE,"reported","ptY7ya",2,TRUE,NA
"72","rs7074871","A","G","A","G",-0.00939985,-0.00192,0.255,0.259991,FALSE,FALSE,FALSE,"hksLxM",0.0243,0.937,"outcome",TRUE,"reported","textfile",10,"110507806",0.001672158,1.86e-08,"Drinking",TRUE,"reported","ptY7ya",2,TRUE,NA
"73","rs7185555","C","G","C","G",-0.011100514,-0.0451,0.153,0.158254,FALSE,TRUE,FALSE,"hksLxM",0.0292,0.123,"outcome",TRUE,"reported","textfile",16,"69131281",0.002026667,4.24e-08,"Drinking",TRUE,"reported","ptY7ya",2,TRUE,NA
"74","rs72859280","T","G","T","G",0.022885324,-0.022,0.0362,0.037296,FALSE,FALSE,FALSE,"hksLxM",0.0574,0.702,"outcome",TRUE,"reported","textfile",2,"147956293",0.003901915,4.44e-09,"Drinking",TRUE,"reported","ptY7ya",2,TRUE,NA
"75","rs77165542","T","C","T","C",-0.026010899,-0.0711,0.0349,0.035452,FALSE,FALSE,FALSE,"hksLxM",0.0583,0.223,"outcome",TRUE,"reported","textfile",2,"430975",0.003971245,5.63e-11,"Drinking",TRUE,"reported","ptY7ya",2,TRUE,NA
"76","rs79139602","T","A","T","A",0.06027231,0.0554,0.021061,0.020063,FALSE,TRUE,FALSE,"hksLxM",0.0762,0.467,"outcome",TRUE,"reported","textfile",4,"100444363",0.005075844,1.8e-32,"Drinking",TRUE,"reported","ptY7ya",2,TRUE,NA
"77","rs7950166","T","C","T","C",-0.009799202,-0.0107,0.637,0.646708,FALSE,FALSE,FALSE,"hksLxM",0.0223,0.63,"outcome",TRUE,"reported","textfile",11,"8642218",0.001515663,9.89e-11,"Drinking",TRUE,"reported","ptY7ya",2,TRUE,NA
"78","rs79616692","C","G","C","G",0.016302272,0.0026,0.108,0.106493,FALSE,TRUE,FALSE,"hksLxM",0.0347,0.94,"outcome",TRUE,"reported","textfile",16,"72338507",0.002350583,4.11e-12,"Drinking",TRUE,"reported","ptY7ya",2,TRUE,NA
"79","rs823114","A","G","A","G",0.00876774,-0.0641,0.553,0.546147,FALSE,FALSE,FALSE,"hksLxM",0.0214,0.00275,"outcome",TRUE,"reported","textfile",1,"205719532",0.001467417,2.31e-09,"Drinking",TRUE,"reported","ptY7ya",2,TRUE,NA
"80","rs828867","A","G","A","G",0.008757157,0.0356,0.545,0.540512,FALSE,FALSE,FALSE,"hksLxM",0.0218,0.103,"outcome",TRUE,"reported","textfile",2,"74334462",0.001463597,2.15e-09,"Drinking",TRUE,"reported","ptY7ya",2,TRUE,NA
"81","rs9607814","A","C","A","C",-0.010181001,0.00831,0.2,0.194062,FALSE,FALSE,FALSE,"hksLxM",0.0271,0.759,"outcome",TRUE,"reported","textfile",22,"41946519",0.001858788,4.31e-08,"Drinking",TRUE,"reported","ptY7ya",2,TRUE,NA
"82","rs9838144","C","G","C","G",-0.009964223,-0.0424,0.209,0.212542,FALSE,TRUE,FALSE,"hksLxM",0.0264,0.109,"outcome",TRUE,"reported","textfile",3,"131576287",0.001792521,2.65e-08,"Drinking",TRUE,"reported","ptY7ya",2,TRUE,NA
"83","rs9950000","T","C","T","C",-0.009117697,-0.0202,0.395,0.398419,FALSE,FALSE,FALSE,"hksLxM",0.0219,0.358,"outcome",TRUE,"reported","textfile",18,"53052169",0.001490903,9.38e-10,"Drinking",TRUE,"reported","ptY7ya",2,TRUE,NA
