"","SNP","effect_allele.exposure","other_allele.exposure","effect_allele.outcome","other_allele.outcome","beta.exposure","beta.outcome","eaf.exposure","eaf.outcome","remove","palindromic","ambiguous","id.outcome","se.outcome","pval.outcome","outcome","mr_keep.outcome","pval_origin.outcome","data_source.outcome","chr.exposure","pos.exposure","se.exposure","pval.exposure","exposure","mr_keep.exposure","pval_origin.exposure","id.exposure","action","mr_keep","samplesize.outcome"
"1","rs10236149","G","A","G","A",-0.013498145,-0.00392,0.123,0.1243,FALSE,FALSE,FALSE,"9HokC7",0.0802,0.961,"outcome",TRUE,"reported","textfile",7,"98977515",0.002219081,1.18e-09,"Drinking",TRUE,"reported","ptY7ya",2,TRUE,NA
"2","rs10438820","T","C","T","C",0.008971778,-0.0225,0.702,0.698071,FALSE,FALSE,FALSE,"9HokC7",0.0575,0.695,"outcome",TRUE,"reported","textfile",17,"78524597",0.001593488,1.76e-08,"Drinking",TRUE,"reported","ptY7ya",2,TRUE,NA
"3","rs10506274","T","G","T","G",-0.009037403,-0.0272,0.484,0.488518,FALSE,FALSE,FALSE,"9HokC7",0.0529,0.607,"outcome",TRUE,"reported","textfile",12,"81601464",0.001458405,5.78e-10,"Drinking",TRUE,"reported","ptY7ya",2,TRUE,NA
"4","rs10750025","T","C","T","C",0.010321447,0.13,0.686,0.682948,FALSE,FALSE,FALSE,"9HokC7",0.0572,0.0236,"outcome",TRUE,"reported","textfile",11,"113424042",0.001570358,4.89e-11,"Drinking",TRUE,"reported","ptY7ya",2,TRUE,NA
"5","rs10753661","A","G","A","G",-0.008638128,-0.0829,0.684,0.685415,FALSE,FALSE,FALSE,"9HokC7",0.0571,0.147,"outcome",TRUE,"reported","textfile",1,"165119792",0.001569272,3.76e-08,"Drinking",TRUE,"reported","ptY7ya",2,TRUE,NA
"6","rs10876188","T","C","T","C",-0.007986853,0.0109,0.457,0.46129,FALSE,FALSE,FALSE,"9HokC7",0.0532,0.837,"outcome",TRUE,"reported","textfile",12,"51895882",0.001463078,4.84e-08,"Drinking",TRUE,"reported","ptY7ya",2,TRUE,NA
"7","rs10978550","C","T","C","T",-0.011748331,0.0372,0.206,0.201274,FALSE,FALSE,FALSE,"9HokC7",0.0661,0.573,"outcome",TRUE,"reported","textfile",9,"109345993",0.001802112,7.15e-11,"Drinking",TRUE,"reported","ptY7ya",2,TRUE,NA
"8","rs11030084","T","C","T","C",-0.010606819,-0.00434,0.184,0.186788,FALSE,FALSE,FALSE,"9HokC7",0.068,0.949,"outcome",TRUE,"reported","textfile",11,"27643725",0.001880926,1.72e-08,"Drinking",TRUE,"reported","ptY7ya",2,TRUE,NA
"9","rs1104608","C","G","C","G",-0.010974988,0.0139,0.425,0.42605,FALSE,TRUE,TRUE,"9HokC7",0.054,0.798,"outcome",TRUE,"reported","textfile",16,"73912588",0.001475848,1.05e-13,"Drinking",TRUE,"reported","ptY7ya",2,FALSE,NA
"10","rs1123285","G","C","G","C",-0.008897365,0.104,0.335,0.327651,FALSE,TRUE,FALSE,"9HokC7",0.0569,0.0676,"outcome",TRUE,"reported","textfile",14,"57274519",0.00154416,8.14e-09,"Drinking",TRUE,"reported","ptY7ya",2,TRUE,NA
"11","rs113443718","A","G","A","G",-0.010208258,-0.0662,0.305,0.309546,FALSE,FALSE,FALSE,"9HokC7",0.0574,0.249,"outcome",TRUE,"reported","textfile",16,"29892184",0.001584629,1.19e-10,"Drinking",TRUE,"reported","ptY7ya",2,TRUE,NA
"12","rs11625650","A","G","A","G",-0.009568091,-0.0518,0.233,0.240624,FALSE,FALSE,FALSE,"9HokC7",0.062,0.404,"outcome",TRUE,"reported","textfile",14,"104610138",0.00172405,2.89e-08,"Drinking",TRUE,"reported","ptY7ya",2,TRUE,NA
"13","rs11692435","A","G","A","G",0.017449894,0.0857,0.0852,0.084616,FALSE,FALSE,FALSE,"9HokC7",0.0997,0.39,"outcome",TRUE,"reported","textfile",2,"98275354",0.00261585,2.53e-11,"Drinking",TRUE,"reported","ptY7ya",2,TRUE,NA
"14","rs11940694","G","A","G","A",0.025949908,-0.0368,0.597,0.605335,FALSE,FALSE,FALSE,"9HokC7",0.0547,0.502,"outcome",TRUE,"reported","textfile",4,"39414993",0.001485887,3.03e-68,"Drinking",TRUE,"reported","ptY7ya",2,TRUE,NA
"15","rs12088813","C","A","C","A",-0.009329047,-0.0618,0.267,0.27217,FALSE,FALSE,FALSE,"9HokC7",0.0596,0.299,"outcome",TRUE,"reported","textfile",1,"66407700",0.001649158,1.58e-08,"Drinking",TRUE,"reported","ptY7ya",2,TRUE,NA
"16","rs1217091","C","T","C","T",0.012160827,0.0345,0.812,0.80941,FALSE,FALSE,FALSE,"9HokC7",0.0677,0.61,"outcome",TRUE,"reported","textfile",8,"64527399",0.001865386,7.05e-11,"Drinking",TRUE,"reported","ptY7ya",2,TRUE,NA
"17","rs1229984","C","T","C","T",0.150533575,0.334,0.963,0.977571,FALSE,FALSE,FALSE,"9HokC7",0.178,0.0608,"outcome",TRUE,"reported","textfile",4,"100239319",0.003861105,1e-200,"Drinking",TRUE,"reported","ptY7ya",2,TRUE,NA
"18","rs1260326","C","T","C","T",0.020889835,0.047,0.601,0.607526,FALSE,FALSE,FALSE,"9HokC7",0.0542,0.386,"outcome",TRUE,"reported","textfile",2,"27730940",0.001488339,8.05e-45,"Drinking",TRUE,"reported","ptY7ya",2,TRUE,NA
"19","rs12651313","G","C","G","C",-0.008642927,-0.00358,0.443,0.447744,FALSE,TRUE,TRUE,"9HokC7",0.0534,0.947,"outcome",TRUE,"reported","textfile",4,"171086393",0.001467223,3.79e-09,"Drinking",TRUE,"reported","ptY7ya",2,FALSE,NA
"20","rs12655091","A","G","A","G",-0.008312109,-0.0781,0.53,0.537452,FALSE,FALSE,FALSE,"9HokC7",0.0531,0.142,"outcome",TRUE,"reported","textfile",5,"144412335",0.001460289,1.25e-08,"Drinking",TRUE,"reported","ptY7ya",2,TRUE,NA
"21","rs12795042","C","A","C","A",-0.008319009,0.0386,0.623,0.623674,FALSE,FALSE,FALSE,"9HokC7",0.0554,0.486,"outcome",TRUE,"reported","textfile",11,"133658168",0.001503872,3.25e-08,"Drinking",TRUE,"reported","ptY7ya",2,TRUE,NA
"22","rs12907323","G","A","G","A",0.008496596,-0.0682,0.411,0.399825,FALSE,FALSE,FALSE,"9HokC7",0.0541,0.207,"outcome",TRUE,"reported","textfile",15,"86796012",0.001481314,9.93e-09,"Drinking",TRUE,"reported","ptY7ya",2,TRUE,NA
"23","rs13024996","A","C","A","C",-0.010912645,-0.0182,0.364,0.371426,FALSE,FALSE,FALSE,"9HokC7",0.0548,0.74,"outcome",TRUE,"reported","textfile",2,"144225215",0.001514769,5.72e-13,"Drinking",TRUE,"reported","ptY7ya",2,TRUE,NA
"24","rs13032049","G","A","G","A",0.01019455,-0.0544,0.283,0.278163,FALSE,FALSE,FALSE,"9HokC7",0.0592,0.358,"outcome",TRUE,"reported","textfile",2,"63581507",0.001617979,3e-10,"Drinking",TRUE,"reported","ptY7ya",2,TRUE,NA
"25","rs13066454","T","C","T","C",-0.008775946,9.14e-05,0.398,0.402192,FALSE,FALSE,FALSE,"9HokC7",0.0541,0.999,"outcome",TRUE,"reported","textfile",3,"93994255",0.001491956,4.13e-09,"Drinking",TRUE,"reported","ptY7ya",2,TRUE,NA
"26","rs13094887","T","A","T","A",-0.010309671,-0.031,0.301,0.300608,FALSE,TRUE,FALSE,"9HokC7",0.0579,0.593,"outcome",TRUE,"reported","textfile",3,"70968431",0.001588926,8.57e-11,"Drinking",TRUE,"reported","ptY7ya",2,TRUE,NA
"27","rs13107325","T","C","T","C",-0.027504515,0.169,0.0722,0.074377,FALSE,FALSE,FALSE,"9HokC7",0.1,0.0913,"outcome",TRUE,"reported","textfile",4,"103188709",0.002815982,1.53e-22,"Drinking",TRUE,"reported","ptY7ya",2,TRUE,NA
"28","rs13250583","T","C","T","C",-0.009717545,0.0519,0.213,0.214732,FALSE,FALSE,FALSE,"9HokC7",0.0648,0.423,"outcome",TRUE,"reported","textfile",8,"20949917",0.001780116,4.7e-08,"Drinking",TRUE,"reported","ptY7ya",2,TRUE,NA
"29","rs13383034","T","C","T","C",0.014926977,0.0475,0.329,0.30829,FALSE,FALSE,FALSE,"9HokC7",0.0575,0.409,"outcome",TRUE,"reported","textfile",2,"45155276",0.001551195,6.31e-22,"Drinking",TRUE,"reported","ptY7ya",2,TRUE,NA
"30","rs1713676","G","A","G","A",-0.007991984,0.039,0.522454,0.521897,FALSE,FALSE,FALSE,"9HokC7",0.0531,0.462,"outcome",TRUE,"reported","textfile",11,"113660576",0.00145913,4.29e-08,"Drinking",TRUE,"reported","ptY7ya",2,TRUE,NA
"31","rs17177078","T","C","T","C",-0.02231549,-0.0378,0.0626,0.055973,FALSE,FALSE,FALSE,"9HokC7",0.116,0.744,"outcome",TRUE,"reported","textfile",16,"24810681",0.003011759,1.27e-13,"Drinking",TRUE,"reported","ptY7ya",2,TRUE,NA
"32","rs17665139","T","C","T","C",-0.011560138,-0.0041,0.149,0.151734,FALSE,FALSE,FALSE,"9HokC7",0.0739,0.956,"outcome",TRUE,"reported","textfile",10,"125093880",0.002046764,1.59e-08,"Drinking",TRUE,"reported","ptY7ya",2,TRUE,NA
"33","rs2011092","C","T","C","T",-0.008900405,-0.0194,0.338643,0.345675,FALSE,FALSE,FALSE,"9HokC7",0.0557,0.727,"outcome",TRUE,"reported","textfile",3,"141124607",0.001540056,7.35e-09,"Drinking",TRUE,"reported","ptY7ya",2,TRUE,NA
"34","rs2165670","A","G","A","G",0.02308038,-0.0458,0.106337,0.10234,FALSE,FALSE,FALSE,"9HokC7",0.0881,0.603,"outcome",TRUE,"reported","textfile",4,"100286085",0.002364267,1.67e-22,"Drinking",TRUE,"reported","ptY7ya",2,TRUE,NA
"35","rs2180870","C","T","C","T",-0.012177537,0.116,0.135,0.131168,FALSE,FALSE,FALSE,"9HokC7",0.0788,0.14,"outcome",TRUE,"reported","textfile",14,"58782779",0.002132803,1.12e-08,"Drinking",TRUE,"reported","ptY7ya",2,TRUE,NA
"36","rs2472297","T","C","T","C",0.010606047,0.0854,0.249,0.267009,FALSE,FALSE,FALSE,"9HokC7",0.0598,0.153,"outcome",TRUE,"reported","textfile",15,"75027880",0.001685411,3.1e-10,"Drinking",TRUE,"reported","ptY7ya",2,TRUE,NA
"37","rs2764771","A","G","A","G",0.009890596,0.116,0.307,0.298201,FALSE,FALSE,FALSE,"9HokC7",0.0579,0.0443,"outcome",TRUE,"reported","textfile",16,"20013793",0.001581736,4.02e-10,"Drinking",TRUE,"reported","ptY7ya",2,TRUE,NA
"38","rs281379","A","G","A","G",0.013722336,0.0241,0.508,0.523989,FALSE,FALSE,FALSE,"9HokC7",0.0532,0.651,"outcome",TRUE,"reported","textfile",19,"49214274",0.001457844,4.91e-21,"Drinking",TRUE,"reported","ptY7ya",2,TRUE,NA
"39","rs2854334","G","A","G","A",0.009220984,-0.0487,0.615,0.614282,FALSE,FALSE,FALSE,"9HokC7",0.0547,0.374,"outcome",TRUE,"reported","textfile",17,"29715500",0.001497813,7.51e-10,"Drinking",TRUE,"reported","ptY7ya",2,TRUE,NA
"40","rs28601761","G","C","G","C",0.009102878,-0.0235,0.42,0.420605,FALSE,TRUE,TRUE,"9HokC7",0.0543,0.665,"outcome",TRUE,"reported","textfile",8,"126500031",0.001476682,7.17e-10,"Drinking",TRUE,"reported","ptY7ya",2,FALSE,NA
"41","rs28680958","A","G","A","G",-0.010996457,-0.00875,0.217,0.214879,FALSE,FALSE,FALSE,"9HokC7",0.0644,0.892,"outcome",TRUE,"reported","textfile",1,"173848808",0.001769942,5.13e-10,"Drinking",TRUE,"reported","ptY7ya",2,TRUE,NA
"42","rs28929474","T","C","T","C",-0.036799624,-0.126,0.0183,0.020304,FALSE,FALSE,FALSE,"9HokC7",0.187,0.5,"outcome",TRUE,"reported","textfile",14,"94844947",0.005437642,1.34e-11,"Drinking",TRUE,"reported","ptY7ya",2,TRUE,NA
"43","rs35034355","A","G","A","G",-0.008096817,0.0184,0.521,0.531248,FALSE,FALSE,FALSE,"9HokC7",0.053,0.729,"outcome",TRUE,"reported","textfile",7,"103840115",0.001458945,2.87e-08,"Drinking",TRUE,"reported","ptY7ya",2,TRUE,NA
"44","rs36052336","G","A","G","A",-0.018428809,0.275,0.061496,0.065865,FALSE,FALSE,FALSE,"9HokC7",0.109,0.0114,"outcome",TRUE,"reported","textfile",4,"100273594",0.00303378,1.23e-09,"Drinking",TRUE,"reported","ptY7ya",2,TRUE,NA
"45","rs3748034","T","G","T","G",-0.011740341,-0.126,0.143,0.141284,FALSE,FALSE,FALSE,"9HokC7",0.076,0.0968,"outcome",TRUE,"reported","textfile",4,"3446091",0.002081935,1.67e-08,"Drinking",TRUE,"reported","ptY7ya",2,TRUE,NA
"46","rs378421","A","G","A","G",-0.011205474,-0.0582,0.404,0.418132,FALSE,FALSE,FALSE,"9HokC7",0.054,0.282,"outcome",TRUE,"reported","textfile",16,"28754684",0.001486812,4.83e-14,"Drinking",TRUE,"reported","ptY7ya",2,TRUE,NA
"47","rs3803800","G","A","G","A",0.011378876,0.0431,0.786,0.788804,FALSE,FALSE,FALSE,"9HokC7",0.0648,0.506,"outcome",TRUE,"reported","textfile",17,"7462969",0.001777082,1.5e-10,"Drinking",TRUE,"reported","ptY7ya",2,TRUE,NA
"48","rs3809162","G","A","G","A",0.009060925,0.0959,0.397,0.409095,FALSE,FALSE,FALSE,"9HokC7",0.0539,0.0752,"outcome",TRUE,"reported","textfile",12,"54674235",0.001489607,1.19e-09,"Drinking",TRUE,"reported","ptY7ya",2,TRUE,NA
"49","rs4092465","G","A","G","A",-0.008291878,0.042,0.635,0.648804,FALSE,FALSE,FALSE,"9HokC7",0.0558,0.452,"outcome",TRUE,"reported","textfile",18,"55080437",0.001513883,4.39e-08,"Drinking",TRUE,"reported","ptY7ya",2,TRUE,NA
"50","rs4501255","G","C","G","C",0.010693415,-0.0197,0.235,0.237724,FALSE,TRUE,FALSE,"9HokC7",0.0622,0.752,"outcome",TRUE,"reported","textfile",4,"42151306",0.001718941,4.83e-10,"Drinking",TRUE,"reported","ptY7ya",2,TRUE,NA
"51","rs4548913","A","G","A","G",-0.008359953,-0.123,0.632,0.638447,FALSE,FALSE,FALSE,"9HokC7",0.0553,0.026,"outcome",TRUE,"reported","textfile",17,"2209888",0.001511274,3.11e-08,"Drinking",TRUE,"reported","ptY7ya",2,TRUE,NA
"52","rs4690727","G","C","G","C",0.010816985,0.00191,0.718,0.724693,FALSE,TRUE,FALSE,"9HokC7",0.0595,0.974,"outcome",TRUE,"reported","textfile",4,"143648579",0.001619716,2.43e-11,"Drinking",TRUE,"reported","ptY7ya",2,TRUE,NA
"53","rs4699791","A","G","A","G",0.018570721,0.0115,0.095726,0.096969,FALSE,FALSE,FALSE,"9HokC7",0.0896,0.898,"outcome",TRUE,"reported","textfile",4,"101243023",0.002477197,6.58e-14,"Drinking",TRUE,"reported","ptY7ya",2,TRUE,NA
"54","rs4815364","A","G","A","G",0.008582356,-0.0843,0.616,0.605272,FALSE,FALSE,FALSE,"9HokC7",0.0544,0.121,"outcome",TRUE,"reported","textfile",20,"25035711",0.001498544,1.02e-08,"Drinking",TRUE,"reported","ptY7ya",2,TRUE,NA
"55","rs4842786","A","G","A","G",-0.008797801,0.0742,0.584,0.579064,FALSE,FALSE,FALSE,"9HokC7",0.0539,0.168,"outcome",TRUE,"reported","textfile",12,"92170791",0.001478674,2.73e-09,"Drinking",TRUE,"reported","ptY7ya",2,TRUE,NA
"56","rs4916723","C","A","C","A",-0.009952257,-0.0269,0.416,0.422938,FALSE,FALSE,FALSE,"9HokC7",0.0542,0.62,"outcome",TRUE,"reported","textfile",5,"87854395",0.001478674,1.72e-11,"Drinking",TRUE,"reported","ptY7ya",2,TRUE,NA
"57","rs4938230","A","C","A","C",0.012810377,0.0394,0.842,0.850545,FALSE,FALSE,FALSE,"9HokC7",0.0744,0.596,"outcome",TRUE,"reported","textfile",11,"116075001",0.001998209,1.48e-10,"Drinking",TRUE,"reported","ptY7ya",2,TRUE,NA
"58","rs500321","T","A","T","A",-0.009669361,-0.0811,0.736,0.728817,FALSE,TRUE,FALSE,"9HokC7",0.0596,0.174,"outcome",TRUE,"reported","textfile",13,"27124360",0.001653426,4.92e-09,"Drinking",TRUE,"reported","ptY7ya",2,TRUE,NA
"59","rs5024204","T","A","T","A",0.009702711,0.00484,0.278,0.269254,FALSE,TRUE,FALSE,"9HokC7",0.0598,0.936,"outcome",TRUE,"reported","textfile",1,"71491890",0.001628467,2.55e-09,"Drinking",TRUE,"reported","ptY7ya",2,TRUE,NA
"60","rs55872084","T","G","T","G",0.009978744,-0.0506,0.235,0.246155,FALSE,FALSE,FALSE,"9HokC7",0.0617,0.412,"outcome",TRUE,"reported","textfile",5,"155902003",0.001718941,6.32e-09,"Drinking",TRUE,"reported","ptY7ya",2,TRUE,NA
"61","rs55932213","G","A","G","A",0.009488271,0.118,0.736387,0.745714,FALSE,FALSE,FALSE,"9HokC7",0.0621,0.0563,"outcome",TRUE,"reported","textfile",9,"108755622",0.001654204,9.55e-09,"Drinking",TRUE,"reported","ptY7ya",2,TRUE,NA
"62","rs56030824","A","G","A","G",-0.011601888,0.0121,0.322,0.321389,FALSE,FALSE,FALSE,"9HokC7",0.0567,0.831,"outcome",TRUE,"reported","textfile",11,"47397353",0.001562978,1.15e-13,"Drinking",TRUE,"reported","ptY7ya",2,TRUE,NA
"63","rs56337305","C","T","C","T",-0.009588381,-0.0744,0.383,0.378683,FALSE,FALSE,FALSE,"9HokC7",0.0549,0.175,"outcome",TRUE,"reported","textfile",2,"225475560",0.001499283,1.63e-10,"Drinking",TRUE,"reported","ptY7ya",2,TRUE,NA
"64","rs58107686","A","C","A","C",-0.009747126,-0.118,0.328,0.328862,FALSE,FALSE,FALSE,"9HokC7",0.0564,0.0366,"outcome",TRUE,"reported","textfile",1,"33837334",0.00158537,7.79e-10,"Drinking",TRUE,"reported","ptY7ya",2,TRUE,NA
"65","rs62044525","G","C","G","C",-0.01217318,-0.0388,0.184,0.188841,FALSE,TRUE,FALSE,"9HokC7",0.0675,0.566,"outcome",TRUE,"reported","textfile",16,"64872590",0.001882851,1.03e-10,"Drinking",TRUE,"reported","ptY7ya",2,TRUE,NA
"66","rs62250685","G","A","G","A",-0.014357061,0.0153,0.614,0.619659,FALSE,FALSE,FALSE,"9HokC7",0.0545,0.779,"outcome",TRUE,"reported","textfile",3,"85457240",0.001500092,1.05e-21,"Drinking",TRUE,"reported","ptY7ya",2,TRUE,NA
"67","rs6460047","C","T","C","T",0.011623538,0.137,0.208,0.208584,FALSE,FALSE,FALSE,"9HokC7",0.0653,0.0359,"outcome",TRUE,"reported","textfile",7,"73042443",0.00179569,9.69e-11,"Drinking",TRUE,"reported","ptY7ya",2,TRUE,NA
"68","rs6787172","G","T","G","T",-0.008030894,-0.0271,0.554,0.563031,FALSE,FALSE,FALSE,"9HokC7",0.0534,0.611,"outcome",TRUE,"reported","textfile",3,"158187811",0.001466234,4.27e-08,"Drinking",TRUE,"reported","ptY7ya",2,TRUE,NA
"69","rs682011","C","T","C","T",0.008212447,-0.00314,0.559,0.560614,FALSE,FALSE,FALSE,"9HokC7",0.0531,0.953,"outcome",TRUE,"reported","textfile",11,"121544285",0.001467913,2.22e-08,"Drinking",TRUE,"reported","ptY7ya",2,TRUE,NA
"70","rs6951574","C","T","C","T",0.013222216,-0.00847,0.458,0.467059,FALSE,FALSE,FALSE,"9HokC7",0.0536,0.874,"outcome",TRUE,"reported","textfile",7,"153489744",0.001462828,1.58e-19,"Drinking",TRUE,"reported","ptY7ya",2,TRUE,NA
"71","rs705687","G","A","G","A",-0.010904017,-0.0499,0.785,0.776442,FALSE,FALSE,FALSE,"9HokC7",0.0635,0.432,"outcome",TRUE,"reported","textfile",1,"4548453",0.001775889,8.15e-10,"Drinking",TRUE,"reported","ptY7ya",2,TRUE,NA
"72","rs7074871","A","G","A","G",-0.00939985,-0.0907,0.255,0.259778,FALSE,FALSE,FALSE,"9HokC7",0.0605,0.134,"outcome",TRUE,"reported","textfile",10,"110507806",0.001672158,1.86e-08,"Drinking",TRUE,"reported","ptY7ya",2,TRUE,NA
"73","rs7185555","C","G","C","G",-0.011100514,-0.00744,0.153,0.158349,FALSE,TRUE,FALSE,"9HokC7",0.0724,0.918,"outcome",TRUE,"reported","textfile",16,"69131281",0.002026667,4.24e-08,"Drinking",TRUE,"reported","ptY7ya",2,TRUE,NA
"74","rs72859280","T","G","T","G",0.022885324,-0.118,0.0362,0.037297,FALSE,FALSE,FALSE,"9HokC7",0.143,0.41,"outcome",TRUE,"reported","textfile",2,"147956293",0.003901915,4.44e-09,"Drinking",TRUE,"reported","ptY7ya",2,TRUE,NA
"75","rs77165542","T","C","T","C",-0.026010899,-0.227,0.0349,0.035496,FALSE,FALSE,FALSE,"9HokC7",0.144,0.116,"outcome",TRUE,"reported","textfile",2,"430975",0.003971245,5.63e-11,"Drinking",TRUE,"reported","ptY7ya",2,TRUE,NA
"76","rs79139602","T","A","T","A",0.06027231,-0.0746,0.021061,0.020106,FALSE,TRUE,FALSE,"9HokC7",0.189,0.692,"outcome",TRUE,"reported","textfile",4,"100444363",0.005075844,1.8e-32,"Drinking",TRUE,"reported","ptY7ya",2,TRUE,NA
"77","rs7950166","T","C","T","C",-0.009799202,0.00355,0.637,0.646812,FALSE,FALSE,FALSE,"9HokC7",0.0554,0.949,"outcome",TRUE,"reported","textfile",11,"8642218",0.001515663,9.89e-11,"Drinking",TRUE,"reported","ptY7ya",2,TRUE,NA
"78","rs79616692","C","G","C","G",0.016302272,-0.00549,0.108,0.106489,FALSE,TRUE,FALSE,"9HokC7",0.086,0.949,"outcome",TRUE,"reported","textfile",16,"72338507",0.002350583,4.11e-12,"Drinking",TRUE,"reported","ptY7ya",2,TRUE,NA
"79","rs823114","A","G","A","G",0.00876774,-0.00558,0.553,0.546392,FALSE,FALSE,FALSE,"9HokC7",0.0532,0.916,"outcome",TRUE,"reported","textfile",1,"205719532",0.001467417,2.31e-09,"Drinking",TRUE,"reported","ptY7ya",2,TRUE,NA
"80","rs828867","A","G","A","G",0.008757157,0.0485,0.545,0.540414,FALSE,FALSE,FALSE,"9HokC7",0.0541,0.37,"outcome",TRUE,"reported","textfile",2,"74334462",0.001463597,2.15e-09,"Drinking",TRUE,"reported","ptY7ya",2,TRUE,NA
"81","rs9607814","A","C","A","C",-0.010181001,-0.103,0.2,0.194143,FALSE,FALSE,FALSE,"9HokC7",0.0671,0.124,"outcome",TRUE,"reported","textfile",22,"41946519",0.001858788,4.31e-08,"Drinking",TRUE,"reported","ptY7ya",2,TRUE,NA
"82","rs9838144","C","G","C","G",-0.009964223,0.0394,0.209,0.212671,FALSE,TRUE,FALSE,"9HokC7",0.0656,0.548,"outcome",TRUE,"reported","textfile",3,"131576287",0.001792521,2.65e-08,"Drinking",TRUE,"reported","ptY7ya",2,TRUE,NA
"83","rs9950000","T","C","T","C",-0.009117697,-0.0521,0.395,0.398481,FALSE,FALSE,FALSE,"9HokC7",0.0544,0.338,"outcome",TRUE,"reported","textfile",18,"53052169",0.001490903,9.38e-10,"Drinking",TRUE,"reported","ptY7ya",2,TRUE,NA
