"","SNP","effect_allele.exposure","other_allele.exposure","effect_allele.outcome","other_allele.outcome","beta.exposure","beta.outcome","eaf.exposure","eaf.outcome","remove","palindromic","ambiguous","id.outcome","se.outcome","pval.outcome","outcome","mr_keep.outcome","pval_origin.outcome","data_source.outcome","chr.exposure","pos.exposure","se.exposure","pval.exposure","exposure","mr_keep.exposure","pval_origin.exposure","id.exposure","action","mr_keep","samplesize.outcome"
"1","rs10236149","G","A","G","A",-0.013498145,-0.00356,0.123,0.12456,FALSE,FALSE,FALSE,"3NGGKT",0.0294,0.904,"outcome",TRUE,"reported","textfile",7,"98977515",0.002219081,1.18e-09,"Drinking",TRUE,"reported","ptY7ya",2,TRUE,NA
"2","rs10438820","T","C","T","C",0.008971778,-0.00489,0.702,0.697824,FALSE,FALSE,FALSE,"3NGGKT",0.0211,0.817,"outcome",TRUE,"reported","textfile",17,"78524597",0.001593488,1.76e-08,"Drinking",TRUE,"reported","ptY7ya",2,TRUE,NA
"3","rs10506274","T","G","T","G",-0.009037403,-0.00559,0.484,0.488294,FALSE,FALSE,FALSE,"3NGGKT",0.0194,0.773,"outcome",TRUE,"reported","textfile",12,"81601464",0.001458405,5.78e-10,"Drinking",TRUE,"reported","ptY7ya",2,TRUE,NA
"4","rs10750025","T","C","T","C",0.010321447,0.0214,0.686,0.682204,FALSE,FALSE,FALSE,"3NGGKT",0.0209,0.306,"outcome",TRUE,"reported","textfile",11,"113424042",0.001570358,4.89e-11,"Drinking",TRUE,"reported","ptY7ya",2,TRUE,NA
"5","rs10753661","A","G","A","G",-0.008638128,0.0352,0.684,0.685585,FALSE,FALSE,FALSE,"3NGGKT",0.0209,0.0919,"outcome",TRUE,"reported","textfile",1,"165119792",0.001569272,3.76e-08,"Drinking",TRUE,"reported","ptY7ya",2,TRUE,NA
"6","rs10876188","T","C","T","C",-0.007986853,-0.0157,0.457,0.461251,FALSE,FALSE,FALSE,"3NGGKT",0.0194,0.42,"outcome",TRUE,"reported","textfile",12,"51895882",0.001463078,4.84e-08,"Drinking",TRUE,"reported","ptY7ya",2,TRUE,NA
"7","rs10978550","C","T","C","T",-0.011748331,-0.0354,0.206,0.201309,FALSE,FALSE,FALSE,"3NGGKT",0.0242,0.144,"outcome",TRUE,"reported","textfile",9,"109345993",0.001802112,7.15e-11,"Drinking",TRUE,"reported","ptY7ya",2,TRUE,NA
"8","rs11030084","T","C","T","C",-0.010606819,0.014,0.184,0.186673,FALSE,FALSE,FALSE,"3NGGKT",0.0249,0.576,"outcome",TRUE,"reported","textfile",11,"27643725",0.001880926,1.72e-08,"Drinking",TRUE,"reported","ptY7ya",2,TRUE,NA
"9","rs1104608","C","G","C","G",-0.010974988,0.0158,0.425,0.426734,FALSE,TRUE,TRUE,"3NGGKT",0.0198,0.424,"outcome",TRUE,"reported","textfile",16,"73912588",0.001475848,1.05e-13,"Drinking",TRUE,"reported","ptY7ya",2,FALSE,NA
"10","rs1123285","G","C","G","C",-0.008897365,-0.036,0.335,0.327414,FALSE,TRUE,FALSE,"3NGGKT",0.0209,0.0844,"outcome",TRUE,"reported","textfile",14,"57274519",0.00154416,8.14e-09,"Drinking",TRUE,"reported","ptY7ya",2,TRUE,NA
"11","rs113443718","A","G","A","G",-0.010208258,-0.00472,0.305,0.309175,FALSE,FALSE,FALSE,"3NGGKT",0.021,0.822,"outcome",TRUE,"reported","textfile",16,"29892184",0.001584629,1.19e-10,"Drinking",TRUE,"reported","ptY7ya",2,TRUE,NA
"12","rs11625650","A","G","A","G",-0.009568091,0.0378,0.233,0.241043,FALSE,FALSE,FALSE,"3NGGKT",0.0227,0.0956,"outcome",TRUE,"reported","textfile",14,"104610138",0.00172405,2.89e-08,"Drinking",TRUE,"reported","ptY7ya",2,TRUE,NA
"13","rs11692435","A","G","A","G",0.017449894,-0.0208,0.0852,0.08463,FALSE,FALSE,FALSE,"3NGGKT",0.0364,0.567,"outcome",TRUE,"reported","textfile",2,"98275354",0.00261585,2.53e-11,"Drinking",TRUE,"reported","ptY7ya",2,TRUE,NA
"14","rs11940694","G","A","G","A",0.025949908,0.00196,0.597,0.605008,FALSE,FALSE,FALSE,"3NGGKT",0.02,0.922,"outcome",TRUE,"reported","textfile",4,"39414993",0.001485887,3.03e-68,"Drinking",TRUE,"reported","ptY7ya",2,TRUE,NA
"15","rs12088813","C","A","C","A",-0.009329047,-0.0209,0.267,0.271994,FALSE,FALSE,FALSE,"3NGGKT",0.0218,0.337,"outcome",TRUE,"reported","textfile",1,"66407700",0.001649158,1.58e-08,"Drinking",TRUE,"reported","ptY7ya",2,TRUE,NA
"16","rs1217091","C","T","C","T",0.012160827,-0.0366,0.812,0.80918,FALSE,FALSE,FALSE,"3NGGKT",0.0247,0.139,"outcome",TRUE,"reported","textfile",8,"64527399",0.001865386,7.05e-11,"Drinking",TRUE,"reported","ptY7ya",2,TRUE,NA
"17","rs1229984","C","T","C","T",0.150533575,-0.0502,0.963,0.977515,FALSE,FALSE,FALSE,"3NGGKT",0.0662,0.449,"outcome",TRUE,"reported","textfile",4,"100239319",0.003861105,1e-200,"Drinking",TRUE,"reported","ptY7ya",2,TRUE,NA
"18","rs1260326","C","T","C","T",0.020889835,-0.0187,0.601,0.608184,FALSE,FALSE,FALSE,"3NGGKT",0.0198,0.347,"outcome",TRUE,"reported","textfile",2,"27730940",0.001488339,8.05e-45,"Drinking",TRUE,"reported","ptY7ya",2,TRUE,NA
"19","rs12651313","G","C","G","C",-0.008642927,0.00953,0.443,0.447799,FALSE,TRUE,TRUE,"3NGGKT",0.0196,0.626,"outcome",TRUE,"reported","textfile",4,"171086393",0.001467223,3.79e-09,"Drinking",TRUE,"reported","ptY7ya",2,FALSE,NA
"20","rs12655091","A","G","A","G",-0.008312109,0.0337,0.53,0.537459,FALSE,FALSE,FALSE,"3NGGKT",0.0195,0.0833,"outcome",TRUE,"reported","textfile",5,"144412335",0.001460289,1.25e-08,"Drinking",TRUE,"reported","ptY7ya",2,TRUE,NA
"21","rs12795042","C","A","C","A",-0.008319009,-0.0169,0.623,0.623794,FALSE,FALSE,FALSE,"3NGGKT",0.0202,0.405,"outcome",TRUE,"reported","textfile",11,"133658168",0.001503872,3.25e-08,"Drinking",TRUE,"reported","ptY7ya",2,TRUE,NA
"22","rs12907323","G","A","G","A",0.008496596,0.0287,0.411,0.399345,FALSE,FALSE,FALSE,"3NGGKT",0.0198,0.148,"outcome",TRUE,"reported","textfile",15,"86796012",0.001481314,9.93e-09,"Drinking",TRUE,"reported","ptY7ya",2,TRUE,NA
"23","rs13024996","A","C","A","C",-0.010912645,-0.000255,0.364,0.371665,FALSE,FALSE,FALSE,"3NGGKT",0.0201,0.99,"outcome",TRUE,"reported","textfile",2,"144225215",0.001514769,5.72e-13,"Drinking",TRUE,"reported","ptY7ya",2,TRUE,NA
"24","rs13032049","G","A","G","A",0.01019455,0.0496,0.283,0.277415,FALSE,FALSE,FALSE,"3NGGKT",0.0217,0.022,"outcome",TRUE,"reported","textfile",2,"63581507",0.001617979,3e-10,"Drinking",TRUE,"reported","ptY7ya",2,TRUE,NA
"25","rs13066454","T","C","T","C",-0.008775946,-0.0261,0.398,0.40268,FALSE,FALSE,FALSE,"3NGGKT",0.0198,0.187,"outcome",TRUE,"reported","textfile",3,"93994255",0.001491956,4.13e-09,"Drinking",TRUE,"reported","ptY7ya",2,TRUE,NA
"26","rs13094887","T","A","T","A",-0.010309671,-0.0133,0.301,0.300245,FALSE,TRUE,FALSE,"3NGGKT",0.0212,0.532,"outcome",TRUE,"reported","textfile",3,"70968431",0.001588926,8.57e-11,"Drinking",TRUE,"reported","ptY7ya",2,TRUE,NA
"27","rs13107325","T","C","T","C",-0.027504515,0.0714,0.0722,0.074328,FALSE,FALSE,FALSE,"3NGGKT",0.037,0.0535,"outcome",TRUE,"reported","textfile",4,"103188709",0.002815982,1.53e-22,"Drinking",TRUE,"reported","ptY7ya",2,TRUE,NA
"28","rs13250583","T","C","T","C",-0.009717545,0.0229,0.213,0.215008,FALSE,FALSE,FALSE,"3NGGKT",0.0237,0.332,"outcome",TRUE,"reported","textfile",8,"20949917",0.001780116,4.7e-08,"Drinking",TRUE,"reported","ptY7ya",2,TRUE,NA
"29","rs13383034","T","C","T","C",0.014926977,0.00368,0.329,0.307916,FALSE,FALSE,FALSE,"3NGGKT",0.0211,0.862,"outcome",TRUE,"reported","textfile",2,"45155276",0.001551195,6.31e-22,"Drinking",TRUE,"reported","ptY7ya",2,TRUE,NA
"30","rs1713676","G","A","G","A",-0.007991984,0.0147,0.522454,0.521525,FALSE,FALSE,FALSE,"3NGGKT",0.0194,0.449,"outcome",TRUE,"reported","textfile",11,"113660576",0.00145913,4.29e-08,"Drinking",TRUE,"reported","ptY7ya",2,TRUE,NA
"31","rs17177078","T","C","T","C",-0.02231549,-0.0119,0.0626,0.055878,FALSE,FALSE,FALSE,"3NGGKT",0.0425,0.78,"outcome",TRUE,"reported","textfile",16,"24810681",0.003011759,1.27e-13,"Drinking",TRUE,"reported","ptY7ya",2,TRUE,NA
"32","rs17665139","T","C","T","C",-0.011560138,0.0116,0.149,0.151902,FALSE,FALSE,FALSE,"3NGGKT",0.027,0.667,"outcome",TRUE,"reported","textfile",10,"125093880",0.002046764,1.59e-08,"Drinking",TRUE,"reported","ptY7ya",2,TRUE,NA
"33","rs2011092","C","T","C","T",-0.008900405,-0.0233,0.338643,0.345577,FALSE,FALSE,FALSE,"3NGGKT",0.0204,0.254,"outcome",TRUE,"reported","textfile",3,"141124607",0.001540056,7.35e-09,"Drinking",TRUE,"reported","ptY7ya",2,TRUE,NA
"34","rs2165670","A","G","A","G",0.02308038,0.0172,0.106337,0.102131,FALSE,FALSE,FALSE,"3NGGKT",0.032,0.591,"outcome",TRUE,"reported","textfile",4,"100286085",0.002364267,1.67e-22,"Drinking",TRUE,"reported","ptY7ya",2,TRUE,NA
"35","rs2180870","C","T","C","T",-0.012177537,-0.0458,0.135,0.13098,FALSE,FALSE,FALSE,"3NGGKT",0.0288,0.112,"outcome",TRUE,"reported","textfile",14,"58782779",0.002132803,1.12e-08,"Drinking",TRUE,"reported","ptY7ya",2,TRUE,NA
"36","rs2472297","T","C","T","C",0.010606047,0.00131,0.249,0.267028,FALSE,FALSE,FALSE,"3NGGKT",0.0219,0.952,"outcome",TRUE,"reported","textfile",15,"75027880",0.001685411,3.1e-10,"Drinking",TRUE,"reported","ptY7ya",2,TRUE,NA
"37","rs2764771","A","G","A","G",0.009890596,0.0317,0.307,0.298348,FALSE,FALSE,FALSE,"3NGGKT",0.0212,0.134,"outcome",TRUE,"reported","textfile",16,"20013793",0.001581736,4.02e-10,"Drinking",TRUE,"reported","ptY7ya",2,TRUE,NA
"38","rs281379","A","G","A","G",0.013722336,-0.0196,0.508,0.523631,FALSE,FALSE,FALSE,"3NGGKT",0.0195,0.315,"outcome",TRUE,"reported","textfile",19,"49214274",0.001457844,4.91e-21,"Drinking",TRUE,"reported","ptY7ya",2,TRUE,NA
"39","rs2854334","G","A","G","A",0.009220984,-0.00889,0.615,0.61361,FALSE,FALSE,FALSE,"3NGGKT",0.02,0.656,"outcome",TRUE,"reported","textfile",17,"29715500",0.001497813,7.51e-10,"Drinking",TRUE,"reported","ptY7ya",2,TRUE,NA
"40","rs28601761","G","C","G","C",0.009102878,-0.00576,0.42,0.420637,FALSE,TRUE,TRUE,"3NGGKT",0.0199,0.772,"outcome",TRUE,"reported","textfile",8,"126500031",0.001476682,7.17e-10,"Drinking",TRUE,"reported","ptY7ya",2,FALSE,NA
"41","rs28680958","A","G","A","G",-0.010996457,-0.0189,0.217,0.215472,FALSE,FALSE,FALSE,"3NGGKT",0.0236,0.424,"outcome",TRUE,"reported","textfile",1,"173848808",0.001769942,5.13e-10,"Drinking",TRUE,"reported","ptY7ya",2,TRUE,NA
"42","rs28929474","T","C","T","C",-0.036799624,-0.0518,0.0183,0.020333,FALSE,FALSE,FALSE,"3NGGKT",0.069,0.452,"outcome",TRUE,"reported","textfile",14,"94844947",0.005437642,1.34e-11,"Drinking",TRUE,"reported","ptY7ya",2,TRUE,NA
"43","rs35034355","A","G","A","G",-0.008096817,-0.0475,0.521,0.531501,FALSE,FALSE,FALSE,"3NGGKT",0.0194,0.0142,"outcome",TRUE,"reported","textfile",7,"103840115",0.001458945,2.87e-08,"Drinking",TRUE,"reported","ptY7ya",2,TRUE,NA
"44","rs36052336","G","A","G","A",-0.018428809,-0.00796,0.061496,0.065828,FALSE,FALSE,FALSE,"3NGGKT",0.0398,0.841,"outcome",TRUE,"reported","textfile",4,"100273594",0.00303378,1.23e-09,"Drinking",TRUE,"reported","ptY7ya",2,TRUE,NA
"45","rs3748034","T","G","T","G",-0.011740341,-0.00224,0.143,0.140847,FALSE,FALSE,FALSE,"3NGGKT",0.0279,0.936,"outcome",TRUE,"reported","textfile",4,"3446091",0.002081935,1.67e-08,"Drinking",TRUE,"reported","ptY7ya",2,TRUE,NA
"46","rs378421","A","G","A","G",-0.011205474,-0.00234,0.404,0.417885,FALSE,FALSE,FALSE,"3NGGKT",0.0198,0.906,"outcome",TRUE,"reported","textfile",16,"28754684",0.001486812,4.83e-14,"Drinking",TRUE,"reported","ptY7ya",2,TRUE,NA
"47","rs3803800","G","A","G","A",0.011378876,0.025,0.786,0.788598,FALSE,FALSE,FALSE,"3NGGKT",0.0237,0.293,"outcome",TRUE,"reported","textfile",17,"7462969",0.001777082,1.5e-10,"Drinking",TRUE,"reported","ptY7ya",2,TRUE,NA
"48","rs3809162","G","A","G","A",0.009060925,0.00952,0.397,0.409016,FALSE,FALSE,FALSE,"3NGGKT",0.0197,0.629,"outcome",TRUE,"reported","textfile",12,"54674235",0.001489607,1.19e-09,"Drinking",TRUE,"reported","ptY7ya",2,TRUE,NA
"49","rs4092465","G","A","G","A",-0.008291878,0.0235,0.635,0.648123,FALSE,FALSE,FALSE,"3NGGKT",0.0204,0.25,"outcome",TRUE,"reported","textfile",18,"55080437",0.001513883,4.39e-08,"Drinking",TRUE,"reported","ptY7ya",2,TRUE,NA
"50","rs4501255","G","C","G","C",0.010693415,-0.0356,0.235,0.23749,FALSE,TRUE,FALSE,"3NGGKT",0.0228,0.117,"outcome",TRUE,"reported","textfile",4,"42151306",0.001718941,4.83e-10,"Drinking",TRUE,"reported","ptY7ya",2,TRUE,NA
"51","rs4548913","A","G","A","G",-0.008359953,0.0309,0.632,0.638762,FALSE,FALSE,FALSE,"3NGGKT",0.0203,0.127,"outcome",TRUE,"reported","textfile",17,"2209888",0.001511274,3.11e-08,"Drinking",TRUE,"reported","ptY7ya",2,TRUE,NA
"52","rs4690727","G","C","G","C",0.010816985,0.0178,0.718,0.724787,FALSE,TRUE,FALSE,"3NGGKT",0.0218,0.413,"outcome",TRUE,"reported","textfile",4,"143648579",0.001619716,2.43e-11,"Drinking",TRUE,"reported","ptY7ya",2,TRUE,NA
"53","rs4699791","A","G","A","G",0.018570721,-0.0151,0.095726,0.09677,FALSE,FALSE,FALSE,"3NGGKT",0.0329,0.646,"outcome",TRUE,"reported","textfile",4,"101243023",0.002477197,6.58e-14,"Drinking",TRUE,"reported","ptY7ya",2,TRUE,NA
"54","rs4815364","A","G","A","G",0.008582356,-0.0168,0.616,0.605965,FALSE,FALSE,FALSE,"3NGGKT",0.0199,0.399,"outcome",TRUE,"reported","textfile",20,"25035711",0.001498544,1.02e-08,"Drinking",TRUE,"reported","ptY7ya",2,TRUE,NA
"55","rs4842786","A","G","A","G",-0.008797801,0.0169,0.584,0.579084,FALSE,FALSE,FALSE,"3NGGKT",0.0197,0.392,"outcome",TRUE,"reported","textfile",12,"92170791",0.001478674,2.73e-09,"Drinking",TRUE,"reported","ptY7ya",2,TRUE,NA
"56","rs4916723","C","A","C","A",-0.009952257,-0.0337,0.416,0.422912,FALSE,FALSE,FALSE,"3NGGKT",0.0198,0.0893,"outcome",TRUE,"reported","textfile",5,"87854395",0.001478674,1.72e-11,"Drinking",TRUE,"reported","ptY7ya",2,TRUE,NA
"57","rs4938230","A","C","A","C",0.012810377,-0.0742,0.842,0.850258,FALSE,FALSE,FALSE,"3NGGKT",0.0272,0.00646,"outcome",TRUE,"reported","textfile",11,"116075001",0.001998209,1.48e-10,"Drinking",TRUE,"reported","ptY7ya",2,TRUE,NA
"58","rs500321","T","A","T","A",-0.009669361,0.023,0.736,0.728724,FALSE,TRUE,FALSE,"3NGGKT",0.0218,0.291,"outcome",TRUE,"reported","textfile",13,"27124360",0.001653426,4.92e-09,"Drinking",TRUE,"reported","ptY7ya",2,TRUE,NA
"59","rs5024204","T","A","T","A",0.009702711,0.00402,0.278,0.269155,FALSE,TRUE,FALSE,"3NGGKT",0.0219,0.854,"outcome",TRUE,"reported","textfile",1,"71491890",0.001628467,2.55e-09,"Drinking",TRUE,"reported","ptY7ya",2,TRUE,NA
"60","rs55872084","T","G","T","G",0.009978744,-0.0114,0.235,0.246206,FALSE,FALSE,FALSE,"3NGGKT",0.0226,0.614,"outcome",TRUE,"reported","textfile",5,"155902003",0.001718941,6.32e-09,"Drinking",TRUE,"reported","ptY7ya",2,TRUE,NA
"61","rs55932213","G","A","G","A",0.009488271,0.0195,0.736387,0.746143,FALSE,FALSE,FALSE,"3NGGKT",0.0227,0.391,"outcome",TRUE,"reported","textfile",9,"108755622",0.001654204,9.55e-09,"Drinking",TRUE,"reported","ptY7ya",2,TRUE,NA
"62","rs56030824","A","G","A","G",-0.011601888,-6.61e-05,0.322,0.321436,FALSE,FALSE,FALSE,"3NGGKT",0.0207,0.997,"outcome",TRUE,"reported","textfile",11,"47397353",0.001562978,1.15e-13,"Drinking",TRUE,"reported","ptY7ya",2,TRUE,NA
"63","rs56337305","C","T","C","T",-0.009588381,-0.00304,0.383,0.378654,FALSE,FALSE,FALSE,"3NGGKT",0.0201,0.88,"outcome",TRUE,"reported","textfile",2,"225475560",0.001499283,1.63e-10,"Drinking",TRUE,"reported","ptY7ya",2,TRUE,NA
"64","rs58107686","A","C","A","C",-0.009747126,-0.000613,0.328,0.32895,FALSE,FALSE,FALSE,"3NGGKT",0.0206,0.976,"outcome",TRUE,"reported","textfile",1,"33837334",0.00158537,7.79e-10,"Drinking",TRUE,"reported","ptY7ya",2,TRUE,NA
"65","rs62044525","G","C","G","C",-0.01217318,0.00584,0.184,0.188541,FALSE,TRUE,FALSE,"3NGGKT",0.0248,0.814,"outcome",TRUE,"reported","textfile",16,"64872590",0.001882851,1.03e-10,"Drinking",TRUE,"reported","ptY7ya",2,TRUE,NA
"66","rs62250685","G","A","G","A",-0.014357061,0.0574,0.614,0.6203,FALSE,FALSE,FALSE,"3NGGKT",0.02,0.00406,"outcome",TRUE,"reported","textfile",3,"85457240",0.001500092,1.05e-21,"Drinking",TRUE,"reported","ptY7ya",2,TRUE,NA
"67","rs6460047","C","T","C","T",0.011623538,0.0295,0.208,0.208533,FALSE,FALSE,FALSE,"3NGGKT",0.0239,0.216,"outcome",TRUE,"reported","textfile",7,"73042443",0.00179569,9.69e-11,"Drinking",TRUE,"reported","ptY7ya",2,TRUE,NA
"68","rs6787172","G","T","G","T",-0.008030894,-0.0227,0.554,0.563271,FALSE,FALSE,FALSE,"3NGGKT",0.0196,0.245,"outcome",TRUE,"reported","textfile",3,"158187811",0.001466234,4.27e-08,"Drinking",TRUE,"reported","ptY7ya",2,TRUE,NA
"69","rs682011","C","T","C","T",0.008212447,0.0209,0.559,0.560395,FALSE,FALSE,FALSE,"3NGGKT",0.0195,0.283,"outcome",TRUE,"reported","textfile",11,"121544285",0.001467913,2.22e-08,"Drinking",TRUE,"reported","ptY7ya",2,TRUE,NA
"70","rs6951574","C","T","C","T",0.013222216,0.00961,0.458,0.466359,FALSE,FALSE,FALSE,"3NGGKT",0.0196,0.624,"outcome",TRUE,"reported","textfile",7,"153489744",0.001462828,1.58e-19,"Drinking",TRUE,"reported","ptY7ya",2,TRUE,NA
"71","rs705687","G","A","G","A",-0.010904017,-0.0135,0.785,0.77665,FALSE,FALSE,FALSE,"3NGGKT",0.0232,0.561,"outcome",TRUE,"reported","textfile",1,"4548453",0.001775889,8.15e-10,"Drinking",TRUE,"reported","ptY7ya",2,TRUE,NA
"72","rs7074871","A","G","A","G",-0.00939985,-0.00834,0.255,0.259923,FALSE,FALSE,FALSE,"3NGGKT",0.0221,0.706,"outcome",TRUE,"reported","textfile",10,"110507806",0.001672158,1.86e-08,"Drinking",TRUE,"reported","ptY7ya",2,TRUE,NA
"73","rs7185555","C","G","C","G",-0.011100514,0.0344,0.153,0.158485,FALSE,TRUE,FALSE,"3NGGKT",0.0265,0.194,"outcome",TRUE,"reported","textfile",16,"69131281",0.002026667,4.24e-08,"Drinking",TRUE,"reported","ptY7ya",2,TRUE,NA
"74","rs72859280","T","G","T","G",0.022885324,0.0173,0.0362,0.037263,FALSE,FALSE,FALSE,"3NGGKT",0.052,0.739,"outcome",TRUE,"reported","textfile",2,"147956293",0.003901915,4.44e-09,"Drinking",TRUE,"reported","ptY7ya",2,TRUE,NA
"75","rs77165542","T","C","T","C",-0.026010899,0.0663,0.0349,0.035554,FALSE,FALSE,FALSE,"3NGGKT",0.0528,0.209,"outcome",TRUE,"reported","textfile",2,"430975",0.003971245,5.63e-11,"Drinking",TRUE,"reported","ptY7ya",2,TRUE,NA
"76","rs79139602","T","A","T","A",0.06027231,0.0312,0.021061,0.020053,FALSE,TRUE,FALSE,"3NGGKT",0.0698,0.655,"outcome",TRUE,"reported","textfile",4,"100444363",0.005075844,1.8e-32,"Drinking",TRUE,"reported","ptY7ya",2,TRUE,NA
"77","rs7950166","T","C","T","C",-0.009799202,-0.0138,0.637,0.646555,FALSE,FALSE,FALSE,"3NGGKT",0.0203,0.495,"outcome",TRUE,"reported","textfile",11,"8642218",0.001515663,9.89e-11,"Drinking",TRUE,"reported","ptY7ya",2,TRUE,NA
"78","rs79616692","C","G","C","G",0.016302272,-0.0294,0.108,0.106445,FALSE,TRUE,FALSE,"3NGGKT",0.0315,0.35,"outcome",TRUE,"reported","textfile",16,"72338507",0.002350583,4.11e-12,"Drinking",TRUE,"reported","ptY7ya",2,TRUE,NA
"79","rs823114","A","G","A","G",0.00876774,0.0107,0.553,0.545822,FALSE,FALSE,FALSE,"3NGGKT",0.0195,0.581,"outcome",TRUE,"reported","textfile",1,"205719532",0.001467417,2.31e-09,"Drinking",TRUE,"reported","ptY7ya",2,TRUE,NA
"80","rs828867","A","G","A","G",0.008757157,-0.00988,0.545,0.540549,FALSE,FALSE,FALSE,"3NGGKT",0.0198,0.618,"outcome",TRUE,"reported","textfile",2,"74334462",0.001463597,2.15e-09,"Drinking",TRUE,"reported","ptY7ya",2,TRUE,NA
"81","rs9607814","A","C","A","C",-0.010181001,0.0369,0.2,0.193681,FALSE,FALSE,FALSE,"3NGGKT",0.0246,0.133,"outcome",TRUE,"reported","textfile",22,"41946519",0.001858788,4.31e-08,"Drinking",TRUE,"reported","ptY7ya",2,TRUE,NA
"82","rs9838144","C","G","C","G",-0.009964223,0.0128,0.209,0.212421,FALSE,TRUE,FALSE,"3NGGKT",0.024,0.592,"outcome",TRUE,"reported","textfile",3,"131576287",0.001792521,2.65e-08,"Drinking",TRUE,"reported","ptY7ya",2,TRUE,NA
"83","rs9950000","T","C","T","C",-0.009117697,0.0401,0.395,0.398108,FALSE,FALSE,FALSE,"3NGGKT",0.0199,0.0442,"outcome",TRUE,"reported","textfile",18,"53052169",0.001490903,9.38e-10,"Drinking",TRUE,"reported","ptY7ya",2,TRUE,NA
