"","SNP","effect_allele.exposure","other_allele.exposure","effect_allele.outcome","other_allele.outcome","beta.exposure","beta.outcome","eaf.exposure","eaf.outcome","remove","palindromic","ambiguous","id.outcome","se.outcome","pval.outcome","outcome","mr_keep.outcome","pval_origin.outcome","data_source.outcome","chr.exposure","pos.exposure","se.exposure","pval.exposure","exposure","mr_keep.exposure","pval_origin.exposure","id.exposure","action","mr_keep","samplesize.outcome"
"1","rs10042827","C","T","C","T",0.0167170833891966,0.00354,0.681,0.686925,FALSE,FALSE,FALSE,"NQkSZW",0.0132,0.789,"outcome",TRUE,"reported","textfile",5,"170299916",0.00273353543303769,9.41e-10,"SmoInit",TRUE,"reported","FEF8xc",2,TRUE,NA
"2","rs1004787","A","G","A","G",0.0284143427641967,0.0187,0.552,0.529345,FALSE,FALSE,FALSE,"NQkSZW",0.0123,0.13,"outcome",TRUE,"reported","textfile",2,"45159091",0.00256203500595084,1.11e-28,"SmoInit",TRUE,"reported","FEF8xc",2,TRUE,NA
"3","rs10060196","A","C","A","C",0.0183115763240156,-0.0445,0.580606,0.581717,FALSE,FALSE,FALSE,"NQkSZW",0.0124,0.000341,"outcome",TRUE,"reported","textfile",5,"106455988",0.00258191380106852,1.29e-12,"SmoInit",TRUE,"reported","FEF8xc",2,TRUE,NA
"4","rs1008078","T","C","T","C",0.0228169281970342,0.000908,0.402,0.395467,FALSE,FALSE,FALSE,"NQkSZW",0.0126,0.942,"outcome",TRUE,"reported","textfile",1,"91189731",0.0025985434719719,1.63e-18,"SmoInit",TRUE,"reported","FEF8xc",2,TRUE,NA
"5","rs1022376","C","T","C","T",-0.0147448388634785,-0.00884,0.515821,0.520059,FALSE,FALSE,FALSE,"NQkSZW",0.0123,0.472,"outcome",TRUE,"reported","textfile",2,"22067213",0.00261062618216545,1.66e-08,"SmoInit",TRUE,"reported","FEF8xc",2,TRUE,NA
"6","rs10233018","G","A","G","A",0.0246124036923026,-0.00941,0.516,0.504102,FALSE,FALSE,FALSE,"NQkSZW",0.0123,0.443,"outcome",TRUE,"reported","textfile",7,"117523709",0.00254944750286814,4.77e-22,"SmoInit",TRUE,"reported","FEF8xc",2,TRUE,NA
"7","rs10279261","A","G","A","G",-0.0188726361055845,-0.0158,0.618,0.618686,FALSE,FALSE,FALSE,"NQkSZW",0.0127,0.212,"outcome",TRUE,"reported","textfile",7,"133589846",0.00262221130993186,6.05e-13,"SmoInit",TRUE,"reported","FEF8xc",2,TRUE,NA
"8","rs1030015","T","G","T","G",0.014289634882684,0.00555,0.519564,0.517786,FALSE,FALSE,FALSE,"NQkSZW",0.0123,0.651,"outcome",TRUE,"reported","textfile",7,"78139581",0.00255009469713275,2.15e-08,"SmoInit",TRUE,"reported","FEF8xc",2,TRUE,NA
"9","rs10446419","G","A","G","A",-0.0195626336224949,-0.034,0.207,0.210782,FALSE,FALSE,FALSE,"NQkSZW",0.0152,0.0253,"outcome",TRUE,"reported","textfile",3,"25725501",0.00314464654906591,5.05e-10,"SmoInit",TRUE,"reported","FEF8xc",2,TRUE,NA
"10","rs10490159","T","C","T","C",0.0172365324259487,0.00481,0.394,0.402471,FALSE,FALSE,FALSE,"NQkSZW",0.0125,0.701,"outcome",TRUE,"reported","textfile",2,"51341259",0.00260740913197035,3.86e-11,"SmoInit",TRUE,"reported","FEF8xc",2,TRUE,NA
"11","rs1050847","T","C","T","C",-0.0148300166955147,0.0155,0.559,0.580263,FALSE,FALSE,FALSE,"NQkSZW",0.0124,0.213,"outcome",TRUE,"reported","textfile",16,"87443734",0.00256606945167423,7.37e-09,"SmoInit",TRUE,"reported","FEF8xc",2,TRUE,NA
"12","rs10698713","A","G","A","G",-0.0335170218571916,-0.0042,0.0544,0.058078,FALSE,FALSE,FALSE,"NQkSZW",0.0262,0.873,"outcome",TRUE,"reported","textfile",6,"158882320",0.00561746562616172,2.38e-09,"SmoInit",TRUE,"reported","FEF8xc",2,TRUE,NA
"13","rs10789369","G","A","G","A",-0.0234483812495865,-0.00124,0.615,0.633397,FALSE,FALSE,FALSE,"NQkSZW",0.0127,0.922,"outcome",TRUE,"reported","textfile",1,"73824909",0.00261833784254063,3.39e-19,"SmoInit",TRUE,"reported","FEF8xc",2,TRUE,NA
"14","rs10805858","T","A","T","A",0.018124112672701,-3.05e-05,0.335286,0.33361,FALSE,TRUE,FALSE,"NQkSZW",0.013,0.998,"outcome",TRUE,"reported","textfile",5,"88873832",0.00269878621059218,1.88e-11,"SmoInit",TRUE,"reported","FEF8xc",2,TRUE,NA
"15","rs10853981","A","G","A","G",0.0147872465733797,0.0235,0.33036,0.332027,FALSE,FALSE,FALSE,"NQkSZW",0.013,0.0708,"outcome",TRUE,"reported","textfile",19,"4965064",0.00270881398316067,4.88e-08,"SmoInit",TRUE,"reported","FEF8xc",2,TRUE,NA
"16","rs10858334","G","C","G","C",0.022870980938688,0.0162,0.14,0.144244,FALSE,TRUE,FALSE,"NQkSZW",0.0176,0.357,"outcome",TRUE,"reported","textfile",9,"137989785",0.00375996610500044,1.18e-09,"SmoInit",TRUE,"reported","FEF8xc",2,TRUE,NA
"17","rs10873871","G","A","G","A",0.0174520800792171,0.0179,0.207,0.220622,FALSE,FALSE,FALSE,"NQkSZW",0.0149,0.228,"outcome",TRUE,"reported","textfile",1,"76689019",0.00314464654906591,2.82e-08,"SmoInit",TRUE,"reported","FEF8xc",2,TRUE,NA
"18","rs10885480","C","T","C","T",-0.0186774955897606,-0.027,0.284,0.28924,FALSE,FALSE,FALSE,"NQkSZW",0.0136,0.0465,"outcome",TRUE,"reported","textfile",10,"115378364",0.00282538687942609,3.83e-11,"SmoInit",TRUE,"reported","FEF8xc",2,TRUE,NA
"19","rs10905461","C","T","C","T",-0.0163915428331727,-0.0277,0.748,0.745292,FALSE,FALSE,FALSE,"NQkSZW",0.0141,0.0488,"outcome",TRUE,"reported","textfile",10,"8803551",0.00293455690782236,2.36e-08,"SmoInit",TRUE,"reported","FEF8xc",2,TRUE,NA
"20","rs10914684","A","G","A","G",-0.0158038428531466,0.0166,0.324,0.325331,FALSE,FALSE,FALSE,"NQkSZW",0.0131,0.204,"outcome",TRUE,"reported","textfile",1,"33795572",0.00272237377287851,6.32e-09,"SmoInit",TRUE,"reported","FEF8xc",2,TRUE,NA
"21","rs10935779","T","C","T","C",-0.0143271831132136,0.00609,0.415,0.423102,FALSE,FALSE,FALSE,"NQkSZW",0.0124,0.623,"outcome",TRUE,"reported","textfile",3,"149543102",0.00258578030838715,2.95e-08,"SmoInit",TRUE,"reported","FEF8xc",2,TRUE,NA
"22","rs10945141","A","G","A","G",0.0181417117497388,0.0236,0.263,0.257724,FALSE,FALSE,FALSE,"NQkSZW",0.014,0.092,"outcome",TRUE,"reported","textfile",6,"69470709",0.00289388978659556,3.59e-10,"SmoInit",TRUE,"reported","FEF8xc",2,TRUE,NA
"23","rs10953957","A","G","A","G",0.014405790066301,-0.00192,0.386,0.373417,FALSE,FALSE,FALSE,"NQkSZW",0.0127,0.88,"outcome",TRUE,"reported","textfile",7,"121954709",0.00261707258061795,3.66e-08,"SmoInit",TRUE,"reported","FEF8xc",2,TRUE,NA
"24","rs10966092","C","T","C","T",-0.0204861923284094,-0.0253,0.267,0.256006,FALSE,FALSE,FALSE,"NQkSZW",0.0141,0.0721,"outcome",TRUE,"reported","textfile",9,"23831658",0.00287995689236987,1.12e-12,"SmoInit",TRUE,"reported","FEF8xc",2,TRUE,NA
"25","rs10969352","A","T","A","T",0.0143467401373709,-0.00168,0.5,0.500918,FALSE,TRUE,TRUE,"NQkSZW",0.0123,0.891,"outcome",TRUE,"reported","textfile",9,"29747488",0.00254814185141429,1.82e-08,"SmoInit",TRUE,"reported","FEF8xc",2,FALSE,NA
"26","rs11057005","G","A","G","A",-0.0157139020028632,-0.00403,0.441,0.436241,FALSE,FALSE,FALSE,"NQkSZW",0.0124,0.746,"outcome",TRUE,"reported","textfile",12,"16748721",0.00256606945167423,9.12e-10,"SmoInit",TRUE,"reported","FEF8xc",2,TRUE,NA
"27","rs1106363","T","C","T","C",0.017374554238077,0.0234,0.344579,0.3333,FALSE,FALSE,FALSE,"NQkSZW",0.013,0.0726,"outcome",TRUE,"reported","textfile",11,"131966264",0.00268095192303335,9.2e-11,"SmoInit",TRUE,"reported","FEF8xc",2,TRUE,NA
"28","rs11076962","C","T","C","T",0.0182998664190876,-0.0124,0.279,0.288567,FALSE,FALSE,FALSE,"NQkSZW",0.0136,0.36,"outcome",TRUE,"reported","textfile",16,"5811367",0.0028406901883061,1.2e-10,"SmoInit",TRUE,"reported","FEF8xc",2,TRUE,NA
"29","rs1108130","A","T","A","T",0.0239435516621278,-0.0188,0.212,0.205341,FALSE,TRUE,FALSE,"NQkSZW",0.0153,0.22,"outcome",TRUE,"reported","textfile",13,"100648356",0.00311718491590551,1.57e-14,"SmoInit",TRUE,"reported","FEF8xc",2,TRUE,NA
"30","rs1109480","A","G","A","G",-0.016691703198282,-0.0182,0.384,0.389522,FALSE,FALSE,FALSE,"NQkSZW",0.0127,0.15,"outcome",TRUE,"reported","textfile",12,"121083279",0.00261961601583743,1.84e-10,"SmoInit",TRUE,"reported","FEF8xc",2,TRUE,NA
"31","rs11128203","A","T","A","T",0.0204059665559331,-0.00625,0.53,0.533767,FALSE,TRUE,TRUE,"NQkSZW",0.0123,0.612,"outcome",TRUE,"reported","textfile",3,"71064431",0.00255274092798555,1.29e-15,"SmoInit",TRUE,"reported","FEF8xc",2,FALSE,NA
"32","rs11162019","T","C","T","C",-0.0154947163221235,-0.0153,0.363,0.361413,FALSE,FALSE,FALSE,"NQkSZW",0.0128,0.23,"outcome",TRUE,"reported","textfile",1,"87913176",0.00264954058636653,5.06e-09,"SmoInit",TRUE,"reported","FEF8xc",2,TRUE,NA
"33","rs1116690","G","A","G","A",0.0162912334988931,0.000815,0.742,0.750596,FALSE,FALSE,FALSE,"NQkSZW",0.0141,0.954,"outcome",TRUE,"reported","textfile",4,"143510148",0.00291193582568195,2.16e-08,"SmoInit",TRUE,"reported","FEF8xc",2,TRUE,NA
"34","rs11192347","A","G","A","G",-0.0264500127592952,-0.00453,0.104,0.10995,FALSE,FALSE,FALSE,"NQkSZW",0.0196,0.817,"outcome",TRUE,"reported","textfile",10,"106929313",0.00427392108434006,6.15e-10,"SmoInit",TRUE,"reported","FEF8xc",2,TRUE,NA
"35","rs11258417","T","C","T","C",-0.0145136224014371,0.0183,0.391,0.406508,FALSE,FALSE,FALSE,"NQkSZW",0.0125,0.142,"outcome",TRUE,"reported","textfile",10,"13533053",0.00261093812705026,2.71e-08,"SmoInit",TRUE,"reported","FEF8xc",2,TRUE,NA
"36","rs1126757","T","C","T","C",0.0141622770326115,0.0202,0.473,0.469932,FALSE,FALSE,FALSE,"NQkSZW",0.0123,0.1,"outcome",TRUE,"reported","textfile",19,"55879872",0.00255186518715053,2.92e-08,"SmoInit",TRUE,"reported","FEF8xc",2,TRUE,NA
"37","rs112725451","T","C","T","C",0.026092001115637,0.0332,0.169,0.166092,FALSE,FALSE,FALSE,"NQkSZW",0.0165,0.0445,"outcome",TRUE,"reported","textfile",4,"68017710",0.0033997715947909,1.65e-14,"SmoInit",TRUE,"reported","FEF8xc",2,TRUE,NA
"38","rs113230003","A","G","A","G",-0.0188761494045352,-0.0466,0.255,0.260195,FALSE,FALSE,FALSE,"NQkSZW",0.0141,0.00091,"outcome",TRUE,"reported","textfile",19,"18460956",0.00292311148053473,1.05e-10,"SmoInit",TRUE,"reported","FEF8xc",2,TRUE,NA
"39","rs1139897","A","G","A","G",-0.0240871922890012,0.00981,0.23,0.224186,FALSE,FALSE,FALSE,"NQkSZW",0.0147,0.505,"outcome",TRUE,"reported","textfile",16,"720986",0.00302750120470783,1.77e-15,"SmoInit",TRUE,"reported","FEF8xc",2,TRUE,NA
"40","rs114976176","C","A","C","A",-0.0155136581853404,0.00863,0.351571,0.351455,FALSE,FALSE,FALSE,"NQkSZW",0.0128,0.501,"outcome",TRUE,"reported","textfile",2,"264621",0.00266843032939363,6.04e-09,"SmoInit",TRUE,"reported","FEF8xc",2,TRUE,NA
"41","rs1150668","G","T","G","T",-0.0185103038719593,0.00243,0.419,0.437638,FALSE,FALSE,FALSE,"NQkSZW",0.0124,0.844,"outcome",TRUE,"reported","textfile",6,"28129789",0.00258689360886741,8.54e-13,"SmoInit",TRUE,"reported","FEF8xc",2,TRUE,NA
"42","rs11594623","C","T","C","T",0.0274395987738761,0.0407,0.234241,0.249996,FALSE,FALSE,FALSE,"NQkSZW",0.0142,0.00405,"outcome",TRUE,"reported","textfile",10,"103960351",0.00300826501889942,7.45e-20,"SmoInit",TRUE,"reported","FEF8xc",2,TRUE,NA
"43","rs1160685","G","C","G","C",0.0153017150999146,0.0134,0.45,0.442345,FALSE,TRUE,TRUE,"NQkSZW",0.0123,0.277,"outcome",TRUE,"reported","textfile",4,"94052854",0.00256097891931598,2.31e-09,"SmoInit",TRUE,"reported","FEF8xc",2,FALSE,NA
"44","rs11611651","A","G","A","G",0.0271142761895211,-0.0155,0.0868,0.087927,FALSE,FALSE,FALSE,"NQkSZW",0.0216,0.475,"outcome",TRUE,"reported","textfile",12,"133380790",0.00452533559069401,2.05e-09,"SmoInit",TRUE,"reported","FEF8xc",2,TRUE,NA
"45","rs11642231","A","G","A","G",-0.0155983426396819,-0.0189,0.369,0.38676,FALSE,FALSE,FALSE,"NQkSZW",0.0126,0.133,"outcome",TRUE,"reported","textfile",16,"89608702",0.00264037579326386,3.44e-09,"SmoInit",TRUE,"reported","FEF8xc",2,TRUE,NA
"46","rs11651955","A","G","A","G",-0.0140263859163491,0.0247,0.499,0.495753,FALSE,FALSE,FALSE,"NQkSZW",0.0123,0.0439,"outcome",TRUE,"reported","textfile",17,"16235462",0.00254814694771328,3.74e-08,"SmoInit",TRUE,"reported","FEF8xc",2,TRUE,NA
"47","rs11692435","A","G","A","G",0.0250526290454763,0.0303,0.0848,0.084629,FALSE,FALSE,FALSE,"NQkSZW",0.0229,0.186,"outcome",TRUE,"reported","textfile",2,"98275354",0.00458160573453205,4.47e-08,"SmoInit",TRUE,"reported","FEF8xc",2,TRUE,NA
"48","rs11713899","C","A","C","A",0.0187188428376795,0.0215,0.171,0.175703,FALSE,FALSE,FALSE,"NQkSZW",0.0162,0.185,"outcome",TRUE,"reported","textfile",3,"2365026",0.00338390595551107,3.15e-08,"SmoInit",TRUE,"reported","FEF8xc",2,TRUE,NA
"49","rs1173461","T","C","T","C",0.0166091725862538,-0.002,0.327,0.325165,FALSE,FALSE,FALSE,"NQkSZW",0.0131,0.878,"outcome",TRUE,"reported","textfile",5,"157707571",0.00271589012993163,9.51e-10,"SmoInit",TRUE,"reported","FEF8xc",2,TRUE,NA
"50","rs117657830","G","A","G","A",-0.0377596875423349,-0.00912,0.0417,0.045357,FALSE,FALSE,FALSE,"NQkSZW",0.0296,0.758,"outcome",TRUE,"reported","textfile",16,"75766873",0.0063734536771502,3.18e-09,"SmoInit",TRUE,"reported","FEF8xc",2,TRUE,NA
"51","rs11766326","C","T","C","T",-0.0175439611879407,-0.00378,0.506,0.519448,FALSE,FALSE,FALSE,"NQkSZW",0.0123,0.758,"outcome",TRUE,"reported","textfile",7,"111100585",0.00260950684557043,1.79e-11,"SmoInit",TRUE,"reported","FEF8xc",2,TRUE,NA
"52","rs11768481","A","C","A","C",-0.0185560551794285,-0.0198,0.34,0.332841,FALSE,FALSE,FALSE,"NQkSZW",0.013,0.13,"outcome",TRUE,"reported","textfile",7,"96629103",0.0026895658322503,5.23e-12,"SmoInit",TRUE,"reported","FEF8xc",2,TRUE,NA
"53","rs117734003","C","G","C","G",0.0302990674041611,-0.011,0.0673,0.066252,FALSE,TRUE,FALSE,"NQkSZW",0.0248,0.659,"outcome",TRUE,"reported","textfile",19,"51129745",0.00508528250786937,2.57e-09,"SmoInit",TRUE,"reported","FEF8xc",2,TRUE,NA
"54","rs11783093","T","C","T","C",-0.0471242780688017,0.0151,0.158,0.16187,FALSE,FALSE,FALSE,"NQkSZW",0.0167,0.368,"outcome",TRUE,"reported","textfile",8,"27425349",0.0034930838916647,2.07e-41,"SmoInit",TRUE,"reported","FEF8xc",2,TRUE,NA
"55","rs11791671","T","C","T","C",0.0278503598762205,0.0375,0.067315,0.067746,FALSE,FALSE,FALSE,"NQkSZW",0.0244,0.124,"outcome",TRUE,"reported","textfile",9,"3398679",0.00508475677961425,4.24e-08,"SmoInit",TRUE,"reported","FEF8xc",2,TRUE,NA
"56","rs118202","T","G","T","G",-0.0367484077425043,-0.0548,0.812,0.817536,FALSE,FALSE,FALSE,"NQkSZW",0.0158,0.00054,"outcome",TRUE,"reported","textfile",6,"111658371",0.00326089388209887,1.9e-29,"SmoInit",TRUE,"reported","FEF8xc",2,TRUE,NA
"57","rs11872397","A","G","A","G",-0.0171139489913003,0.0015,0.253,0.260233,FALSE,FALSE,FALSE,"NQkSZW",0.0141,0.916,"outcome",TRUE,"reported","textfile",18,"72535282",0.00293071133297175,5.2e-09,"SmoInit",TRUE,"reported","FEF8xc",2,TRUE,NA
"58","rs1187820","T","C","T","C",-0.0142711560226536,-0.0335,0.439,0.449369,FALSE,FALSE,FALSE,"NQkSZW",0.0125,0.00731,"outcome",TRUE,"reported","textfile",3,"173072584",0.00256731947035769,2.69e-08,"SmoInit",TRUE,"reported","FEF8xc",2,TRUE,NA
"59","rs11956866","G","T","G","T",-0.014838166648189,-0.0158,0.567,0.571855,FALSE,FALSE,FALSE,"NQkSZW",0.0124,0.202,"outcome",TRUE,"reported","textfile",5,"161018271",0.00257133184008107,7.82e-09,"SmoInit",TRUE,"reported","FEF8xc",2,TRUE,NA
"60","rs12022778","C","A","C","A",0.0268248011931265,0.00879,0.202,0.209341,FALSE,FALSE,FALSE,"NQkSZW",0.0151,0.56,"outcome",TRUE,"reported","textfile",1,"50603995",0.00317904382630837,3.18e-17,"SmoInit",TRUE,"reported","FEF8xc",2,TRUE,NA
"61","rs12027999","C","T","C","T",-0.0243587668432092,-0.0104,0.12,0.125716,FALSE,FALSE,FALSE,"NQkSZW",0.0185,0.572,"outcome",TRUE,"reported","textfile",1,"154206358",0.00392068224646777,5.33e-10,"SmoInit",TRUE,"reported","FEF8xc",2,TRUE,NA
"62","rs12130857","A","G","A","G",-0.0180031367822357,0.00434,0.324968,0.332049,FALSE,FALSE,FALSE,"NQkSZW",0.0131,0.74,"outcome",TRUE,"reported","textfile",1,"7791461",0.00272026444960715,3.65e-11,"SmoInit",TRUE,"reported","FEF8xc",2,TRUE,NA
"63","rs12195240","A","G","A","G",0.0249107545835319,-0.0227,0.285,0.279523,FALSE,FALSE,FALSE,"NQkSZW",0.0137,0.0972,"outcome",TRUE,"reported","textfile",6,"98636905",0.0028223973411325,1.08e-18,"SmoInit",TRUE,"reported","FEF8xc",2,TRUE,NA
"64","rs12244388","A","G","A","G",0.0258152504545081,-0.0352,0.35,0.335995,FALSE,FALSE,FALSE,"NQkSZW",0.013,0.00668,"outcome",TRUE,"reported","textfile",10,"104640052",0.00267117846465411,4.31e-22,"SmoInit",TRUE,"reported","FEF8xc",2,TRUE,NA
"65","rs12474587","T","G","T","G",0.0242305775516422,0.00942,0.429,0.449909,FALSE,FALSE,FALSE,"NQkSZW",0.0123,0.445,"outcome",TRUE,"reported","textfile",2,"162802993",0.00257422737863404,4.83e-21,"SmoInit",TRUE,"reported","FEF8xc",2,TRUE,NA
"66","rs12517438","G","T","G","T",0.015354478851039,0.00949,0.538,0.542749,FALSE,FALSE,FALSE,"NQkSZW",0.0123,0.441,"outcome",TRUE,"reported","textfile",5,"30842054",0.00255553291864044,1.89e-09,"SmoInit",TRUE,"reported","FEF8xc",2,TRUE,NA
"67","rs12563365","A","G","A","G",0.0165589483633689,0.038,0.556,0.557874,FALSE,FALSE,FALSE,"NQkSZW",0.0124,0.00209,"outcome",TRUE,"reported","textfile",1,"236872829",0.00256427574444373,1.05e-10,"SmoInit",TRUE,"reported","FEF8xc",2,TRUE,NA
"68","rs12633090","C","G","C","G",-0.023019685930427,-0.0319,0.182,0.18584,FALSE,TRUE,FALSE,"NQkSZW",0.0159,0.0442,"outcome",TRUE,"reported","textfile",3,"83241365",0.00330203186086922,3.16e-12,"SmoInit",TRUE,"reported","FEF8xc",2,TRUE,NA
"69","rs12714017","C","T","C","T",0.0153964967875365,-0.0117,0.511,0.49889,FALSE,FALSE,FALSE,"NQkSZW",0.0123,0.34,"outcome",TRUE,"reported","textfile",2,"80999398",0.00260995063881089,3.65e-09,"SmoInit",TRUE,"reported","FEF8xc",2,TRUE,NA
"70","rs12739243","C","T","C","T",-0.0212518379791449,0.00149,0.221,0.217757,FALSE,FALSE,FALSE,"NQkSZW",0.0149,0.92,"outcome",TRUE,"reported","textfile",1,"210302043",0.00307063884430368,4.45e-12,"SmoInit",TRUE,"reported","FEF8xc",2,TRUE,NA
"71","rs12740789","A","G","A","G",-0.0284972685993262,0.00959,0.178,0.192469,FALSE,FALSE,FALSE,"NQkSZW",0.0155,0.537,"outcome",TRUE,"reported","textfile",1,"72752073",0.00333079339902209,1.18e-17,"SmoInit",TRUE,"reported","FEF8xc",2,TRUE,NA
"72","rs12755632","G","A","G","A",-0.0154051366259368,0.0184,0.316,0.322254,FALSE,FALSE,FALSE,"NQkSZW",0.0131,0.16,"outcome",TRUE,"reported","textfile",1,"41776623",0.0027404508225617,1.93e-08,"SmoInit",TRUE,"reported","FEF8xc",2,TRUE,NA
"73","rs12855717","T","C","T","C",0.0155236793185639,-0.00896,0.538,0.525207,FALSE,FALSE,FALSE,"NQkSZW",0.0123,0.466,"outcome",TRUE,"reported","textfile",13,"101252635",0.00255553291864044,1.22e-09,"SmoInit",TRUE,"reported","FEF8xc",2,TRUE,NA
"74","rs12878369","A","C","A","C",0.0174372655171602,-0.007,0.414762,0.412211,FALSE,FALSE,FALSE,"NQkSZW",0.0124,0.573,"outcome",TRUE,"reported","textfile",14,"28346502",0.00258791765964964,1.6e-11,"SmoInit",TRUE,"reported","FEF8xc",2,TRUE,NA
"75","rs12918191","G","A","G","A",-0.0197270353770097,-0.015,0.243,0.246001,FALSE,FALSE,FALSE,"NQkSZW",0.0142,0.291,"outcome",TRUE,"reported","textfile",16,"50945156",0.00297058872733663,3.14e-11,"SmoInit",TRUE,"reported","FEF8xc",2,TRUE,NA
"76","rs1291821","G","A","G","A",0.0144929887207407,0.0182,0.534,0.533056,FALSE,FALSE,FALSE,"NQkSZW",0.0123,0.139,"outcome",TRUE,"reported","textfile",10,"11133823",0.00255405366546437,1.39e-08,"SmoInit",TRUE,"reported","FEF8xc",2,TRUE,NA
"77","rs13007361","A","G","A","G",0.017533824042557,0.00114,0.208,0.209363,FALSE,FALSE,FALSE,"NQkSZW",0.0151,0.94,"outcome",TRUE,"reported","textfile",2,"166250244",0.00313905804891633,2.29e-08,"SmoInit",TRUE,"reported","FEF8xc",2,TRUE,NA
"78","rs13066050","T","C","T","C",0.018834348293498,0.016,0.208,0.208012,FALSE,FALSE,FALSE,"NQkSZW",0.0152,0.29,"outcome",TRUE,"reported","textfile",3,"81325861",0.00313905804891633,1.93e-09,"SmoInit",TRUE,"reported","FEF8xc",2,TRUE,NA
"79","rs13109980","A","G","A","G",-0.0221815541396989,-0.0551,0.326,0.330551,FALSE,FALSE,FALSE,"NQkSZW",0.0131,2.49e-05,"outcome",TRUE,"reported","textfile",4,"140886963",0.00271803382404535,3.37e-16,"SmoInit",TRUE,"reported","FEF8xc",2,TRUE,NA
"80","rs13110073","C","T","C","T",-0.0246425774100615,-0.0168,0.395,0.386604,FALSE,FALSE,FALSE,"NQkSZW",0.0126,0.183,"outcome",TRUE,"reported","textfile",4,"147797913",0.00260625778806314,3.24e-21,"SmoInit",TRUE,"reported","FEF8xc",2,TRUE,NA
"81","rs13237637","C","G","C","G",-0.0236823349508072,0.012,0.485,0.496703,FALSE,TRUE,TRUE,"NQkSZW",0.0123,0.328,"outcome",TRUE,"reported","textfile",7,"3503207",0.00254928928982647,1.54e-20,"SmoInit",TRUE,"reported","FEF8xc",2,FALSE,NA
"82","rs13261666","T","G","T","G",-0.0199945818545181,-0.0205,0.517,0.504161,FALSE,FALSE,FALSE,"NQkSZW",0.0123,0.0942,"outcome",TRUE,"reported","textfile",8,"59814666",0.0025496159555759,4.36e-15,"SmoInit",TRUE,"reported","FEF8xc",2,TRUE,NA
"83","rs13392222","C","A","C","A",-0.0234375461906368,0.0265,0.139,0.140563,FALSE,FALSE,FALSE,"NQkSZW",0.0176,0.132,"outcome",TRUE,"reported","textfile",2,"100672408",0.00368285507683827,1.93e-10,"SmoInit",TRUE,"reported","FEF8xc",2,TRUE,NA
"84","rs13437771","G","A","G","A",-0.0271098271364884,-0.00989,0.155,0.154131,FALSE,FALSE,FALSE,"NQkSZW",0.017,0.56,"outcome",TRUE,"reported","textfile",7,"99071478",0.00352045989869483,1.39e-14,"SmoInit",TRUE,"reported","FEF8xc",2,TRUE,NA
"85","rs1373178","G","T","G","T",-0.0203163969776818,0.00405,0.588,0.594876,FALSE,FALSE,FALSE,"NQkSZW",0.0125,0.746,"outcome",TRUE,"reported","textfile",18,"49967811",0.00258854866495185,4.16e-15,"SmoInit",TRUE,"reported","FEF8xc",2,TRUE,NA
"86","rs1381287","T","C","T","C",0.0180165795033833,-0.0111,0.467,0.456249,FALSE,FALSE,FALSE,"NQkSZW",0.0124,0.37,"outcome",TRUE,"reported","textfile",14,"98597552",0.00255560746538615,1.81e-12,"SmoInit",TRUE,"reported","FEF8xc",2,TRUE,NA
"87","rs1381775","C","T","C","T",-0.0156146668533584,-0.0106,0.712,0.712306,FALSE,FALSE,FALSE,"NQkSZW",0.0135,0.435,"outcome",TRUE,"reported","textfile",11,"42442826",0.00281356766714023,2.79e-08,"SmoInit",TRUE,"reported","FEF8xc",2,TRUE,NA
"88","rs1385108","T","C","T","C",0.0187044679803843,-0.00991,0.239,0.241939,FALSE,FALSE,FALSE,"NQkSZW",0.0144,0.49,"outcome",TRUE,"reported","textfile",5,"154839646",0.00298746156336482,3.84e-10,"SmoInit",TRUE,"reported","FEF8xc",2,TRUE,NA
"89","rs13906","T","C","T","C",-0.024529729248181,0.018,0.109,0.106824,FALSE,FALSE,FALSE,"NQkSZW",0.0199,0.365,"outcome",TRUE,"reported","textfile",12,"49952394",0.00408828820803017,1.98e-09,"SmoInit",TRUE,"reported","FEF8xc",2,TRUE,NA
"90","rs1435479","T","G","T","G",0.0163904586547917,-0.0166,0.28748,0.29252,FALSE,FALSE,FALSE,"NQkSZW",0.0135,0.218,"outcome",TRUE,"reported","textfile",4,"94550450",0.00281508334605987,5.68e-09,"SmoInit",TRUE,"reported","FEF8xc",2,TRUE,NA
"91","rs1435672","C","T","C","T",0.0141051180405541,-0.0119,0.56,0.557773,FALSE,FALSE,FALSE,"NQkSZW",0.0123,0.336,"outcome",TRUE,"reported","textfile",15,"36399479",0.00256668902432973,3.82e-08,"SmoInit",TRUE,"reported","FEF8xc",2,TRUE,NA
"92","rs1445649","C","T","C","T",0.0205716431693465,-0.00332,0.538,0.538353,FALSE,FALSE,FALSE,"NQkSZW",0.0123,0.787,"outcome",TRUE,"reported","textfile",2,"155682556",0.00255553291864044,8.48e-16,"SmoInit",TRUE,"reported","FEF8xc",2,TRUE,NA
"93","rs1449012","T","C","T","C",-0.0153734115013626,-0.0221,0.463,0.475271,FALSE,FALSE,FALSE,"NQkSZW",0.0123,0.072,"outcome",TRUE,"reported","textfile",3,"159048333",0.00255514744895826,1.77e-09,"SmoInit",TRUE,"reported","FEF8xc",2,TRUE,NA
"94","rs147052174","T","G","T","G",0.0623094487438692,0.00231,0.0171,0.018866,FALSE,FALSE,FALSE,"NQkSZW",0.0451,0.959,"outcome",TRUE,"reported","textfile",1,"179783167",0.00982745089601336,2.3e-10,"SmoInit",TRUE,"reported","FEF8xc",2,TRUE,NA
"95","rs1514176","A","G","A","G",-0.0193001581257968,0.0174,0.58,0.574836,FALSE,FALSE,FALSE,"NQkSZW",0.0124,0.161,"outcome",TRUE,"reported","textfile",1,"74991596",0.0025813979643714,7.67e-14,"SmoInit",TRUE,"reported","FEF8xc",2,TRUE,NA
"96","rs1518393","C","A","C","A",0.0168601261091627,0.00476,0.619,0.614459,FALSE,FALSE,FALSE,"NQkSZW",0.0127,0.708,"outcome",TRUE,"reported","textfile",2,"58171220",0.00262352853911785,1.3e-10,"SmoInit",TRUE,"reported","FEF8xc",2,TRUE,NA
"97","rs1549979","T","C","T","C",-0.0245223134403877,-0.00278,0.615,0.619441,FALSE,FALSE,FALSE,"NQkSZW",0.0126,0.825,"outcome",TRUE,"reported","textfile",3,"85460131",0.00262304488914841,8.8e-21,"SmoInit",TRUE,"reported","FEF8xc",2,TRUE,NA
"98","rs160631","G","T","G","T",-0.0172628452622627,-0.00102,0.731,0.738175,FALSE,FALSE,FALSE,"NQkSZW",0.0139,0.942,"outcome",TRUE,"reported","textfile",6,"52895230",0.00287315315388405,1.87e-09,"SmoInit",TRUE,"reported","FEF8xc",2,TRUE,NA
"99","rs1632941","C","T","C","T",-0.0158073961616223,-0.0109,0.46,0.459168,FALSE,FALSE,FALSE,"NQkSZW",0.0123,0.377,"outcome",TRUE,"reported","textfile",6,"29796685",0.00256093083783619,6.67e-10,"SmoInit",TRUE,"reported","FEF8xc",2,TRUE,NA
"100","rs16826827","C","T","C","T",-0.0222068868383587,0.0245,0.124,0.126457,FALSE,FALSE,FALSE,"NQkSZW",0.0184,0.184,"outcome",TRUE,"reported","textfile",2,"147825689",0.00386572280689492,9.17e-09,"SmoInit",TRUE,"reported","FEF8xc",2,TRUE,NA
"101","rs16828799","T","G","T","G",0.0197692281663615,-0.000714,0.156,0.154976,FALSE,FALSE,FALSE,"NQkSZW",0.017,0.967,"outcome",TRUE,"reported","textfile",3,"173353739",0.00351123650240556,1.83e-08,"SmoInit",TRUE,"reported","FEF8xc",2,TRUE,NA
"102","rs1713676","G","A","G","A",-0.0167262455351488,-0.0195,0.522512,0.522101,FALSE,FALSE,FALSE,"NQkSZW",0.0123,0.112,"outcome",TRUE,"reported","textfile",11,"113660576",0.00255072853114231,5.38e-11,"SmoInit",TRUE,"reported","FEF8xc",2,TRUE,NA
"103","rs1714521","C","A","C","A",-0.0162953104881966,0.00249,0.411,0.424384,FALSE,FALSE,FALSE,"NQkSZW",0.0124,0.841,"outcome",TRUE,"reported","textfile",3,"158284861",0.0025894948217728,3.07e-10,"SmoInit",TRUE,"reported","FEF8xc",2,TRUE,NA
"104","rs17165769","G","A","G","A",0.0159396071041438,0.00659,0.394872,0.382304,FALSE,FALSE,FALSE,"NQkSZW",0.0126,0.601,"outcome",TRUE,"reported","textfile",5,"107365642",0.00260640446622611,9.56e-10,"SmoInit",TRUE,"reported","FEF8xc",2,TRUE,NA
"105","rs17197663","A","G","A","G",-0.0215873531495124,-0.0125,0.125,0.129912,FALSE,FALSE,FALSE,"NQkSZW",0.0183,0.492,"outcome",TRUE,"reported","textfile",13,"38172867",0.00385242836809023,2.06e-08,"SmoInit",TRUE,"reported","FEF8xc",2,TRUE,NA
"106","rs17229285","T","C","T","C",-0.0154795560042364,0.0146,0.505,0.513882,FALSE,FALSE,FALSE,"NQkSZW",0.0123,0.235,"outcome",TRUE,"reported","textfile",2,"199523122",0.00254826926806319,1.27e-09,"SmoInit",TRUE,"reported","FEF8xc",2,TRUE,NA
"107","rs1733760","C","T","C","T",0.0147733884018381,-0.00473,0.51,0.505422,FALSE,FALSE,FALSE,"NQkSZW",0.0123,0.7,"outcome",TRUE,"reported","textfile",10,"56698174",0.00254865163272406,6.7e-09,"SmoInit",TRUE,"reported","FEF8xc",2,TRUE,NA
"108","rs1737329","G","C","G","C",0.0170292237829221,-0.00172,0.742,0.734515,FALSE,TRUE,FALSE,"NQkSZW",0.0139,0.901,"outcome",TRUE,"reported","textfile",6,"163807748",0.00291193582568195,5.08e-09,"SmoInit",TRUE,"reported","FEF8xc",2,TRUE,NA
"109","rs17554906","C","G","C","G",0.014184872535994,0.00486,0.444,0.453866,FALSE,TRUE,TRUE,"NQkSZW",0.0123,0.693,"outcome",TRUE,"reported","textfile",6,"92226609",0.00256427574444373,3.14e-08,"SmoInit",TRUE,"reported","FEF8xc",2,FALSE,NA
"110","rs1759433","A","G","A","G",0.015364719185164,0.0101,0.48,0.471988,FALSE,FALSE,FALSE,"NQkSZW",0.0122,0.412,"outcome",TRUE,"reported","textfile",9,"128073097",0.00255018281437779,1.69e-09,"SmoInit",TRUE,"reported","FEF8xc",2,TRUE,NA
"111","rs17616642","G","A","G","A",-0.0165572915814431,-0.0252,0.24687,0.254382,FALSE,FALSE,FALSE,"NQkSZW",0.0142,0.0745,"outcome",TRUE,"reported","textfile",2,"59022210",0.00295477538840993,2.1e-08,"SmoInit",TRUE,"reported","FEF8xc",2,TRUE,NA
"112","rs17692129","T","C","T","C",0.0195989223809853,-0.0101,0.331,0.335888,FALSE,FALSE,FALSE,"NQkSZW",0.013,0.435,"outcome",TRUE,"reported","textfile",17,"44793283",0.00270748805617845,4.57e-13,"SmoInit",TRUE,"reported","FEF8xc",2,TRUE,NA
"113","rs1772572","A","C","A","C",-0.0168681448072877,-0.00186,0.324132,0.33225,FALSE,FALSE,FALSE,"NQkSZW",0.013,0.886,"outcome",TRUE,"reported","textfile",13,"81191176",0.00272208516333501,5.62e-10,"SmoInit",TRUE,"reported","FEF8xc",2,TRUE,NA
"114","rs1799068","T","G","T","G",0.0166095626009421,-0.0158,0.379,0.390711,FALSE,FALSE,FALSE,"NQkSZW",0.0126,0.208,"outcome",TRUE,"reported","textfile",7,"97707069",0.00262620243790636,2.59e-10,"SmoInit",TRUE,"reported","FEF8xc",2,TRUE,NA
"115","rs1811739","A","G","A","G",0.0182717783877237,-0.0174,0.248,0.24535,FALSE,FALSE,FALSE,"NQkSZW",0.0143,0.226,"outcome",TRUE,"reported","textfile",14,"77529375",0.00295244239049518,5.97e-10,"SmoInit",TRUE,"reported","FEF8xc",2,TRUE,NA
"116","rs1863161","A","G","A","G",0.015339371713194,-0.00162,0.56094,0.556748,FALSE,FALSE,FALSE,"NQkSZW",0.0124,0.896,"outcome",TRUE,"reported","textfile",2,"60139524",0.00256728133653859,2.34e-09,"SmoInit",TRUE,"reported","FEF8xc",2,TRUE,NA
"117","rs1889571","G","T","G","T",0.0221797995406237,0.0318,0.131,0.127938,FALSE,FALSE,FALSE,"NQkSZW",0.0184,0.0833,"outcome",TRUE,"reported","textfile",1,"32195819",0.00377613984197516,4.19e-09,"SmoInit",TRUE,"reported","FEF8xc",2,TRUE,NA
"118","rs1901477","G","A","G","A",0.0304369932456541,0.0193,0.511,0.516077,FALSE,FALSE,FALSE,"NQkSZW",0.0122,0.115,"outcome",TRUE,"reported","textfile",2,"104126983",0.00260995063881089,2.07e-31,"SmoInit",TRUE,"reported","FEF8xc",2,TRUE,NA
"119","rs1927901","C","T","C","T",-0.0141754871045966,-0.0172,0.553,0.54349,FALSE,FALSE,FALSE,"NQkSZW",0.0123,0.163,"outcome",TRUE,"reported","textfile",9,"120519111",0.00256257908950217,3.1e-08,"SmoInit",TRUE,"reported","FEF8xc",2,TRUE,NA
"120","rs1930371","T","C","T","C",-0.0172419586612647,-0.0148,0.241,0.241572,FALSE,FALSE,FALSE,"NQkSZW",0.0143,0.301,"outcome",TRUE,"reported","textfile",9,"81444104",0.00297895673652913,7.09e-09,"SmoInit",TRUE,"reported","FEF8xc",2,TRUE,NA
"121","rs1931431","C","G","C","G",0.0182328624437084,-0.0012,0.478,0.476203,FALSE,TRUE,TRUE,"NQkSZW",0.0123,0.922,"outcome",TRUE,"reported","textfile",9,"11161799",0.00255061204001953,8.56e-13,"SmoInit",TRUE,"reported","FEF8xc",2,FALSE,NA
"122","rs1937443","G","C","G","C",0.0204362188245672,0.0253,0.563,0.561541,FALSE,TRUE,TRUE,"NQkSZW",0.0124,0.0422,"outcome",TRUE,"reported","textfile",1,"66469643",0.00256861307738644,1.79e-15,"SmoInit",TRUE,"reported","FEF8xc",2,FALSE,NA
"123","rs2010921","A","G","A","G",0.0174291411105034,0.0192,0.311,0.316037,FALSE,FALSE,FALSE,"NQkSZW",0.0132,0.147,"outcome",TRUE,"reported","textfile",11,"132098205",0.0027523508874645,2.47e-10,"SmoInit",TRUE,"reported","FEF8xc",2,TRUE,NA
"124","rs2028269","A","G","A","G",0.016164548317376,-0.00207,0.399,0.404802,FALSE,FALSE,FALSE,"NQkSZW",0.0125,0.869,"outcome",TRUE,"reported","textfile",5,"79308315",0.00260177610870211,5.19e-10,"SmoInit",TRUE,"reported","FEF8xc",2,TRUE,NA
"125","rs2063976","T","C","T","C",-0.0201814241776652,0.00334,0.664955,0.669707,FALSE,FALSE,FALSE,"NQkSZW",0.013,0.798,"outcome",TRUE,"reported","textfile",8,"91096366",0.00269926738168577,7.45e-14,"SmoInit",TRUE,"reported","FEF8xc",2,TRUE,NA
"126","rs2155646","C","T","C","T",0.0377771518638971,0.0268,0.4,0.385849,FALSE,FALSE,FALSE,"NQkSZW",0.0126,0.0332,"outcome",TRUE,"reported","textfile",11,"112912811",0.00260068638674826,9.44e-48,"SmoInit",TRUE,"reported","FEF8xc",2,TRUE,NA
"127","rs2173019","A","T","A","T",0.0282069520540153,0.0108,0.177,0.178808,FALSE,TRUE,FALSE,"NQkSZW",0.016,0.501,"outcome",TRUE,"reported","textfile",5,"167614971",0.00333815927442383,2.98e-17,"SmoInit",TRUE,"reported","FEF8xc",2,TRUE,NA
"128","rs221988","C","A","C","A",-0.0148650225653347,0.00737,0.384,0.373057,FALSE,FALSE,FALSE,"NQkSZW",0.0128,0.564,"outcome",TRUE,"reported","textfile",3,"64234307",0.00261961601583743,1.43e-08,"SmoInit",TRUE,"reported","FEF8xc",2,TRUE,NA
"129","rs2276825","C","T","C","T",0.0188755712515354,-0.0112,0.245,0.240612,FALSE,FALSE,FALSE,"NQkSZW",0.0144,0.435,"outcome",TRUE,"reported","textfile",3,"52886605",0.0029623548999896,1.89e-10,"SmoInit",TRUE,"reported","FEF8xc",2,TRUE,NA
"130","rs2279829","T","C","T","C",-0.0173765668386769,0.0169,0.216,0.214527,FALSE,FALSE,FALSE,"NQkSZW",0.0149,0.256,"outcome",TRUE,"reported","textfile",3,"147106319",0.00309605522231936,2.05e-08,"SmoInit",TRUE,"reported","FEF8xc",2,TRUE,NA
"131","rs2289791","T","G","T","G",-0.017725516174548,0.00242,0.247,0.24622,FALSE,FALSE,FALSE,"NQkSZW",0.0143,0.866,"outcome",TRUE,"reported","textfile",15,"67476952",0.002954252695758,2.01e-09,"SmoInit",TRUE,"reported","FEF8xc",2,TRUE,NA
"132","rs2306866","T","A","T","A",-0.0166754969048669,0.00311,0.614,0.60469,FALSE,TRUE,FALSE,"NQkSZW",0.0125,0.804,"outcome",TRUE,"reported","textfile",3,"53766212",0.00261707258061795,1.89e-10,"SmoInit",TRUE,"reported","FEF8xc",2,TRUE,NA
"133","rs2319545","A","C","A","C",0.0232366196004364,0.0238,0.149099,0.155981,FALSE,FALSE,FALSE,"NQkSZW",0.0169,0.159,"outcome",TRUE,"reported","textfile",3,"147719648",0.00357698173772572,8.3e-11,"SmoInit",TRUE,"reported","FEF8xc",2,TRUE,NA
"134","rs2344976","C","T","C","T",-0.0150877384938283,-0.00353,0.612,0.62191,FALSE,FALSE,FALSE,"NQkSZW",0.0126,0.78,"outcome",TRUE,"reported","textfile",17,"30685935",0.00261458058153918,7.98e-09,"SmoInit",TRUE,"reported","FEF8xc",2,TRUE,NA
"135","rs2359180","G","A","G","A",-0.0143894424697664,-0.00511,0.369,0.193633,FALSE,FALSE,FALSE,"NQkSZW",0.0209,0.807,"outcome",TRUE,"reported","textfile",18,"41314171",0.00264037579326386,4.98e-08,"SmoInit",TRUE,"reported","FEF8xc",2,TRUE,NA
"136","rs2378662","A","G","A","G",0.0152121381530069,-0.0204,0.541,0.541943,FALSE,FALSE,FALSE,"NQkSZW",0.0123,0.0977,"outcome",TRUE,"reported","textfile",9,"86707289",0.00255675215046967,2.67e-09,"SmoInit",TRUE,"reported","FEF8xc",2,TRUE,NA
"137","rs238896","A","G","A","G",-0.0168673762438155,0.00175,0.49,0.494486,FALSE,FALSE,FALSE,"NQkSZW",0.0123,0.886,"outcome",TRUE,"reported","textfile",11,"113994505",0.00254865163272406,3.65e-11,"SmoInit",TRUE,"reported","FEF8xc",2,TRUE,NA
"138","rs2526390","T","C","T","C",0.0204662937606716,0.0243,0.334,0.340666,FALSE,FALSE,FALSE,"NQkSZW",0.0129,0.0606,"outcome",TRUE,"reported","textfile",3,"50192760",0.00270136492889448,3.62e-14,"SmoInit",TRUE,"reported","FEF8xc",2,TRUE,NA
"139","rs2539706","A","G","A","G",0.0162454401847471,0.0183,0.529947,0.532043,FALSE,FALSE,FALSE,"NQkSZW",0.0123,0.136,"outcome",TRUE,"reported","textfile",2,"59819545",0.00255272464844336,1.95e-10,"SmoInit",TRUE,"reported","FEF8xc",2,TRUE,NA
"140","rs2587507","C","T","C","T",-0.0146602397314715,-0.000912,0.502,0.506864,FALSE,FALSE,FALSE,"NQkSZW",0.0122,0.94,"outcome",TRUE,"reported","textfile",17,"77790135",0.00254816223679372,8.69e-09,"SmoInit",TRUE,"reported","FEF8xc",2,TRUE,NA
"141","rs2637869","A","G","A","G",0.0182201377297085,0.00223,0.297,0.302338,FALSE,FALSE,FALSE,"NQkSZW",0.0134,0.868,"outcome",TRUE,"reported","textfile",1,"38757237",0.00278828856748841,6.54e-11,"SmoInit",TRUE,"reported","FEF8xc",2,TRUE,NA
"142","rs2710634","C","T","C","T",-0.0177614270391893,0.00304,0.521,0.523321,FALSE,FALSE,FALSE,"NQkSZW",0.0123,0.804,"outcome",TRUE,"reported","textfile",2,"32808804",0.00255039229029593,3.36e-12,"SmoInit",TRUE,"reported","FEF8xc",2,TRUE,NA
"143","rs2734390","G","A","G","A",0.0147709061051891,-0.000766,0.372,0.362314,FALSE,FALSE,FALSE,"NQkSZW",0.0128,0.952,"outcome",TRUE,"reported","textfile",3,"60459291",0.00263598122974669,2.09e-08,"SmoInit",TRUE,"reported","FEF8xc",2,TRUE,NA
"144","rs2796793","A","G","A","G",0.0144813515872424,0.0209,0.452,0.464675,FALSE,FALSE,FALSE,"NQkSZW",0.0123,0.09,"outcome",TRUE,"reported","textfile",10,"36634124",0.00255996547702142,1.55e-08,"SmoInit",TRUE,"reported","FEF8xc",2,TRUE,NA
"145","rs281296","A","G","A","G",0.0246892355778618,-0.00201,0.357,0.351767,FALSE,FALSE,FALSE,"NQkSZW",0.0129,0.876,"outcome",TRUE,"reported","textfile",15,"47685010",0.00265921842184342,1.59e-20,"SmoInit",TRUE,"reported","FEF8xc",2,TRUE,NA
"146","rs28408682","G","A","G","A",0.0166729456251724,-0.00189,0.600019,0.600564,FALSE,FALSE,FALSE,"NQkSZW",0.0125,0.88,"outcome",TRUE,"reported","textfile",10,"104403310",0.00260070697771597,1.41e-10,"SmoInit",TRUE,"reported","FEF8xc",2,TRUE,NA
"147","rs28441558","C","T","C","T",-0.0355649826227975,0.0176,0.0563,0.060168,FALSE,FALSE,FALSE,"NQkSZW",0.0258,0.494,"outcome",TRUE,"reported","textfile",17,"7803118",0.00552741955012364,1.24e-10,"SmoInit",TRUE,"reported","FEF8xc",2,TRUE,NA
"148","rs2901785","A","G","A","G",-0.0173082721317735,0.00116,0.446,0.448045,FALSE,FALSE,FALSE,"NQkSZW",0.0123,0.925,"outcome",TRUE,"reported","textfile",1,"174104743",0.00256313389330125,1.47e-11,"SmoInit",TRUE,"reported","FEF8xc",2,TRUE,NA
"149","rs290601","T","C","T","C",0.0163101822358959,-0.00115,0.274,0.269573,FALSE,FALSE,FALSE,"NQkSZW",0.0138,0.933,"outcome",TRUE,"reported","textfile",8,"115374642",0.00285660382555937,1.14e-08,"SmoInit",TRUE,"reported","FEF8xc",2,TRUE,NA
"150","rs2925128","T","C","T","C",0.0168199054545407,0.0104,0.385191,0.376143,FALSE,FALSE,FALSE,"NQkSZW",0.0127,0.412,"outcome",TRUE,"reported","textfile",14,"98362355",0.00268304078897622,3.67e-10,"SmoInit",TRUE,"reported","FEF8xc",2,TRUE,NA
"151","rs2939756","A","G","A","G",-0.015699684310767,-0.00468,0.48,0.478498,FALSE,FALSE,FALSE,"NQkSZW",0.0123,0.704,"outcome",TRUE,"reported","textfile",11,"41436297",0.00255018281437779,7.45e-10,"SmoInit",TRUE,"reported","FEF8xc",2,TRUE,NA
"152","rs2959084","A","G","A","G",0.0170798652799423,0.00415,0.704674,0.708322,FALSE,FALSE,FALSE,"NQkSZW",0.0135,0.758,"outcome",TRUE,"reported","textfile",11,"46078656",0.00279285661543118,9.82e-10,"SmoInit",TRUE,"reported","FEF8xc",2,TRUE,NA
"153","rs301807","G","A","G","A",0.0180144077909169,-0.00634,0.57,0.586207,FALSE,FALSE,FALSE,"NQkSZW",0.0124,0.61,"outcome",TRUE,"reported","textfile",1,"8484823",0.00257348682727385,2.5e-12,"SmoInit",TRUE,"reported","FEF8xc",2,TRUE,NA
"154","rs3115418","C","T","C","T",-0.014224879533231,-0.0102,0.454,0.446079,FALSE,FALSE,FALSE,"NQkSZW",0.0123,0.407,"outcome",TRUE,"reported","textfile",2,"200936399",0.00255899452932799,2.79e-08,"SmoInit",TRUE,"reported","FEF8xc",2,TRUE,NA
"155","rs3172494","T","G","T","G",-0.0291266827063679,-0.0259,0.115,0.106753,FALSE,FALSE,FALSE,"NQkSZW",0.0199,0.193,"outcome",TRUE,"reported","textfile",3,"48731487",0.00400085756250123,3.4e-13,"SmoInit",TRUE,"reported","FEF8xc",2,TRUE,NA
"156","rs3218116","T","C","T","C",-0.0198430370178765,-0.0147,0.256,0.2611,FALSE,FALSE,FALSE,"NQkSZW",0.014,0.293,"outcome",TRUE,"reported","textfile",6,"41901763",0.00291935664980527,1.05e-11,"SmoInit",TRUE,"reported","FEF8xc",2,TRUE,NA
"157","rs329124","G","A","G","A",-0.0163870665684475,-0.00855,0.428,0.419723,FALSE,FALSE,FALSE,"NQkSZW",0.0124,0.492,"outcome",TRUE,"reported","textfile",5,"133865452",0.00257497908762324,1.96e-10,"SmoInit",TRUE,"reported","FEF8xc",2,TRUE,NA
"158","rs34342129","C","T","C","T",-0.0142810056847808,0.00869,0.509,0.513369,FALSE,FALSE,FALSE,"NQkSZW",0.0123,0.478,"outcome",TRUE,"reported","textfile",18,"5872472",0.00254855475073146,2.13e-08,"SmoInit",TRUE,"reported","FEF8xc",2,TRUE,NA
"159","rs34399632","G","A","G","A",0.0193503985196848,-0.00772,0.232,0.258991,FALSE,FALSE,FALSE,"NQkSZW",0.014,0.582,"outcome",TRUE,"reported","textfile",2,"137571174",0.00301834586299796,1.46e-10,"SmoInit",TRUE,"reported","FEF8xc",2,TRUE,NA
"160","rs34553878","G","A","G","A",0.0246707355129666,-0.0222,0.111,0.109067,FALSE,FALSE,FALSE,"NQkSZW",0.0197,0.258,"outcome",TRUE,"reported","textfile",9,"134334588",0.00405584393441003,1.17e-09,"SmoInit",TRUE,"reported","FEF8xc",2,TRUE,NA
"161","rs34940743","G","A","G","A",0.0159248966327585,0.0293,0.346,0.346939,FALSE,FALSE,FALSE,"NQkSZW",0.0128,0.0222,"outcome",TRUE,"reported","textfile",14,"80102233",0.00268033618438142,2.8e-09,"SmoInit",TRUE,"reported","FEF8xc",2,TRUE,NA
"162","rs35375873","C","G","C","G",-0.0270102496045462,-0.0183,0.11,0.113694,FALSE,TRUE,FALSE,"NQkSZW",0.0195,0.348,"outcome",TRUE,"reported","textfile",5,"43190647",0.00407194833782387,3.29e-11,"SmoInit",TRUE,"reported","FEF8xc",2,TRUE,NA
"163","rs35656245","A","G","A","G",0.0159456398141213,-0.0253,0.276,0.267606,FALSE,FALSE,FALSE,"NQkSZW",0.0139,0.0681,"outcome",TRUE,"reported","textfile",1,"190957480",0.0028501635460148,2.23e-08,"SmoInit",TRUE,"reported","FEF8xc",2,TRUE,NA
"164","rs357304","C","T","C","T",0.0166757177141037,-0.00259,0.727,0.732571,FALSE,FALSE,FALSE,"NQkSZW",0.0139,0.853,"outcome",TRUE,"reported","textfile",2,"164862639",0.00285986199420466,5.4e-09,"SmoInit",TRUE,"reported","FEF8xc",2,TRUE,NA
"165","rs359247","T","A","T","A",0.0220304406866879,0.0351,0.638652,0.644765,FALSE,TRUE,FALSE,"NQkSZW",0.0128,0.00607,"outcome",TRUE,"reported","textfile",2,"60477052",0.00265215339592237,9.89e-17,"SmoInit",TRUE,"reported","FEF8xc",2,TRUE,NA
"166","rs359431","T","C","T","C",-0.0141982221407122,-0.00423,0.56,0.561508,FALSE,FALSE,FALSE,"NQkSZW",0.0123,0.732,"outcome",TRUE,"reported","textfile",5,"173288534",0.00256668902432973,3.16e-08,"SmoInit",TRUE,"reported","FEF8xc",2,TRUE,NA
"167","rs3740977","C","T","C","T",0.0194739723678087,-0.0259,0.167,0.168492,FALSE,FALSE,FALSE,"NQkSZW",0.0164,0.113,"outcome",TRUE,"reported","textfile",11,"46393574",0.00341596072659002,1.17e-08,"SmoInit",TRUE,"reported","FEF8xc",2,TRUE,NA
"168","rs3800227","G","A","G","A",0.0171779534520435,-0.0157,0.742,0.744937,FALSE,FALSE,FALSE,"NQkSZW",0.0141,0.263,"outcome",TRUE,"reported","textfile",6,"108994161",0.00291193582568195,3.64e-09,"SmoInit",TRUE,"reported","FEF8xc",2,TRUE,NA
"169","rs3810496","C","T","C","T",0.015881294406838,0.0183,0.619436,0.613891,FALSE,FALSE,FALSE,"NQkSZW",0.0126,0.149,"outcome",TRUE,"reported","textfile",20,"62406886",0.00262869055394539,1.54e-09,"SmoInit",TRUE,"reported","FEF8xc",2,TRUE,NA
"170","rs3811038","C","T","C","T",0.0191404347355438,-0.00212,0.279,0.277231,FALSE,FALSE,FALSE,"NQkSZW",0.0138,0.878,"outcome",TRUE,"reported","textfile",2,"113240183",0.0028406901883061,1.58e-11,"SmoInit",TRUE,"reported","FEF8xc",2,TRUE,NA
"171","rs3820277","T","G","T","G",-0.0188369165347618,0.019,0.526,0.523136,FALSE,FALSE,FALSE,"NQkSZW",0.0123,0.122,"outcome",TRUE,"reported","textfile",1,"18436657",0.00255159394161599,1.57e-13,"SmoInit",TRUE,"reported","FEF8xc",2,TRUE,NA
"172","rs3843905","T","C","T","C",-0.0151458403650148,-0.00455,0.403,0.400714,FALSE,FALSE,FALSE,"NQkSZW",0.0126,0.717,"outcome",TRUE,"reported","textfile",5,"165427280",0.00259749019339433,5.41e-09,"SmoInit",TRUE,"reported","FEF8xc",2,TRUE,NA
"173","rs3847244","T","C","T","C",0.0186716901787056,0.00109,0.47,0.474293,FALSE,FALSE,FALSE,"NQkSZW",0.0124,0.93,"outcome",TRUE,"reported","textfile",9,"3025368",0.00255274092798555,2.6e-13,"SmoInit",TRUE,"reported","FEF8xc",2,TRUE,NA
"174","rs3850736","G","C","G","C",0.0191284473580711,-0.0173,0.474,0.478399,FALSE,TRUE,TRUE,"NQkSZW",0.0123,0.159,"outcome",TRUE,"reported","textfile",8,"64912021",0.00255159394161599,6.43e-14,"SmoInit",TRUE,"reported","FEF8xc",2,FALSE,NA
"175","rs3909281","G","T","G","T",0.0210671931230717,0.00311,0.536,0.54976,FALSE,FALSE,FALSE,"NQkSZW",0.0124,0.802,"outcome",TRUE,"reported","textfile",5,"165096435",0.00255477242593266,1.62e-16,"SmoInit",TRUE,"reported","FEF8xc",2,TRUE,NA
"176","rs3934797","A","G","A","G",-0.0212974655643372,-0.00325,0.182,0.190742,FALSE,FALSE,FALSE,"NQkSZW",0.0156,0.835,"outcome",TRUE,"reported","textfile",4,"112467612",0.00330203186086922,1.12e-10,"SmoInit",TRUE,"reported","FEF8xc",2,TRUE,NA
"177","rs4044321","G","A","G","A",-0.0226409661630272,0.00507,0.644,0.640177,FALSE,FALSE,FALSE,"NQkSZW",0.0128,0.692,"outcome",TRUE,"reported","textfile",5,"166989513",0.00266088234855731,1.75e-17,"SmoInit",TRUE,"reported","FEF8xc",2,TRUE,NA
"178","rs4140932","A","T","A","T",-0.0140445222019547,0.00781,0.431,0.42536,FALSE,TRUE,TRUE,"NQkSZW",0.0124,0.528,"outcome",TRUE,"reported","textfile",4,"15458598",0.00257275740542211,4.89e-08,"SmoInit",TRUE,"reported","FEF8xc",2,FALSE,NA
"179","rs42417","T","C","T","C",0.0169295734879061,0.0242,0.691,0.690853,FALSE,FALSE,FALSE,"NQkSZW",0.0133,0.0694,"outcome",TRUE,"reported","textfile",5,"94198290",0.00275724489830731,8.27e-10,"SmoInit",TRUE,"reported","FEF8xc",2,TRUE,NA
"180","rs4264267","T","C","T","C",0.0147920832786023,0.0123,0.527042,0.526996,FALSE,FALSE,FALSE,"NQkSZW",0.0123,0.318,"outcome",TRUE,"reported","textfile",13,"38359676",0.00255187680537184,6.82e-09,"SmoInit",TRUE,"reported","FEF8xc",2,TRUE,NA
"181","rs4310804","G","C","G","C",-0.0181872587471534,-0.0112,0.247,0.248928,FALSE,TRUE,FALSE,"NQkSZW",0.0142,0.433,"outcome",TRUE,"reported","textfile",15,"96858409",0.002954252695758,7.55e-10,"SmoInit",TRUE,"reported","FEF8xc",2,TRUE,NA
"182","rs4326350","G","C","G","C",-0.0176136629922878,-0.0187,0.493,0.49596,FALSE,TRUE,TRUE,"NQkSZW",0.0123,0.128,"outcome",TRUE,"reported","textfile",8,"10763655",0.00255297290866797,5.16e-12,"SmoInit",TRUE,"reported","FEF8xc",2,FALSE,NA
"183","rs4476253","A","G","A","G",-0.0184861639511242,-0.00557,0.24,0.239163,FALSE,FALSE,FALSE,"NQkSZW",0.0144,0.7,"outcome",TRUE,"reported","textfile",18,"25253297",0.00298319187991516,5.78e-10,"SmoInit",TRUE,"reported","FEF8xc",2,TRUE,NA
"184","rs4543050","T","A","T","A",0.0222035305102178,-0.00397,0.816,0.819597,FALSE,TRUE,FALSE,"NQkSZW",0.016,0.804,"outcome",TRUE,"reported","textfile",3,"74954560",0.00328805909500432,1.45e-11,"SmoInit",TRUE,"reported","FEF8xc",2,TRUE,NA
"185","rs45444697","G","C","G","C",0.0196901495123313,0.0133,0.212,0.220925,FALSE,TRUE,FALSE,"NQkSZW",0.0148,0.366,"outcome",TRUE,"reported","textfile",1,"155034632",0.00311718491590551,2.72e-10,"SmoInit",TRUE,"reported","FEF8xc",2,TRUE,NA
"186","rs4674916","A","C","A","C",-0.0180261497464384,-0.0168,0.327671,0.315924,FALSE,FALSE,FALSE,"NQkSZW",0.0132,0.202,"outcome",TRUE,"reported","textfile",2,"225365635",0.00271446145914343,3.06e-11,"SmoInit",TRUE,"reported","FEF8xc",2,TRUE,NA
"187","rs4674993","G","A","G","A",-0.0240053355928417,0.0204,0.2,0.198627,FALSE,FALSE,FALSE,"NQkSZW",0.0154,0.185,"outcome",TRUE,"reported","textfile",2,"226332033",0.00318517731426786,4.85e-14,"SmoInit",TRUE,"reported","FEF8xc",2,TRUE,NA
"188","rs4727189","C","T","C","T",0.0148604394330488,0.0174,0.344,0.332863,FALSE,FALSE,FALSE,"NQkSZW",0.013,0.18,"outcome",TRUE,"reported","textfile",7,"88442568",0.00268202279236024,3e-08,"SmoInit",TRUE,"reported","FEF8xc",2,TRUE,NA
"189","rs4752018","A","C","A","C",0.0188538152048703,-0.00261,0.231,0.231361,FALSE,FALSE,FALSE,"NQkSZW",0.0146,0.858,"outcome",TRUE,"reported","textfile",10,"118678712",0.00302290462718799,4.42e-10,"SmoInit",TRUE,"reported","FEF8xc",2,TRUE,NA
"190","rs4759229","G","A","G","A",0.0155695985471537,0.00516,0.656,0.647844,FALSE,FALSE,FALSE,"NQkSZW",0.0128,0.687,"outcome",TRUE,"reported","textfile",12,"56474480",0.00268202279236024,6.53e-09,"SmoInit",TRUE,"reported","FEF8xc",2,TRUE,NA
"191","rs4785187","A","G","A","G",0.0199772389299315,0.0138,0.223,0.222136,FALSE,FALSE,FALSE,"NQkSZW",0.0148,0.349,"outcome",TRUE,"reported","textfile",16,"49766772",0.00306076977669106,6.55e-11,"SmoInit",TRUE,"reported","FEF8xc",2,TRUE,NA
"192","rs4788676","C","T","C","T",-0.0177450351799136,0.00517,0.228528,0.236483,FALSE,FALSE,FALSE,"NQkSZW",0.0146,0.723,"outcome",TRUE,"reported","textfile",16,"72950468",0.00303433699193013,4.92e-09,"SmoInit",TRUE,"reported","FEF8xc",2,TRUE,NA
"193","rs4790874","T","C","T","C",0.0174491108982369,0.02,0.532,0.528138,FALSE,FALSE,FALSE,"NQkSZW",0.0123,0.104,"outcome",TRUE,"reported","textfile",17,"1995177",0.0025533765323661,8.43e-12,"SmoInit",TRUE,"reported","FEF8xc",2,TRUE,NA
"194","rs4818005","A","G","A","G",-0.0204309829445482,0.00877,0.581,0.570409,FALSE,FALSE,FALSE,"NQkSZW",0.0124,0.479,"outcome",TRUE,"reported","textfile",21,"40588819",0.00264424745900656,1.09e-14,"SmoInit",TRUE,"reported","FEF8xc",2,TRUE,NA
"195","rs4822102","T","C","T","C",-0.0165428077340757,-0.0151,0.618,0.616159,FALSE,FALSE,FALSE,"NQkSZW",0.0126,0.232,"outcome",TRUE,"reported","textfile",22,"42698430",0.00262221130993186,2.78e-10,"SmoInit",TRUE,"reported","FEF8xc",2,TRUE,NA
"196","rs4837631","T","C","T","C",-0.0153574290571087,0.00112,0.446,0.451734,FALSE,FALSE,FALSE,"NQkSZW",0.0123,0.928,"outcome",TRUE,"reported","textfile",9,"122061948",0.00256313389330125,2.03e-09,"SmoInit",TRUE,"reported","FEF8xc",2,TRUE,NA
"197","rs4877285","A","G","A","G",-0.0181318240751014,-0.0257,0.668249,0.685047,FALSE,FALSE,FALSE,"NQkSZW",0.0133,0.0529,"outcome",TRUE,"reported","textfile",9,"81354129",0.00270594101919117,2.1e-11,"SmoInit",TRUE,"reported","FEF8xc",2,TRUE,NA
"198","rs4886207","C","T","C","T",-0.0162466752287049,-0.0284,0.637,0.64215,FALSE,FALSE,FALSE,"NQkSZW",0.0128,0.0261,"outcome",TRUE,"reported","textfile",13,"60705792",0.00264954058636653,8.78e-10,"SmoInit",TRUE,"reported","FEF8xc",2,TRUE,NA
"199","rs4912332","T","C","T","C",0.0141209253041899,-0.00778,0.491,0.494449,FALSE,FALSE,FALSE,"NQkSZW",0.0123,0.526,"outcome",TRUE,"reported","textfile",1,"58815243",0.00254855475073146,2.94e-08,"SmoInit",TRUE,"reported","FEF8xc",2,TRUE,NA
"200","rs540860","G","A","G","A",0.0176085972904721,-0.0114,0.543,0.543515,FALSE,FALSE,FALSE,"NQkSZW",0.0123,0.355,"outcome",TRUE,"reported","textfile",11,"121530888",0.00255761747377367,5.75e-12,"SmoInit",TRUE,"reported","FEF8xc",2,TRUE,NA
"201","rs55786907","G","A","G","A",0.019445215573239,0.0142,0.162492,0.153868,FALSE,FALSE,FALSE,"NQkSZW",0.017,0.404,"outcome",TRUE,"reported","textfile",13,"59871584",0.00345368823422651,1.84e-08,"SmoInit",TRUE,"reported","FEF8xc",2,TRUE,NA
"202","rs55913542","T","G","T","G",0.0185622623947187,0.0116,0.175,0.178144,FALSE,FALSE,FALSE,"NQkSZW",0.016,0.471,"outcome",TRUE,"reported","textfile",14,"99693843",0.00335560006619697,3.25e-08,"SmoInit",TRUE,"reported","FEF8xc",2,TRUE,NA
"203","rs55944129","C","T","C","T",-0.0175653762644301,-0.0183,0.267,0.265413,FALSE,FALSE,FALSE,"NQkSZW",0.0139,0.187,"outcome",TRUE,"reported","textfile",4,"29082156",0.00287995689236987,1.06e-09,"SmoInit",TRUE,"reported","FEF8xc",2,TRUE,NA
"204","rs56208390","G","A","G","A",0.0215635615380883,0.0519,0.123,0.118416,FALSE,FALSE,FALSE,"NQkSZW",0.019,0.0063,"outcome",TRUE,"reported","textfile",2,"83247997",0.00387919179771511,2.68e-08,"SmoInit",TRUE,"reported","FEF8xc",2,TRUE,NA
"205","rs56902655","G","T","G","T",-0.0218627772110258,-0.0212,0.136,0.135334,FALSE,FALSE,FALSE,"NQkSZW",0.0179,0.236,"outcome",TRUE,"reported","textfile",15,"63898709",0.00371678363105592,4.09e-09,"SmoInit",TRUE,"reported","FEF8xc",2,TRUE,NA
"206","rs58400863","A","G","A","G",-0.0201718832102996,0.0273,0.347,0.338989,FALSE,FALSE,FALSE,"NQkSZW",0.013,0.0357,"outcome",TRUE,"reported","textfile",4,"31184484",0.00267653099616181,4.89e-14,"SmoInit",TRUE,"reported","FEF8xc",2,TRUE,NA
"207","rs586699","A","G","A","G",-0.0148032813680652,-0.025,0.543,0.545785,FALSE,FALSE,FALSE,"NQkSZW",0.0123,0.0424,"outcome",TRUE,"reported","textfile",11,"92289734",0.00255761747377367,7.29e-09,"SmoInit",TRUE,"reported","FEF8xc",2,TRUE,NA
"208","rs59537158","T","C","T","C",0.0224874954780672,0.0119,0.214,0.226838,FALSE,FALSE,FALSE,"NQkSZW",0.0146,0.417,"outcome",TRUE,"reported","textfile",4,"28246049",0.00310652923853118,4.62e-13,"SmoInit",TRUE,"reported","FEF8xc",2,TRUE,NA
"209","rs6011779","T","C","T","C",-0.019176551179367,0.000132,0.806,0.80982,FALSE,FALSE,FALSE,"NQkSZW",0.0156,0.993,"outcome",TRUE,"reported","textfile",20,"61984317",0.0032276255980191,2.83e-09,"SmoInit",TRUE,"reported","FEF8xc",2,TRUE,NA
"210","rs6050446","G","A","G","A",0.0544097950038368,0.0215,0.971,0.966657,FALSE,FALSE,FALSE,"NQkSZW",0.0343,0.531,"outcome",TRUE,"reported","textfile",20,"25195509",0.00761143669351101,8.8e-13,"SmoInit",TRUE,"reported","FEF8xc",2,TRUE,NA
"211","rs6073075","A","T","A","T",-0.0187040436887538,-0.0179,0.824,0.825203,FALSE,TRUE,FALSE,"NQkSZW",0.0162,0.27,"outcome",TRUE,"reported","textfile",20,"42015801",0.00335394019043135,2.44e-08,"SmoInit",TRUE,"reported","FEF8xc",2,TRUE,NA
"212","rs60833441","G","A","G","A",-0.0142766415932626,-5.22e-05,0.461,0.451129,FALSE,FALSE,FALSE,"NQkSZW",0.0123,0.997,"outcome",TRUE,"reported","textfile",15,"74048768",0.00255592884906635,2.28e-08,"SmoInit",TRUE,"reported","FEF8xc",2,TRUE,NA
"213","rs61533748","C","T","C","T",0.0174357045031205,0.0361,0.384,0.39031,FALSE,FALSE,FALSE,"NQkSZW",0.0126,0.00413,"outcome",TRUE,"reported","textfile",2,"22582968",0.00261961601583743,2.82e-11,"SmoInit",TRUE,"reported","FEF8xc",2,TRUE,NA
"214","rs61884449","T","C","T","C",0.0199752928300066,0.0276,0.149183,0.149632,FALSE,FALSE,FALSE,"NQkSZW",0.0172,0.109,"outcome",TRUE,"reported","textfile",11,"64485193",0.00357615107721525,2.32e-08,"SmoInit",TRUE,"reported","FEF8xc",2,TRUE,NA
"215","rs61886926","T","C","T","C",-0.0179400669035335,-0.00939,0.384,0.393735,FALSE,FALSE,FALSE,"NQkSZW",0.0125,0.454,"outcome",TRUE,"reported","textfile",11,"64133552",0.00261961601583743,7.3e-12,"SmoInit",TRUE,"reported","FEF8xc",2,TRUE,NA
"216","rs619087","G","A","G","A",0.0142703351761035,0.0085,0.422,0.425556,FALSE,FALSE,FALSE,"NQkSZW",0.0124,0.493,"outcome",TRUE,"reported","textfile",6,"94175279",0.00257972528581484,3.1e-08,"SmoInit",TRUE,"reported","FEF8xc",2,TRUE,NA
"217","rs61959481","A","G","A","G",-0.0203441990277331,-0.00253,0.21,0.211548,FALSE,FALSE,FALSE,"NQkSZW",0.016,0.874,"outcome",TRUE,"reported","textfile",13,"55834929",0.00312802641757244,7.95e-11,"SmoInit",TRUE,"reported","FEF8xc",2,TRUE,NA
"218","rs62007780","T","G","T","G",-0.0159132952767858,-0.0142,0.416,0.424688,FALSE,FALSE,FALSE,"NQkSZW",0.0124,0.25,"outcome",TRUE,"reported","textfile",15,"78025464",0.00258488077414061,7.48e-10,"SmoInit",TRUE,"reported","FEF8xc",2,TRUE,NA
"219","rs62052916","T","A","T","A",-0.0319137711463547,-0.0515,0.0701,0.075291,FALSE,TRUE,FALSE,"NQkSZW",0.0233,0.0269,"outcome",TRUE,"reported","textfile",16,"72574550",0.00499018300026018,1.62e-10,"SmoInit",TRUE,"reported","FEF8xc",2,TRUE,NA
"220","rs62098013","A","G","A","G",0.0177099761642005,0.0218,0.365322,0.362349,FALSE,FALSE,FALSE,"NQkSZW",0.0129,0.0901,"outcome",TRUE,"reported","textfile",18,"50863861",0.00264593377276032,2.24e-11,"SmoInit",TRUE,"reported","FEF8xc",2,TRUE,NA
"221","rs62106258","C","T","C","T",-0.0454980088384573,0.0236,0.047329,0.048481,FALSE,FALSE,FALSE,"NQkSZW",0.0285,0.408,"outcome",TRUE,"reported","textfile",2,"417167",0.00600009972129354,3.33e-14,"SmoInit",TRUE,"reported","FEF8xc",2,TRUE,NA
"222","rs62137126","G","A","G","A",-0.0236910869881559,0.0192,0.121094,0.120583,FALSE,FALSE,FALSE,"NQkSZW",0.0189,0.309,"outcome",TRUE,"reported","textfile",2,"44250149",0.00390536003837775,1.31e-09,"SmoInit",TRUE,"reported","FEF8xc",2,TRUE,NA
"223","rs62180324","A","G","A","G",-0.0195166646371247,0.00486,0.212,0.218577,FALSE,FALSE,FALSE,"NQkSZW",0.0148,0.743,"outcome",TRUE,"reported","textfile",2,"63416606",0.00311718491590551,3.91e-10,"SmoInit",TRUE,"reported","FEF8xc",2,TRUE,NA
"224","rs62193862","A","G","A","G",0.0238462864833974,-0.0077,0.0999,0.102122,FALSE,FALSE,FALSE,"NQkSZW",0.0205,0.707,"outcome",TRUE,"reported","textfile",2,"202843875",0.00424879209370151,1.99e-08,"SmoInit",TRUE,"reported","FEF8xc",2,TRUE,NA
"225","rs62246017","A","G","A","G",-0.0161694933302614,-0.00457,0.322639,0.319263,FALSE,FALSE,FALSE,"NQkSZW",0.0133,0.731,"outcome",TRUE,"reported","textfile",3,"71483084",0.00272536754484063,3.03e-09,"SmoInit",TRUE,"reported","FEF8xc",2,TRUE,NA
"226","rs62340589","C","G","C","G",0.017413369446369,0.018,0.201,0.205959,FALSE,TRUE,FALSE,"NQkSZW",0.0152,0.237,"outcome",TRUE,"reported","textfile",4,"176875795",0.00317923174931584,4.31e-08,"SmoInit",TRUE,"reported","FEF8xc",2,TRUE,NA
"227","rs62618693","T","C","T","C",-0.0352724153423309,-0.0417,0.0428,0.045314,FALSE,FALSE,FALSE,"NQkSZW",0.0294,0.156,"outcome",TRUE,"reported","textfile",11,"32956492",0.00629463244218645,2.09e-08,"SmoInit",TRUE,"reported","FEF8xc",2,TRUE,NA
"228","rs6265","T","C","T","C",-0.0292754909467112,-0.00467,0.188,0.189405,FALSE,FALSE,FALSE,"NQkSZW",0.0156,0.765,"outcome",TRUE,"reported","textfile",11,"27679916",0.00326089388209887,2.81e-19,"SmoInit",TRUE,"reported","FEF8xc",2,TRUE,NA
"229","rs6437769","T","C","T","C",0.0142141155562826,0.0155,0.581,0.583315,FALSE,FALSE,FALSE,"NQkSZW",0.0124,0.213,"outcome",TRUE,"reported","textfile",3,"107997514",0.00258225143562947,3.74e-08,"SmoInit",TRUE,"reported","FEF8xc",2,TRUE,NA
"230","rs6438436","T","C","T","C",0.0247370456169046,-0.00934,0.816,0.816403,FALSE,FALSE,FALSE,"NQkSZW",0.016,0.56,"outcome",TRUE,"reported","textfile",3,"117822149",0.00328805909500432,5.33e-14,"SmoInit",TRUE,"reported","FEF8xc",2,TRUE,NA
"231","rs644740","T","C","T","C",-0.0140785168397533,-0.013,0.457,0.463588,FALSE,FALSE,FALSE,"NQkSZW",0.0123,0.291,"outcome",TRUE,"reported","textfile",11,"65561468",0.00255761747377367,3.67e-08,"SmoInit",TRUE,"reported","FEF8xc",2,TRUE,NA
"232","rs6452785","T","C","T","C",-0.0268827102867428,0.00375,0.474,0.463476,FALSE,FALSE,FALSE,"NQkSZW",0.0123,0.761,"outcome",TRUE,"reported","textfile",5,"87685500",0.00255159394161599,4.69e-26,"SmoInit",TRUE,"reported","FEF8xc",2,TRUE,NA
"233","rs6497840","A","G","A","G",0.0227702781578142,0.0105,0.707,0.714376,FALSE,FALSE,FALSE,"NQkSZW",0.0136,0.44,"outcome",TRUE,"reported","textfile",16,"25351633",0.00286651128783754,2.01e-15,"SmoInit",TRUE,"reported","FEF8xc",2,TRUE,NA
"234","rs6568832","A","G","A","G",0.0188690056414671,0.0211,0.753851,0.755646,FALSE,FALSE,FALSE,"NQkSZW",0.0142,0.139,"outcome",TRUE,"reported","textfile",6,"97702876",0.00295768425707732,1.74e-10,"SmoInit",TRUE,"reported","FEF8xc",2,TRUE,NA
"235","rs67050670","G","A","G","A",-0.0202722725573387,-0.00103,0.229,0.230816,FALSE,FALSE,FALSE,"NQkSZW",0.0146,0.944,"outcome",TRUE,"reported","textfile",18,"39297254",0.00303213598798646,2.34e-11,"SmoInit",TRUE,"reported","FEF8xc",2,TRUE,NA
"236","rs6731872","G","T","G","T",0.0315976722437205,0.00227,0.826,0.828048,FALSE,FALSE,FALSE,"NQkSZW",0.0162,0.889,"outcome",TRUE,"reported","textfile",2,"624205",0.00336069389789628,5.35e-21,"SmoInit",TRUE,"reported","FEF8xc",2,TRUE,NA
"237","rs6750107","A","G","A","G",0.0145651380943922,0.00631,0.386875,0.387748,FALSE,FALSE,FALSE,"NQkSZW",0.0126,0.617,"outcome",TRUE,"reported","textfile",2,"80748807",0.00261597602650499,2.6e-08,"SmoInit",TRUE,"reported","FEF8xc",2,TRUE,NA
"238","rs6750529","T","C","T","C",0.0199073582141741,0.0239,0.744,0.736084,FALSE,FALSE,FALSE,"NQkSZW",0.0139,0.0868,"outcome",TRUE,"reported","textfile",2,"182027603",0.00291935664980527,9.26e-12,"SmoInit",TRUE,"reported","FEF8xc",2,TRUE,NA
"239","rs6756212","T","C","T","C",-0.0338880494124865,0.00373,0.535,0.538302,FALSE,FALSE,FALSE,"NQkSZW",0.0123,0.762,"outcome",TRUE,"reported","textfile",2,"146140132",0.00255440783586912,3.49e-40,"SmoInit",TRUE,"reported","FEF8xc",2,TRUE,NA
"240","rs67777803","T","G","T","G",-0.0246014935565632,-0.00533,0.172,0.171896,FALSE,FALSE,FALSE,"NQkSZW",0.0163,0.743,"outcome",TRUE,"reported","textfile",17,"27323322",0.00337609153783181,3.18e-13,"SmoInit",TRUE,"reported","FEF8xc",2,TRUE,NA
"241","rs6782116","T","C","T","C",-0.0146502197827914,-0.0139,0.415,0.423463,FALSE,FALSE,FALSE,"NQkSZW",0.0125,0.264,"outcome",TRUE,"reported","textfile",3,"77176032",0.00258578030838715,1.46e-08,"SmoInit",TRUE,"reported","FEF8xc",2,TRUE,NA
"242","rs6874731","G","T","G","T",0.0153179156797748,0.00652,0.484,0.481296,FALSE,FALSE,FALSE,"NQkSZW",0.0124,0.598,"outcome",TRUE,"reported","textfile",5,"80263865",0.00254944750286814,1.83e-09,"SmoInit",TRUE,"reported","FEF8xc",2,TRUE,NA
"243","rs6890961","T","C","T","C",-0.0193108669011559,-0.00139,0.624,0.627374,FALSE,FALSE,FALSE,"NQkSZW",0.0127,0.913,"outcome",TRUE,"reported","textfile",5,"166778503",0.0026303127365933,2.13e-13,"SmoInit",TRUE,"reported","FEF8xc",2,TRUE,NA
"244","rs6936160","T","C","T","C",0.0201067590761284,4.33e-05,0.698,0.694017,FALSE,FALSE,FALSE,"NQkSZW",0.0133,0.997,"outcome",TRUE,"reported","textfile",6,"100347745",0.0027749963896861,4.2e-13,"SmoInit",TRUE,"reported","FEF8xc",2,TRUE,NA
"245","rs6948707","G","T","G","T",0.0243472215702007,0.00953,0.419,0.424076,FALSE,FALSE,FALSE,"NQkSZW",0.0124,0.443,"outcome",TRUE,"reported","textfile",7,"1870794",0.00258225143562947,4.24e-21,"SmoInit",TRUE,"reported","FEF8xc",2,TRUE,NA
"246","rs6968380","A","G","A","G",-0.0234192367880246,-0.0238,0.681,0.695539,FALSE,FALSE,FALSE,"NQkSZW",0.0134,0.0753,"outcome",TRUE,"reported","textfile",7,"114940159",0.00273353543303769,1.05e-17,"SmoInit",TRUE,"reported","FEF8xc",2,TRUE,NA
"247","rs6986430","C","T","C","T",-0.0243376590460144,-0.00546,0.222377,0.227394,FALSE,FALSE,FALSE,"NQkSZW",0.0146,0.708,"outcome",TRUE,"reported","textfile",8,"93048104",0.00306382618128011,1.99e-15,"SmoInit",TRUE,"reported","FEF8xc",2,TRUE,NA
"248","rs7024924","C","T","C","T",0.0188917634386336,0.00917,0.174,0.175889,FALSE,FALSE,FALSE,"NQkSZW",0.0161,0.569,"outcome",TRUE,"reported","textfile",9,"8282399",0.00336069389789629,1.9e-08,"SmoInit",TRUE,"reported","FEF8xc",2,TRUE,NA
"249","rs7026534","G","T","G","T",-0.0166030163128688,-0.0309,0.703821,0.702835,FALSE,FALSE,FALSE,"NQkSZW",0.0134,0.0213,"outcome",TRUE,"reported","textfile",9,"134907263",0.0027905214398687,2.68e-09,"SmoInit",TRUE,"reported","FEF8xc",2,TRUE,NA
"250","rs7072776","G","A","G","A",-0.0219746659604234,-0.0347,0.712,0.723386,FALSE,FALSE,FALSE,"NQkSZW",0.0137,0.0116,"outcome",TRUE,"reported","textfile",10,"22032942",0.00281356766714023,5.66e-15,"SmoInit",TRUE,"reported","FEF8xc",2,TRUE,NA
"251","rs7134009","C","T","C","T",-0.0157969079482934,-0.0126,0.287,0.279646,FALSE,FALSE,FALSE,"NQkSZW",0.0137,0.355,"outcome",TRUE,"reported","textfile",12,"75263193",0.00288410760737097,4.3e-08,"SmoInit",TRUE,"reported","FEF8xc",2,TRUE,NA
"252","rs71367544","T","C","T","C",0.0205521600569838,0.0294,0.203,0.210531,FALSE,FALSE,FALSE,"NQkSZW",0.015,0.0505,"outcome",TRUE,"reported","textfile",18,"77574374",0.00316749855600992,8.54e-11,"SmoInit",TRUE,"reported","FEF8xc",2,TRUE,NA
"253","rs71592686","C","T","C","T",0.0207374485275736,0.00916,0.274,0.280251,FALSE,FALSE,FALSE,"NQkSZW",0.0137,0.502,"outcome",TRUE,"reported","textfile",5,"60121271",0.00285660382555937,3.85e-13,"SmoInit",TRUE,"reported","FEF8xc",2,TRUE,NA
"254","rs71602617","T","C","T","C",-0.0177654859083323,-0.0186,0.216,0.210808,FALSE,FALSE,FALSE,"NQkSZW",0.0151,0.216,"outcome",TRUE,"reported","textfile",4,"136406155",0.00317038691182538,2.1e-08,"SmoInit",TRUE,"reported","FEF8xc",2,TRUE,NA
"255","rs7188873","G","A","G","A",0.0202957786323485,0.0119,0.612998,0.623629,FALSE,FALSE,FALSE,"NQkSZW",0.0127,0.346,"outcome",TRUE,"reported","textfile",16,"24727064",0.00261581768560816,8.46e-15,"SmoInit",TRUE,"reported","FEF8xc",2,TRUE,NA
"256","rs7192140","C","T","C","T",-0.0168833776674707,0.00158,0.498,0.490561,FALSE,FALSE,FALSE,"NQkSZW",0.0123,0.898,"outcome",TRUE,"reported","textfile",16,"10173748",0.00254816223679372,3.4e-11,"SmoInit",TRUE,"reported","FEF8xc",2,TRUE,NA
"257","rs72780746","C","T","C","T",-0.0257629583806218,0.000943,0.173,0.168703,FALSE,FALSE,FALSE,"NQkSZW",0.0164,0.954,"outcome",TRUE,"reported","textfile",5,"103929588",0.00336835455155562,2.05e-14,"SmoInit",TRUE,"reported","FEF8xc",2,TRUE,NA
"258","rs72789626","A","T","A","T",-0.025643113591373,-0.000633,0.136,0.138156,FALSE,TRUE,FALSE,"NQkSZW",0.0178,0.972,"outcome",TRUE,"reported","textfile",5,"106825618",0.00371678363105592,5.13e-12,"SmoInit",TRUE,"reported","FEF8xc",2,TRUE,NA
"259","rs72790288","A","G","A","G",-0.0455317796974094,0.0205,0.0282,0.029867,FALSE,FALSE,FALSE,"NQkSZW",0.0361,0.57,"outcome",TRUE,"reported","textfile",2,"29513404",0.00769627546732542,3.28e-09,"SmoInit",TRUE,"reported","FEF8xc",2,TRUE,NA
"260","rs72898831","G","A","G","A",-0.024415855154164,-0.0265,0.155,0.160814,FALSE,FALSE,FALSE,"NQkSZW",0.0167,0.112,"outcome",TRUE,"reported","textfile",18,"42658643",0.00352045989869483,4.14e-12,"SmoInit",TRUE,"reported","FEF8xc",2,TRUE,NA
"261","rs72938304","A","G","A","G",-0.0272051217359383,-0.015,0.113,0.117908,FALSE,FALSE,FALSE,"NQkSZW",0.0192,0.434,"outcome",TRUE,"reported","textfile",18,"53661743",0.00402432061669775,1.36e-11,"SmoInit",TRUE,"reported","FEF8xc",2,TRUE,NA
"262","rs73008357","C","A","C","A",-0.0223095209685988,0.00787,0.121,0.119075,FALSE,FALSE,FALSE,"NQkSZW",0.019,0.678,"outcome",TRUE,"reported","textfile",6,"156431856",0.00400046109017831,2.44e-08,"SmoInit",TRUE,"reported","FEF8xc",2,TRUE,NA
"263","rs7333559","A","G","A","G",-0.0232125263243759,-0.0173,0.783,0.790516,FALSE,FALSE,FALSE,"NQkSZW",0.0151,0.252,"outcome",TRUE,"reported","textfile",13,"100546450",0.00309088507361485,5.94e-14,"SmoInit",TRUE,"reported","FEF8xc",2,TRUE,NA
"264","rs73831818","G","A","G","A",0.0320434884207701,0.0275,0.057,0.06254,FALSE,FALSE,FALSE,"NQkSZW",0.0252,0.275,"outcome",TRUE,"reported","textfile",3,"55988394",0.00549541292719244,5.46e-09,"SmoInit",TRUE,"reported","FEF8xc",2,TRUE,NA
"265","rs748832","G","A","G","A",0.017214171572941,0.00326,0.371,0.364535,FALSE,FALSE,FALSE,"NQkSZW",0.0127,0.798,"outcome",TRUE,"reported","textfile",3,"16851202",0.00263743234317981,6.6e-11,"SmoInit",TRUE,"reported","FEF8xc",2,TRUE,NA
"266","rs7505855","T","C","T","C",-0.016981782012443,0.0145,0.586,0.580347,FALSE,FALSE,FALSE,"NQkSZW",0.0125,0.244,"outcome",TRUE,"reported","textfile",18,"31696075",0.00258669144452735,5.31e-11,"SmoInit",TRUE,"reported","FEF8xc",2,TRUE,NA
"267","rs75674569","A","G","A","G",-0.0253376642806127,0.00039,0.0997,0.099141,FALSE,FALSE,FALSE,"NQkSZW",0.0206,0.985,"outcome",TRUE,"reported","textfile",13,"96823724",0.00425257910541401,2.58e-09,"SmoInit",TRUE,"reported","FEF8xc",2,TRUE,NA
"268","rs75919030","C","T","C","T",-0.0209664026528435,-0.00719,0.267,0.2632,FALSE,FALSE,FALSE,"NQkSZW",0.014,0.606,"outcome",TRUE,"reported","textfile",17,"50193197",0.00287995689236987,3.35e-13,"SmoInit",TRUE,"reported","FEF8xc",2,TRUE,NA
"269","rs7598402","G","C","G","C",-0.0147282541443157,-0.0171,0.492084,0.472495,FALSE,TRUE,TRUE,"NQkSZW",0.0123,0.166,"outcome",TRUE,"reported","textfile",2,"50735943",0.00254846126017199,7.38e-09,"SmoInit",TRUE,"reported","FEF8xc",2,FALSE,NA
"270","rs7600835","A","G","A","G",-0.0151215822660203,0.034,0.342,0.346387,FALSE,FALSE,FALSE,"NQkSZW",0.0131,0.00929,"outcome",TRUE,"reported","textfile",2,"172521827",0.00268576249814973,1.8e-08,"SmoInit",TRUE,"reported","FEF8xc",2,TRUE,NA
"271","rs7631379","C","T","C","T",0.0208014202663307,-0.00749,0.206,0.208974,FALSE,FALSE,FALSE,"NQkSZW",0.0151,0.619,"outcome",TRUE,"reported","textfile",3,"181409057",0.00315028426377377,3.94e-11,"SmoInit",TRUE,"reported","FEF8xc",2,TRUE,NA
"272","rs7640107","T","C","T","C",-0.0141860488913742,0.00173,0.430789,0.424432,FALSE,FALSE,FALSE,"NQkSZW",0.0124,0.889,"outcome",TRUE,"reported","textfile",3,"59966156",0.00257291038839787,3.46e-08,"SmoInit",TRUE,"reported","FEF8xc",2,TRUE,NA
"273","rs76460663","G","C","G","C",-0.0423499881621549,0.0288,0.041056,0.041121,FALSE,TRUE,FALSE,"NQkSZW",0.0314,0.359,"outcome",TRUE,"reported","textfile",11,"111979741",0.00642108863426387,4.15e-11,"SmoInit",TRUE,"reported","FEF8xc",2,TRUE,NA
"274","rs7657022","G","A","G","A",0.0182907848013209,0.0192,0.489,0.495376,FALSE,FALSE,FALSE,"NQkSZW",0.0123,0.117,"outcome",TRUE,"reported","textfile",4,"35501032",0.00254875872567672,7.34e-13,"SmoInit",TRUE,"reported","FEF8xc",2,TRUE,NA
"275","rs76608582","A","C","A","C",-0.0345492908715738,-0.00406,0.0489,0.048055,FALSE,FALSE,FALSE,"NQkSZW",0.0301,0.893,"outcome",TRUE,"reported","textfile",19,"4474725",0.00590780408568799,4.88e-09,"SmoInit",TRUE,"reported","FEF8xc",2,TRUE,NA
"276","rs76841737","G","C","G","C",-0.0231488111016818,-0.00775,0.103,0.107165,FALSE,TRUE,FALSE,"NQkSZW",0.0198,0.696,"outcome",TRUE,"reported","textfile",7,"91281409",0.0041915897661762,3.26e-08,"SmoInit",TRUE,"reported","FEF8xc",2,TRUE,NA
"277","rs7696257","A","G","A","G",0.0153312678884022,-0.00456,0.366,0.358633,FALSE,FALSE,FALSE,"NQkSZW",0.0129,0.723,"outcome",TRUE,"reported","textfile",4,"137474783",0.00264489498770943,6.78e-09,"SmoInit",TRUE,"reported","FEF8xc",2,TRUE,NA
"278","rs77215829","C","A","C","A",-0.0240446683970437,-0.0183,0.131,0.132302,FALSE,FALSE,FALSE,"NQkSZW",0.0181,0.311,"outcome",TRUE,"reported","textfile",12,"112618346",0.0037829282960642,2.02e-10,"SmoInit",TRUE,"reported","FEF8xc",2,TRUE,NA
"279","rs77283305","A","G","A","G",-0.0151959719568566,-0.00269,0.305819,0.316257,FALSE,FALSE,FALSE,"NQkSZW",0.0132,0.838,"outcome",TRUE,"reported","textfile",7,"132593831",0.00276519021844032,3.91e-08,"SmoInit",TRUE,"reported","FEF8xc",2,TRUE,NA
"280","rs7743165","G","T","G","T",0.0192558800004546,0.00306,0.495,0.500295,FALSE,FALSE,FALSE,"NQkSZW",0.0122,0.803,"outcome",TRUE,"reported","textfile",6,"67521222",0.00254826926806319,4.15e-14,"SmoInit",TRUE,"reported","FEF8xc",2,TRUE,NA
"281","rs7802996","T","C","T","C",-0.0208846886818414,-0.0141,0.166,0.16665,FALSE,FALSE,FALSE,"NQkSZW",0.0164,0.389,"outcome",TRUE,"reported","textfile",7,"77771983",0.00342417960246408,1.06e-09,"SmoInit",TRUE,"reported","FEF8xc",2,TRUE,NA
"282","rs7809303","A","G","A","G",-0.021418836864619,0.0104,0.325,0.323775,FALSE,FALSE,FALSE,"NQkSZW",0.0131,0.429,"outcome",TRUE,"reported","textfile",7,"69484366",0.00272019500200298,3.48e-15,"SmoInit",TRUE,"reported","FEF8xc",2,TRUE,NA
"283","rs7836565","T","C","T","C",-0.0155084165083128,0.0171,0.718,0.715274,FALSE,FALSE,FALSE,"NQkSZW",0.0136,0.208,"outcome",TRUE,"reported","textfile",8,"52569449",0.00283143651759614,4.36e-08,"SmoInit",TRUE,"reported","FEF8xc",2,TRUE,NA
"284","rs7867822","G","A","G","A",-0.0150970271647724,-0.015,0.673,0.673465,FALSE,FALSE,FALSE,"NQkSZW",0.0131,0.252,"outcome",TRUE,"reported","textfile",9,"20676454",0.00271589012993163,2.76e-08,"SmoInit",TRUE,"reported","FEF8xc",2,TRUE,NA
"285","rs7920501","A","T","A","T",-0.0155168449616196,0.00193,0.465,0.471211,FALSE,TRUE,TRUE,"NQkSZW",0.0123,0.875,"outcome",TRUE,"reported","textfile",10,"10043159",0.00255440783586912,1.25e-09,"SmoInit",TRUE,"reported","FEF8xc",2,FALSE,NA
"286","rs7921378","C","G","C","G",-0.0233135465388289,0.0166,0.482,0.480432,FALSE,TRUE,TRUE,"NQkSZW",0.0123,0.177,"outcome",TRUE,"reported","textfile",10,"63674885",0.00254979465403176,6.1e-20,"SmoInit",TRUE,"reported","FEF8xc",2,FALSE,NA
"287","rs7929518","G","A","G","A",0.0192362727079985,0.00593,0.773,0.781752,FALSE,FALSE,FALSE,"NQkSZW",0.0148,0.689,"outcome",TRUE,"reported","textfile",11,"85980958",0.00304152177247051,2.55e-10,"SmoInit",TRUE,"reported","FEF8xc",2,TRUE,NA
"288","rs7943721","A","G","A","G",-0.0212136090038615,0.0382,0.829,0.83299,FALSE,FALSE,FALSE,"NQkSZW",0.0164,0.02,"outcome",TRUE,"reported","textfile",11,"73309393",0.00338390595551107,3.58e-10,"SmoInit",TRUE,"reported","FEF8xc",2,TRUE,NA
"289","rs7969559","G","A","G","A",-0.0170158764738426,0.0132,0.713,0.721347,FALSE,FALSE,FALSE,"NQkSZW",0.0137,0.334,"outcome",TRUE,"reported","textfile",12,"69655167",0.00281648791389652,1.53e-09,"SmoInit",TRUE,"reported","FEF8xc",2,TRUE,NA
"290","rs8005334","G","T","G","T",0.0166733576649974,0.0335,0.36,0.372062,FALSE,FALSE,FALSE,"NQkSZW",0.0127,0.00818,"outcome",TRUE,"reported","textfile",14,"79563654",0.00265628674749107,3.44e-10,"SmoInit",TRUE,"reported","FEF8xc",2,TRUE,NA
"291","rs8027457","C","T","C","T",0.0153137772807968,0.0318,0.511,0.512097,FALSE,FALSE,FALSE,"NQkSZW",0.0123,0.0094,"outcome",TRUE,"reported","textfile",15,"99204101",0.00254875872567672,1.88e-09,"SmoInit",TRUE,"reported","FEF8xc",2,TRUE,NA
"292","rs8050598","T","C","T","C",0.0186697540012263,-0.0274,0.254117,0.259559,FALSE,FALSE,FALSE,"NQkSZW",0.0144,0.0575,"outcome",TRUE,"reported","textfile",16,"49891964",0.00292645190436437,1.76e-10,"SmoInit",TRUE,"reported","FEF8xc",2,TRUE,NA
"293","rs8096225","C","A","C","A",0.0155245337193483,0.0131,0.703,0.693347,FALSE,FALSE,FALSE,"NQkSZW",0.0133,0.322,"outcome",TRUE,"reported","textfile",18,"36921851",0.00278828856748841,2.63e-08,"SmoInit",TRUE,"reported","FEF8xc",2,TRUE,NA
"294","rs8103660","C","T","C","T",0.0158025711053756,-0.00242,0.354431,0.359043,FALSE,FALSE,FALSE,"NQkSZW",0.0128,0.85,"outcome",TRUE,"reported","textfile",19,"18566395",0.00266352281645246,3.03e-09,"SmoInit",TRUE,"reported","FEF8xc",2,TRUE,NA
"295","rs876793","C","T","C","T",-0.0179245007056761,-0.017,0.349262,0.354841,FALSE,FALSE,FALSE,"NQkSZW",0.0128,0.186,"outcome",TRUE,"reported","textfile",1,"237852083",0.00273664472881359,5.69e-11,"SmoInit",TRUE,"reported","FEF8xc",2,TRUE,NA
"296","rs910912","C","T","C","T",-0.0167699273398506,0.00893,0.739,0.729162,FALSE,FALSE,FALSE,"NQkSZW",0.0138,0.517,"outcome",TRUE,"reported","textfile",20,"54462393",0.00290609002764278,7.82e-09,"SmoInit",TRUE,"reported","FEF8xc",2,TRUE,NA
"297","rs925524","G","A","G","A",0.0155573140824448,0.00437,0.71,0.708662,FALSE,FALSE,FALSE,"NQkSZW",0.0135,0.746,"outcome",TRUE,"reported","textfile",1,"46496709",0.00280779523008113,2.94e-08,"SmoInit",TRUE,"reported","FEF8xc",2,TRUE,NA
"298","rs9288999","A","G","A","G",0.0174410822809077,-0.00288,0.735,0.74401,FALSE,FALSE,FALSE,"NQkSZW",0.0142,0.84,"outcome",TRUE,"reported","textfile",3,"114147927",0.00288686847985553,1.5e-09,"SmoInit",TRUE,"reported","FEF8xc",2,TRUE,NA
"299","rs9302604","G","A","G","A",0.0187095218089082,-0.00271,0.435,0.438249,FALSE,FALSE,FALSE,"NQkSZW",0.0124,0.827,"outcome",TRUE,"reported","textfile",16,"69576894",0.00256995046688193,3.29e-13,"SmoInit",TRUE,"reported","FEF8xc",2,TRUE,NA
"300","rs9323328","G","A","G","A",-0.0142370300423771,0.0118,0.537,0.54207,FALSE,FALSE,FALSE,"NQkSZW",0.0123,0.339,"outcome",TRUE,"reported","textfile",14,"58653514",0.00255704608072541,2.55e-08,"SmoInit",TRUE,"reported","FEF8xc",2,TRUE,NA
"301","rs9331343","C","T","C","T",-0.0141345190480488,0.00101,0.568,0.576496,FALSE,FALSE,FALSE,"NQkSZW",0.0124,0.935,"outcome",TRUE,"reported","textfile",6,"157738258",0.00257203908542274,3.9e-08,"SmoInit",TRUE,"reported","FEF8xc",2,TRUE,NA
"302","rs9423279","G","C","G","C",-0.0185807847386936,0.0104,0.645,0.656776,FALSE,TRUE,FALSE,"NQkSZW",0.0131,0.43,"outcome",TRUE,"reported","textfile",10,"125680419",0.00266256103074018,3.06e-12,"SmoInit",TRUE,"reported","FEF8xc",2,TRUE,NA
"303","rs951740","A","G","A","G",0.0295408668572617,0.0226,0.625,0.622092,FALSE,FALSE,FALSE,"NQkSZW",0.0126,0.0745,"outcome",TRUE,"reported","textfile",1,"44011737",0.00263170958781378,3.82e-29,"SmoInit",TRUE,"reported","FEF8xc",2,TRUE,NA
"304","rs9538162","C","T","C","T",0.0173791554995482,-0.0319,0.415874,0.424784,FALSE,FALSE,FALSE,"NQkSZW",0.0124,0.0101,"outcome",TRUE,"reported","textfile",13,"59265043",0.00258499347783996,1.76e-11,"SmoInit",TRUE,"reported","FEF8xc",2,TRUE,NA
"305","rs9540731","T","C","T","C",-0.017730323058699,-0.00407,0.509,0.52114,FALSE,FALSE,FALSE,"NQkSZW",0.0123,0.74,"outcome",TRUE,"reported","textfile",13,"66949370",0.00254855475073146,3.42e-12,"SmoInit",TRUE,"reported","FEF8xc",2,TRUE,NA
"306","rs9545155","C","T","C","T",-0.0160708800199023,-0.0045,0.478,0.476593,FALSE,FALSE,FALSE,"NQkSZW",0.0123,0.714,"outcome",TRUE,"reported","textfile",13,"80191873",0.00255061204001953,3.04e-10,"SmoInit",TRUE,"reported","FEF8xc",2,TRUE,NA
"307","rs9627272","C","G","C","G",-0.0154736957351565,-0.0105,0.407,0.404134,FALSE,TRUE,FALSE,"NQkSZW",0.0126,0.402,"outcome",TRUE,"reported","textfile",22,"46442288",0.00259339729741758,2.42e-09,"SmoInit",TRUE,"reported","FEF8xc",2,TRUE,NA
"308","rs9826984","A","G","A","G",-0.0140528591832801,-0.0133,0.542,0.539858,FALSE,FALSE,FALSE,"NQkSZW",0.0123,0.279,"outcome",TRUE,"reported","textfile",3,"131945722",0.00255717955159768,3.87e-08,"SmoInit",TRUE,"reported","FEF8xc",2,TRUE,NA
"309","rs9841807","T","C","T","C",0.0162534791111457,9.37e-05,0.273,0.276941,FALSE,FALSE,FALSE,"NQkSZW",0.0137,0.995,"outcome",TRUE,"reported","textfile",3,"175718927",0.00285986199420466,1.35e-08,"SmoInit",TRUE,"reported","FEF8xc",2,TRUE,NA
"310","rs9850597","A","G","A","G",-0.0185709857124084,-0.018,0.816,0.820409,FALSE,FALSE,FALSE,"NQkSZW",0.016,0.258,"outcome",TRUE,"reported","textfile",3,"161761866",0.00328805909500432,1.65e-08,"SmoInit",TRUE,"reported","FEF8xc",2,TRUE,NA
"311","rs986714","T","A","T","A",-0.0160308107404769,0.00773,0.445,0.448369,FALSE,TRUE,TRUE,"NQkSZW",0.0123,0.531,"outcome",TRUE,"reported","textfile",5,"50821338",0.00256369943794258,4.13e-10,"SmoInit",TRUE,"reported","FEF8xc",2,FALSE,NA
"312","rs9922607","T","C","T","C",-0.0221593131420856,-0.0019,0.2,0.213067,FALSE,FALSE,FALSE,"NQkSZW",0.0151,0.9,"outcome",TRUE,"reported","textfile",16,"17570220",0.00318517731426786,3.42e-12,"SmoInit",TRUE,"reported","FEF8xc",2,TRUE,NA
"313","rs9941217","G","C","G","C",-0.0185566686524006,-0.00802,0.352204,0.360762,FALSE,TRUE,FALSE,"NQkSZW",0.0128,0.531,"outcome",TRUE,"reported","textfile",16,"18050926",0.00266733357848334,3.5e-12,"SmoInit",TRUE,"reported","FEF8xc",2,TRUE,NA
"314","rs9987376","G","T","G","T",-0.0204682440460495,-0.00474,0.574251,0.57632,FALSE,FALSE,FALSE,"NQkSZW",0.0124,0.703,"outcome",TRUE,"reported","textfile",8,"93190014",0.00257671215931455,2.01e-15,"SmoInit",TRUE,"reported","FEF8xc",2,TRUE,NA
