"","SNP","effect_allele.exposure","other_allele.exposure","effect_allele.outcome","other_allele.outcome","beta.exposure","beta.outcome","eaf.exposure","eaf.outcome","remove","palindromic","ambiguous","id.outcome","pos.outcome","pval.outcome","se.outcome","outcome","mr_keep.outcome","pval_origin.outcome","data_source.outcome","chr.exposure","pos.exposure","se.exposure","pval.exposure","exposure","mr_keep.exposure","pval_origin.exposure","id.exposure","action","mr_keep","samplesize.outcome"
"1","rs10236149","G","A","G","A",-0.013498145,-0.0167574,0.123,0.17812,FALSE,FALSE,FALSE,"lfYK4I",99379892,0.768663,0.0569742,"outcome",TRUE,"reported","textfile",7,"98977515",0.002219081,1.18e-09,"Drinking",TRUE,"reported","Fv375e",2,TRUE,NA
"2","rs10438820","T","C","T","C",0.008971778,-0.0718729,0.702,0.643085,FALSE,FALSE,FALSE,"lfYK4I",80550797,0.116751,0.045821,"outcome",TRUE,"reported","textfile",17,"78524597",0.001593488,1.76e-08,"Drinking",TRUE,"reported","Fv375e",2,TRUE,NA
"3","rs10506274","T","G","T","G",-0.009037403,-0.072582,0.484,0.447401,FALSE,FALSE,FALSE,"lfYK4I",81207685,0.100865,0.0442392,"outcome",TRUE,"reported","textfile",12,"81601464",0.001458405,5.78e-10,"Drinking",TRUE,"reported","Fv375e",2,TRUE,NA
"4","rs10750025","T","C","T","C",0.010321447,-0.00812704,0.686,0.835383,FALSE,FALSE,FALSE,"lfYK4I",113553320,0.890349,0.0589506,"outcome",TRUE,"reported","textfile",11,"113424042",0.001570358,4.89e-11,"Drinking",TRUE,"reported","Fv375e",2,TRUE,NA
"5","rs10753661","A","G","A","G",-0.008638128,-0.0388097,0.684,0.692638,FALSE,FALSE,FALSE,"lfYK4I",165150555,0.413807,0.0474903,"outcome",TRUE,"reported","textfile",1,"165119792",0.001569272,3.76e-08,"Drinking",TRUE,"reported","Fv375e",2,TRUE,NA
"6","rs10876188","T","C","T","C",-0.007986853,0.0176639,0.457,0.514712,FALSE,FALSE,FALSE,"lfYK4I",51502098,0.686529,0.0437692,"outcome",TRUE,"reported","textfile",12,"51895882",0.001463078,4.84e-08,"Drinking",TRUE,"reported","Fv375e",2,TRUE,NA
"7","rs10978550","C","T","C","T",-0.011748331,0.0108253,0.206,0.236864,FALSE,FALSE,FALSE,"lfYK4I",106583712,0.833713,0.0515632,"outcome",TRUE,"reported","textfile",9,"109345993",0.001802112,7.15e-11,"Drinking",TRUE,"reported","Fv375e",2,TRUE,NA
"8","rs11030084","T","C","T","C",-0.010606819,-0.0651581,0.184,0.151835,FALSE,FALSE,FALSE,"lfYK4I",27622178,0.283969,0.0608133,"outcome",TRUE,"reported","textfile",11,"27643725",0.001880926,1.72e-08,"Drinking",TRUE,"reported","Fv375e",2,TRUE,NA
"9","rs1104608","C","G","C","G",-0.010974988,0.00859635,0.425,0.422642,FALSE,TRUE,TRUE,"lfYK4I",73878689,0.847678,0.0447534,"outcome",TRUE,"reported","textfile",16,"73912588",0.001475848,1.05e-13,"Drinking",TRUE,"reported","Fv375e",2,FALSE,NA
"10","rs1123285","G","C","G","C",-0.008897365,0.0617838,0.335,0.342405,FALSE,TRUE,FALSE,"lfYK4I",56807801,0.18094,0.0461808,"outcome",TRUE,"reported","textfile",14,"57274519",0.00154416,8.14e-09,"Drinking",TRUE,"reported","Fv375e",2,TRUE,NA
"11","rs113443718","A","G","A","G",-0.010208258,-0.00914825,0.305,0.314072,FALSE,FALSE,FALSE,"lfYK4I",29880863,0.847722,0.0476409,"outcome",TRUE,"reported","textfile",16,"29892184",0.001584629,1.19e-10,"Drinking",TRUE,"reported","Fv375e",2,TRUE,NA
"12","rs11625650","A","G","A","G",-0.009568091,-0.0480307,0.233,0.188853,FALSE,FALSE,FALSE,"lfYK4I",104143801,0.392052,0.0561171,"outcome",TRUE,"reported","textfile",14,"104610138",0.00172405,2.89e-08,"Drinking",TRUE,"reported","Fv375e",2,TRUE,NA
"13","rs11692435","A","G","A","G",0.017449894,-0.0824574,0.0852,0.233405,FALSE,FALSE,FALSE,"lfYK4I",97658891,0.115397,0.0523741,"outcome",TRUE,"reported","textfile",2,"98275354",0.00261585,2.53e-11,"Drinking",TRUE,"reported","Fv375e",2,TRUE,NA
"14","rs11940694","G","A","G","A",0.025949908,-0.0502009,0.597,0.646478,FALSE,FALSE,FALSE,"lfYK4I",39413373,0.274322,0.0459225,"outcome",TRUE,"reported","textfile",4,"39414993",0.001485887,3.03e-68,"Drinking",TRUE,"reported","Fv375e",2,TRUE,NA
"15","rs12088813","C","A","C","A",-0.009329047,-0.0332455,0.267,0.239399,FALSE,FALSE,FALSE,"lfYK4I",65942017,0.516332,0.0512248,"outcome",TRUE,"reported","textfile",1,"66407700",0.001649158,1.58e-08,"Drinking",TRUE,"reported","Fv375e",2,TRUE,NA
"16","rs1217091","C","T","C","T",0.012160827,-0.0197661,0.812,0.819756,FALSE,FALSE,FALSE,"lfYK4I",63614841,0.729681,0.0572017,"outcome",TRUE,"reported","textfile",8,"64527399",0.001865386,7.05e-11,"Drinking",TRUE,"reported","Fv375e",2,TRUE,NA
"17","rs1229984","C","T","C","T",0.150533575,0.0529556,0.963,0.994972,FALSE,FALSE,FALSE,"lfYK4I",99318162,0.867147,0.316563,"outcome",TRUE,"reported","textfile",4,"100239319",0.003861105,1e-200,"Drinking",TRUE,"reported","Fv375e",2,TRUE,NA
"18","rs1260326","C","T","C","T",0.020889835,-0.012213,0.601,0.650174,FALSE,FALSE,FALSE,"lfYK4I",27508073,0.791023,0.0460897,"outcome",TRUE,"reported","textfile",2,"27730940",0.001488339,8.05e-45,"Drinking",TRUE,"reported","Fv375e",2,TRUE,NA
"19","rs12651313","G","C","G","C",-0.008642927,0.0299845,0.443,0.496233,FALSE,TRUE,TRUE,"lfYK4I",170165242,0.493653,0.0438043,"outcome",TRUE,"reported","textfile",4,"171086393",0.001467223,3.79e-09,"Drinking",TRUE,"reported","Fv375e",2,FALSE,NA
"20","rs12655091","A","G","A","G",-0.008312109,0.0454983,0.53,0.495155,FALSE,FALSE,FALSE,"lfYK4I",145032772,0.299722,0.0438736,"outcome",TRUE,"reported","textfile",5,"144412335",0.001460289,1.25e-08,"Drinking",TRUE,"reported","Fv375e",2,TRUE,NA
"21","rs12795042","C","A","C","A",-0.008319009,0.0811224,0.623,0.701854,FALSE,FALSE,FALSE,"lfYK4I",133788273,0.0921743,0.0481714,"outcome",TRUE,"reported","textfile",11,"133658168",0.001503872,3.25e-08,"Drinking",TRUE,"reported","Fv375e",2,TRUE,NA
"22","rs12907323","G","A","G","A",0.008496596,-0.0152228,0.411,0.33398,FALSE,FALSE,FALSE,"lfYK4I",86252781,0.743242,0.0464725,"outcome",TRUE,"reported","textfile",15,"86796012",0.001481314,9.93e-09,"Drinking",TRUE,"reported","Fv375e",2,TRUE,NA
"23","rs13024996","A","C","A","C",-0.010912645,0.0174667,0.364,0.325697,FALSE,FALSE,FALSE,"lfYK4I",143467646,0.708062,0.046645,"outcome",TRUE,"reported","textfile",2,"144225215",0.001514769,5.72e-13,"Drinking",TRUE,"reported","Fv375e",2,TRUE,NA
"24","rs13032049","G","A","G","A",0.01019455,0.0125436,0.283,0.255658,FALSE,FALSE,FALSE,"lfYK4I",63354372,0.802791,0.0502271,"outcome",TRUE,"reported","textfile",2,"63581507",0.001617979,3e-10,"Drinking",TRUE,"reported","Fv375e",2,TRUE,NA
"25","rs13066454","T","C","T","C",-0.008775946,-0.0315393,0.398,0.428253,FALSE,FALSE,FALSE,"lfYK4I",94275411,0.475193,0.0441694,"outcome",TRUE,"reported","textfile",3,"93994255",0.001491956,4.13e-09,"Drinking",TRUE,"reported","Fv375e",2,TRUE,NA
"26","rs13094887","T","A","T","A",-0.010309671,0.0377925,0.301,0.256482,FALSE,TRUE,FALSE,"lfYK4I",70919280,0.448591,0.0498736,"outcome",TRUE,"reported","textfile",3,"70968431",0.001588926,8.57e-11,"Drinking",TRUE,"reported","Fv375e",2,TRUE,NA
"27","rs13107325","T","C","T","C",-0.027504515,-0.177051,0.0722,0.0140466,FALSE,FALSE,FALSE,"lfYK4I",102267552,0.338429,0.184953,"outcome",TRUE,"reported","textfile",4,"103188709",0.002815982,1.53e-22,"Drinking",TRUE,"reported","Fv375e",2,TRUE,NA
"28","rs13250583","T","C","T","C",-0.009717545,0.0372864,0.213,0.243438,FALSE,FALSE,FALSE,"lfYK4I",21092406,0.467354,0.0513028,"outcome",TRUE,"reported","textfile",8,"20949917",0.001780116,4.7e-08,"Drinking",TRUE,"reported","Fv375e",2,TRUE,NA
"29","rs13383034","T","C","T","C",0.014926977,0.0144465,0.329,0.397168,FALSE,FALSE,FALSE,"lfYK4I",44928137,0.747594,0.0448908,"outcome",TRUE,"reported","textfile",2,"45155276",0.001551195,6.31e-22,"Drinking",TRUE,"reported","Fv375e",2,TRUE,NA
"30","rs1713676","G","A","G","A",-0.007991984,-0.033741,0.522454,0.559722,FALSE,FALSE,FALSE,"lfYK4I",113789854,0.445363,0.0442118,"outcome",TRUE,"reported","textfile",11,"113660576",0.00145913,4.29e-08,"Drinking",TRUE,"reported","Fv375e",2,TRUE,NA
"31","rs17177078","T","C","T","C",-0.02231549,-0.0159542,0.0626,0.0687922,FALSE,FALSE,FALSE,"lfYK4I",24799360,0.853913,0.0866474,"outcome",TRUE,"reported","textfile",16,"24810681",0.003011759,1.27e-13,"Drinking",TRUE,"reported","Fv375e",2,TRUE,NA
"32","rs17665139","T","C","T","C",-0.011560138,-0.0431579,0.149,0.135597,FALSE,FALSE,FALSE,"lfYK4I",123334364,0.499583,0.0639239,"outcome",TRUE,"reported","textfile",10,"125093880",0.002046764,1.59e-08,"Drinking",TRUE,"reported","Fv375e",2,TRUE,NA
"33","rs2011092","C","T","C","T",-0.008900405,0.0302671,0.338643,0.372641,FALSE,FALSE,FALSE,"lfYK4I",141405765,0.504096,0.045306,"outcome",TRUE,"reported","textfile",3,"141124607",0.001540056,7.35e-09,"Drinking",TRUE,"reported","Fv375e",2,TRUE,NA
"34","rs2165670","A","G","A","G",0.02308038,0.0347983,0.106337,0.140215,FALSE,FALSE,FALSE,"lfYK4I",99364928,0.583846,0.0635265,"outcome",TRUE,"reported","textfile",4,"100286085",0.002364267,1.67e-22,"Drinking",TRUE,"reported","Fv375e",2,TRUE,NA
"35","rs2180870","C","T","C","T",-0.012177537,0.0439329,0.135,0.104002,FALSE,FALSE,FALSE,"lfYK4I",58316061,0.541468,0.0719509,"outcome",TRUE,"reported","textfile",14,"58782779",0.002132803,1.12e-08,"Drinking",TRUE,"reported","Fv375e",2,TRUE,NA
"36","rs2472297","T","C","T","C",0.010606047,0.011064,0.249,0.248137,FALSE,FALSE,FALSE,"lfYK4I",74735539,0.827466,0.0507634,"outcome",TRUE,"reported","textfile",15,"75027880",0.001685411,3.1e-10,"Drinking",TRUE,"reported","Fv375e",2,TRUE,NA
"37","rs2532276","A","C","A","C",-0.021800138,-0.138012,0.215,0.0834648,FALSE,FALSE,FALSE,"lfYK4I",46169258,0.0807086,0.079018,"outcome",TRUE,"reported","textfile",17,"44246624",0.002558533,1.62e-17,"Drinking",TRUE,"reported","Fv375e",2,TRUE,NA
"38","rs2764771","A","G","A","G",0.009890596,0.0352525,0.307,0.387231,FALSE,FALSE,FALSE,"lfYK4I",20002471,0.437366,0.0453905,"outcome",TRUE,"reported","textfile",16,"20013793",0.001581736,4.02e-10,"Drinking",TRUE,"reported","Fv375e",2,TRUE,NA
"39","rs281379","A","G","A","G",0.013722336,0.0250422,0.508,0.408801,FALSE,FALSE,FALSE,"lfYK4I",48711017,0.573293,0.0444634,"outcome",TRUE,"reported","textfile",19,"49214274",0.001457844,4.91e-21,"Drinking",TRUE,"reported","Fv375e",2,TRUE,NA
"40","rs2854334","G","A","G","A",0.009220984,-0.0232879,0.615,0.600205,FALSE,FALSE,FALSE,"lfYK4I",31388482,0.602959,0.0447717,"outcome",TRUE,"reported","textfile",17,"29715500",0.001497813,7.51e-10,"Drinking",TRUE,"reported","Fv375e",2,TRUE,NA
"41","rs28601761","G","C","G","C",0.009102878,-0.0819553,0.42,0.411914,FALSE,TRUE,FALSE,"lfYK4I",125487789,0.0650624,0.0444243,"outcome",TRUE,"reported","textfile",8,"126500031",0.001476682,7.17e-10,"Drinking",TRUE,"reported","Fv375e",2,TRUE,NA
"42","rs28680958","A","G","A","G",-0.010996457,-0.126051,0.217,0.195144,FALSE,FALSE,FALSE,"lfYK4I",173879670,0.0223064,0.0551621,"outcome",TRUE,"reported","textfile",1,"173848808",0.001769942,5.13e-10,"Drinking",TRUE,"reported","Fv375e",2,TRUE,NA
"43","rs28929474","T","C","T","C",-0.036799624,0.0823919,0.0183,0.0196976,FALSE,FALSE,FALSE,"lfYK4I",94378610,0.601044,0.157567,"outcome",TRUE,"reported","textfile",14,"94844947",0.005437642,1.34e-11,"Drinking",TRUE,"reported","Fv375e",2,TRUE,NA
"44","rs35034355","A","G","A","G",-0.008096817,-0.0215167,0.521,0.488433,FALSE,FALSE,FALSE,"lfYK4I",104199667,0.623992,0.0438935,"outcome",TRUE,"reported","textfile",7,"103840115",0.001458945,2.87e-08,"Drinking",TRUE,"reported","Fv375e",2,TRUE,NA
"45","rs36052336","G","A","G","A",-0.018428809,-0.139543,0.061496,0.0656641,FALSE,FALSE,FALSE,"lfYK4I",99352437,0.115501,0.088658,"outcome",TRUE,"reported","textfile",4,"100273594",0.00303378,1.23e-09,"Drinking",TRUE,"reported","Fv375e",2,TRUE,NA
"46","rs3748034","T","G","T","G",-0.011740341,0.00542592,0.143,0.126081,FALSE,FALSE,FALSE,"lfYK4I",3444364,0.935359,0.0669001,"outcome",TRUE,"reported","textfile",4,"3446091",0.002081935,1.67e-08,"Drinking",TRUE,"reported","Fv375e",2,TRUE,NA
"47","rs3803800","G","A","G","A",0.011378876,0.0541258,0.786,0.75505,FALSE,FALSE,FALSE,"lfYK4I",7559652,0.28895,0.0510414,"outcome",TRUE,"reported","textfile",17,"7462969",0.001777082,1.5e-10,"Drinking",TRUE,"reported","Fv375e",2,TRUE,NA
"48","rs3809162","G","A","G","A",0.009060925,0.126852,0.397,0.477217,FALSE,FALSE,FALSE,"lfYK4I",54280451,0.00380382,0.0438329,"outcome",TRUE,"reported","textfile",12,"54674235",0.001489607,1.19e-09,"Drinking",TRUE,"reported","Fv375e",2,TRUE,NA
"49","rs4092465","G","A","G","A",-0.008291878,-0.0338675,0.635,0.623862,FALSE,FALSE,FALSE,"lfYK4I",57413205,0.459013,0.0457377,"outcome",TRUE,"reported","textfile",18,"55080437",0.001513883,4.39e-08,"Drinking",TRUE,"reported","Fv375e",2,TRUE,NA
"50","rs4548913","A","G","A","G",-0.008359953,0.0373995,0.632,0.613308,FALSE,FALSE,FALSE,"lfYK4I",2306594,0.40431,0.0448462,"outcome",TRUE,"reported","textfile",17,"2209888",0.001511274,3.11e-08,"Drinking",TRUE,"reported","Fv375e",2,TRUE,NA
"51","rs4690727","G","C","G","C",0.010816985,0.0361982,0.718,0.744657,FALSE,TRUE,FALSE,"lfYK4I",142727426,0.470925,0.0502073,"outcome",TRUE,"reported","textfile",4,"143648579",0.001619716,2.43e-11,"Drinking",TRUE,"reported","Fv375e",2,TRUE,NA
"52","rs4699791","A","G","A","G",0.018570721,-0.0152234,0.095726,0.130569,FALSE,FALSE,FALSE,"lfYK4I",100321866,0.815072,0.0650883,"outcome",TRUE,"reported","textfile",4,"101243023",0.002477197,6.58e-14,"Drinking",TRUE,"reported","Fv375e",2,TRUE,NA
"53","rs4815364","A","G","A","G",0.008582356,-0.0764488,0.616,0.656293,FALSE,FALSE,FALSE,"lfYK4I",25055075,0.0993802,0.0463926,"outcome",TRUE,"reported","textfile",20,"25035711",0.001498544,1.02e-08,"Drinking",TRUE,"reported","Fv375e",2,TRUE,NA
"54","rs4916723","C","A","C","A",-0.009952257,0.0318884,0.416,0.466999,FALSE,FALSE,FALSE,"lfYK4I",88558577,0.467492,0.0438892,"outcome",TRUE,"reported","textfile",5,"87854395",0.001478674,1.72e-11,"Drinking",TRUE,"reported","Fv375e",2,TRUE,NA
"55","rs4938230","A","C","A","C",0.012810377,0.0878846,0.842,0.823109,FALSE,FALSE,FALSE,"lfYK4I",116204284,0.127242,0.0576267,"outcome",TRUE,"reported","textfile",11,"116075001",0.001998209,1.48e-10,"Drinking",TRUE,"reported","Fv375e",2,TRUE,NA
"56","rs500321","T","A","T","A",-0.009669361,-0.0205294,0.736,0.759806,FALSE,TRUE,FALSE,"lfYK4I",26550223,0.687244,0.0509923,"outcome",TRUE,"reported","textfile",13,"27124360",0.001653426,4.92e-09,"Drinking",TRUE,"reported","Fv375e",2,TRUE,NA
"57","rs5024204","T","A","T","A",0.009702711,0.0332372,0.278,0.263948,FALSE,TRUE,FALSE,"lfYK4I",71026207,0.502847,0.0496066,"outcome",TRUE,"reported","textfile",1,"71491890",0.001628467,2.55e-09,"Drinking",TRUE,"reported","Fv375e",2,TRUE,NA
"58","rs55872084","T","G","T","G",0.009978744,-0.0884656,0.235,0.160466,FALSE,FALSE,FALSE,"lfYK4I",156474993,0.137683,0.0595939,"outcome",TRUE,"reported","textfile",5,"155902003",0.001718941,6.32e-09,"Drinking",TRUE,"reported","Fv375e",2,TRUE,NA
"59","rs55932213","G","A","G","A",0.009488271,0.058007,0.736387,0.730122,FALSE,FALSE,FALSE,"lfYK4I",105993341,0.241811,0.0495586,"outcome",TRUE,"reported","textfile",9,"108755622",0.001654204,9.55e-09,"Drinking",TRUE,"reported","Fv375e",2,TRUE,NA
"60","rs56030824","A","G","A","G",-0.011601888,0.00214479,0.322,0.312695,FALSE,FALSE,FALSE,"lfYK4I",47375802,0.963809,0.0472696,"outcome",TRUE,"reported","textfile",11,"47397353",0.001562978,1.15e-13,"Drinking",TRUE,"reported","Fv375e",2,TRUE,NA
"61","rs56337305","C","T","C","T",-0.009588381,0.121829,0.383,0.336314,FALSE,FALSE,FALSE,"lfYK4I",224610843,0.00751952,0.0455791,"outcome",TRUE,"reported","textfile",2,"225475560",0.001499283,1.63e-10,"Drinking",TRUE,"reported","Fv375e",2,TRUE,NA
"62","rs58107686","A","C","A","C",-0.009747126,0.0132128,0.328,0.336458,FALSE,FALSE,FALSE,"lfYK4I",33371733,0.775095,0.0462443,"outcome",TRUE,"reported","textfile",1,"33837334",0.00158537,7.79e-10,"Drinking",TRUE,"reported","Fv375e",2,TRUE,NA
"63","rs62044525","G","C","G","C",-0.01217318,0.091224,0.184,0.137533,FALSE,TRUE,FALSE,"lfYK4I",64838687,0.152086,0.063695,"outcome",TRUE,"reported","textfile",16,"64872590",0.001882851,1.03e-10,"Drinking",TRUE,"reported","Fv375e",2,TRUE,NA
"64","rs62250685","G","A","G","A",-0.014357061,-0.0323761,0.614,0.708471,FALSE,FALSE,FALSE,"lfYK4I",85408090,0.503127,0.0483531,"outcome",TRUE,"reported","textfile",3,"85457240",0.001500092,1.05e-21,"Drinking",TRUE,"reported","Fv375e",2,TRUE,NA
"65","rs6460047","C","T","C","T",0.011623538,0.0189376,0.208,0.169071,FALSE,FALSE,FALSE,"lfYK4I",73628113,0.74549,0.0583429,"outcome",TRUE,"reported","textfile",7,"73042443",0.00179569,9.69e-11,"Drinking",TRUE,"reported","Fv375e",2,TRUE,NA
"66","rs6787172","G","T","G","T",-0.008030894,-0.00265822,0.554,0.516004,FALSE,FALSE,FALSE,"lfYK4I",158470022,0.95158,0.0437767,"outcome",TRUE,"reported","textfile",3,"158187811",0.001466234,4.27e-08,"Drinking",TRUE,"reported","Fv375e",2,TRUE,NA
"67","rs682011","C","T","C","T",0.008212447,0.103316,0.559,0.59959,FALSE,FALSE,FALSE,"lfYK4I",121673577,0.021357,0.0448887,"outcome",TRUE,"reported","textfile",11,"121544285",0.001467913,2.22e-08,"Drinking",TRUE,"reported","Fv375e",2,TRUE,NA
"68","rs705687","G","A","G","A",-0.010904017,0.0859378,0.785,0.828832,FALSE,FALSE,FALSE,"lfYK4I",4488393,0.138015,0.0579399,"outcome",TRUE,"reported","textfile",1,"4548453",0.001775889,8.15e-10,"Drinking",TRUE,"reported","Fv375e",2,TRUE,NA
"69","rs7074871","A","G","A","G",-0.00939985,-0.029147,0.255,0.233061,FALSE,FALSE,FALSE,"lfYK4I",108748048,0.574049,0.051854,"outcome",TRUE,"reported","textfile",10,"110507806",0.001672158,1.86e-08,"Drinking",TRUE,"reported","Fv375e",2,TRUE,NA
"70","rs7185555","C","G","C","G",-0.011100514,-0.0190452,0.153,0.123711,FALSE,TRUE,FALSE,"lfYK4I",69097378,0.774027,0.0663338,"outcome",TRUE,"reported","textfile",16,"69131281",0.002026667,4.24e-08,"Drinking",TRUE,"reported","Fv375e",2,TRUE,NA
"71","rs72859280","T","G","T","G",0.022885324,0.0972422,0.0362,0.0471238,FALSE,FALSE,FALSE,"lfYK4I",147198725,0.35445,0.105014,"outcome",TRUE,"reported","textfile",2,"147956293",0.003901915,4.44e-09,"Drinking",TRUE,"reported","Fv375e",2,TRUE,NA
"72","rs77165542","T","C","T","C",-0.026010899,-0.100736,0.0349,0.0171765,FALSE,FALSE,FALSE,"lfYK4I",430975,0.54441,0.166187,"outcome",TRUE,"reported","textfile",2,"430975",0.003971245,5.63e-11,"Drinking",TRUE,"reported","Fv375e",2,TRUE,NA
"73","rs79139602","T","A","T","A",0.06027231,0.0473498,0.021061,0.0154245,FALSE,TRUE,FALSE,"lfYK4I",99523206,0.789523,0.177387,"outcome",TRUE,"reported","textfile",4,"100444363",0.005075844,1.8e-32,"Drinking",TRUE,"reported","Fv375e",2,TRUE,NA
"74","rs7950166","T","C","T","C",-0.009799202,-0.0372027,0.637,0.649986,FALSE,FALSE,FALSE,"lfYK4I",8620671,0.417808,0.0459162,"outcome",TRUE,"reported","textfile",11,"8642218",0.001515663,9.89e-11,"Drinking",TRUE,"reported","Fv375e",2,TRUE,NA
"75","rs79616692","C","G","C","G",0.016302272,-0.0235307,0.108,0.124706,FALSE,TRUE,FALSE,"lfYK4I",72304608,0.725489,0.0670137,"outcome",TRUE,"reported","textfile",16,"72338507",0.002350583,4.11e-12,"Drinking",TRUE,"reported","Fv375e",2,TRUE,NA
"76","rs823114","A","G","A","G",0.00876774,-0.0620115,0.553,0.578031,FALSE,FALSE,FALSE,"lfYK4I",205750404,0.162595,0.0444082,"outcome",TRUE,"reported","textfile",1,"205719532",0.001467417,2.31e-09,"Drinking",TRUE,"reported","Fv375e",2,TRUE,NA
"77","rs828867","A","G","A","G",0.008757157,0.0111716,0.545,0.624193,FALSE,FALSE,FALSE,"lfYK4I",74107335,0.807821,0.0459285,"outcome",TRUE,"reported","textfile",2,"74334462",0.001463597,2.15e-09,"Drinking",TRUE,"reported","Fv375e",2,TRUE,NA
"78","rs9607814","A","C","A","C",-0.010181001,-0.00802626,0.2,0.234319,FALSE,FALSE,FALSE,"lfYK4I",41550515,0.876466,0.0516321,"outcome",TRUE,"reported","textfile",22,"41946519",0.001858788,4.31e-08,"Drinking",TRUE,"reported","Fv375e",2,TRUE,NA
"79","rs9838144","C","G","C","G",-0.009964223,-0.00880321,0.209,0.215794,FALSE,TRUE,FALSE,"lfYK4I",131857443,0.869305,0.0535017,"outcome",TRUE,"reported","textfile",3,"131576287",0.001792521,2.65e-08,"Drinking",TRUE,"reported","Fv375e",2,TRUE,NA
"80","rs9950000","T","C","T","C",-0.009117697,-0.0210562,0.395,0.37467,FALSE,FALSE,FALSE,"lfYK4I",55384938,0.642663,0.0453816,"outcome",TRUE,"reported","textfile",18,"53052169",0.001490903,9.38e-10,"Drinking",TRUE,"reported","Fv375e",2,TRUE,NA
