"","SNP","effect_allele.exposure","other_allele.exposure","effect_allele.outcome","other_allele.outcome","beta.exposure","beta.outcome","eaf.exposure","eaf.outcome","remove","palindromic","ambiguous","id.outcome","pos.outcome","pval.outcome","se.outcome","outcome","mr_keep.outcome","pval_origin.outcome","data_source.outcome","chr.exposure","pos.exposure","se.exposure","pval.exposure","exposure","mr_keep.exposure","pval_origin.exposure","id.exposure","action","mr_keep","samplesize.outcome"
"1","rs10236149","G","A","G","A",-0.013498145,0.0133018,0.123,0.178234,FALSE,FALSE,FALSE,"1DFL07",99379892,0.540214,0.0217176,"outcome",TRUE,"reported","textfile",7,"98977515",0.002219081,1.18e-09,"Drinking",TRUE,"reported","Fv375e",2,TRUE,NA
"2","rs10438820","T","C","T","C",0.008971778,-0.00578107,0.702,0.642862,FALSE,FALSE,FALSE,"1DFL07",80550797,0.739711,0.0174005,"outcome",TRUE,"reported","textfile",17,"78524597",0.001593488,1.76e-08,"Drinking",TRUE,"reported","Fv375e",2,TRUE,NA
"3","rs10506274","T","G","T","G",-0.009037403,-0.0329053,0.484,0.447647,FALSE,FALSE,FALSE,"1DFL07",81207685,0.0500357,0.0167914,"outcome",TRUE,"reported","textfile",12,"81601464",0.001458405,5.78e-10,"Drinking",TRUE,"reported","Fv375e",2,TRUE,NA
"4","rs10750025","T","C","T","C",0.010321447,-0.0075212,0.686,0.835425,FALSE,FALSE,FALSE,"1DFL07",113553320,0.737227,0.022416,"outcome",TRUE,"reported","textfile",11,"113424042",0.001570358,4.89e-11,"Drinking",TRUE,"reported","Fv375e",2,TRUE,NA
"5","rs10753661","A","G","A","G",-0.008638128,0.024805,0.684,0.692577,FALSE,FALSE,FALSE,"1DFL07",165150555,0.170038,0.0180784,"outcome",TRUE,"reported","textfile",1,"165119792",0.001569272,3.76e-08,"Drinking",TRUE,"reported","Fv375e",2,TRUE,NA
"6","rs10876188","T","C","T","C",-0.007986853,-0.0189993,0.457,0.514793,FALSE,FALSE,FALSE,"1DFL07",51502098,0.253578,0.0166412,"outcome",TRUE,"reported","textfile",12,"51895882",0.001463078,4.84e-08,"Drinking",TRUE,"reported","Fv375e",2,TRUE,NA
"7","rs10978550","C","T","C","T",-0.011748331,0.00523573,0.206,0.236762,FALSE,FALSE,FALSE,"1DFL07",106583712,0.789498,0.0196123,"outcome",TRUE,"reported","textfile",9,"109345993",0.001802112,7.15e-11,"Drinking",TRUE,"reported","Fv375e",2,TRUE,NA
"8","rs11030084","T","C","T","C",-0.010606819,9.536e-06,0.184,0.15192,FALSE,FALSE,FALSE,"1DFL07",27622178,0.999671,0.0231371,"outcome",TRUE,"reported","textfile",11,"27643725",0.001880926,1.72e-08,"Drinking",TRUE,"reported","Fv375e",2,TRUE,NA
"9","rs1104608","C","G","C","G",-0.010974988,-0.00300548,0.425,0.422286,FALSE,TRUE,TRUE,"1DFL07",73878689,0.85967,0.0169999,"outcome",TRUE,"reported","textfile",16,"73912588",0.001475848,1.05e-13,"Drinking",TRUE,"reported","Fv375e",2,FALSE,NA
"10","rs1123285","G","C","G","C",-0.008897365,-0.00839275,0.335,0.342691,FALSE,TRUE,FALSE,"1DFL07",56807801,0.633146,0.0175837,"outcome",TRUE,"reported","textfile",14,"57274519",0.00154416,8.14e-09,"Drinking",TRUE,"reported","Fv375e",2,TRUE,NA
"11","rs113443718","A","G","A","G",-0.010208258,0.00579251,0.305,0.314581,FALSE,FALSE,FALSE,"1DFL07",29880863,0.748869,0.0180942,"outcome",TRUE,"reported","textfile",16,"29892184",0.001584629,1.19e-10,"Drinking",TRUE,"reported","Fv375e",2,TRUE,NA
"12","rs11625650","A","G","A","G",-0.009568091,0.0606283,0.233,0.189203,FALSE,FALSE,FALSE,"1DFL07",104143801,0.00421862,0.0211888,"outcome",TRUE,"reported","textfile",14,"104610138",0.00172405,2.89e-08,"Drinking",TRUE,"reported","Fv375e",2,TRUE,NA
"13","rs11692435","A","G","A","G",0.017449894,0.00025129,0.0852,0.23376,FALSE,FALSE,FALSE,"1DFL07",97658891,0.989944,0.019937,"outcome",TRUE,"reported","textfile",2,"98275354",0.00261585,2.53e-11,"Drinking",TRUE,"reported","Fv375e",2,TRUE,NA
"14","rs11940694","G","A","G","A",0.025949908,0.0356196,0.597,0.646191,FALSE,FALSE,FALSE,"1DFL07",39413373,0.0412696,0.0174537,"outcome",TRUE,"reported","textfile",4,"39414993",0.001485887,3.03e-68,"Drinking",TRUE,"reported","Fv375e",2,TRUE,NA
"15","rs12088813","C","A","C","A",-0.009329047,-0.000755952,0.267,0.239626,FALSE,FALSE,FALSE,"1DFL07",65942017,0.969017,0.0194624,"outcome",TRUE,"reported","textfile",1,"66407700",0.001649158,1.58e-08,"Drinking",TRUE,"reported","Fv375e",2,TRUE,NA
"16","rs1217091","C","T","C","T",0.012160827,-0.0573431,0.812,0.820091,FALSE,FALSE,FALSE,"1DFL07",63614841,0.00771489,0.0215228,"outcome",TRUE,"reported","textfile",8,"64527399",0.001865386,7.05e-11,"Drinking",TRUE,"reported","Fv375e",2,TRUE,NA
"17","rs1229984","C","T","C","T",0.150533575,0.193198,0.963,0.994954,FALSE,FALSE,FALSE,"1DFL07",99318162,0.103915,0.118806,"outcome",TRUE,"reported","textfile",4,"100239319",0.003861105,1e-200,"Drinking",TRUE,"reported","Fv375e",2,TRUE,NA
"18","rs1260326","C","T","C","T",0.020889835,-0.0191849,0.601,0.650408,FALSE,FALSE,FALSE,"1DFL07",27508073,0.273723,0.017528,"outcome",TRUE,"reported","textfile",2,"27730940",0.001488339,8.05e-45,"Drinking",TRUE,"reported","Fv375e",2,TRUE,NA
"19","rs12651313","G","C","G","C",-0.008642927,0.0107894,0.443,0.49611,FALSE,TRUE,TRUE,"1DFL07",170165242,0.51751,0.0166712,"outcome",TRUE,"reported","textfile",4,"171086393",0.001467223,3.79e-09,"Drinking",TRUE,"reported","Fv375e",2,FALSE,NA
"20","rs12655091","A","G","A","G",-0.008312109,0.0110721,0.53,0.495093,FALSE,FALSE,FALSE,"1DFL07",145032772,0.50712,0.0166917,"outcome",TRUE,"reported","textfile",5,"144412335",0.001460289,1.25e-08,"Drinking",TRUE,"reported","Fv375e",2,TRUE,NA
"21","rs12795042","C","A","C","A",-0.008319009,-0.000745856,0.623,0.702001,FALSE,FALSE,FALSE,"1DFL07",133788273,0.967438,0.0182709,"outcome",TRUE,"reported","textfile",11,"133658168",0.001503872,3.25e-08,"Drinking",TRUE,"reported","Fv375e",2,TRUE,NA
"22","rs12907323","G","A","G","A",0.008496596,0.0165582,0.411,0.333744,FALSE,FALSE,FALSE,"1DFL07",86252781,0.349948,0.0177152,"outcome",TRUE,"reported","textfile",15,"86796012",0.001481314,9.93e-09,"Drinking",TRUE,"reported","Fv375e",2,TRUE,NA
"23","rs13024996","A","C","A","C",-0.010912645,-0.0162751,0.364,0.325981,FALSE,FALSE,FALSE,"1DFL07",143467646,0.358785,0.017735,"outcome",TRUE,"reported","textfile",2,"144225215",0.001514769,5.72e-13,"Drinking",TRUE,"reported","Fv375e",2,TRUE,NA
"24","rs13032049","G","A","G","A",0.01019455,0.0030912,0.283,0.255688,FALSE,FALSE,FALSE,"1DFL07",63354372,0.871152,0.0190585,"outcome",TRUE,"reported","textfile",2,"63581507",0.001617979,3e-10,"Drinking",TRUE,"reported","Fv375e",2,TRUE,NA
"25","rs13066454","T","C","T","C",-0.008775946,0.00727997,0.398,0.428122,FALSE,FALSE,FALSE,"1DFL07",94275411,0.66557,0.0168426,"outcome",TRUE,"reported","textfile",3,"93994255",0.001491956,4.13e-09,"Drinking",TRUE,"reported","Fv375e",2,TRUE,NA
"26","rs13094887","T","A","T","A",-0.010309671,0.03783,0.301,0.256164,FALSE,TRUE,FALSE,"1DFL07",70919280,0.0472607,0.019068,"outcome",TRUE,"reported","textfile",3,"70968431",0.001588926,8.57e-11,"Drinking",TRUE,"reported","Fv375e",2,TRUE,NA
"27","rs13107325","T","C","T","C",-0.027504515,0.132197,0.0722,0.0139755,FALSE,FALSE,FALSE,"1DFL07",102267552,0.0605885,0.0704492,"outcome",TRUE,"reported","textfile",4,"103188709",0.002815982,1.53e-22,"Drinking",TRUE,"reported","Fv375e",2,TRUE,NA
"28","rs13250583","T","C","T","C",-0.009717545,0.0127963,0.213,0.243206,FALSE,FALSE,FALSE,"1DFL07",21092406,0.510229,0.0194331,"outcome",TRUE,"reported","textfile",8,"20949917",0.001780116,4.7e-08,"Drinking",TRUE,"reported","Fv375e",2,TRUE,NA
"29","rs13383034","T","C","T","C",0.014926977,0.0199366,0.329,0.397141,FALSE,FALSE,FALSE,"1DFL07",44928137,0.242892,0.0170721,"outcome",TRUE,"reported","textfile",2,"45155276",0.001551195,6.31e-22,"Drinking",TRUE,"reported","Fv375e",2,TRUE,NA
"30","rs1713676","G","A","G","A",-0.007991984,-0.00126268,0.522454,0.560286,FALSE,FALSE,FALSE,"1DFL07",113789854,0.940054,0.0167905,"outcome",TRUE,"reported","textfile",11,"113660576",0.00145913,4.29e-08,"Drinking",TRUE,"reported","Fv375e",2,TRUE,NA
"31","rs17177078","T","C","T","C",-0.02231549,-0.0599534,0.0626,0.0687157,FALSE,FALSE,FALSE,"1DFL07",24799360,0.0695969,0.0330407,"outcome",TRUE,"reported","textfile",16,"24810681",0.003011759,1.27e-13,"Drinking",TRUE,"reported","Fv375e",2,TRUE,NA
"32","rs17665139","T","C","T","C",-0.011560138,-0.0126173,0.149,0.135242,FALSE,FALSE,FALSE,"1DFL07",123334364,0.603676,0.0243051,"outcome",TRUE,"reported","textfile",10,"125093880",0.002046764,1.59e-08,"Drinking",TRUE,"reported","Fv375e",2,TRUE,NA
"33","rs2011092","C","T","C","T",-0.008900405,0.0115301,0.338643,0.372885,FALSE,FALSE,FALSE,"1DFL07",141405765,0.50407,0.017258,"outcome",TRUE,"reported","textfile",3,"141124607",0.001540056,7.35e-09,"Drinking",TRUE,"reported","Fv375e",2,TRUE,NA
"34","rs2165670","A","G","A","G",0.02308038,0.012734,0.106337,0.140135,FALSE,FALSE,FALSE,"1DFL07",99364928,0.597901,0.0241439,"outcome",TRUE,"reported","textfile",4,"100286085",0.002364267,1.67e-22,"Drinking",TRUE,"reported","Fv375e",2,TRUE,NA
"35","rs2180870","C","T","C","T",-0.012177537,-0.0238665,0.135,0.104118,FALSE,FALSE,FALSE,"1DFL07",58316061,0.3823,0.0273176,"outcome",TRUE,"reported","textfile",14,"58782779",0.002132803,1.12e-08,"Drinking",TRUE,"reported","Fv375e",2,TRUE,NA
"36","rs2472297","T","C","T","C",0.010606047,0.00552849,0.249,0.247915,FALSE,FALSE,FALSE,"1DFL07",74735539,0.774339,0.0192828,"outcome",TRUE,"reported","textfile",15,"75027880",0.001685411,3.1e-10,"Drinking",TRUE,"reported","Fv375e",2,TRUE,NA
"37","rs2532276","A","C","A","C",-0.021800138,-0.0218935,0.215,0.0833335,FALSE,FALSE,FALSE,"1DFL07",46169258,0.468118,0.0301752,"outcome",TRUE,"reported","textfile",17,"44246624",0.002558533,1.62e-17,"Drinking",TRUE,"reported","Fv375e",2,TRUE,NA
"38","rs2764771","A","G","A","G",0.009890596,0.00715764,0.307,0.387487,FALSE,FALSE,FALSE,"1DFL07",20002471,0.678022,0.0172405,"outcome",TRUE,"reported","textfile",16,"20013793",0.001581736,4.02e-10,"Drinking",TRUE,"reported","Fv375e",2,TRUE,NA
"39","rs281379","A","G","A","G",0.013722336,0.0083795,0.508,0.408523,FALSE,FALSE,FALSE,"1DFL07",48711017,0.621088,0.0169519,"outcome",TRUE,"reported","textfile",19,"49214274",0.001457844,4.91e-21,"Drinking",TRUE,"reported","Fv375e",2,TRUE,NA
"40","rs2854334","G","A","G","A",0.009220984,0.0209821,0.615,0.599963,FALSE,FALSE,FALSE,"1DFL07",31388482,0.217753,0.0170237,"outcome",TRUE,"reported","textfile",17,"29715500",0.001497813,7.51e-10,"Drinking",TRUE,"reported","Fv375e",2,TRUE,NA
"41","rs28601761","G","C","G","C",0.009102878,-0.0239006,0.42,0.412163,FALSE,TRUE,FALSE,"1DFL07",125487789,0.157431,0.0169057,"outcome",TRUE,"reported","textfile",8,"126500031",0.001476682,7.17e-10,"Drinking",TRUE,"reported","Fv375e",2,TRUE,NA
"42","rs28680958","A","G","A","G",-0.010996457,-0.0277873,0.217,0.195297,FALSE,FALSE,FALSE,"1DFL07",173879670,0.183994,0.0209154,"outcome",TRUE,"reported","textfile",1,"173848808",0.001769942,5.13e-10,"Drinking",TRUE,"reported","Fv375e",2,TRUE,NA
"43","rs28929474","T","C","T","C",-0.036799624,-0.0023232,0.0183,0.0196315,FALSE,FALSE,FALSE,"1DFL07",94378610,0.969215,0.0601978,"outcome",TRUE,"reported","textfile",14,"94844947",0.005437642,1.34e-11,"Drinking",TRUE,"reported","Fv375e",2,TRUE,NA
"44","rs35034355","A","G","A","G",-0.008096817,-0.0128852,0.521,0.48799,FALSE,FALSE,FALSE,"1DFL07",104199667,0.439872,0.0166818,"outcome",TRUE,"reported","textfile",7,"103840115",0.001458945,2.87e-08,"Drinking",TRUE,"reported","Fv375e",2,TRUE,NA
"45","rs36052336","G","A","G","A",-0.018428809,-0.0296974,0.061496,0.0656389,FALSE,FALSE,FALSE,"1DFL07",99352437,0.379652,0.0338032,"outcome",TRUE,"reported","textfile",4,"100273594",0.00303378,1.23e-09,"Drinking",TRUE,"reported","Fv375e",2,TRUE,NA
"46","rs3748034","T","G","T","G",-0.011740341,-0.030248,0.143,0.125943,FALSE,FALSE,FALSE,"1DFL07",3444364,0.231957,0.0253051,"outcome",TRUE,"reported","textfile",4,"3446091",0.002081935,1.67e-08,"Drinking",TRUE,"reported","Fv375e",2,TRUE,NA
"47","rs3803800","G","A","G","A",0.011378876,0.00373341,0.786,0.755407,FALSE,FALSE,FALSE,"1DFL07",7559652,0.847732,0.0194436,"outcome",TRUE,"reported","textfile",17,"7462969",0.001777082,1.5e-10,"Drinking",TRUE,"reported","Fv375e",2,TRUE,NA
"48","rs3809162","G","A","G","A",0.009060925,-0.000720415,0.397,0.477507,FALSE,FALSE,FALSE,"1DFL07",54280451,0.96597,0.0168859,"outcome",TRUE,"reported","textfile",12,"54674235",0.001489607,1.19e-09,"Drinking",TRUE,"reported","Fv375e",2,TRUE,NA
"49","rs4092465","G","A","G","A",-0.008291878,-0.0343602,0.635,0.623845,FALSE,FALSE,FALSE,"1DFL07",57413205,0.0472357,0.0173171,"outcome",TRUE,"reported","textfile",18,"55080437",0.001513883,4.39e-08,"Drinking",TRUE,"reported","Fv375e",2,TRUE,NA
"50","rs4548913","A","G","A","G",-0.008359953,-0.0156693,0.632,0.613476,FALSE,FALSE,FALSE,"1DFL07",2306594,0.358521,0.0170654,"outcome",TRUE,"reported","textfile",17,"2209888",0.001511274,3.11e-08,"Drinking",TRUE,"reported","Fv375e",2,TRUE,NA
"51","rs4690727","G","C","G","C",0.010816985,0.0013634,0.718,0.744997,FALSE,TRUE,FALSE,"1DFL07",142727426,0.943159,0.0191221,"outcome",TRUE,"reported","textfile",4,"143648579",0.001619716,2.43e-11,"Drinking",TRUE,"reported","Fv375e",2,TRUE,NA
"52","rs4699791","A","G","A","G",0.018570721,0.0371129,0.095726,0.130581,FALSE,FALSE,FALSE,"1DFL07",100321866,0.136,0.0248937,"outcome",TRUE,"reported","textfile",4,"101243023",0.002477197,6.58e-14,"Drinking",TRUE,"reported","Fv375e",2,TRUE,NA
"53","rs4815364","A","G","A","G",0.008582356,-0.00675246,0.616,0.656534,FALSE,FALSE,FALSE,"1DFL07",25055075,0.701709,0.0176298,"outcome",TRUE,"reported","textfile",20,"25035711",0.001498544,1.02e-08,"Drinking",TRUE,"reported","Fv375e",2,TRUE,NA
"54","rs4916723","C","A","C","A",-0.009952257,0.0115396,0.416,0.466875,FALSE,FALSE,FALSE,"1DFL07",88558577,0.489747,0.0167068,"outcome",TRUE,"reported","textfile",5,"87854395",0.001478674,1.72e-11,"Drinking",TRUE,"reported","Fv375e",2,TRUE,NA
"55","rs4938230","A","C","A","C",0.012810377,-0.0163218,0.842,0.822818,FALSE,FALSE,FALSE,"1DFL07",116204284,0.456878,0.0219379,"outcome",TRUE,"reported","textfile",11,"116075001",0.001998209,1.48e-10,"Drinking",TRUE,"reported","Fv375e",2,TRUE,NA
"56","rs500321","T","A","T","A",-0.009669361,0.0376009,0.736,0.759871,FALSE,TRUE,FALSE,"1DFL07",26550223,0.0526696,0.0194057,"outcome",TRUE,"reported","textfile",13,"27124360",0.001653426,4.92e-09,"Drinking",TRUE,"reported","Fv375e",2,TRUE,NA
"57","rs5024204","T","A","T","A",0.009702711,0.00751413,0.278,0.263751,FALSE,TRUE,FALSE,"1DFL07",71026207,0.690798,0.0188905,"outcome",TRUE,"reported","textfile",1,"71491890",0.001628467,2.55e-09,"Drinking",TRUE,"reported","Fv375e",2,TRUE,NA
"58","rs55872084","T","G","T","G",0.009978744,-0.0147605,0.235,0.160398,FALSE,FALSE,FALSE,"1DFL07",156474993,0.515268,0.0226855,"outcome",TRUE,"reported","textfile",5,"155902003",0.001718941,6.32e-09,"Drinking",TRUE,"reported","Fv375e",2,TRUE,NA
"59","rs55932213","G","A","G","A",0.009488271,0.00328658,0.736387,0.730149,FALSE,FALSE,FALSE,"1DFL07",105993341,0.861923,0.0188964,"outcome",TRUE,"reported","textfile",9,"108755622",0.001654204,9.55e-09,"Drinking",TRUE,"reported","Fv375e",2,TRUE,NA
"60","rs56030824","A","G","A","G",-0.011601888,-0.0217617,0.322,0.312947,FALSE,FALSE,FALSE,"1DFL07",47375802,0.226107,0.0179782,"outcome",TRUE,"reported","textfile",11,"47397353",0.001562978,1.15e-13,"Drinking",TRUE,"reported","Fv375e",2,TRUE,NA
"61","rs56337305","C","T","C","T",-0.009588381,-0.0141939,0.383,0.336358,FALSE,FALSE,FALSE,"1DFL07",224610843,0.422175,0.0176837,"outcome",TRUE,"reported","textfile",2,"225475560",0.001499283,1.63e-10,"Drinking",TRUE,"reported","Fv375e",2,TRUE,NA
"62","rs58107686","A","C","A","C",-0.009747126,-0.00513054,0.328,0.336535,FALSE,FALSE,FALSE,"1DFL07",33371733,0.771179,0.0176408,"outcome",TRUE,"reported","textfile",1,"33837334",0.00158537,7.79e-10,"Drinking",TRUE,"reported","Fv375e",2,TRUE,NA
"63","rs62044525","G","C","G","C",-0.01217318,0.0349705,0.184,0.13765,FALSE,TRUE,FALSE,"1DFL07",64838687,0.147585,0.024149,"outcome",TRUE,"reported","textfile",16,"64872590",0.001882851,1.03e-10,"Drinking",TRUE,"reported","Fv375e",2,TRUE,NA
"64","rs62250685","G","A","G","A",-0.014357061,-0.0193897,0.614,0.70832,FALSE,FALSE,FALSE,"1DFL07",85408090,0.29107,0.0183654,"outcome",TRUE,"reported","textfile",3,"85457240",0.001500092,1.05e-21,"Drinking",TRUE,"reported","Fv375e",2,TRUE,NA
"65","rs6460047","C","T","C","T",0.011623538,-0.0197177,0.208,0.168839,FALSE,FALSE,FALSE,"1DFL07",73628113,0.375781,0.0222624,"outcome",TRUE,"reported","textfile",7,"73042443",0.00179569,9.69e-11,"Drinking",TRUE,"reported","Fv375e",2,TRUE,NA
"66","rs6787172","G","T","G","T",-0.008030894,0.0361458,0.554,0.516135,FALSE,FALSE,FALSE,"1DFL07",158470022,0.0302782,0.0166845,"outcome",TRUE,"reported","textfile",3,"158187811",0.001466234,4.27e-08,"Drinking",TRUE,"reported","Fv375e",2,TRUE,NA
"67","rs682011","C","T","C","T",0.008212447,-0.0175984,0.559,0.599195,FALSE,FALSE,FALSE,"1DFL07",121673577,0.301834,0.0170443,"outcome",TRUE,"reported","textfile",11,"121544285",0.001467913,2.22e-08,"Drinking",TRUE,"reported","Fv375e",2,TRUE,NA
"68","rs705687","G","A","G","A",-0.010904017,-0.0412602,0.785,0.828768,FALSE,FALSE,FALSE,"1DFL07",4488393,0.0636605,0.022248,"outcome",TRUE,"reported","textfile",1,"4548453",0.001775889,8.15e-10,"Drinking",TRUE,"reported","Fv375e",2,TRUE,NA
"69","rs7074871","A","G","A","G",-0.00939985,-0.00223261,0.255,0.23313,FALSE,FALSE,FALSE,"1DFL07",108748048,0.910129,0.0197794,"outcome",TRUE,"reported","textfile",10,"110507806",0.001672158,1.86e-08,"Drinking",TRUE,"reported","Fv375e",2,TRUE,NA
"70","rs7185555","C","G","C","G",-0.011100514,-0.0254205,0.153,0.124113,FALSE,TRUE,FALSE,"1DFL07",69097378,0.314081,0.0252514,"outcome",TRUE,"reported","textfile",16,"69131281",0.002026667,4.24e-08,"Drinking",TRUE,"reported","Fv375e",2,TRUE,NA
"71","rs72859280","T","G","T","G",0.022885324,-0.0450939,0.0362,0.0472388,FALSE,FALSE,FALSE,"1DFL07",147198725,0.257058,0.0397874,"outcome",TRUE,"reported","textfile",2,"147956293",0.003901915,4.44e-09,"Drinking",TRUE,"reported","Fv375e",2,TRUE,NA
"72","rs77165542","T","C","T","C",-0.026010899,-0.0587693,0.0349,0.0171923,FALSE,FALSE,FALSE,"1DFL07",430975,0.361035,0.0643416,"outcome",TRUE,"reported","textfile",2,"430975",0.003971245,5.63e-11,"Drinking",TRUE,"reported","Fv375e",2,TRUE,NA
"73","rs79139602","T","A","T","A",0.06027231,-0.0946023,0.021061,0.0153386,FALSE,TRUE,FALSE,"1DFL07",99523206,0.159864,0.0673074,"outcome",TRUE,"reported","textfile",4,"100444363",0.005075844,1.8e-32,"Drinking",TRUE,"reported","Fv375e",2,TRUE,NA
"74","rs7950166","T","C","T","C",-0.009799202,-0.00275958,0.637,0.650027,FALSE,FALSE,FALSE,"1DFL07",8620671,0.874339,0.0174491,"outcome",TRUE,"reported","textfile",11,"8642218",0.001515663,9.89e-11,"Drinking",TRUE,"reported","Fv375e",2,TRUE,NA
"75","rs79616692","C","G","C","G",0.016302272,-0.00951308,0.108,0.124611,FALSE,TRUE,FALSE,"1DFL07",72304608,0.708554,0.0254498,"outcome",TRUE,"reported","textfile",16,"72338507",0.002350583,4.11e-12,"Drinking",TRUE,"reported","Fv375e",2,TRUE,NA
"76","rs823114","A","G","A","G",0.00876774,-0.0048877,0.553,0.578432,FALSE,FALSE,FALSE,"1DFL07",205750404,0.772222,0.016885,"outcome",TRUE,"reported","textfile",1,"205719532",0.001467417,2.31e-09,"Drinking",TRUE,"reported","Fv375e",2,TRUE,NA
"77","rs828867","A","G","A","G",0.008757157,-0.0276937,0.545,0.624515,FALSE,FALSE,FALSE,"1DFL07",74107335,0.11253,0.0174512,"outcome",TRUE,"reported","textfile",2,"74334462",0.001463597,2.15e-09,"Drinking",TRUE,"reported","Fv375e",2,TRUE,NA
"78","rs9607814","A","C","A","C",-0.010181001,0.00465974,0.2,0.2342,FALSE,FALSE,FALSE,"1DFL07",41550515,0.813001,0.0196982,"outcome",TRUE,"reported","textfile",22,"41946519",0.001858788,4.31e-08,"Drinking",TRUE,"reported","Fv375e",2,TRUE,NA
"79","rs9838144","C","G","C","G",-0.009964223,-0.00161422,0.209,0.215769,FALSE,TRUE,FALSE,"1DFL07",131857443,0.936718,0.0203314,"outcome",TRUE,"reported","textfile",3,"131576287",0.001792521,2.65e-08,"Drinking",TRUE,"reported","Fv375e",2,TRUE,NA
"80","rs9950000","T","C","T","C",-0.009117697,-0.0071522,0.395,0.374573,FALSE,FALSE,FALSE,"1DFL07",55384938,0.678475,0.0172532,"outcome",TRUE,"reported","textfile",18,"53052169",0.001490903,9.38e-10,"Drinking",TRUE,"reported","Fv375e",2,TRUE,NA
