"","SNP","effect_allele.exposure","other_allele.exposure","effect_allele.outcome","other_allele.outcome","beta.exposure","beta.outcome","eaf.exposure","eaf.outcome","remove","palindromic","ambiguous","id.outcome","pos.outcome","pval.outcome","se.outcome","outcome","mr_keep.outcome","pval_origin.outcome","data_source.outcome","chr.exposure","pos.exposure","se.exposure","pval.exposure","exposure","mr_keep.exposure","pval_origin.exposure","id.exposure","action","mr_keep","samplesize.outcome"
"1","rs10236149","G","A","G","A",-0.013498145,0.0118796,0.123,0.177872,FALSE,FALSE,FALSE,"zGMHS2",99379892,0.37128,0.013287,"outcome",TRUE,"reported","textfile",7,"98977515",0.002219081,1.18e-09,"Drinking",TRUE,"reported","Fv375e",2,TRUE,NA
"2","rs10438820","T","C","T","C",0.008971778,-0.00171161,0.702,0.643028,FALSE,FALSE,FALSE,"zGMHS2",80550797,0.871965,0.0106204,"outcome",TRUE,"reported","textfile",17,"78524597",0.001593488,1.76e-08,"Drinking",TRUE,"reported","Fv375e",2,TRUE,NA
"3","rs10506274","T","G","T","G",-0.009037403,-0.0132006,0.484,0.44756,FALSE,FALSE,FALSE,"zGMHS2",81207685,0.198123,0.0102576,"outcome",TRUE,"reported","textfile",12,"81601464",0.001458405,5.78e-10,"Drinking",TRUE,"reported","Fv375e",2,TRUE,NA
"4","rs10750025","T","C","T","C",0.010321447,0.0185307,0.686,0.835602,FALSE,FALSE,FALSE,"zGMHS2",113553320,0.179089,0.0137922,"outcome",TRUE,"reported","textfile",11,"113424042",0.001570358,4.89e-11,"Drinking",TRUE,"reported","Fv375e",2,TRUE,NA
"5","rs10753661","A","G","A","G",-0.008638128,-0.00172949,0.684,0.692809,FALSE,FALSE,FALSE,"zGMHS2",165150555,0.875707,0.0110571,"outcome",TRUE,"reported","textfile",1,"165119792",0.001569272,3.76e-08,"Drinking",TRUE,"reported","Fv375e",2,TRUE,NA
"6","rs10876188","T","C","T","C",-0.007986853,0.00977953,0.457,0.514179,FALSE,FALSE,FALSE,"zGMHS2",51502098,0.336629,0.010178,"outcome",TRUE,"reported","textfile",12,"51895882",0.001463078,4.84e-08,"Drinking",TRUE,"reported","Fv375e",2,TRUE,NA
"7","rs10978550","C","T","C","T",-0.011748331,0.0123011,0.206,0.236841,FALSE,FALSE,FALSE,"zGMHS2",106583712,0.304682,0.0119841,"outcome",TRUE,"reported","textfile",9,"109345993",0.001802112,7.15e-11,"Drinking",TRUE,"reported","Fv375e",2,TRUE,NA
"8","rs11030084","T","C","T","C",-0.010606819,0.0191065,0.184,0.151562,FALSE,FALSE,FALSE,"zGMHS2",27622178,0.177269,0.0141613,"outcome",TRUE,"reported","textfile",11,"27643725",0.001880926,1.72e-08,"Drinking",TRUE,"reported","Fv375e",2,TRUE,NA
"9","rs1104608","C","G","C","G",-0.010974988,-0.00176671,0.425,0.42275,FALSE,TRUE,TRUE,"zGMHS2",73878689,0.864925,0.0103858,"outcome",TRUE,"reported","textfile",16,"73912588",0.001475848,1.05e-13,"Drinking",TRUE,"reported","Fv375e",2,FALSE,NA
"10","rs1123285","G","C","G","C",-0.008897365,-0.0103146,0.335,0.342422,FALSE,TRUE,FALSE,"zGMHS2",56807801,0.336831,0.0107394,"outcome",TRUE,"reported","textfile",14,"57274519",0.00154416,8.14e-09,"Drinking",TRUE,"reported","Fv375e",2,TRUE,NA
"11","rs113443718","A","G","A","G",-0.010208258,0.00259129,0.305,0.314208,FALSE,FALSE,FALSE,"zGMHS2",29880863,0.814616,0.0110514,"outcome",TRUE,"reported","textfile",16,"29892184",0.001584629,1.19e-10,"Drinking",TRUE,"reported","Fv375e",2,TRUE,NA
"12","rs11625650","A","G","A","G",-0.009568091,0.000678255,0.233,0.188565,FALSE,FALSE,FALSE,"zGMHS2",104143801,0.958946,0.0131762,"outcome",TRUE,"reported","textfile",14,"104610138",0.00172405,2.89e-08,"Drinking",TRUE,"reported","Fv375e",2,TRUE,NA
"13","rs11692435","A","G","A","G",0.017449894,-0.00780849,0.0852,0.233174,FALSE,FALSE,FALSE,"zGMHS2",97658891,0.520969,0.0121656,"outcome",TRUE,"reported","textfile",2,"98275354",0.00261585,2.53e-11,"Drinking",TRUE,"reported","Fv375e",2,TRUE,NA
"14","rs11940694","G","A","G","A",0.025949908,-0.000854463,0.597,0.646448,FALSE,FALSE,FALSE,"zGMHS2",39413373,0.936206,0.0106756,"outcome",TRUE,"reported","textfile",4,"39414993",0.001485887,3.03e-68,"Drinking",TRUE,"reported","Fv375e",2,TRUE,NA
"15","rs12088813","C","A","C","A",-0.009329047,0.00478673,0.267,0.239614,FALSE,FALSE,FALSE,"zGMHS2",65942017,0.687121,0.0118846,"outcome",TRUE,"reported","textfile",1,"66407700",0.001649158,1.58e-08,"Drinking",TRUE,"reported","Fv375e",2,TRUE,NA
"16","rs1217091","C","T","C","T",0.012160827,0.0154947,0.812,0.820167,FALSE,FALSE,FALSE,"zGMHS2",63614841,0.246217,0.0133623,"outcome",TRUE,"reported","textfile",8,"64527399",0.001865386,7.05e-11,"Drinking",TRUE,"reported","Fv375e",2,TRUE,NA
"17","rs1229984","C","T","C","T",0.150533575,-0.0716491,0.963,0.994911,FALSE,FALSE,FALSE,"zGMHS2",99318162,0.330661,0.0736537,"outcome",TRUE,"reported","textfile",4,"100239319",0.003861105,1e-200,"Drinking",TRUE,"reported","Fv375e",2,TRUE,NA
"18","rs1260326","C","T","C","T",0.020889835,-0.0147838,0.601,0.650592,FALSE,FALSE,FALSE,"zGMHS2",27508073,0.167444,0.0107093,"outcome",TRUE,"reported","textfile",2,"27730940",0.001488339,8.05e-45,"Drinking",TRUE,"reported","Fv375e",2,TRUE,NA
"19","rs12651313","G","C","G","C",-0.008642927,0.0229386,0.443,0.496254,FALSE,TRUE,TRUE,"zGMHS2",170165242,0.0242265,0.010179,"outcome",TRUE,"reported","textfile",4,"171086393",0.001467223,3.79e-09,"Drinking",TRUE,"reported","Fv375e",2,FALSE,NA
"20","rs12655091","A","G","A","G",-0.008312109,0.0041184,0.53,0.495232,FALSE,FALSE,FALSE,"zGMHS2",145032772,0.686702,0.0102108,"outcome",TRUE,"reported","textfile",5,"144412335",0.001460289,1.25e-08,"Drinking",TRUE,"reported","Fv375e",2,TRUE,NA
"21","rs12795042","C","A","C","A",-0.008319009,0.00936334,0.623,0.701998,FALSE,FALSE,FALSE,"zGMHS2",133788273,0.402341,0.0111808,"outcome",TRUE,"reported","textfile",11,"133658168",0.001503872,3.25e-08,"Drinking",TRUE,"reported","Fv375e",2,TRUE,NA
"22","rs12907323","G","A","G","A",0.008496596,-0.017319,0.411,0.334021,FALSE,FALSE,FALSE,"zGMHS2",86252781,0.109224,0.0108129,"outcome",TRUE,"reported","textfile",15,"86796012",0.001481314,9.93e-09,"Drinking",TRUE,"reported","Fv375e",2,TRUE,NA
"23","rs13024996","A","C","A","C",-0.010912645,-0.0188258,0.364,0.325673,FALSE,FALSE,FALSE,"zGMHS2",143467646,0.0823948,0.0108384,"outcome",TRUE,"reported","textfile",2,"144225215",0.001514769,5.72e-13,"Drinking",TRUE,"reported","Fv375e",2,TRUE,NA
"24","rs13032049","G","A","G","A",0.01019455,-5.48231e-05,0.283,0.255821,FALSE,FALSE,FALSE,"zGMHS2",63354372,0.996245,0.0116491,"outcome",TRUE,"reported","textfile",2,"63581507",0.001617979,3e-10,"Drinking",TRUE,"reported","Fv375e",2,TRUE,NA
"25","rs13066454","T","C","T","C",-0.008775946,0.00994081,0.398,0.427781,FALSE,FALSE,FALSE,"zGMHS2",94275411,0.334339,0.010297,"outcome",TRUE,"reported","textfile",3,"93994255",0.001491956,4.13e-09,"Drinking",TRUE,"reported","Fv375e",2,TRUE,NA
"26","rs13094887","T","A","T","A",-0.010309671,0.0122465,0.301,0.255958,FALSE,TRUE,FALSE,"zGMHS2",70919280,0.293942,0.0116687,"outcome",TRUE,"reported","textfile",3,"70968431",0.001588926,8.57e-11,"Drinking",TRUE,"reported","Fv375e",2,TRUE,NA
"27","rs13107325","T","C","T","C",-0.027504515,0.0223912,0.0722,0.0140211,FALSE,FALSE,FALSE,"zGMHS2",102267552,0.605399,0.0433389,"outcome",TRUE,"reported","textfile",4,"103188709",0.002815982,1.53e-22,"Drinking",TRUE,"reported","Fv375e",2,TRUE,NA
"28","rs13250583","T","C","T","C",-0.009717545,0.0115938,0.213,0.243345,FALSE,FALSE,FALSE,"zGMHS2",21092406,0.328301,0.0118601,"outcome",TRUE,"reported","textfile",8,"20949917",0.001780116,4.7e-08,"Drinking",TRUE,"reported","Fv375e",2,TRUE,NA
"29","rs13383034","T","C","T","C",0.014926977,0.00264122,0.329,0.397143,FALSE,FALSE,FALSE,"zGMHS2",44928137,0.800113,0.0104313,"outcome",TRUE,"reported","textfile",2,"45155276",0.001551195,6.31e-22,"Drinking",TRUE,"reported","Fv375e",2,TRUE,NA
"30","rs1713676","G","A","G","A",-0.007991984,-0.00528827,0.522454,0.559903,FALSE,FALSE,FALSE,"zGMHS2",113789854,0.606711,0.010273,"outcome",TRUE,"reported","textfile",11,"113660576",0.00145913,4.29e-08,"Drinking",TRUE,"reported","Fv375e",2,TRUE,NA
"31","rs17177078","T","C","T","C",-0.02231549,0.020083,0.0626,0.0688015,FALSE,FALSE,FALSE,"zGMHS2",24799360,0.316888,0.0200655,"outcome",TRUE,"reported","textfile",16,"24810681",0.003011759,1.27e-13,"Drinking",TRUE,"reported","Fv375e",2,TRUE,NA
"32","rs17665139","T","C","T","C",-0.011560138,0.00273739,0.149,0.135488,FALSE,FALSE,FALSE,"zGMHS2",123334364,0.853854,0.0148607,"outcome",TRUE,"reported","textfile",10,"125093880",0.002046764,1.59e-08,"Drinking",TRUE,"reported","Fv375e",2,TRUE,NA
"33","rs2011092","C","T","C","T",-0.008900405,-0.022785,0.338643,0.372217,FALSE,FALSE,FALSE,"zGMHS2",141405765,0.030595,0.0105374,"outcome",TRUE,"reported","textfile",3,"141124607",0.001540056,7.35e-09,"Drinking",TRUE,"reported","Fv375e",2,TRUE,NA
"34","rs2165670","A","G","A","G",0.02308038,0.0172695,0.106337,0.140027,FALSE,FALSE,FALSE,"zGMHS2",99364928,0.242486,0.0147754,"outcome",TRUE,"reported","textfile",4,"100286085",0.002364267,1.67e-22,"Drinking",TRUE,"reported","Fv375e",2,TRUE,NA
"35","rs2180870","C","T","C","T",-0.012177537,0.0167782,0.135,0.10405,FALSE,FALSE,FALSE,"zGMHS2",58316061,0.314515,0.0166816,"outcome",TRUE,"reported","textfile",14,"58782779",0.002132803,1.12e-08,"Drinking",TRUE,"reported","Fv375e",2,TRUE,NA
"36","rs2472297","T","C","T","C",0.010606047,0.00941832,0.249,0.248342,FALSE,FALSE,FALSE,"zGMHS2",74735539,0.424055,0.0117816,"outcome",TRUE,"reported","textfile",15,"75027880",0.001685411,3.1e-10,"Drinking",TRUE,"reported","Fv375e",2,TRUE,NA
"37","rs2532276","A","C","A","C",-0.021800138,-0.00149512,0.215,0.0835551,FALSE,FALSE,FALSE,"zGMHS2",46169258,0.935674,0.0185251,"outcome",TRUE,"reported","textfile",17,"44246624",0.002558533,1.62e-17,"Drinking",TRUE,"reported","Fv375e",2,TRUE,NA
"38","rs2764771","A","G","A","G",0.009890596,0.0024591,0.307,0.387029,FALSE,FALSE,FALSE,"zGMHS2",20002471,0.815454,0.0105362,"outcome",TRUE,"reported","textfile",16,"20013793",0.001581736,4.02e-10,"Drinking",TRUE,"reported","Fv375e",2,TRUE,NA
"39","rs281379","A","G","A","G",0.013722336,0.0317701,0.508,0.408869,FALSE,FALSE,FALSE,"zGMHS2",48711017,0.00211763,0.0103377,"outcome",TRUE,"reported","textfile",19,"49214274",0.001457844,4.91e-21,"Drinking",TRUE,"reported","Fv375e",2,TRUE,NA
"40","rs2854334","G","A","G","A",0.009220984,-0.00825352,0.615,0.600152,FALSE,FALSE,FALSE,"zGMHS2",31388482,0.428014,0.0104133,"outcome",TRUE,"reported","textfile",17,"29715500",0.001497813,7.51e-10,"Drinking",TRUE,"reported","Fv375e",2,TRUE,NA
"41","rs28601761","G","C","G","C",0.009102878,-0.0147879,0.42,0.412218,FALSE,TRUE,FALSE,"zGMHS2",125487789,0.151505,0.0103107,"outcome",TRUE,"reported","textfile",8,"126500031",0.001476682,7.17e-10,"Drinking",TRUE,"reported","Fv375e",2,TRUE,NA
"42","rs28680958","A","G","A","G",-0.010996457,-0.0185584,0.217,0.195039,FALSE,FALSE,FALSE,"zGMHS2",173879670,0.147369,0.0128087,"outcome",TRUE,"reported","textfile",1,"173848808",0.001769942,5.13e-10,"Drinking",TRUE,"reported","Fv375e",2,TRUE,NA
"43","rs28929474","T","C","T","C",-0.036799624,0.0696043,0.0183,0.0196493,FALSE,FALSE,FALSE,"zGMHS2",94378610,0.0595045,0.0369362,"outcome",TRUE,"reported","textfile",14,"94844947",0.005437642,1.34e-11,"Drinking",TRUE,"reported","Fv375e",2,TRUE,NA
"44","rs35034355","A","G","A","G",-0.008096817,0.02429,0.521,0.488437,FALSE,FALSE,FALSE,"zGMHS2",104199667,0.017155,0.0101915,"outcome",TRUE,"reported","textfile",7,"103840115",0.001458945,2.87e-08,"Drinking",TRUE,"reported","Fv375e",2,TRUE,NA
"45","rs36052336","G","A","G","A",-0.018428809,-0.00861537,0.061496,0.0656142,FALSE,FALSE,FALSE,"zGMHS2",99352437,0.675736,0.0205967,"outcome",TRUE,"reported","textfile",4,"100273594",0.00303378,1.23e-09,"Drinking",TRUE,"reported","Fv375e",2,TRUE,NA
"46","rs3748034","T","G","T","G",-0.011740341,0.00826413,0.143,0.125798,FALSE,FALSE,FALSE,"zGMHS2",3444364,0.593088,0.0154652,"outcome",TRUE,"reported","textfile",4,"3446091",0.002081935,1.67e-08,"Drinking",TRUE,"reported","Fv375e",2,TRUE,NA
"47","rs3803800","G","A","G","A",0.011378876,-0.0107535,0.786,0.755068,FALSE,FALSE,FALSE,"zGMHS2",7559652,0.365262,0.0118773,"outcome",TRUE,"reported","textfile",17,"7462969",0.001777082,1.5e-10,"Drinking",TRUE,"reported","Fv375e",2,TRUE,NA
"48","rs3809162","G","A","G","A",0.009060925,-0.0109199,0.397,0.476678,FALSE,FALSE,FALSE,"zGMHS2",54280451,0.289264,0.0103043,"outcome",TRUE,"reported","textfile",12,"54674235",0.001489607,1.19e-09,"Drinking",TRUE,"reported","Fv375e",2,TRUE,NA
"49","rs4092465","G","A","G","A",-0.008291878,0.0161273,0.635,0.624198,FALSE,FALSE,FALSE,"zGMHS2",57413205,0.128057,0.0105974,"outcome",TRUE,"reported","textfile",18,"55080437",0.001513883,4.39e-08,"Drinking",TRUE,"reported","Fv375e",2,TRUE,NA
"50","rs4548913","A","G","A","G",-0.008359953,-0.0122329,0.632,0.613487,FALSE,FALSE,FALSE,"zGMHS2",2306594,0.240657,0.0104257,"outcome",TRUE,"reported","textfile",17,"2209888",0.001511274,3.11e-08,"Drinking",TRUE,"reported","Fv375e",2,TRUE,NA
"51","rs4690727","G","C","G","C",0.010816985,-0.0034855,0.718,0.744552,FALSE,TRUE,FALSE,"zGMHS2",142727426,0.765424,0.0116819,"outcome",TRUE,"reported","textfile",4,"143648579",0.001619716,2.43e-11,"Drinking",TRUE,"reported","Fv375e",2,TRUE,NA
"52","rs4699791","A","G","A","G",0.018570721,0.0139764,0.095726,0.130704,FALSE,FALSE,FALSE,"zGMHS2",100321866,0.356385,0.0151543,"outcome",TRUE,"reported","textfile",4,"101243023",0.002477197,6.58e-14,"Drinking",TRUE,"reported","Fv375e",2,TRUE,NA
"53","rs4815364","A","G","A","G",0.008582356,0.00708583,0.616,0.656245,FALSE,FALSE,FALSE,"zGMHS2",25055075,0.510731,0.0107737,"outcome",TRUE,"reported","textfile",20,"25035711",0.001498544,1.02e-08,"Drinking",TRUE,"reported","Fv375e",2,TRUE,NA
"54","rs4916723","C","A","C","A",-0.009952257,-0.0096632,0.416,0.467099,FALSE,FALSE,FALSE,"zGMHS2",88558577,0.343653,0.0102043,"outcome",TRUE,"reported","textfile",5,"87854395",0.001478674,1.72e-11,"Drinking",TRUE,"reported","Fv375e",2,TRUE,NA
"55","rs4938230","A","C","A","C",0.012810377,0.00963019,0.842,0.822901,FALSE,FALSE,FALSE,"zGMHS2",116204284,0.471271,0.0133676,"outcome",TRUE,"reported","textfile",11,"116075001",0.001998209,1.48e-10,"Drinking",TRUE,"reported","Fv375e",2,TRUE,NA
"56","rs500321","T","A","T","A",-0.009669361,-0.0044368,0.736,0.759923,FALSE,TRUE,FALSE,"zGMHS2",26550223,0.708621,0.0118724,"outcome",TRUE,"reported","textfile",13,"27124360",0.001653426,4.92e-09,"Drinking",TRUE,"reported","Fv375e",2,TRUE,NA
"57","rs5024204","T","A","T","A",0.009702711,-0.00136623,0.278,0.264116,FALSE,TRUE,FALSE,"zGMHS2",71026207,0.90579,0.011544,"outcome",TRUE,"reported","textfile",1,"71491890",0.001628467,2.55e-09,"Drinking",TRUE,"reported","Fv375e",2,TRUE,NA
"58","rs55872084","T","G","T","G",0.009978744,0.00147665,0.235,0.160446,FALSE,FALSE,FALSE,"zGMHS2",156474993,0.915314,0.0138863,"outcome",TRUE,"reported","textfile",5,"155902003",0.001718941,6.32e-09,"Drinking",TRUE,"reported","Fv375e",2,TRUE,NA
"59","rs55932213","G","A","G","A",0.009488271,0.00894544,0.736387,0.730209,FALSE,FALSE,FALSE,"zGMHS2",105993341,0.438757,0.011553,"outcome",TRUE,"reported","textfile",9,"108755622",0.001654204,9.55e-09,"Drinking",TRUE,"reported","Fv375e",2,TRUE,NA
"60","rs56030824","A","G","A","G",-0.011601888,-0.0025994,0.322,0.312763,FALSE,FALSE,FALSE,"zGMHS2",47375802,0.812938,0.0109847,"outcome",TRUE,"reported","textfile",11,"47397353",0.001562978,1.15e-13,"Drinking",TRUE,"reported","Fv375e",2,TRUE,NA
"61","rs56337305","C","T","C","T",-0.009588381,0.00232337,0.383,0.336188,FALSE,FALSE,FALSE,"zGMHS2",224610843,0.829892,0.0108144,"outcome",TRUE,"reported","textfile",2,"225475560",0.001499283,1.63e-10,"Drinking",TRUE,"reported","Fv375e",2,TRUE,NA
"62","rs58107686","A","C","A","C",-0.009747126,-0.00546082,0.328,0.336489,FALSE,FALSE,FALSE,"zGMHS2",33371733,0.61258,0.0107837,"outcome",TRUE,"reported","textfile",1,"33837334",0.00158537,7.79e-10,"Drinking",TRUE,"reported","Fv375e",2,TRUE,NA
"63","rs62044525","G","C","G","C",-0.01217318,0.0205586,0.184,0.137576,FALSE,TRUE,FALSE,"zGMHS2",64838687,0.165794,0.0148347,"outcome",TRUE,"reported","textfile",16,"64872590",0.001882851,1.03e-10,"Drinking",TRUE,"reported","Fv375e",2,TRUE,NA
"64","rs62250685","G","A","G","A",-0.014357061,0.0073667,0.614,0.708325,FALSE,FALSE,FALSE,"zGMHS2",85408090,0.511929,0.0112325,"outcome",TRUE,"reported","textfile",3,"85457240",0.001500092,1.05e-21,"Drinking",TRUE,"reported","Fv375e",2,TRUE,NA
"65","rs6460047","C","T","C","T",0.011623538,-0.0160622,0.208,0.169266,FALSE,FALSE,FALSE,"zGMHS2",73628113,0.238811,0.0136356,"outcome",TRUE,"reported","textfile",7,"73042443",0.00179569,9.69e-11,"Drinking",TRUE,"reported","Fv375e",2,TRUE,NA
"66","rs6787172","G","T","G","T",-0.008030894,-0.00655128,0.554,0.516125,FALSE,FALSE,FALSE,"zGMHS2",158470022,0.520394,0.0101928,"outcome",TRUE,"reported","textfile",3,"158187811",0.001466234,4.27e-08,"Drinking",TRUE,"reported","Fv375e",2,TRUE,NA
"67","rs682011","C","T","C","T",0.008212447,0.0118463,0.559,0.599453,FALSE,FALSE,FALSE,"zGMHS2",121673577,0.255208,0.0104117,"outcome",TRUE,"reported","textfile",11,"121544285",0.001467913,2.22e-08,"Drinking",TRUE,"reported","Fv375e",2,TRUE,NA
"68","rs705687","G","A","G","A",-0.010904017,-0.00529994,0.785,0.828807,FALSE,FALSE,FALSE,"zGMHS2",4488393,0.696402,0.0135833,"outcome",TRUE,"reported","textfile",1,"4548453",0.001775889,8.15e-10,"Drinking",TRUE,"reported","Fv375e",2,TRUE,NA
"69","rs7074871","A","G","A","G",-0.00939985,0.00127996,0.255,0.232832,FALSE,FALSE,FALSE,"zGMHS2",108748048,0.9157,0.012092,"outcome",TRUE,"reported","textfile",10,"110507806",0.001672158,1.86e-08,"Drinking",TRUE,"reported","Fv375e",2,TRUE,NA
"70","rs7185555","C","G","C","G",-0.011100514,0.0129572,0.153,0.123584,FALSE,TRUE,FALSE,"zGMHS2",69097378,0.402801,0.0154874,"outcome",TRUE,"reported","textfile",16,"69131281",0.002026667,4.24e-08,"Drinking",TRUE,"reported","Fv375e",2,TRUE,NA
"71","rs72859280","T","G","T","G",0.022885324,-0.0163133,0.0362,0.0473144,FALSE,FALSE,FALSE,"zGMHS2",147198725,0.502047,0.0243021,"outcome",TRUE,"reported","textfile",2,"147956293",0.003901915,4.44e-09,"Drinking",TRUE,"reported","Fv375e",2,TRUE,NA
"72","rs77165542","T","C","T","C",-0.026010899,-0.0299965,0.0349,0.0172647,FALSE,FALSE,FALSE,"zGMHS2",430975,0.444143,0.0392001,"outcome",TRUE,"reported","textfile",2,"430975",0.003971245,5.63e-11,"Drinking",TRUE,"reported","Fv375e",2,TRUE,NA
"73","rs79139602","T","A","T","A",0.06027231,-0.0551339,0.021061,0.0153083,FALSE,TRUE,FALSE,"zGMHS2",99523206,0.183773,0.0414782,"outcome",TRUE,"reported","textfile",4,"100444363",0.005075844,1.8e-32,"Drinking",TRUE,"reported","Fv375e",2,TRUE,NA
"74","rs7950166","T","C","T","C",-0.009799202,0.00432768,0.637,0.649876,FALSE,FALSE,FALSE,"zGMHS2",8620671,0.68505,0.0106703,"outcome",TRUE,"reported","textfile",11,"8642218",0.001515663,9.89e-11,"Drinking",TRUE,"reported","Fv375e",2,TRUE,NA
"75","rs79616692","C","G","C","G",0.016302272,-0.0297758,0.108,0.124675,FALSE,TRUE,FALSE,"zGMHS2",72304608,0.0542226,0.0154676,"outcome",TRUE,"reported","textfile",16,"72338507",0.002350583,4.11e-12,"Drinking",TRUE,"reported","Fv375e",2,TRUE,NA
"76","rs823114","A","G","A","G",0.00876774,0.000957276,0.553,0.577931,FALSE,FALSE,FALSE,"zGMHS2",205750404,0.926132,0.0103253,"outcome",TRUE,"reported","textfile",1,"205719532",0.001467417,2.31e-09,"Drinking",TRUE,"reported","Fv375e",2,TRUE,NA
"77","rs828867","A","G","A","G",0.008757157,-0.00437712,0.545,0.62443,FALSE,FALSE,FALSE,"zGMHS2",74107335,0.6818,0.0106757,"outcome",TRUE,"reported","textfile",2,"74334462",0.001463597,2.15e-09,"Drinking",TRUE,"reported","Fv375e",2,TRUE,NA
"78","rs9607814","A","C","A","C",-0.010181001,0.0151283,0.2,0.234326,FALSE,FALSE,FALSE,"zGMHS2",41550515,0.208759,0.0120354,"outcome",TRUE,"reported","textfile",22,"41946519",0.001858788,4.31e-08,"Drinking",TRUE,"reported","Fv375e",2,TRUE,NA
"79","rs9838144","C","G","C","G",-0.009964223,0.0144282,0.209,0.216196,FALSE,TRUE,FALSE,"zGMHS2",131857443,0.244809,0.0124055,"outcome",TRUE,"reported","textfile",3,"131576287",0.001792521,2.65e-08,"Drinking",TRUE,"reported","Fv375e",2,TRUE,NA
"80","rs9950000","T","C","T","C",-0.009117697,0.0218725,0.395,0.37472,FALSE,FALSE,FALSE,"zGMHS2",55384938,0.0379971,0.0105416,"outcome",TRUE,"reported","textfile",18,"53052169",0.001490903,9.38e-10,"Drinking",TRUE,"reported","Fv375e",2,TRUE,NA
