"","SNP","effect_allele.exposure","other_allele.exposure","effect_allele.outcome","other_allele.outcome","beta.exposure","beta.outcome","eaf.exposure","eaf.outcome","remove","palindromic","ambiguous","id.outcome","pos.outcome","pval.outcome","se.outcome","outcome","mr_keep.outcome","pval_origin.outcome","data_source.outcome","chr.exposure","pos.exposure","se.exposure","pval.exposure","exposure","mr_keep.exposure","pval_origin.exposure","id.exposure","action","mr_keep","samplesize.outcome"
"1","rs10236149","G","A","G","A",-0.013498145,0.00973806,0.123,0.178087,FALSE,FALSE,FALSE,"hfenkf",99379892,0.444678,0.0127409,"outcome",TRUE,"reported","textfile",7,"98977515",0.002219081,1.18e-09,"Drinking",TRUE,"reported","Fv375e",2,TRUE,NA
"2","rs10438820","T","C","T","C",0.008971778,-0.0104614,0.702,0.643011,FALSE,FALSE,FALSE,"hfenkf",80550797,0.30412,0.01018,"outcome",TRUE,"reported","textfile",17,"78524597",0.001593488,1.76e-08,"Drinking",TRUE,"reported","Fv375e",2,TRUE,NA
"3","rs10506274","T","G","T","G",-0.009037403,0.0184142,0.484,0.447417,FALSE,FALSE,FALSE,"hfenkf",81207685,0.0614611,0.00984627,"outcome",TRUE,"reported","textfile",12,"81601464",0.001458405,5.78e-10,"Drinking",TRUE,"reported","Fv375e",2,TRUE,NA
"4","rs10750025","T","C","T","C",0.010321447,-0.0102497,0.686,0.835393,FALSE,FALSE,FALSE,"hfenkf",113553320,0.440725,0.0132946,"outcome",TRUE,"reported","textfile",11,"113424042",0.001570358,4.89e-11,"Drinking",TRUE,"reported","Fv375e",2,TRUE,NA
"5","rs10753661","A","G","A","G",-0.008638128,-0.000110101,0.684,0.692635,FALSE,FALSE,FALSE,"hfenkf",165150555,0.991726,0.0106167,"outcome",TRUE,"reported","textfile",1,"165119792",0.001569272,3.76e-08,"Drinking",TRUE,"reported","Fv375e",2,TRUE,NA
"6","rs10876188","T","C","T","C",-0.007986853,0.0117548,0.457,0.514716,FALSE,FALSE,FALSE,"hfenkf",51502098,0.228485,0.00976094,"outcome",TRUE,"reported","textfile",12,"51895882",0.001463078,4.84e-08,"Drinking",TRUE,"reported","Fv375e",2,TRUE,NA
"7","rs10978550","C","T","C","T",-0.011748331,-0.00721867,0.206,0.236858,FALSE,FALSE,FALSE,"hfenkf",106583712,0.52996,0.0114935,"outcome",TRUE,"reported","textfile",9,"109345993",0.001802112,7.15e-11,"Drinking",TRUE,"reported","Fv375e",2,TRUE,NA
"8","rs11030084","T","C","T","C",-0.010606819,0.000174794,0.184,0.151879,FALSE,FALSE,FALSE,"hfenkf",27622178,0.989758,0.0136162,"outcome",TRUE,"reported","textfile",11,"27643725",0.001880926,1.72e-08,"Drinking",TRUE,"reported","Fv375e",2,TRUE,NA
"9","rs1104608","C","G","C","G",-0.010974988,0.00108793,0.425,0.422677,FALSE,TRUE,TRUE,"hfenkf",73878689,0.912974,0.00995464,"outcome",TRUE,"reported","textfile",16,"73912588",0.001475848,1.05e-13,"Drinking",TRUE,"reported","Fv375e",2,FALSE,NA
"10","rs1123285","G","C","G","C",-0.008897365,-0.00406651,0.335,0.342466,FALSE,TRUE,FALSE,"hfenkf",56807801,0.69259,0.010286,"outcome",TRUE,"reported","textfile",14,"57274519",0.00154416,8.14e-09,"Drinking",TRUE,"reported","Fv375e",2,TRUE,NA
"11","rs113443718","A","G","A","G",-0.010208258,0.00396262,0.305,0.314062,FALSE,FALSE,FALSE,"hfenkf",29880863,0.708399,0.010595,"outcome",TRUE,"reported","textfile",16,"29892184",0.001584629,1.19e-10,"Drinking",TRUE,"reported","Fv375e",2,TRUE,NA
"12","rs11625650","A","G","A","G",-0.009568091,0.00951956,0.233,0.188845,FALSE,FALSE,FALSE,"hfenkf",104143801,0.451874,0.012654,"outcome",TRUE,"reported","textfile",14,"104610138",0.00172405,2.89e-08,"Drinking",TRUE,"reported","Fv375e",2,TRUE,NA
"13","rs11692435","A","G","A","G",0.017449894,0.00768196,0.0852,0.233455,FALSE,FALSE,FALSE,"hfenkf",97658891,0.508328,0.0116139,"outcome",TRUE,"reported","textfile",2,"98275354",0.00261585,2.53e-11,"Drinking",TRUE,"reported","Fv375e",2,TRUE,NA
"14","rs11940694","G","A","G","A",0.025949908,0.0113019,0.597,0.646487,FALSE,FALSE,FALSE,"hfenkf",39413373,0.270187,0.01025,"outcome",TRUE,"reported","textfile",4,"39414993",0.001485887,3.03e-68,"Drinking",TRUE,"reported","Fv375e",2,TRUE,NA
"15","rs12088813","C","A","C","A",-0.009329047,-0.000671738,0.267,0.239413,FALSE,FALSE,FALSE,"hfenkf",65942017,0.953091,0.011419,"outcome",TRUE,"reported","textfile",1,"66407700",0.001649158,1.58e-08,"Drinking",TRUE,"reported","Fv375e",2,TRUE,NA
"16","rs1217091","C","T","C","T",0.012160827,-0.0161563,0.812,0.819793,FALSE,FALSE,FALSE,"hfenkf",63614841,0.206538,0.0127906,"outcome",TRUE,"reported","textfile",8,"64527399",0.001865386,7.05e-11,"Drinking",TRUE,"reported","Fv375e",2,TRUE,NA
"17","rs1229984","C","T","C","T",0.150533575,-0.231093,0.963,0.994969,FALSE,FALSE,FALSE,"hfenkf",99318162,0.000643769,0.0677203,"outcome",TRUE,"reported","textfile",4,"100239319",0.003861105,1e-200,"Drinking",TRUE,"reported","Fv375e",2,TRUE,NA
"18","rs1260326","C","T","C","T",0.020889835,-0.00740716,0.601,0.650194,FALSE,FALSE,FALSE,"hfenkf",27508073,0.470302,0.0102594,"outcome",TRUE,"reported","textfile",2,"27730940",0.001488339,8.05e-45,"Drinking",TRUE,"reported","Fv375e",2,TRUE,NA
"19","rs12651313","G","C","G","C",-0.008642927,0.0190657,0.443,0.496245,FALSE,TRUE,TRUE,"hfenkf",170165242,0.0509261,0.00976677,"outcome",TRUE,"reported","textfile",4,"171086393",0.001467223,3.79e-09,"Drinking",TRUE,"reported","Fv375e",2,FALSE,NA
"20","rs12655091","A","G","A","G",-0.008312109,-0.00713532,0.53,0.495097,FALSE,FALSE,FALSE,"hfenkf",145032772,0.465941,0.00978648,"outcome",TRUE,"reported","textfile",5,"144412335",0.001460289,1.25e-08,"Drinking",TRUE,"reported","Fv375e",2,TRUE,NA
"21","rs12795042","C","A","C","A",-0.008319009,-0.0129968,0.623,0.70185,FALSE,FALSE,FALSE,"hfenkf",133788273,0.226369,0.0107432,"outcome",TRUE,"reported","textfile",11,"133658168",0.001503872,3.25e-08,"Drinking",TRUE,"reported","Fv375e",2,TRUE,NA
"22","rs12907323","G","A","G","A",0.008496596,-0.00102452,0.411,0.333934,FALSE,FALSE,FALSE,"hfenkf",86252781,0.921336,0.0103747,"outcome",TRUE,"reported","textfile",15,"86796012",0.001481314,9.93e-09,"Drinking",TRUE,"reported","Fv375e",2,TRUE,NA
"23","rs13024996","A","C","A","C",-0.010912645,-0.0112442,0.364,0.325796,FALSE,FALSE,FALSE,"hfenkf",143467646,0.28057,0.0104206,"outcome",TRUE,"reported","textfile",2,"144225215",0.001514769,5.72e-13,"Drinking",TRUE,"reported","Fv375e",2,TRUE,NA
"24","rs13032049","G","A","G","A",0.01019455,-0.00565955,0.283,0.255682,FALSE,FALSE,FALSE,"hfenkf",63354372,0.613474,0.0112044,"outcome",TRUE,"reported","textfile",2,"63581507",0.001617979,3e-10,"Drinking",TRUE,"reported","Fv375e",2,TRUE,NA
"25","rs13066454","T","C","T","C",-0.008775946,-0.0167385,0.398,0.42827,FALSE,FALSE,FALSE,"hfenkf",94275411,0.0899001,0.00986981,"outcome",TRUE,"reported","textfile",3,"93994255",0.001491956,4.13e-09,"Drinking",TRUE,"reported","Fv375e",2,TRUE,NA
"26","rs13094887","T","A","T","A",-0.010309671,-0.00672403,0.301,0.256391,FALSE,TRUE,FALSE,"hfenkf",70919280,0.54833,0.0112018,"outcome",TRUE,"reported","textfile",3,"70968431",0.001588926,8.57e-11,"Drinking",TRUE,"reported","Fv375e",2,TRUE,NA
"27","rs13107325","T","C","T","C",-0.027504515,-0.115883,0.0722,0.0140429,FALSE,FALSE,FALSE,"hfenkf",102267552,0.00713116,0.0430688,"outcome",TRUE,"reported","textfile",4,"103188709",0.002815982,1.53e-22,"Drinking",TRUE,"reported","Fv375e",2,TRUE,NA
"28","rs13250583","T","C","T","C",-0.009717545,0.00086242,0.213,0.243351,FALSE,FALSE,FALSE,"hfenkf",21092406,0.939682,0.0113971,"outcome",TRUE,"reported","textfile",8,"20949917",0.001780116,4.7e-08,"Drinking",TRUE,"reported","Fv375e",2,TRUE,NA
"29","rs13383034","T","C","T","C",0.014926977,0.0131102,0.329,0.397102,FALSE,FALSE,FALSE,"hfenkf",44928137,0.190176,0.0100073,"outcome",TRUE,"reported","textfile",2,"45155276",0.001551195,6.31e-22,"Drinking",TRUE,"reported","Fv375e",2,TRUE,NA
"30","rs1713676","G","A","G","A",-0.007991984,-0.00499044,0.522454,0.55978,FALSE,FALSE,FALSE,"hfenkf",113789854,0.612802,0.009861,"outcome",TRUE,"reported","textfile",11,"113660576",0.00145913,4.29e-08,"Drinking",TRUE,"reported","Fv375e",2,TRUE,NA
"31","rs17177078","T","C","T","C",-0.02231549,0.0204506,0.0626,0.0687794,FALSE,FALSE,FALSE,"hfenkf",24799360,0.289847,0.0193212,"outcome",TRUE,"reported","textfile",16,"24810681",0.003011759,1.27e-13,"Drinking",TRUE,"reported","Fv375e",2,TRUE,NA
"32","rs17665139","T","C","T","C",-0.011560138,0.00239288,0.149,0.135613,FALSE,FALSE,FALSE,"hfenkf",123334364,0.866813,0.0142681,"outcome",TRUE,"reported","textfile",10,"125093880",0.002046764,1.59e-08,"Drinking",TRUE,"reported","Fv375e",2,TRUE,NA
"33","rs2011092","C","T","C","T",-0.008900405,-0.00459148,0.338643,0.372606,FALSE,FALSE,FALSE,"hfenkf",141405765,0.649977,0.010118,"outcome",TRUE,"reported","textfile",3,"141124607",0.001540056,7.35e-09,"Drinking",TRUE,"reported","Fv375e",2,TRUE,NA
"34","rs2165670","A","G","A","G",0.02308038,-0.0568486,0.106337,0.140228,FALSE,FALSE,FALSE,"hfenkf",99364928,6.58067e-05,0.0142443,"outcome",TRUE,"reported","textfile",4,"100286085",0.002364267,1.67e-22,"Drinking",TRUE,"reported","Fv375e",2,TRUE,NA
"35","rs2180870","C","T","C","T",-0.012177537,0.00598831,0.135,0.10397,FALSE,FALSE,FALSE,"hfenkf",58316061,0.708608,0.0160232,"outcome",TRUE,"reported","textfile",14,"58782779",0.002132803,1.12e-08,"Drinking",TRUE,"reported","Fv375e",2,TRUE,NA
"36","rs2472297","T","C","T","C",0.010606047,0.0115234,0.249,0.248086,FALSE,FALSE,FALSE,"hfenkf",74735539,0.308555,0.0113167,"outcome",TRUE,"reported","textfile",15,"75027880",0.001685411,3.1e-10,"Drinking",TRUE,"reported","Fv375e",2,TRUE,NA
"37","rs2532276","A","C","A","C",-0.021800138,-0.015566,0.215,0.0834306,FALSE,FALSE,FALSE,"hfenkf",46169258,0.383592,0.0178653,"outcome",TRUE,"reported","textfile",17,"44246624",0.002558533,1.62e-17,"Drinking",TRUE,"reported","Fv375e",2,TRUE,NA
"38","rs2764771","A","G","A","G",0.009890596,0.016244,0.307,0.387321,FALSE,FALSE,FALSE,"hfenkf",20002471,0.107362,0.0100884,"outcome",TRUE,"reported","textfile",16,"20013793",0.001581736,4.02e-10,"Drinking",TRUE,"reported","Fv375e",2,TRUE,NA
"39","rs281379","A","G","A","G",0.013722336,-0.0084478,0.508,0.408824,FALSE,FALSE,FALSE,"hfenkf",48711017,0.395502,0.00994232,"outcome",TRUE,"reported","textfile",19,"49214274",0.001457844,4.91e-21,"Drinking",TRUE,"reported","Fv375e",2,TRUE,NA
"40","rs2854334","G","A","G","A",0.009220984,-0.00109079,0.615,0.600239,FALSE,FALSE,FALSE,"hfenkf",31388482,0.913035,0.00998795,"outcome",TRUE,"reported","textfile",17,"29715500",0.001497813,7.51e-10,"Drinking",TRUE,"reported","Fv375e",2,TRUE,NA
"41","rs28601761","G","C","G","C",0.009102878,0.0088341,0.42,0.411917,FALSE,TRUE,FALSE,"hfenkf",125487789,0.372913,0.00991448,"outcome",TRUE,"reported","textfile",8,"126500031",0.001476682,7.17e-10,"Drinking",TRUE,"reported","Fv375e",2,TRUE,NA
"42","rs28680958","A","G","A","G",-0.010996457,-0.0316025,0.217,0.195202,FALSE,FALSE,FALSE,"hfenkf",173879670,0.010321,0.0123212,"outcome",TRUE,"reported","textfile",1,"173848808",0.001769942,5.13e-10,"Drinking",TRUE,"reported","Fv375e",2,TRUE,NA
"43","rs28929474","T","C","T","C",-0.036799624,0.0960665,0.0183,0.019675,FALSE,FALSE,FALSE,"hfenkf",94378610,0.00499586,0.0342202,"outcome",TRUE,"reported","textfile",14,"94844947",0.005437642,1.34e-11,"Drinking",TRUE,"reported","Fv375e",2,TRUE,NA
"44","rs35034355","A","G","A","G",-0.008096817,-0.0073791,0.521,0.488408,FALSE,FALSE,FALSE,"hfenkf",104199667,0.450451,0.00977801,"outcome",TRUE,"reported","textfile",7,"103840115",0.001458945,2.87e-08,"Drinking",TRUE,"reported","Fv375e",2,TRUE,NA
"45","rs36052336","G","A","G","A",-0.018428809,0.0211948,0.061496,0.0656872,FALSE,FALSE,FALSE,"hfenkf",99352437,0.284703,0.0198117,"outcome",TRUE,"reported","textfile",4,"100273594",0.00303378,1.23e-09,"Drinking",TRUE,"reported","Fv375e",2,TRUE,NA
"46","rs3748034","T","G","T","G",-0.011740341,0.0122707,0.143,0.126055,FALSE,FALSE,FALSE,"hfenkf",3444364,0.40795,0.0148285,"outcome",TRUE,"reported","textfile",4,"3446091",0.002081935,1.67e-08,"Drinking",TRUE,"reported","Fv375e",2,TRUE,NA
"47","rs3803800","G","A","G","A",0.011378876,-0.0176609,0.786,0.755174,FALSE,FALSE,FALSE,"hfenkf",7559652,0.120582,0.011377,"outcome",TRUE,"reported","textfile",17,"7462969",0.001777082,1.5e-10,"Drinking",TRUE,"reported","Fv375e",2,TRUE,NA
"48","rs3809162","G","A","G","A",0.009060925,0.026775,0.397,0.477193,FALSE,FALSE,FALSE,"hfenkf",54280451,0.00675912,0.00988563,"outcome",TRUE,"reported","textfile",12,"54674235",0.001489607,1.19e-09,"Drinking",TRUE,"reported","Fv375e",2,TRUE,NA
"49","rs4092465","G","A","G","A",-0.008291878,0.0114944,0.635,0.623844,FALSE,FALSE,FALSE,"hfenkf",57413205,0.257543,0.0101521,"outcome",TRUE,"reported","textfile",18,"55080437",0.001513883,4.39e-08,"Drinking",TRUE,"reported","Fv375e",2,TRUE,NA
"50","rs4548913","A","G","A","G",-0.008359953,-0.0062765,0.632,0.613336,FALSE,FALSE,FALSE,"hfenkf",2306594,0.530788,0.0100135,"outcome",TRUE,"reported","textfile",17,"2209888",0.001511274,3.11e-08,"Drinking",TRUE,"reported","Fv375e",2,TRUE,NA
"51","rs4690727","G","C","G","C",0.010816985,0.00631258,0.718,0.744745,FALSE,TRUE,FALSE,"hfenkf",142727426,0.574729,0.0112503,"outcome",TRUE,"reported","textfile",4,"143648579",0.001619716,2.43e-11,"Drinking",TRUE,"reported","Fv375e",2,TRUE,NA
"52","rs4699791","A","G","A","G",0.018570721,-0.0152771,0.095726,0.130563,FALSE,FALSE,FALSE,"hfenkf",100321866,0.293145,0.0145323,"outcome",TRUE,"reported","textfile",4,"101243023",0.002477197,6.58e-14,"Drinking",TRUE,"reported","Fv375e",2,TRUE,NA
"53","rs4815364","A","G","A","G",0.008582356,-0.00670575,0.616,0.656328,FALSE,FALSE,FALSE,"hfenkf",25055075,0.516311,0.0103318,"outcome",TRUE,"reported","textfile",20,"25035711",0.001498544,1.02e-08,"Drinking",TRUE,"reported","Fv375e",2,TRUE,NA
"54","rs4916723","C","A","C","A",-0.009952257,0.00884335,0.416,0.467026,FALSE,FALSE,FALSE,"hfenkf",88558577,0.366731,0.00979751,"outcome",TRUE,"reported","textfile",5,"87854395",0.001478674,1.72e-11,"Drinking",TRUE,"reported","Fv375e",2,TRUE,NA
"55","rs4938230","A","C","A","C",0.012810377,0.00720505,0.842,0.823067,FALSE,FALSE,FALSE,"hfenkf",116204284,0.574009,0.0128168,"outcome",TRUE,"reported","textfile",11,"116075001",0.001998209,1.48e-10,"Drinking",TRUE,"reported","Fv375e",2,TRUE,NA
"56","rs500321","T","A","T","A",-0.009669361,0.00111593,0.736,0.759816,FALSE,TRUE,FALSE,"hfenkf",26550223,0.922181,0.0114235,"outcome",TRUE,"reported","textfile",13,"27124360",0.001653426,4.92e-09,"Drinking",TRUE,"reported","Fv375e",2,TRUE,NA
"57","rs5024204","T","A","T","A",0.009702711,-0.00303096,0.278,0.263935,FALSE,TRUE,FALSE,"hfenkf",71026207,0.784876,0.0111036,"outcome",TRUE,"reported","textfile",1,"71491890",0.001628467,2.55e-09,"Drinking",TRUE,"reported","Fv375e",2,TRUE,NA
"58","rs55872084","T","G","T","G",0.009978744,0.0106934,0.235,0.160462,FALSE,FALSE,FALSE,"hfenkf",156474993,0.42287,0.0133425,"outcome",TRUE,"reported","textfile",5,"155902003",0.001718941,6.32e-09,"Drinking",TRUE,"reported","Fv375e",2,TRUE,NA
"59","rs55932213","G","A","G","A",0.009488271,-0.00567375,0.736387,0.730143,FALSE,FALSE,FALSE,"hfenkf",105993341,0.608728,0.0110839,"outcome",TRUE,"reported","textfile",9,"108755622",0.001654204,9.55e-09,"Drinking",TRUE,"reported","Fv375e",2,TRUE,NA
"60","rs56030824","A","G","A","G",-0.011601888,0.0255731,0.322,0.312677,FALSE,FALSE,FALSE,"hfenkf",47375802,0.0154198,0.0105571,"outcome",TRUE,"reported","textfile",11,"47397353",0.001562978,1.15e-13,"Drinking",TRUE,"reported","Fv375e",2,TRUE,NA
"61","rs56337305","C","T","C","T",-0.009588381,0.00716915,0.383,0.336375,FALSE,FALSE,FALSE,"hfenkf",224610843,0.489576,0.0103753,"outcome",TRUE,"reported","textfile",2,"225475560",0.001499283,1.63e-10,"Drinking",TRUE,"reported","Fv375e",2,TRUE,NA
"62","rs58107686","A","C","A","C",-0.009747126,-0.00748795,0.328,0.33644,FALSE,FALSE,FALSE,"hfenkf",33371733,0.46934,0.0103489,"outcome",TRUE,"reported","textfile",1,"33837334",0.00158537,7.79e-10,"Drinking",TRUE,"reported","Fv375e",2,TRUE,NA
"63","rs62044525","G","C","G","C",-0.01217318,0.0208636,0.184,0.137519,FALSE,TRUE,FALSE,"hfenkf",64838687,0.143771,0.0142716,"outcome",TRUE,"reported","textfile",16,"64872590",0.001882851,1.03e-10,"Drinking",TRUE,"reported","Fv375e",2,TRUE,NA
"64","rs62250685","G","A","G","A",-0.014357061,0.00763424,0.614,0.708443,FALSE,FALSE,FALSE,"hfenkf",85408090,0.478566,0.0107735,"outcome",TRUE,"reported","textfile",3,"85457240",0.001500092,1.05e-21,"Drinking",TRUE,"reported","Fv375e",2,TRUE,NA
"65","rs6460047","C","T","C","T",0.011623538,0.00864986,0.208,0.169084,FALSE,FALSE,FALSE,"hfenkf",73628113,0.51043,0.0131423,"outcome",TRUE,"reported","textfile",7,"73042443",0.00179569,9.69e-11,"Drinking",TRUE,"reported","Fv375e",2,TRUE,NA
"66","rs6787172","G","T","G","T",-0.008030894,-0.0108832,0.554,0.515954,FALSE,FALSE,FALSE,"hfenkf",158470022,0.266041,0.0097851,"outcome",TRUE,"reported","textfile",3,"158187811",0.001466234,4.27e-08,"Drinking",TRUE,"reported","Fv375e",2,TRUE,NA
"67","rs682011","C","T","C","T",0.008212447,-0.00778828,0.559,0.599548,FALSE,FALSE,FALSE,"hfenkf",121673577,0.436044,0.00999919,"outcome",TRUE,"reported","textfile",11,"121544285",0.001467913,2.22e-08,"Drinking",TRUE,"reported","Fv375e",2,TRUE,NA
"68","rs705687","G","A","G","A",-0.010904017,0.0183254,0.785,0.828869,FALSE,FALSE,FALSE,"hfenkf",4488393,0.159723,0.0130337,"outcome",TRUE,"reported","textfile",1,"4548453",0.001775889,8.15e-10,"Drinking",TRUE,"reported","Fv375e",2,TRUE,NA
"69","rs7074871","A","G","A","G",-0.00939985,0.0116624,0.255,0.233142,FALSE,FALSE,FALSE,"hfenkf",108748048,0.313377,0.011568,"outcome",TRUE,"reported","textfile",10,"110507806",0.001672158,1.86e-08,"Drinking",TRUE,"reported","Fv375e",2,TRUE,NA
"70","rs7185555","C","G","C","G",-0.011100514,-0.00578565,0.153,0.123738,FALSE,TRUE,FALSE,"hfenkf",69097378,0.696885,0.0148529,"outcome",TRUE,"reported","textfile",16,"69131281",0.002026667,4.24e-08,"Drinking",TRUE,"reported","Fv375e",2,TRUE,NA
"71","rs72859280","T","G","T","G",0.022885324,0.0244341,0.0362,0.0471439,FALSE,FALSE,FALSE,"hfenkf",147198725,0.293309,0.0232509,"outcome",TRUE,"reported","textfile",2,"147956293",0.003901915,4.44e-09,"Drinking",TRUE,"reported","Fv375e",2,TRUE,NA
"72","rs77165542","T","C","T","C",-0.026010899,0.0344515,0.0349,0.0171876,FALSE,FALSE,FALSE,"hfenkf",430975,0.363486,0.0379112,"outcome",TRUE,"reported","textfile",2,"430975",0.003971245,5.63e-11,"Drinking",TRUE,"reported","Fv375e",2,TRUE,NA
"73","rs79139602","T","A","T","A",0.06027231,-0.0659325,0.021061,0.0154189,FALSE,TRUE,FALSE,"hfenkf",99523206,0.0964118,0.0396586,"outcome",TRUE,"reported","textfile",4,"100444363",0.005075844,1.8e-32,"Drinking",TRUE,"reported","Fv375e",2,TRUE,NA
"74","rs7950166","T","C","T","C",-0.009799202,0.0113158,0.637,0.649936,FALSE,FALSE,FALSE,"hfenkf",8620671,0.269416,0.0102461,"outcome",TRUE,"reported","textfile",11,"8642218",0.001515663,9.89e-11,"Drinking",TRUE,"reported","Fv375e",2,TRUE,NA
"75","rs79616692","C","G","C","G",0.016302272,-0.0162219,0.108,0.124698,FALSE,TRUE,FALSE,"hfenkf",72304608,0.273284,0.0148074,"outcome",TRUE,"reported","textfile",16,"72338507",0.002350583,4.11e-12,"Drinking",TRUE,"reported","Fv375e",2,TRUE,NA
"76","rs823114","A","G","A","G",0.00876774,-0.00752843,0.553,0.577996,FALSE,FALSE,FALSE,"hfenkf",205750404,0.447283,0.00990643,"outcome",TRUE,"reported","textfile",1,"205719532",0.001467417,2.31e-09,"Drinking",TRUE,"reported","Fv375e",2,TRUE,NA
"77","rs828867","A","G","A","G",0.008757157,-0.0151251,0.545,0.624307,FALSE,FALSE,FALSE,"hfenkf",74107335,0.140139,0.0102524,"outcome",TRUE,"reported","textfile",2,"74334462",0.001463597,2.15e-09,"Drinking",TRUE,"reported","Fv375e",2,TRUE,NA
"78","rs9607814","A","C","A","C",-0.010181001,-0.00612497,0.2,0.23437,FALSE,FALSE,FALSE,"hfenkf",41550515,0.594985,0.0115212,"outcome",TRUE,"reported","textfile",22,"41946519",0.001858788,4.31e-08,"Drinking",TRUE,"reported","Fv375e",2,TRUE,NA
"79","rs9838144","C","G","C","G",-0.009964223,-0.00834409,0.209,0.215801,FALSE,TRUE,FALSE,"hfenkf",131857443,0.483336,0.011904,"outcome",TRUE,"reported","textfile",3,"131576287",0.001792521,2.65e-08,"Drinking",TRUE,"reported","Fv375e",2,TRUE,NA
"80","rs9950000","T","C","T","C",-0.009117697,0.0071746,0.395,0.374685,FALSE,FALSE,FALSE,"hfenkf",55384938,0.478315,0.0101191,"outcome",TRUE,"reported","textfile",18,"53052169",0.001490903,9.38e-10,"Drinking",TRUE,"reported","Fv375e",2,TRUE,NA
