"","SNP","effect_allele.exposure","other_allele.exposure","effect_allele.outcome","other_allele.outcome","beta.exposure","beta.outcome","eaf.exposure","eaf.outcome","remove","palindromic","ambiguous","id.outcome","pos.outcome","pval.outcome","se.outcome","outcome","mr_keep.outcome","pval_origin.outcome","data_source.outcome","chr.exposure","pos.exposure","se.exposure","pval.exposure","exposure","mr_keep.exposure","pval_origin.exposure","id.exposure","action","mr_keep","samplesize.outcome"
"1","rs10236149","G","A","G","A",-0.013498145,-0.0144422,0.123,0.178157,FALSE,FALSE,FALSE,"1jr7er",99379892,0.603504,0.0278072,"outcome",TRUE,"reported","textfile",7,"98977515",0.002219081,1.18e-09,"Drinking",TRUE,"reported","Fv375e",2,TRUE,NA
"2","rs10438820","T","C","T","C",0.008971778,-0.0356218,0.702,0.64274,FALSE,FALSE,FALSE,"1jr7er",80550797,0.109626,0.0222653,"outcome",TRUE,"reported","textfile",17,"78524597",0.001593488,1.76e-08,"Drinking",TRUE,"reported","Fv375e",2,TRUE,NA
"3","rs10506274","T","G","T","G",-0.009037403,-0.0189923,0.484,0.447819,FALSE,FALSE,FALSE,"1jr7er",81207685,0.376932,0.0214951,"outcome",TRUE,"reported","textfile",12,"81601464",0.001458405,5.78e-10,"Drinking",TRUE,"reported","Fv375e",2,TRUE,NA
"4","rs10750025","T","C","T","C",0.010321447,-0.0159933,0.686,0.835529,FALSE,FALSE,FALSE,"1jr7er",113553320,0.579944,0.0288966,"outcome",TRUE,"reported","textfile",11,"113424042",0.001570358,4.89e-11,"Drinking",TRUE,"reported","Fv375e",2,TRUE,NA
"5","rs10753661","A","G","A","G",-0.008638128,0.0132597,0.684,0.692476,FALSE,FALSE,FALSE,"1jr7er",165150555,0.567083,0.023167,"outcome",TRUE,"reported","textfile",1,"165119792",0.001569272,3.76e-08,"Drinking",TRUE,"reported","Fv375e",2,TRUE,NA
"6","rs10876188","T","C","T","C",-0.007986853,-0.00494476,0.457,0.514871,FALSE,FALSE,FALSE,"1jr7er",51502098,0.816392,0.0212964,"outcome",TRUE,"reported","textfile",12,"51895882",0.001463078,4.84e-08,"Drinking",TRUE,"reported","Fv375e",2,TRUE,NA
"7","rs10978550","C","T","C","T",-0.011748331,0.0174506,0.206,0.236783,FALSE,FALSE,FALSE,"1jr7er",106583712,0.487058,0.025109,"outcome",TRUE,"reported","textfile",9,"109345993",0.001802112,7.15e-11,"Drinking",TRUE,"reported","Fv375e",2,TRUE,NA
"8","rs11030084","T","C","T","C",-0.010606819,-0.0270308,0.184,0.151836,FALSE,FALSE,FALSE,"1jr7er",27622178,0.363441,0.0297425,"outcome",TRUE,"reported","textfile",11,"27643725",0.001880926,1.72e-08,"Drinking",TRUE,"reported","Fv375e",2,TRUE,NA
"9","rs1104608","C","G","C","G",-0.010974988,0.0207528,0.425,0.422398,FALSE,TRUE,TRUE,"1jr7er",73878689,0.340506,0.0217725,"outcome",TRUE,"reported","textfile",16,"73912588",0.001475848,1.05e-13,"Drinking",TRUE,"reported","Fv375e",2,FALSE,NA
"10","rs1123285","G","C","G","C",-0.008897365,-0.00525861,0.335,0.342764,FALSE,TRUE,FALSE,"1jr7er",56807801,0.81527,0.0225079,"outcome",TRUE,"reported","textfile",14,"57274519",0.00154416,8.14e-09,"Drinking",TRUE,"reported","Fv375e",2,TRUE,NA
"11","rs113443718","A","G","A","G",-0.010208258,-0.0187586,0.305,0.314519,FALSE,FALSE,FALSE,"1jr7er",29880863,0.417564,0.02314,"outcome",TRUE,"reported","textfile",16,"29892184",0.001584629,1.19e-10,"Drinking",TRUE,"reported","Fv375e",2,TRUE,NA
"12","rs11625650","A","G","A","G",-0.009568091,-0.0289242,0.233,0.188841,FALSE,FALSE,FALSE,"1jr7er",104143801,0.293701,0.0275459,"outcome",TRUE,"reported","textfile",14,"104610138",0.00172405,2.89e-08,"Drinking",TRUE,"reported","Fv375e",2,TRUE,NA
"13","rs11692435","A","G","A","G",0.017449894,0.0291315,0.0852,0.233912,FALSE,FALSE,FALSE,"1jr7er",97658891,0.253187,0.0254948,"outcome",TRUE,"reported","textfile",2,"98275354",0.00261585,2.53e-11,"Drinking",TRUE,"reported","Fv375e",2,TRUE,NA
"14","rs11940694","G","A","G","A",0.025949908,0.0150897,0.597,0.646056,FALSE,FALSE,FALSE,"1jr7er",39413373,0.499819,0.0223626,"outcome",TRUE,"reported","textfile",4,"39414993",0.001485887,3.03e-68,"Drinking",TRUE,"reported","Fv375e",2,TRUE,NA
"15","rs12088813","C","A","C","A",-0.009329047,-0.0129049,0.267,0.239577,FALSE,FALSE,FALSE,"1jr7er",65942017,0.604997,0.02495,"outcome",TRUE,"reported","textfile",1,"66407700",0.001649158,1.58e-08,"Drinking",TRUE,"reported","Fv375e",2,TRUE,NA
"16","rs1217091","C","T","C","T",0.012160827,-0.0393629,0.812,0.820266,FALSE,FALSE,FALSE,"1jr7er",63614841,0.15979,0.0280008,"outcome",TRUE,"reported","textfile",8,"64527399",0.001865386,7.05e-11,"Drinking",TRUE,"reported","Fv375e",2,TRUE,NA
"17","rs1229984","C","T","C","T",0.150533575,0.0157059,0.963,0.994937,FALSE,FALSE,FALSE,"1jr7er",99318162,0.918564,0.153614,"outcome",TRUE,"reported","textfile",4,"100239319",0.003861105,1e-200,"Drinking",TRUE,"reported","Fv375e",2,TRUE,NA
"18","rs1260326","C","T","C","T",0.020889835,-0.0234206,0.601,0.650412,FALSE,FALSE,FALSE,"1jr7er",27508073,0.296352,0.0224274,"outcome",TRUE,"reported","textfile",2,"27730940",0.001488339,8.05e-45,"Drinking",TRUE,"reported","Fv375e",2,TRUE,NA
"19","rs12651313","G","C","G","C",-0.008642927,0.0075209,0.443,0.496135,FALSE,TRUE,TRUE,"1jr7er",170165242,0.724673,0.0213528,"outcome",TRUE,"reported","textfile",4,"171086393",0.001467223,3.79e-09,"Drinking",TRUE,"reported","Fv375e",2,FALSE,NA
"20","rs12655091","A","G","A","G",-0.008312109,0.00318431,0.53,0.495029,FALSE,FALSE,FALSE,"1jr7er",145032772,0.881611,0.0213816,"outcome",TRUE,"reported","textfile",5,"144412335",0.001460289,1.25e-08,"Drinking",TRUE,"reported","Fv375e",2,TRUE,NA
"21","rs12795042","C","A","C","A",-0.008319009,0.0158158,0.623,0.702099,FALSE,FALSE,FALSE,"1jr7er",133788273,0.499418,0.0234167,"outcome",TRUE,"reported","textfile",11,"133658168",0.001503872,3.25e-08,"Drinking",TRUE,"reported","Fv375e",2,TRUE,NA
"22","rs12907323","G","A","G","A",0.008496596,0.030322,0.411,0.333719,FALSE,FALSE,FALSE,"1jr7er",86252781,0.181587,0.022698,"outcome",TRUE,"reported","textfile",15,"86796012",0.001481314,9.93e-09,"Drinking",TRUE,"reported","Fv375e",2,TRUE,NA
"23","rs13024996","A","C","A","C",-0.010912645,-0.0404308,0.364,0.325904,FALSE,FALSE,FALSE,"1jr7er",143467646,0.0747928,0.0226919,"outcome",TRUE,"reported","textfile",2,"144225215",0.001514769,5.72e-13,"Drinking",TRUE,"reported","Fv375e",2,TRUE,NA
"24","rs13032049","G","A","G","A",0.01019455,0.0218917,0.283,0.255703,FALSE,FALSE,FALSE,"1jr7er",63354372,0.369958,0.0244177,"outcome",TRUE,"reported","textfile",2,"63581507",0.001617979,3e-10,"Drinking",TRUE,"reported","Fv375e",2,TRUE,NA
"25","rs13066454","T","C","T","C",-0.008775946,0.0268873,0.398,0.428204,FALSE,FALSE,FALSE,"1jr7er",94275411,0.212852,0.021583,"outcome",TRUE,"reported","textfile",3,"93994255",0.001491956,4.13e-09,"Drinking",TRUE,"reported","Fv375e",2,TRUE,NA
"26","rs13094887","T","A","T","A",-0.010309671,0.0110857,0.301,0.255948,FALSE,TRUE,FALSE,"1jr7er",70919280,0.650419,0.0244619,"outcome",TRUE,"reported","textfile",3,"70968431",0.001588926,8.57e-11,"Drinking",TRUE,"reported","Fv375e",2,TRUE,NA
"27","rs13107325","T","C","T","C",-0.027504515,0.0685748,0.0722,0.0139321,FALSE,FALSE,FALSE,"1jr7er",102267552,0.452828,0.0913468,"outcome",TRUE,"reported","textfile",4,"103188709",0.002815982,1.53e-22,"Drinking",TRUE,"reported","Fv375e",2,TRUE,NA
"28","rs13250583","T","C","T","C",-0.009717545,-0.00169679,0.213,0.243136,FALSE,FALSE,FALSE,"1jr7er",21092406,0.945683,0.0249058,"outcome",TRUE,"reported","textfile",8,"20949917",0.001780116,4.7e-08,"Drinking",TRUE,"reported","Fv375e",2,TRUE,NA
"29","rs13383034","T","C","T","C",0.014926977,0.0113817,0.329,0.397048,FALSE,FALSE,FALSE,"1jr7er",44928137,0.60255,0.0218569,"outcome",TRUE,"reported","textfile",2,"45155276",0.001551195,6.31e-22,"Drinking",TRUE,"reported","Fv375e",2,TRUE,NA
"30","rs1713676","G","A","G","A",-0.007991984,-0.0295798,0.522454,0.560182,FALSE,FALSE,FALSE,"1jr7er",113789854,0.169121,0.0215121,"outcome",TRUE,"reported","textfile",11,"113660576",0.00145913,4.29e-08,"Drinking",TRUE,"reported","Fv375e",2,TRUE,NA
"31","rs17177078","T","C","T","C",-0.02231549,-0.0411113,0.0626,0.0687964,FALSE,FALSE,FALSE,"1jr7er",24799360,0.328637,0.042085,"outcome",TRUE,"reported","textfile",16,"24810681",0.003011759,1.27e-13,"Drinking",TRUE,"reported","Fv375e",2,TRUE,NA
"32","rs17665139","T","C","T","C",-0.011560138,-0.0036476,0.149,0.135252,FALSE,FALSE,FALSE,"1jr7er",123334364,0.906935,0.0312014,"outcome",TRUE,"reported","textfile",10,"125093880",0.002046764,1.59e-08,"Drinking",TRUE,"reported","Fv375e",2,TRUE,NA
"33","rs2011092","C","T","C","T",-0.008900405,-0.00192394,0.338643,0.372805,FALSE,FALSE,FALSE,"1jr7er",141405765,0.930613,0.0220955,"outcome",TRUE,"reported","textfile",3,"141124607",0.001540056,7.35e-09,"Drinking",TRUE,"reported","Fv375e",2,TRUE,NA
"34","rs2165670","A","G","A","G",0.02308038,0.0135477,0.106337,0.140123,FALSE,FALSE,FALSE,"1jr7er",99364928,0.66161,0.0309527,"outcome",TRUE,"reported","textfile",4,"100286085",0.002364267,1.67e-22,"Drinking",TRUE,"reported","Fv375e",2,TRUE,NA
"35","rs2180870","C","T","C","T",-0.012177537,-0.0134827,0.135,0.10416,FALSE,FALSE,FALSE,"1jr7er",58316061,0.699624,0.0349449,"outcome",TRUE,"reported","textfile",14,"58782779",0.002132803,1.12e-08,"Drinking",TRUE,"reported","Fv375e",2,TRUE,NA
"36","rs2472297","T","C","T","C",0.010606047,0.0565262,0.249,0.248027,FALSE,FALSE,FALSE,"1jr7er",74735539,0.0220348,0.0246864,"outcome",TRUE,"reported","textfile",15,"75027880",0.001685411,3.1e-10,"Drinking",TRUE,"reported","Fv375e",2,TRUE,NA
"37","rs2532276","A","C","A","C",-0.021800138,-0.0164836,0.215,0.0833148,FALSE,FALSE,FALSE,"1jr7er",46169258,0.672278,0.0389662,"outcome",TRUE,"reported","textfile",17,"44246624",0.002558533,1.62e-17,"Drinking",TRUE,"reported","Fv375e",2,TRUE,NA
"38","rs2764771","A","G","A","G",0.009890596,-0.0148134,0.307,0.38745,FALSE,FALSE,FALSE,"1jr7er",20002471,0.501546,0.0220418,"outcome",TRUE,"reported","textfile",16,"20013793",0.001581736,4.02e-10,"Drinking",TRUE,"reported","Fv375e",2,TRUE,NA
"39","rs281379","A","G","A","G",0.013722336,0.00288165,0.508,0.408528,FALSE,FALSE,FALSE,"1jr7er",48711017,0.894372,0.0217035,"outcome",TRUE,"reported","textfile",19,"49214274",0.001457844,4.91e-21,"Drinking",TRUE,"reported","Fv375e",2,TRUE,NA
"40","rs2854334","G","A","G","A",0.009220984,0.0156154,0.615,0.5999,FALSE,FALSE,FALSE,"1jr7er",31388482,0.474138,0.0218165,"outcome",TRUE,"reported","textfile",17,"29715500",0.001497813,7.51e-10,"Drinking",TRUE,"reported","Fv375e",2,TRUE,NA
"41","rs28601761","G","C","G","C",0.009102878,-0.00915733,0.42,0.412264,FALSE,TRUE,FALSE,"1jr7er",125487789,0.672447,0.0216592,"outcome",TRUE,"reported","textfile",8,"126500031",0.001476682,7.17e-10,"Drinking",TRUE,"reported","Fv375e",2,TRUE,NA
"42","rs28680958","A","G","A","G",-0.010996457,-0.0248711,0.217,0.195312,FALSE,FALSE,FALSE,"1jr7er",173879670,0.354201,0.026845,"outcome",TRUE,"reported","textfile",1,"173848808",0.001769942,5.13e-10,"Drinking",TRUE,"reported","Fv375e",2,TRUE,NA
"43","rs28929474","T","C","T","C",-0.036799624,0.0957914,0.0183,0.0196633,FALSE,FALSE,FALSE,"1jr7er",94378610,0.215148,0.0772802,"outcome",TRUE,"reported","textfile",14,"94844947",0.005437642,1.34e-11,"Drinking",TRUE,"reported","Fv375e",2,TRUE,NA
"44","rs35034355","A","G","A","G",-0.008096817,-0.0198103,0.521,0.487957,FALSE,FALSE,FALSE,"1jr7er",104199667,0.354065,0.0213765,"outcome",TRUE,"reported","textfile",7,"103840115",0.001458945,2.87e-08,"Drinking",TRUE,"reported","Fv375e",2,TRUE,NA
"45","rs36052336","G","A","G","A",-0.018428809,-0.0540862,0.061496,0.065643,FALSE,FALSE,FALSE,"1jr7er",99352437,0.210167,0.0431617,"outcome",TRUE,"reported","textfile",4,"100273594",0.00303378,1.23e-09,"Drinking",TRUE,"reported","Fv375e",2,TRUE,NA
"46","rs3748034","T","G","T","G",-0.011740341,-0.0331147,0.143,0.125978,FALSE,FALSE,FALSE,"1jr7er",3444364,0.306462,0.0323805,"outcome",TRUE,"reported","textfile",4,"3446091",0.002081935,1.67e-08,"Drinking",TRUE,"reported","Fv375e",2,TRUE,NA
"47","rs3803800","G","A","G","A",0.011378876,0.00793348,0.786,0.755407,FALSE,FALSE,FALSE,"1jr7er",7559652,0.749725,0.0248697,"outcome",TRUE,"reported","textfile",17,"7462969",0.001777082,1.5e-10,"Drinking",TRUE,"reported","Fv375e",2,TRUE,NA
"48","rs3809162","G","A","G","A",0.009060925,-0.0246184,0.397,0.477396,FALSE,FALSE,FALSE,"1jr7er",54280451,0.254453,0.0216027,"outcome",TRUE,"reported","textfile",12,"54674235",0.001489607,1.19e-09,"Drinking",TRUE,"reported","Fv375e",2,TRUE,NA
"49","rs4092465","G","A","G","A",-0.008291878,-0.0243329,0.635,0.623977,FALSE,FALSE,FALSE,"1jr7er",57413205,0.273726,0.0222316,"outcome",TRUE,"reported","textfile",18,"55080437",0.001513883,4.39e-08,"Drinking",TRUE,"reported","Fv375e",2,TRUE,NA
"50","rs4548913","A","G","A","G",-0.008359953,-0.0231312,0.632,0.613519,FALSE,FALSE,FALSE,"1jr7er",2306594,0.28989,0.0218556,"outcome",TRUE,"reported","textfile",17,"2209888",0.001511274,3.11e-08,"Drinking",TRUE,"reported","Fv375e",2,TRUE,NA
"51","rs4690727","G","C","G","C",0.010816985,0.0135322,0.718,0.745084,FALSE,TRUE,FALSE,"1jr7er",142727426,0.581254,0.0245347,"outcome",TRUE,"reported","textfile",4,"143648579",0.001619716,2.43e-11,"Drinking",TRUE,"reported","Fv375e",2,TRUE,NA
"52","rs4699791","A","G","A","G",0.018570721,-0.0251771,0.095726,0.130455,FALSE,FALSE,FALSE,"1jr7er",100321866,0.428048,0.0317677,"outcome",TRUE,"reported","textfile",4,"101243023",0.002477197,6.58e-14,"Drinking",TRUE,"reported","Fv375e",2,TRUE,NA
"53","rs4815364","A","G","A","G",0.008582356,-0.00850098,0.616,0.656518,FALSE,FALSE,FALSE,"1jr7er",25055075,0.706545,0.0225789,"outcome",TRUE,"reported","textfile",20,"25035711",0.001498544,1.02e-08,"Drinking",TRUE,"reported","Fv375e",2,TRUE,NA
"54","rs4916723","C","A","C","A",-0.009952257,-0.00938056,0.416,0.46678,FALSE,FALSE,FALSE,"1jr7er",88558577,0.661046,0.0213939,"outcome",TRUE,"reported","textfile",5,"87854395",0.001478674,1.72e-11,"Drinking",TRUE,"reported","Fv375e",2,TRUE,NA
"55","rs4938230","A","C","A","C",0.012810377,-0.0163818,0.842,0.822799,FALSE,FALSE,FALSE,"1jr7er",116204284,0.559517,0.0280722,"outcome",TRUE,"reported","textfile",11,"116075001",0.001998209,1.48e-10,"Drinking",TRUE,"reported","Fv375e",2,TRUE,NA
"56","rs500321","T","A","T","A",-0.009669361,0.01673,0.736,0.759723,FALSE,TRUE,FALSE,"1jr7er",26550223,0.500629,0.0248404,"outcome",TRUE,"reported","textfile",13,"27124360",0.001653426,4.92e-09,"Drinking",TRUE,"reported","Fv375e",2,TRUE,NA
"57","rs5024204","T","A","T","A",0.009702711,0.0293478,0.278,0.263796,FALSE,TRUE,FALSE,"1jr7er",71026207,0.225562,0.024217,"outcome",TRUE,"reported","textfile",1,"71491890",0.001628467,2.55e-09,"Drinking",TRUE,"reported","Fv375e",2,TRUE,NA
"58","rs55872084","T","G","T","G",0.009978744,0.024609,0.235,0.160482,FALSE,FALSE,FALSE,"1jr7er",156474993,0.398309,0.0291353,"outcome",TRUE,"reported","textfile",5,"155902003",0.001718941,6.32e-09,"Drinking",TRUE,"reported","Fv375e",2,TRUE,NA
"59","rs55932213","G","A","G","A",0.009488271,0.0173503,0.736387,0.730174,FALSE,FALSE,FALSE,"1jr7er",105993341,0.473326,0.0241959,"outcome",TRUE,"reported","textfile",9,"108755622",0.001654204,9.55e-09,"Drinking",TRUE,"reported","Fv375e",2,TRUE,NA
"60","rs56030824","A","G","A","G",-0.011601888,-0.00556796,0.322,0.31306,FALSE,FALSE,FALSE,"1jr7er",47375802,0.809001,0.0230353,"outcome",TRUE,"reported","textfile",11,"47397353",0.001562978,1.15e-13,"Drinking",TRUE,"reported","Fv375e",2,TRUE,NA
"61","rs56337305","C","T","C","T",-0.009588381,0.0011925,0.383,0.336416,FALSE,FALSE,FALSE,"1jr7er",224610843,0.958069,0.0226809,"outcome",TRUE,"reported","textfile",2,"225475560",0.001499283,1.63e-10,"Drinking",TRUE,"reported","Fv375e",2,TRUE,NA
"62","rs58107686","A","C","A","C",-0.009747126,-0.00982348,0.328,0.336532,FALSE,FALSE,FALSE,"1jr7er",33371733,0.663205,0.0225572,"outcome",TRUE,"reported","textfile",1,"33837334",0.00158537,7.79e-10,"Drinking",TRUE,"reported","Fv375e",2,TRUE,NA
"63","rs62044525","G","C","G","C",-0.01217318,-0.0857428,0.184,0.13731,FALSE,TRUE,FALSE,"1jr7er",64838687,0.00683109,0.0316983,"outcome",TRUE,"reported","textfile",16,"64872590",0.001882851,1.03e-10,"Drinking",TRUE,"reported","Fv375e",2,TRUE,NA
"64","rs62250685","G","A","G","A",-0.014357061,0.031486,0.614,0.708544,FALSE,FALSE,FALSE,"1jr7er",85408090,0.181344,0.0235563,"outcome",TRUE,"reported","textfile",3,"85457240",0.001500092,1.05e-21,"Drinking",TRUE,"reported","Fv375e",2,TRUE,NA
"65","rs6460047","C","T","C","T",0.011623538,-0.0127727,0.208,0.168823,FALSE,FALSE,FALSE,"1jr7er",73628113,0.655499,0.0286295,"outcome",TRUE,"reported","textfile",7,"73042443",0.00179569,9.69e-11,"Drinking",TRUE,"reported","Fv375e",2,TRUE,NA
"66","rs6787172","G","T","G","T",-0.008030894,0.0340455,0.554,0.516036,FALSE,FALSE,FALSE,"1jr7er",158470022,0.11096,0.02136,"outcome",TRUE,"reported","textfile",3,"158187811",0.001466234,4.27e-08,"Drinking",TRUE,"reported","Fv375e",2,TRUE,NA
"67","rs682011","C","T","C","T",0.008212447,0.0192329,0.559,0.599377,FALSE,FALSE,FALSE,"1jr7er",121673577,0.377917,0.0218124,"outcome",TRUE,"reported","textfile",11,"121544285",0.001467913,2.22e-08,"Drinking",TRUE,"reported","Fv375e",2,TRUE,NA
"68","rs705687","G","A","G","A",-0.010904017,-0.0315012,0.785,0.828854,FALSE,FALSE,FALSE,"1jr7er",4488393,0.268802,0.0284866,"outcome",TRUE,"reported","textfile",1,"4548453",0.001775889,8.15e-10,"Drinking",TRUE,"reported","Fv375e",2,TRUE,NA
"69","rs7074871","A","G","A","G",-0.00939985,0.0103302,0.255,0.233218,FALSE,FALSE,FALSE,"1jr7er",108748048,0.682892,0.0252869,"outcome",TRUE,"reported","textfile",10,"110507806",0.001672158,1.86e-08,"Drinking",TRUE,"reported","Fv375e",2,TRUE,NA
"70","rs7185555","C","G","C","G",-0.011100514,-0.0216875,0.153,0.124149,FALSE,TRUE,FALSE,"1jr7er",69097378,0.50264,0.0323529,"outcome",TRUE,"reported","textfile",16,"69131281",0.002026667,4.24e-08,"Drinking",TRUE,"reported","Fv375e",2,TRUE,NA
"71","rs72859280","T","G","T","G",0.022885324,0.0171613,0.0362,0.0473026,FALSE,FALSE,FALSE,"1jr7er",147198725,0.737137,0.0511289,"outcome",TRUE,"reported","textfile",2,"147956293",0.003901915,4.44e-09,"Drinking",TRUE,"reported","Fv375e",2,TRUE,NA
"72","rs77165542","T","C","T","C",-0.026010899,0.00979242,0.0349,0.0172218,FALSE,FALSE,FALSE,"1jr7er",430975,0.905302,0.0823127,"outcome",TRUE,"reported","textfile",2,"430975",0.003971245,5.63e-11,"Drinking",TRUE,"reported","Fv375e",2,TRUE,NA
"73","rs79139602","T","A","T","A",0.06027231,-0.102312,0.021061,0.0153463,FALSE,TRUE,FALSE,"1jr7er",99523206,0.238101,0.0867238,"outcome",TRUE,"reported","textfile",4,"100444363",0.005075844,1.8e-32,"Drinking",TRUE,"reported","Fv375e",2,TRUE,NA
"74","rs7950166","T","C","T","C",-0.009799202,-0.0209,0.637,0.650015,FALSE,FALSE,FALSE,"1jr7er",8620671,0.350084,0.0223667,"outcome",TRUE,"reported","textfile",11,"8642218",0.001515663,9.89e-11,"Drinking",TRUE,"reported","Fv375e",2,TRUE,NA
"75","rs79616692","C","G","C","G",0.016302272,0.0244119,0.108,0.124723,FALSE,TRUE,FALSE,"1jr7er",72304608,0.452,0.0324589,"outcome",TRUE,"reported","textfile",16,"72338507",0.002350583,4.11e-12,"Drinking",TRUE,"reported","Fv375e",2,TRUE,NA
"76","rs823114","A","G","A","G",0.00876774,0.047189,0.553,0.578716,FALSE,FALSE,FALSE,"1jr7er",205750404,0.0290717,0.0216214,"outcome",TRUE,"reported","textfile",1,"205719532",0.001467417,2.31e-09,"Drinking",TRUE,"reported","Fv375e",2,TRUE,NA
"77","rs828867","A","G","A","G",0.008757157,0.0231188,0.545,0.62488,FALSE,FALSE,FALSE,"1jr7er",74107335,0.30175,0.022387,"outcome",TRUE,"reported","textfile",2,"74334462",0.001463597,2.15e-09,"Drinking",TRUE,"reported","Fv375e",2,TRUE,NA
"78","rs9607814","A","C","A","C",-0.010181001,-0.0193168,0.2,0.234144,FALSE,FALSE,FALSE,"1jr7er",41550515,0.444,0.0252356,"outcome",TRUE,"reported","textfile",22,"41946519",0.001858788,4.31e-08,"Drinking",TRUE,"reported","Fv375e",2,TRUE,NA
"79","rs9838144","C","G","C","G",-0.009964223,0.00249474,0.209,0.215818,FALSE,TRUE,FALSE,"1jr7er",131857443,0.923408,0.0259484,"outcome",TRUE,"reported","textfile",3,"131576287",0.001792521,2.65e-08,"Drinking",TRUE,"reported","Fv375e",2,TRUE,NA
"80","rs9950000","T","C","T","C",-0.009117697,0.00799927,0.395,0.374681,FALSE,FALSE,FALSE,"1jr7er",55384938,0.717472,0.0221072,"outcome",TRUE,"reported","textfile",18,"53052169",0.001490903,9.38e-10,"Drinking",TRUE,"reported","Fv375e",2,TRUE,NA
