"","SNP","effect_allele.exposure","other_allele.exposure","effect_allele.outcome","other_allele.outcome","beta.exposure","beta.outcome","eaf.exposure","eaf.outcome","remove","palindromic","ambiguous","id.outcome","pos.outcome","pval.outcome","se.outcome","outcome","mr_keep.outcome","pval_origin.outcome","data_source.outcome","chr.exposure","pos.exposure","se.exposure","pval.exposure","exposure","mr_keep.exposure","pval_origin.exposure","id.exposure","action","mr_keep","samplesize.outcome"
"1","rs10236149","G","A","G","A",-0.013498145,-0.0700067,0.123,0.178164,FALSE,FALSE,FALSE,"SPhm6n",99379892,0.0805008,0.0400545,"outcome",TRUE,"reported","textfile",7,"98977515",0.002219081,1.18e-09,"Drinking",TRUE,"reported","Fv375e",2,TRUE,NA
"2","rs10438820","T","C","T","C",0.008971778,-0.034768,0.702,0.643122,FALSE,FALSE,FALSE,"SPhm6n",80550797,0.277133,0.0319917,"outcome",TRUE,"reported","textfile",17,"78524597",0.001593488,1.76e-08,"Drinking",TRUE,"reported","Fv375e",2,TRUE,NA
"3","rs10506274","T","G","T","G",-0.009037403,0.0491302,0.484,0.447383,FALSE,FALSE,FALSE,"SPhm6n",81207685,0.112465,0.0309538,"outcome",TRUE,"reported","textfile",12,"81601464",0.001458405,5.78e-10,"Drinking",TRUE,"reported","Fv375e",2,TRUE,NA
"4","rs10750025","T","C","T","C",0.010321447,0.0930693,0.686,0.835562,FALSE,FALSE,FALSE,"SPhm6n",113553320,0.0258434,0.0417621,"outcome",TRUE,"reported","textfile",11,"113424042",0.001570358,4.89e-11,"Drinking",TRUE,"reported","Fv375e",2,TRUE,NA
"5","rs10753661","A","G","A","G",-0.008638128,0.0102967,0.684,0.692793,FALSE,FALSE,FALSE,"SPhm6n",165150555,0.757562,0.0333567,"outcome",TRUE,"reported","textfile",1,"165119792",0.001569272,3.76e-08,"Drinking",TRUE,"reported","Fv375e",2,TRUE,NA
"6","rs10876188","T","C","T","C",-0.007986853,0.0118499,0.457,0.514889,FALSE,FALSE,FALSE,"SPhm6n",51502098,0.699211,0.0306685,"outcome",TRUE,"reported","textfile",12,"51895882",0.001463078,4.84e-08,"Drinking",TRUE,"reported","Fv375e",2,TRUE,NA
"7","rs10978550","C","T","C","T",-0.011748331,0.0502909,0.206,0.236841,FALSE,FALSE,FALSE,"SPhm6n",106583712,0.163408,0.0360844,"outcome",TRUE,"reported","textfile",9,"109345993",0.001802112,7.15e-11,"Drinking",TRUE,"reported","Fv375e",2,TRUE,NA
"8","rs11030084","T","C","T","C",-0.010606819,-0.0601417,0.184,0.151732,FALSE,FALSE,FALSE,"SPhm6n",27622178,0.160503,0.0428548,"outcome",TRUE,"reported","textfile",11,"27643725",0.001880926,1.72e-08,"Drinking",TRUE,"reported","Fv375e",2,TRUE,NA
"9","rs1104608","C","G","C","G",-0.010974988,-0.0542573,0.425,0.422634,FALSE,TRUE,TRUE,"SPhm6n",73878689,0.083073,0.031306,"outcome",TRUE,"reported","textfile",16,"73912588",0.001475848,1.05e-13,"Drinking",TRUE,"reported","Fv375e",2,FALSE,NA
"10","rs1123285","G","C","G","C",-0.008897365,-0.0775901,0.335,0.342566,FALSE,TRUE,FALSE,"SPhm6n",56807801,0.0163016,0.032301,"outcome",TRUE,"reported","textfile",14,"57274519",0.00154416,8.14e-09,"Drinking",TRUE,"reported","Fv375e",2,TRUE,NA
"11","rs113443718","A","G","A","G",-0.010208258,0.0138751,0.305,0.314321,FALSE,FALSE,FALSE,"SPhm6n",29880863,0.676651,0.0332706,"outcome",TRUE,"reported","textfile",16,"29892184",0.001584629,1.19e-10,"Drinking",TRUE,"reported","Fv375e",2,TRUE,NA
"12","rs11625650","A","G","A","G",-0.009568091,0.019807,0.233,0.188796,FALSE,FALSE,FALSE,"SPhm6n",104143801,0.619137,0.0398472,"outcome",TRUE,"reported","textfile",14,"104610138",0.00172405,2.89e-08,"Drinking",TRUE,"reported","Fv375e",2,TRUE,NA
"13","rs11692435","A","G","A","G",0.017449894,0.0202406,0.0852,0.233499,FALSE,FALSE,FALSE,"SPhm6n",97658891,0.578825,0.0364628,"outcome",TRUE,"reported","textfile",2,"98275354",0.00261585,2.53e-11,"Drinking",TRUE,"reported","Fv375e",2,TRUE,NA
"14","rs11940694","G","A","G","A",0.025949908,0.0318616,0.597,0.646324,FALSE,FALSE,FALSE,"SPhm6n",39413373,0.322704,0.0322187,"outcome",TRUE,"reported","textfile",4,"39414993",0.001485887,3.03e-68,"Drinking",TRUE,"reported","Fv375e",2,TRUE,NA
"15","rs12088813","C","A","C","A",-0.009329047,-0.0396191,0.267,0.239414,FALSE,FALSE,FALSE,"SPhm6n",65942017,0.269645,0.0358908,"outcome",TRUE,"reported","textfile",1,"66407700",0.001649158,1.58e-08,"Drinking",TRUE,"reported","Fv375e",2,TRUE,NA
"16","rs1217091","C","T","C","T",0.012160827,-0.0365058,0.812,0.819796,FALSE,FALSE,FALSE,"SPhm6n",63614841,0.364238,0.0402348,"outcome",TRUE,"reported","textfile",8,"64527399",0.001865386,7.05e-11,"Drinking",TRUE,"reported","Fv375e",2,TRUE,NA
"17","rs1229984","C","T","C","T",0.150533575,0.580905,0.963,0.994983,FALSE,FALSE,FALSE,"SPhm6n",99318162,0.0108928,0.228153,"outcome",TRUE,"reported","textfile",4,"100239319",0.003861105,1e-200,"Drinking",TRUE,"reported","Fv375e",2,TRUE,NA
"18","rs1260326","C","T","C","T",0.020889835,0.0269842,0.601,0.650416,FALSE,FALSE,FALSE,"SPhm6n",27508073,0.402807,0.0322539,"outcome",TRUE,"reported","textfile",2,"27730940",0.001488339,8.05e-45,"Drinking",TRUE,"reported","Fv375e",2,TRUE,NA
"19","rs12651313","G","C","G","C",-0.008642927,-0.0187508,0.443,0.496349,FALSE,TRUE,TRUE,"SPhm6n",170165242,0.541359,0.0307008,"outcome",TRUE,"reported","textfile",4,"171086393",0.001467223,3.79e-09,"Drinking",TRUE,"reported","Fv375e",2,FALSE,NA
"20","rs12655091","A","G","A","G",-0.008312109,-0.0349335,0.53,0.495262,FALSE,FALSE,FALSE,"SPhm6n",145032772,0.255568,0.0307262,"outcome",TRUE,"reported","textfile",5,"144412335",0.001460289,1.25e-08,"Drinking",TRUE,"reported","Fv375e",2,TRUE,NA
"21","rs12795042","C","A","C","A",-0.008319009,-0.0340459,0.623,0.701817,FALSE,FALSE,FALSE,"SPhm6n",133788273,0.312519,0.0337105,"outcome",TRUE,"reported","textfile",11,"133658168",0.001503872,3.25e-08,"Drinking",TRUE,"reported","Fv375e",2,TRUE,NA
"22","rs12907323","G","A","G","A",0.008496596,0.0462539,0.411,0.334142,FALSE,FALSE,FALSE,"SPhm6n",86252781,0.156362,0.0326326,"outcome",TRUE,"reported","textfile",15,"86796012",0.001481314,9.93e-09,"Drinking",TRUE,"reported","Fv375e",2,TRUE,NA
"23","rs13024996","A","C","A","C",-0.010912645,-0.0976273,0.364,0.325647,FALSE,FALSE,FALSE,"SPhm6n",143467646,0.00303054,0.0329307,"outcome",TRUE,"reported","textfile",2,"144225215",0.001514769,5.72e-13,"Drinking",TRUE,"reported","Fv375e",2,TRUE,NA
"24","rs13032049","G","A","G","A",0.01019455,-0.00253475,0.283,0.25563,FALSE,FALSE,FALSE,"SPhm6n",63354372,0.942422,0.0350949,"outcome",TRUE,"reported","textfile",2,"63581507",0.001617979,3e-10,"Drinking",TRUE,"reported","Fv375e",2,TRUE,NA
"25","rs13066454","T","C","T","C",-0.008775946,0.0163848,0.398,0.428256,FALSE,FALSE,FALSE,"SPhm6n",94275411,0.597485,0.0310306,"outcome",TRUE,"reported","textfile",3,"93994255",0.001491956,4.13e-09,"Drinking",TRUE,"reported","Fv375e",2,TRUE,NA
"26","rs13094887","T","A","T","A",-0.010309671,-0.0589602,0.301,0.256444,FALSE,TRUE,FALSE,"SPhm6n",70919280,0.0933663,0.0351392,"outcome",TRUE,"reported","textfile",3,"70968431",0.001588926,8.57e-11,"Drinking",TRUE,"reported","Fv375e",2,TRUE,NA
"27","rs13107325","T","C","T","C",-0.027504515,-0.146615,0.0722,0.0140331,FALSE,FALSE,FALSE,"SPhm6n",102267552,0.2634,0.131094,"outcome",TRUE,"reported","textfile",4,"103188709",0.002815982,1.53e-22,"Drinking",TRUE,"reported","Fv375e",2,TRUE,NA
"28","rs13250583","T","C","T","C",-0.009717545,0.0112004,0.213,0.243319,FALSE,FALSE,FALSE,"SPhm6n",21092406,0.754512,0.0358188,"outcome",TRUE,"reported","textfile",8,"20949917",0.001780116,4.7e-08,"Drinking",TRUE,"reported","Fv375e",2,TRUE,NA
"29","rs13383034","T","C","T","C",0.014926977,0.0691763,0.329,0.397044,FALSE,FALSE,FALSE,"SPhm6n",44928137,0.0277939,0.0314411,"outcome",TRUE,"reported","textfile",2,"45155276",0.001551195,6.31e-22,"Drinking",TRUE,"reported","Fv375e",2,TRUE,NA
"30","rs1713676","G","A","G","A",-0.007991984,0.0200416,0.522454,0.559719,FALSE,FALSE,FALSE,"SPhm6n",113789854,0.517154,0.030941,"outcome",TRUE,"reported","textfile",11,"113660576",0.00145913,4.29e-08,"Drinking",TRUE,"reported","Fv375e",2,TRUE,NA
"31","rs17177078","T","C","T","C",-0.02231549,-0.00525897,0.0626,0.0687304,FALSE,FALSE,FALSE,"SPhm6n",24799360,0.931216,0.0609272,"outcome",TRUE,"reported","textfile",16,"24810681",0.003011759,1.27e-13,"Drinking",TRUE,"reported","Fv375e",2,TRUE,NA
"32","rs17665139","T","C","T","C",-0.011560138,-0.084803,0.149,0.135597,FALSE,FALSE,FALSE,"SPhm6n",123334364,0.058599,0.0448412,"outcome",TRUE,"reported","textfile",10,"125093880",0.002046764,1.59e-08,"Drinking",TRUE,"reported","Fv375e",2,TRUE,NA
"33","rs2011092","C","T","C","T",-0.008900405,-0.100283,0.338643,0.37266,FALSE,FALSE,FALSE,"SPhm6n",141405765,0.00165474,0.0318757,"outcome",TRUE,"reported","textfile",3,"141124607",0.001540056,7.35e-09,"Drinking",TRUE,"reported","Fv375e",2,TRUE,NA
"34","rs2165670","A","G","A","G",0.02308038,0.0971316,0.106337,0.140178,FALSE,FALSE,FALSE,"SPhm6n",99364928,0.0285365,0.0443557,"outcome",TRUE,"reported","textfile",4,"100286085",0.002364267,1.67e-22,"Drinking",TRUE,"reported","Fv375e",2,TRUE,NA
"35","rs2180870","C","T","C","T",-0.012177537,-0.0915049,0.135,0.103974,FALSE,FALSE,FALSE,"SPhm6n",58316061,0.0679516,0.0501308,"outcome",TRUE,"reported","textfile",14,"58782779",0.002132803,1.12e-08,"Drinking",TRUE,"reported","Fv375e",2,TRUE,NA
"36","rs2472297","T","C","T","C",0.010606047,0.0348017,0.249,0.248139,FALSE,FALSE,FALSE,"SPhm6n",74735539,0.328307,0.0356016,"outcome",TRUE,"reported","textfile",15,"75027880",0.001685411,3.1e-10,"Drinking",TRUE,"reported","Fv375e",2,TRUE,NA
"37","rs2532276","A","C","A","C",-0.021800138,-0.133346,0.215,0.0834107,FALSE,FALSE,FALSE,"SPhm6n",46169258,0.0189627,0.0568333,"outcome",TRUE,"reported","textfile",17,"44246624",0.002558533,1.62e-17,"Drinking",TRUE,"reported","Fv375e",2,TRUE,NA
"38","rs2764771","A","G","A","G",0.009890596,-0.0710807,0.307,0.38735,FALSE,FALSE,FALSE,"SPhm6n",20002471,0.0250351,0.0317202,"outcome",TRUE,"reported","textfile",16,"20013793",0.001581736,4.02e-10,"Drinking",TRUE,"reported","Fv375e",2,TRUE,NA
"39","rs281379","A","G","A","G",0.013722336,0.0349044,0.508,0.408693,FALSE,FALSE,FALSE,"SPhm6n",48711017,0.263876,0.0312406,"outcome",TRUE,"reported","textfile",19,"49214274",0.001457844,4.91e-21,"Drinking",TRUE,"reported","Fv375e",2,TRUE,NA
"40","rs2854334","G","A","G","A",0.009220984,0.00340643,0.615,0.600063,FALSE,FALSE,FALSE,"SPhm6n",31388482,0.913593,0.0313933,"outcome",TRUE,"reported","textfile",17,"29715500",0.001497813,7.51e-10,"Drinking",TRUE,"reported","Fv375e",2,TRUE,NA
"41","rs28601761","G","C","G","C",0.009102878,-0.0334917,0.42,0.412272,FALSE,TRUE,FALSE,"SPhm6n",125487789,0.282228,0.0311456,"outcome",TRUE,"reported","textfile",8,"126500031",0.001476682,7.17e-10,"Drinking",TRUE,"reported","Fv375e",2,TRUE,NA
"42","rs28680958","A","G","A","G",-0.010996457,-0.0478846,0.217,0.195115,FALSE,FALSE,FALSE,"SPhm6n",173879670,0.214764,0.0385988,"outcome",TRUE,"reported","textfile",1,"173848808",0.001769942,5.13e-10,"Drinking",TRUE,"reported","Fv375e",2,TRUE,NA
"43","rs28929474","T","C","T","C",-0.036799624,0.294092,0.0183,0.0196248,FALSE,FALSE,FALSE,"SPhm6n",94378610,0.00382701,0.101689,"outcome",TRUE,"reported","textfile",14,"94844947",0.005437642,1.34e-11,"Drinking",TRUE,"reported","Fv375e",2,TRUE,NA
"44","rs35034355","A","G","A","G",-0.008096817,-0.0269395,0.521,0.488336,FALSE,FALSE,FALSE,"SPhm6n",104199667,0.380909,0.030745,"outcome",TRUE,"reported","textfile",7,"103840115",0.001458945,2.87e-08,"Drinking",TRUE,"reported","Fv375e",2,TRUE,NA
"45","rs36052336","G","A","G","A",-0.018428809,-0.115191,0.061496,0.0657499,FALSE,FALSE,FALSE,"SPhm6n",99352437,0.0627972,0.0619099,"outcome",TRUE,"reported","textfile",4,"100273594",0.00303378,1.23e-09,"Drinking",TRUE,"reported","Fv375e",2,TRUE,NA
"46","rs3748034","T","G","T","G",-0.011740341,-0.000572844,0.143,0.126078,FALSE,FALSE,FALSE,"SPhm6n",3444364,0.990215,0.04671,"outcome",TRUE,"reported","textfile",4,"3446091",0.002081935,1.67e-08,"Drinking",TRUE,"reported","Fv375e",2,TRUE,NA
"47","rs3803800","G","A","G","A",0.011378876,0.00381195,0.786,0.755218,FALSE,FALSE,FALSE,"SPhm6n",7559652,0.91519,0.0357947,"outcome",TRUE,"reported","textfile",17,"7462969",0.001777082,1.5e-10,"Drinking",TRUE,"reported","Fv375e",2,TRUE,NA
"48","rs3809162","G","A","G","A",0.009060925,-0.0117047,0.397,0.477338,FALSE,FALSE,FALSE,"SPhm6n",54280451,0.706352,0.0310667,"outcome",TRUE,"reported","textfile",12,"54674235",0.001489607,1.19e-09,"Drinking",TRUE,"reported","Fv375e",2,TRUE,NA
"49","rs4092465","G","A","G","A",-0.008291878,-0.00988308,0.635,0.62386,FALSE,FALSE,FALSE,"SPhm6n",57413205,0.75676,0.0319078,"outcome",TRUE,"reported","textfile",18,"55080437",0.001513883,4.39e-08,"Drinking",TRUE,"reported","Fv375e",2,TRUE,NA
"50","rs4548913","A","G","A","G",-0.008359953,-0.0224994,0.632,0.613317,FALSE,FALSE,FALSE,"SPhm6n",2306594,0.474503,0.0314601,"outcome",TRUE,"reported","textfile",17,"2209888",0.001511274,3.11e-08,"Drinking",TRUE,"reported","Fv375e",2,TRUE,NA
"51","rs4690727","G","C","G","C",0.010816985,0.0365827,0.718,0.744816,FALSE,TRUE,FALSE,"SPhm6n",142727426,0.29988,0.0352879,"outcome",TRUE,"reported","textfile",4,"143648579",0.001619716,2.43e-11,"Drinking",TRUE,"reported","Fv375e",2,TRUE,NA
"52","rs4699791","A","G","A","G",0.018570721,0.0309303,0.095726,0.130559,FALSE,FALSE,FALSE,"SPhm6n",100321866,0.497556,0.0455971,"outcome",TRUE,"reported","textfile",4,"101243023",0.002477197,6.58e-14,"Drinking",TRUE,"reported","Fv375e",2,TRUE,NA
"53","rs4815364","A","G","A","G",0.008582356,-0.0219371,0.616,0.656173,FALSE,FALSE,FALSE,"SPhm6n",25055075,0.498975,0.0324464,"outcome",TRUE,"reported","textfile",20,"25035711",0.001498544,1.02e-08,"Drinking",TRUE,"reported","Fv375e",2,TRUE,NA
"54","rs4916723","C","A","C","A",-0.009952257,0.0161955,0.416,0.46714,FALSE,FALSE,FALSE,"SPhm6n",88558577,0.598846,0.0307864,"outcome",TRUE,"reported","textfile",5,"87854395",0.001478674,1.72e-11,"Drinking",TRUE,"reported","Fv375e",2,TRUE,NA
"55","rs4938230","A","C","A","C",0.012810377,-0.0161166,0.842,0.823118,FALSE,FALSE,FALSE,"SPhm6n",116204284,0.689793,0.040379,"outcome",TRUE,"reported","textfile",11,"116075001",0.001998209,1.48e-10,"Drinking",TRUE,"reported","Fv375e",2,TRUE,NA
"56","rs500321","T","A","T","A",-0.009669361,-0.0559395,0.736,0.759807,FALSE,TRUE,FALSE,"SPhm6n",26550223,0.117627,0.0357483,"outcome",TRUE,"reported","textfile",13,"27124360",0.001653426,4.92e-09,"Drinking",TRUE,"reported","Fv375e",2,TRUE,NA
"57","rs5024204","T","A","T","A",0.009702711,0.0185701,0.278,0.263917,FALSE,TRUE,FALSE,"SPhm6n",71026207,0.594855,0.0349185,"outcome",TRUE,"reported","textfile",1,"71491890",0.001628467,2.55e-09,"Drinking",TRUE,"reported","Fv375e",2,TRUE,NA
"58","rs55872084","T","G","T","G",0.009978744,0.0588144,0.235,0.160473,FALSE,FALSE,FALSE,"SPhm6n",156474993,0.160679,0.0419267,"outcome",TRUE,"reported","textfile",5,"155902003",0.001718941,6.32e-09,"Drinking",TRUE,"reported","Fv375e",2,TRUE,NA
"59","rs55932213","G","A","G","A",0.009488271,-0.0404301,0.736387,0.7302,FALSE,FALSE,FALSE,"SPhm6n",105993341,0.24605,0.0348537,"outcome",TRUE,"reported","textfile",9,"108755622",0.001654204,9.55e-09,"Drinking",TRUE,"reported","Fv375e",2,TRUE,NA
"60","rs56030824","A","G","A","G",-0.011601888,-0.0519164,0.322,0.312883,FALSE,FALSE,FALSE,"SPhm6n",47375802,0.117774,0.0331907,"outcome",TRUE,"reported","textfile",11,"47397353",0.001562978,1.15e-13,"Drinking",TRUE,"reported","Fv375e",2,TRUE,NA
"61","rs56337305","C","T","C","T",-0.009588381,0.0178083,0.383,0.336438,FALSE,FALSE,FALSE,"SPhm6n",224610843,0.584655,0.0325802,"outcome",TRUE,"reported","textfile",2,"225475560",0.001499283,1.63e-10,"Drinking",TRUE,"reported","Fv375e",2,TRUE,NA
"62","rs58107686","A","C","A","C",-0.009747126,-0.0445342,0.328,0.33642,FALSE,FALSE,FALSE,"SPhm6n",33371733,0.170371,0.0324827,"outcome",TRUE,"reported","textfile",1,"33837334",0.00158537,7.79e-10,"Drinking",TRUE,"reported","Fv375e",2,TRUE,NA
"63","rs62044525","G","C","G","C",-0.01217318,0.0233833,0.184,0.137495,FALSE,TRUE,FALSE,"SPhm6n",64838687,0.603704,0.0450474,"outcome",TRUE,"reported","textfile",16,"64872590",0.001882851,1.03e-10,"Drinking",TRUE,"reported","Fv375e",2,TRUE,NA
"64","rs62250685","G","A","G","A",-0.014357061,-0.0414368,0.614,0.708445,FALSE,FALSE,FALSE,"SPhm6n",85408090,0.220986,0.0338561,"outcome",TRUE,"reported","textfile",3,"85457240",0.001500092,1.05e-21,"Drinking",TRUE,"reported","Fv375e",2,TRUE,NA
"65","rs6460047","C","T","C","T",0.011623538,2.98986e-05,0.208,0.169075,FALSE,FALSE,FALSE,"SPhm6n",73628113,0.999423,0.0413549,"outcome",TRUE,"reported","textfile",7,"73042443",0.00179569,9.69e-11,"Drinking",TRUE,"reported","Fv375e",2,TRUE,NA
"66","rs6787172","G","T","G","T",-0.008030894,3.33373e-05,0.554,0.51603,FALSE,FALSE,FALSE,"SPhm6n",158470022,0.999134,0.0307298,"outcome",TRUE,"reported","textfile",3,"158187811",0.001466234,4.27e-08,"Drinking",TRUE,"reported","Fv375e",2,TRUE,NA
"67","rs682011","C","T","C","T",0.008212447,0.0192323,0.559,0.599601,FALSE,FALSE,FALSE,"SPhm6n",121673577,0.539642,0.031356,"outcome",TRUE,"reported","textfile",11,"121544285",0.001467913,2.22e-08,"Drinking",TRUE,"reported","Fv375e",2,TRUE,NA
"68","rs705687","G","A","G","A",-0.010904017,0.0519491,0.785,0.828922,FALSE,FALSE,FALSE,"SPhm6n",4488393,0.205935,0.0410723,"outcome",TRUE,"reported","textfile",1,"4548453",0.001775889,8.15e-10,"Drinking",TRUE,"reported","Fv375e",2,TRUE,NA
"69","rs7074871","A","G","A","G",-0.00939985,-0.0818466,0.255,0.233128,FALSE,FALSE,FALSE,"SPhm6n",108748048,0.0248153,0.0364692,"outcome",TRUE,"reported","textfile",10,"110507806",0.001672158,1.86e-08,"Drinking",TRUE,"reported","Fv375e",2,TRUE,NA
"70","rs7185555","C","G","C","G",-0.011100514,0.0176375,0.153,0.123754,FALSE,TRUE,FALSE,"SPhm6n",69097378,0.704902,0.0465725,"outcome",TRUE,"reported","textfile",16,"69131281",0.002026667,4.24e-08,"Drinking",TRUE,"reported","Fv375e",2,TRUE,NA
"71","rs72859280","T","G","T","G",0.022885324,-0.0216984,0.0362,0.0471736,FALSE,FALSE,FALSE,"SPhm6n",147198725,0.765364,0.072705,"outcome",TRUE,"reported","textfile",2,"147956293",0.003901915,4.44e-09,"Drinking",TRUE,"reported","Fv375e",2,TRUE,NA
"72","rs77165542","T","C","T","C",-0.026010899,-0.202527,0.0349,0.0172022,FALSE,FALSE,FALSE,"SPhm6n",430975,0.0924719,0.120372,"outcome",TRUE,"reported","textfile",2,"430975",0.003971245,5.63e-11,"Drinking",TRUE,"reported","Fv375e",2,TRUE,NA
"73","rs79139602","T","A","T","A",0.06027231,-0.0269099,0.021061,0.0153948,FALSE,TRUE,FALSE,"SPhm6n",99523206,0.828592,0.124291,"outcome",TRUE,"reported","textfile",4,"100444363",0.005075844,1.8e-32,"Drinking",TRUE,"reported","Fv375e",2,TRUE,NA
"74","rs7950166","T","C","T","C",-0.009799202,-0.0379063,0.637,0.649871,FALSE,FALSE,FALSE,"SPhm6n",8620671,0.239357,0.0322169,"outcome",TRUE,"reported","textfile",11,"8642218",0.001515663,9.89e-11,"Drinking",TRUE,"reported","Fv375e",2,TRUE,NA
"75","rs79616692","C","G","C","G",0.016302272,0.0315759,0.108,0.124673,FALSE,TRUE,FALSE,"SPhm6n",72304608,0.496667,0.0464526,"outcome",TRUE,"reported","textfile",16,"72338507",0.002350583,4.11e-12,"Drinking",TRUE,"reported","Fv375e",2,TRUE,NA
"76","rs823114","A","G","A","G",0.00876774,0.0174881,0.553,0.577995,FALSE,FALSE,FALSE,"SPhm6n",205750404,0.574361,0.0311375,"outcome",TRUE,"reported","textfile",1,"205719532",0.001467417,2.31e-09,"Drinking",TRUE,"reported","Fv375e",2,TRUE,NA
"77","rs828867","A","G","A","G",0.008757157,0.0286251,0.545,0.624318,FALSE,FALSE,FALSE,"SPhm6n",74107335,0.37385,0.0321889,"outcome",TRUE,"reported","textfile",2,"74334462",0.001463597,2.15e-09,"Drinking",TRUE,"reported","Fv375e",2,TRUE,NA
"78","rs9607814","A","C","A","C",-0.010181001,-0.0372296,0.2,0.234214,FALSE,FALSE,FALSE,"SPhm6n",41550515,0.304222,0.036236,"outcome",TRUE,"reported","textfile",22,"41946519",0.001858788,4.31e-08,"Drinking",TRUE,"reported","Fv375e",2,TRUE,NA
"79","rs9838144","C","G","C","G",-0.009964223,0.0125934,0.209,0.215756,FALSE,TRUE,FALSE,"SPhm6n",131857443,0.736099,0.0373663,"outcome",TRUE,"reported","textfile",3,"131576287",0.001792521,2.65e-08,"Drinking",TRUE,"reported","Fv375e",2,TRUE,NA
"80","rs9950000","T","C","T","C",-0.009117697,-0.015683,0.395,0.374449,FALSE,FALSE,FALSE,"SPhm6n",55384938,0.621424,0.0317577,"outcome",TRUE,"reported","textfile",18,"53052169",0.001490903,9.38e-10,"Drinking",TRUE,"reported","Fv375e",2,TRUE,NA
