"","SNP","effect_allele.exposure","other_allele.exposure","effect_allele.outcome","other_allele.outcome","beta.exposure","beta.outcome","eaf.exposure","eaf.outcome","remove","palindromic","ambiguous","id.outcome","pos.outcome","pval.outcome","se.outcome","outcome","mr_keep.outcome","pval_origin.outcome","data_source.outcome","chr.exposure","pos.exposure","se.exposure","pval.exposure","exposure","mr_keep.exposure","pval_origin.exposure","id.exposure","action","mr_keep","samplesize.outcome"
"1","rs10236149","G","A","G","A",-0.013498145,-0.0647548,0.123,0.17812,FALSE,FALSE,FALSE,"OZbIfy",99379892,0.0563443,0.0339321,"outcome",TRUE,"reported","textfile",7,"98977515",0.002219081,1.18e-09,"Drinking",TRUE,"reported","Fv375e",2,TRUE,NA
"2","rs10438820","T","C","T","C",0.008971778,-0.0387186,0.702,0.643085,FALSE,FALSE,FALSE,"OZbIfy",80550797,0.152944,0.0270909,"outcome",TRUE,"reported","textfile",17,"78524597",0.001593488,1.76e-08,"Drinking",TRUE,"reported","Fv375e",2,TRUE,NA
"3","rs10506274","T","G","T","G",-0.009037403,0.0233518,0.484,0.447401,FALSE,FALSE,FALSE,"OZbIfy",81207685,0.372887,0.0262062,"outcome",TRUE,"reported","textfile",12,"81601464",0.001458405,5.78e-10,"Drinking",TRUE,"reported","Fv375e",2,TRUE,NA
"4","rs10750025","T","C","T","C",0.010321447,0.0262818,0.686,0.835383,FALSE,FALSE,FALSE,"OZbIfy",113553320,0.45751,0.0353748,"outcome",TRUE,"reported","textfile",11,"113424042",0.001570358,4.89e-11,"Drinking",TRUE,"reported","Fv375e",2,TRUE,NA
"5","rs10753661","A","G","A","G",-0.008638128,0.00965698,0.684,0.692638,FALSE,FALSE,FALSE,"OZbIfy",165150555,0.73256,0.0282598,"outcome",TRUE,"reported","textfile",1,"165119792",0.001569272,3.76e-08,"Drinking",TRUE,"reported","Fv375e",2,TRUE,NA
"6","rs10876188","T","C","T","C",-0.007986853,-0.0107867,0.457,0.514712,FALSE,FALSE,FALSE,"OZbIfy",51502098,0.677798,0.0259627,"outcome",TRUE,"reported","textfile",12,"51895882",0.001463078,4.84e-08,"Drinking",TRUE,"reported","Fv375e",2,TRUE,NA
"7","rs10978550","C","T","C","T",-0.011748331,0.0325755,0.206,0.236864,FALSE,FALSE,FALSE,"OZbIfy",106583712,0.286826,0.0305842,"outcome",TRUE,"reported","textfile",9,"109345993",0.001802112,7.15e-11,"Drinking",TRUE,"reported","Fv375e",2,TRUE,NA
"8","rs11030084","T","C","T","C",-0.010606819,-0.0208244,0.184,0.151835,FALSE,FALSE,FALSE,"OZbIfy",27622178,0.565814,0.0362651,"outcome",TRUE,"reported","textfile",11,"27643725",0.001880926,1.72e-08,"Drinking",TRUE,"reported","Fv375e",2,TRUE,NA
"9","rs1104608","C","G","C","G",-0.010974988,-0.0199643,0.425,0.422642,FALSE,TRUE,TRUE,"OZbIfy",73878689,0.451606,0.0265222,"outcome",TRUE,"reported","textfile",16,"73912588",0.001475848,1.05e-13,"Drinking",TRUE,"reported","Fv375e",2,FALSE,NA
"10","rs1123285","G","C","G","C",-0.008897365,-0.038227,0.335,0.342405,FALSE,TRUE,FALSE,"OZbIfy",56807801,0.162358,0.02736,"outcome",TRUE,"reported","textfile",14,"57274519",0.00154416,8.14e-09,"Drinking",TRUE,"reported","Fv375e",2,TRUE,NA
"11","rs113443718","A","G","A","G",-0.010208258,-0.000391346,0.305,0.314072,FALSE,FALSE,FALSE,"OZbIfy",29880863,0.988921,0.0281842,"outcome",TRUE,"reported","textfile",16,"29892184",0.001584629,1.19e-10,"Drinking",TRUE,"reported","Fv375e",2,TRUE,NA
"12","rs11625650","A","G","A","G",-0.009568091,0.0163228,0.233,0.188853,FALSE,FALSE,FALSE,"OZbIfy",104143801,0.628092,0.033696,"outcome",TRUE,"reported","textfile",14,"104610138",0.00172405,2.89e-08,"Drinking",TRUE,"reported","Fv375e",2,TRUE,NA
"13","rs11692435","A","G","A","G",0.017449894,0.0314351,0.0852,0.233405,FALSE,FALSE,FALSE,"OZbIfy",97658891,0.308852,0.0308904,"outcome",TRUE,"reported","textfile",2,"98275354",0.00261585,2.53e-11,"Drinking",TRUE,"reported","Fv375e",2,TRUE,NA
"14","rs11940694","G","A","G","A",0.025949908,0.0439908,0.597,0.646478,FALSE,FALSE,FALSE,"OZbIfy",39413373,0.107032,0.027295,"outcome",TRUE,"reported","textfile",4,"39414993",0.001485887,3.03e-68,"Drinking",TRUE,"reported","Fv375e",2,TRUE,NA
"15","rs12088813","C","A","C","A",-0.009329047,-0.02828,0.267,0.239399,FALSE,FALSE,FALSE,"OZbIfy",65942017,0.352312,0.0304049,"outcome",TRUE,"reported","textfile",1,"66407700",0.001649158,1.58e-08,"Drinking",TRUE,"reported","Fv375e",2,TRUE,NA
"16","rs1217091","C","T","C","T",0.012160827,-0.0212503,0.812,0.819756,FALSE,FALSE,FALSE,"OZbIfy",63614841,0.532963,0.0340829,"outcome",TRUE,"reported","textfile",8,"64527399",0.001865386,7.05e-11,"Drinking",TRUE,"reported","Fv375e",2,TRUE,NA
"17","rs1229984","C","T","C","T",0.150533575,0.304956,0.963,0.994972,FALSE,FALSE,FALSE,"OZbIfy",99318162,0.112553,0.19218,"outcome",TRUE,"reported","textfile",4,"100239319",0.003861105,1e-200,"Drinking",TRUE,"reported","Fv375e",2,TRUE,NA
"18","rs1260326","C","T","C","T",0.020889835,0.010935,0.601,0.650174,FALSE,FALSE,FALSE,"OZbIfy",27508073,0.68883,0.0273072,"outcome",TRUE,"reported","textfile",2,"27730940",0.001488339,8.05e-45,"Drinking",TRUE,"reported","Fv375e",2,TRUE,NA
"19","rs12651313","G","C","G","C",-0.008642927,-0.00418345,0.443,0.496233,FALSE,TRUE,TRUE,"OZbIfy",170165242,0.87221,0.0260081,"outcome",TRUE,"reported","textfile",4,"171086393",0.001467223,3.79e-09,"Drinking",TRUE,"reported","Fv375e",2,FALSE,NA
"20","rs12655091","A","G","A","G",-0.008312109,-0.0152038,0.53,0.495155,FALSE,FALSE,FALSE,"OZbIfy",145032772,0.559201,0.0260325,"outcome",TRUE,"reported","textfile",5,"144412335",0.001460289,1.25e-08,"Drinking",TRUE,"reported","Fv375e",2,TRUE,NA
"21","rs12795042","C","A","C","A",-0.008319009,-0.0223711,0.623,0.701854,FALSE,FALSE,FALSE,"OZbIfy",133788273,0.433293,0.0285503,"outcome",TRUE,"reported","textfile",11,"133658168",0.001503872,3.25e-08,"Drinking",TRUE,"reported","Fv375e",2,TRUE,NA
"22","rs12907323","G","A","G","A",0.008496596,0.0297274,0.411,0.33398,FALSE,FALSE,FALSE,"OZbIfy",86252781,0.282145,0.0276402,"outcome",TRUE,"reported","textfile",15,"86796012",0.001481314,9.93e-09,"Drinking",TRUE,"reported","Fv375e",2,TRUE,NA
"23","rs13024996","A","C","A","C",-0.010912645,-0.0615254,0.364,0.325697,FALSE,FALSE,FALSE,"OZbIfy",143467646,0.026356,0.0277026,"outcome",TRUE,"reported","textfile",2,"144225215",0.001514769,5.72e-13,"Drinking",TRUE,"reported","Fv375e",2,TRUE,NA
"24","rs13032049","G","A","G","A",0.01019455,0.00198112,0.283,0.255658,FALSE,FALSE,FALSE,"OZbIfy",63354372,0.946899,0.0297457,"outcome",TRUE,"reported","textfile",2,"63581507",0.001617979,3e-10,"Drinking",TRUE,"reported","Fv375e",2,TRUE,NA
"25","rs13066454","T","C","T","C",-0.008775946,0.00496052,0.398,0.428253,FALSE,FALSE,FALSE,"OZbIfy",94275411,0.85028,0.0262793,"outcome",TRUE,"reported","textfile",3,"93994255",0.001491956,4.13e-09,"Drinking",TRUE,"reported","Fv375e",2,TRUE,NA
"26","rs13094887","T","A","T","A",-0.010309671,-0.0604802,0.301,0.256482,FALSE,TRUE,FALSE,"OZbIfy",70919280,0.042192,0.0297694,"outcome",TRUE,"reported","textfile",3,"70968431",0.001588926,8.57e-11,"Drinking",TRUE,"reported","Fv375e",2,TRUE,NA
"27","rs13107325","T","C","T","C",-0.027504515,-0.064081,0.0722,0.0140466,FALSE,FALSE,FALSE,"OZbIfy",102267552,0.564374,0.111183,"outcome",TRUE,"reported","textfile",4,"103188709",0.002815982,1.53e-22,"Drinking",TRUE,"reported","Fv375e",2,TRUE,NA
"28","rs13250583","T","C","T","C",-0.009717545,0.0195202,0.213,0.243438,FALSE,FALSE,FALSE,"OZbIfy",21092406,0.519759,0.0303242,"outcome",TRUE,"reported","textfile",8,"20949917",0.001780116,4.7e-08,"Drinking",TRUE,"reported","Fv375e",2,TRUE,NA
"29","rs13383034","T","C","T","C",0.014926977,0.0682561,0.329,0.397168,FALSE,FALSE,FALSE,"OZbIfy",44928137,0.00975663,0.0264114,"outcome",TRUE,"reported","textfile",2,"45155276",0.001551195,6.31e-22,"Drinking",TRUE,"reported","Fv375e",2,TRUE,NA
"30","rs1713676","G","A","G","A",-0.007991984,0.0121239,0.522454,0.559722,FALSE,FALSE,FALSE,"OZbIfy",113789854,0.643704,0.0262122,"outcome",TRUE,"reported","textfile",11,"113660576",0.00145913,4.29e-08,"Drinking",TRUE,"reported","Fv375e",2,TRUE,NA
"31","rs17177078","T","C","T","C",-0.02231549,0.00959375,0.0626,0.0687922,FALSE,FALSE,FALSE,"OZbIfy",24799360,0.852107,0.0514603,"outcome",TRUE,"reported","textfile",16,"24810681",0.003011759,1.27e-13,"Drinking",TRUE,"reported","Fv375e",2,TRUE,NA
"32","rs17665139","T","C","T","C",-0.011560138,-0.0520416,0.149,0.135597,FALSE,FALSE,FALSE,"OZbIfy",123334364,0.170833,0.0379996,"outcome",TRUE,"reported","textfile",10,"125093880",0.002046764,1.59e-08,"Drinking",TRUE,"reported","Fv375e",2,TRUE,NA
"33","rs2011092","C","T","C","T",-0.008900405,-0.0817749,0.338643,0.372641,FALSE,FALSE,FALSE,"OZbIfy",141405765,0.00244856,0.0269917,"outcome",TRUE,"reported","textfile",3,"141124607",0.001540056,7.35e-09,"Drinking",TRUE,"reported","Fv375e",2,TRUE,NA
"34","rs2165670","A","G","A","G",0.02308038,0.0949887,0.106337,0.140215,FALSE,FALSE,FALSE,"OZbIfy",99364928,0.0114897,0.037583,"outcome",TRUE,"reported","textfile",4,"100286085",0.002364267,1.67e-22,"Drinking",TRUE,"reported","Fv375e",2,TRUE,NA
"35","rs2180870","C","T","C","T",-0.012177537,-0.0870772,0.135,0.104002,FALSE,FALSE,FALSE,"OZbIfy",58316061,0.0404967,0.0425047,"outcome",TRUE,"reported","textfile",14,"58782779",0.002132803,1.12e-08,"Drinking",TRUE,"reported","Fv375e",2,TRUE,NA
"36","rs2472297","T","C","T","C",0.010606047,0.0440638,0.249,0.248137,FALSE,FALSE,FALSE,"OZbIfy",74735539,0.143947,0.0301549,"outcome",TRUE,"reported","textfile",15,"75027880",0.001685411,3.1e-10,"Drinking",TRUE,"reported","Fv375e",2,TRUE,NA
"37","rs2532276","A","C","A","C",-0.021800138,-0.0806672,0.215,0.0834648,FALSE,FALSE,FALSE,"OZbIfy",46169258,0.0930765,0.0480337,"outcome",TRUE,"reported","textfile",17,"44246624",0.002558533,1.62e-17,"Drinking",TRUE,"reported","Fv375e",2,TRUE,NA
"38","rs2764771","A","G","A","G",0.009890596,-0.0688271,0.307,0.387231,FALSE,FALSE,FALSE,"OZbIfy",20002471,0.0103698,0.0268515,"outcome",TRUE,"reported","textfile",16,"20013793",0.001581736,4.02e-10,"Drinking",TRUE,"reported","Fv375e",2,TRUE,NA
"39","rs281379","A","G","A","G",0.013722336,0.0236374,0.508,0.408801,FALSE,FALSE,FALSE,"OZbIfy",48711017,0.371435,0.0264463,"outcome",TRUE,"reported","textfile",19,"49214274",0.001457844,4.91e-21,"Drinking",TRUE,"reported","Fv375e",2,TRUE,NA
"40","rs2854334","G","A","G","A",0.009220984,-0.0205796,0.615,0.600205,FALSE,FALSE,FALSE,"OZbIfy",31388482,0.438755,0.0265784,"outcome",TRUE,"reported","textfile",17,"29715500",0.001497813,7.51e-10,"Drinking",TRUE,"reported","Fv375e",2,TRUE,NA
"41","rs28601761","G","C","G","C",0.009102878,-0.0430375,0.42,0.411914,FALSE,TRUE,FALSE,"OZbIfy",125487789,0.102845,0.0263837,"outcome",TRUE,"reported","textfile",8,"126500031",0.001476682,7.17e-10,"Drinking",TRUE,"reported","Fv375e",2,TRUE,NA
"42","rs28680958","A","G","A","G",-0.010996457,-0.0747183,0.217,0.195144,FALSE,FALSE,FALSE,"OZbIfy",173879670,0.0222787,0.0326912,"outcome",TRUE,"reported","textfile",1,"173848808",0.001769942,5.13e-10,"Drinking",TRUE,"reported","Fv375e",2,TRUE,NA
"43","rs28929474","T","C","T","C",-0.036799624,0.40443,0.0183,0.0196976,FALSE,FALSE,FALSE,"OZbIfy",94378610,1.05835e-06,0.0828671,"outcome",TRUE,"reported","textfile",14,"94844947",0.005437642,1.34e-11,"Drinking",TRUE,"reported","Fv375e",2,TRUE,NA
"44","rs35034355","A","G","A","G",-0.008096817,-0.0289428,0.521,0.488433,FALSE,FALSE,FALSE,"OZbIfy",104199667,0.266383,0.026041,"outcome",TRUE,"reported","textfile",7,"103840115",0.001458945,2.87e-08,"Drinking",TRUE,"reported","Fv375e",2,TRUE,NA
"45","rs36052336","G","A","G","A",-0.018428809,-0.117575,0.061496,0.0656641,FALSE,FALSE,FALSE,"OZbIfy",99352437,0.0251658,0.052516,"outcome",TRUE,"reported","textfile",4,"100273594",0.00303378,1.23e-09,"Drinking",TRUE,"reported","Fv375e",2,TRUE,NA
"46","rs3748034","T","G","T","G",-0.011740341,-0.0114698,0.143,0.126081,FALSE,FALSE,FALSE,"OZbIfy",3444364,0.771845,0.0395561,"outcome",TRUE,"reported","textfile",4,"3446091",0.002081935,1.67e-08,"Drinking",TRUE,"reported","Fv375e",2,TRUE,NA
"47","rs3803800","G","A","G","A",0.011378876,0.00308068,0.786,0.75505,FALSE,FALSE,FALSE,"OZbIfy",7559652,0.919006,0.0302962,"outcome",TRUE,"reported","textfile",17,"7462969",0.001777082,1.5e-10,"Drinking",TRUE,"reported","Fv375e",2,TRUE,NA
"48","rs3809162","G","A","G","A",0.009060925,-0.0195816,0.397,0.477217,FALSE,FALSE,FALSE,"OZbIfy",54280451,0.456698,0.026309,"outcome",TRUE,"reported","textfile",12,"54674235",0.001489607,1.19e-09,"Drinking",TRUE,"reported","Fv375e",2,TRUE,NA
"49","rs4092465","G","A","G","A",-0.008291878,-0.0111597,0.635,0.623862,FALSE,FALSE,FALSE,"OZbIfy",57413205,0.679649,0.0270248,"outcome",TRUE,"reported","textfile",18,"55080437",0.001513883,4.39e-08,"Drinking",TRUE,"reported","Fv375e",2,TRUE,NA
"50","rs4548913","A","G","A","G",-0.008359953,-0.0332237,0.632,0.613308,FALSE,FALSE,FALSE,"OZbIfy",2306594,0.212587,0.026654,"outcome",TRUE,"reported","textfile",17,"2209888",0.001511274,3.11e-08,"Drinking",TRUE,"reported","Fv375e",2,TRUE,NA
"51","rs4690727","G","C","G","C",0.010816985,0.007061,0.718,0.744657,FALSE,TRUE,FALSE,"OZbIfy",142727426,0.813247,0.0298892,"outcome",TRUE,"reported","textfile",4,"143648579",0.001619716,2.43e-11,"Drinking",TRUE,"reported","Fv375e",2,TRUE,NA
"52","rs4699791","A","G","A","G",0.018570721,0.0409372,0.095726,0.130569,FALSE,FALSE,FALSE,"OZbIfy",100321866,0.288836,0.0385953,"outcome",TRUE,"reported","textfile",4,"101243023",0.002477197,6.58e-14,"Drinking",TRUE,"reported","Fv375e",2,TRUE,NA
"53","rs4815364","A","G","A","G",0.008582356,-0.00405293,0.616,0.656293,FALSE,FALSE,FALSE,"OZbIfy",25055075,0.882714,0.0274719,"outcome",TRUE,"reported","textfile",20,"25035711",0.001498544,1.02e-08,"Drinking",TRUE,"reported","Fv375e",2,TRUE,NA
"54","rs4916723","C","A","C","A",-0.009952257,0.0187411,0.416,0.466999,FALSE,FALSE,FALSE,"OZbIfy",88558577,0.472238,0.0260713,"outcome",TRUE,"reported","textfile",5,"87854395",0.001478674,1.72e-11,"Drinking",TRUE,"reported","Fv375e",2,TRUE,NA
"55","rs4938230","A","C","A","C",0.012810377,-0.0125089,0.842,0.823109,FALSE,FALSE,FALSE,"OZbIfy",116204284,0.71446,0.0341892,"outcome",TRUE,"reported","textfile",11,"116075001",0.001998209,1.48e-10,"Drinking",TRUE,"reported","Fv375e",2,TRUE,NA
"56","rs500321","T","A","T","A",-0.009669361,-0.050741,0.736,0.759806,FALSE,TRUE,FALSE,"OZbIfy",26550223,0.0940156,0.0303007,"outcome",TRUE,"reported","textfile",13,"27124360",0.001653426,4.92e-09,"Drinking",TRUE,"reported","Fv375e",2,TRUE,NA
"57","rs5024204","T","A","T","A",0.009702711,0.029554,0.278,0.263948,FALSE,TRUE,FALSE,"OZbIfy",71026207,0.3174,0.0295594,"outcome",TRUE,"reported","textfile",1,"71491890",0.001628467,2.55e-09,"Drinking",TRUE,"reported","Fv375e",2,TRUE,NA
"58","rs55872084","T","G","T","G",0.009978744,0.00704758,0.235,0.160466,FALSE,FALSE,FALSE,"OZbIfy",156474993,0.842774,0.0355315,"outcome",TRUE,"reported","textfile",5,"155902003",0.001718941,6.32e-09,"Drinking",TRUE,"reported","Fv375e",2,TRUE,NA
"59","rs55932213","G","A","G","A",0.009488271,-0.0259428,0.736387,0.730122,FALSE,FALSE,FALSE,"OZbIfy",105993341,0.379094,0.0294949,"outcome",TRUE,"reported","textfile",9,"108755622",0.001654204,9.55e-09,"Drinking",TRUE,"reported","Fv375e",2,TRUE,NA
"60","rs56030824","A","G","A","G",-0.011601888,-0.0208736,0.322,0.312695,FALSE,FALSE,FALSE,"OZbIfy",47375802,0.457915,0.0281207,"outcome",TRUE,"reported","textfile",11,"47397353",0.001562978,1.15e-13,"Drinking",TRUE,"reported","Fv375e",2,TRUE,NA
"61","rs56337305","C","T","C","T",-0.009588381,0.00119924,0.383,0.336314,FALSE,FALSE,FALSE,"OZbIfy",224610843,0.965336,0.0275949,"outcome",TRUE,"reported","textfile",2,"225475560",0.001499283,1.63e-10,"Drinking",TRUE,"reported","Fv375e",2,TRUE,NA
"62","rs58107686","A","C","A","C",-0.009747126,-0.0306052,0.328,0.336458,FALSE,FALSE,FALSE,"OZbIfy",33371733,0.266297,0.0275318,"outcome",TRUE,"reported","textfile",1,"33837334",0.00158537,7.79e-10,"Drinking",TRUE,"reported","Fv375e",2,TRUE,NA
"63","rs62044525","G","C","G","C",-0.01217318,0.00870603,0.184,0.137533,FALSE,TRUE,FALSE,"OZbIfy",64838687,0.819491,0.038151,"outcome",TRUE,"reported","textfile",16,"64872590",0.001882851,1.03e-10,"Drinking",TRUE,"reported","Fv375e",2,TRUE,NA
"64","rs62250685","G","A","G","A",-0.014357061,-0.0387946,0.614,0.708471,FALSE,FALSE,FALSE,"OZbIfy",85408090,0.176183,0.0286814,"outcome",TRUE,"reported","textfile",3,"85457240",0.001500092,1.05e-21,"Drinking",TRUE,"reported","Fv375e",2,TRUE,NA
"65","rs6460047","C","T","C","T",0.011623538,-0.0034187,0.208,0.169071,FALSE,FALSE,FALSE,"OZbIfy",73628113,0.922159,0.0349866,"outcome",TRUE,"reported","textfile",7,"73042443",0.00179569,9.69e-11,"Drinking",TRUE,"reported","Fv375e",2,TRUE,NA
"66","rs6787172","G","T","G","T",-0.008030894,-0.00529535,0.554,0.516004,FALSE,FALSE,FALSE,"OZbIfy",158470022,0.838715,0.0260166,"outcome",TRUE,"reported","textfile",3,"158187811",0.001466234,4.27e-08,"Drinking",TRUE,"reported","Fv375e",2,TRUE,NA
"67","rs682011","C","T","C","T",0.008212447,0.00198955,0.559,0.59959,FALSE,FALSE,FALSE,"OZbIfy",121673577,0.940309,0.0265696,"outcome",TRUE,"reported","textfile",11,"121544285",0.001467913,2.22e-08,"Drinking",TRUE,"reported","Fv375e",2,TRUE,NA
"68","rs705687","G","A","G","A",-0.010904017,0.033827,0.785,0.828832,FALSE,FALSE,FALSE,"OZbIfy",4488393,0.330954,0.0347945,"outcome",TRUE,"reported","textfile",1,"4548453",0.001775889,8.15e-10,"Drinking",TRUE,"reported","Fv375e",2,TRUE,NA
"69","rs7074871","A","G","A","G",-0.00939985,-0.0462553,0.255,0.233061,FALSE,FALSE,FALSE,"OZbIfy",108748048,0.134128,0.0308777,"outcome",TRUE,"reported","textfile",10,"110507806",0.001672158,1.86e-08,"Drinking",TRUE,"reported","Fv375e",2,TRUE,NA
"70","rs7185555","C","G","C","G",-0.011100514,0.00216764,0.153,0.123711,FALSE,TRUE,FALSE,"OZbIfy",69097378,0.956186,0.0394543,"outcome",TRUE,"reported","textfile",16,"69131281",0.002026667,4.24e-08,"Drinking",TRUE,"reported","Fv375e",2,TRUE,NA
"71","rs72859280","T","G","T","G",0.022885324,-0.0673283,0.0362,0.0471238,FALSE,FALSE,FALSE,"OZbIfy",147198725,0.27545,0.0617352,"outcome",TRUE,"reported","textfile",2,"147956293",0.003901915,4.44e-09,"Drinking",TRUE,"reported","Fv375e",2,TRUE,NA
"72","rs77165542","T","C","T","C",-0.026010899,-0.137458,0.0349,0.0171765,FALSE,FALSE,FALSE,"OZbIfy",430975,0.17759,0.101955,"outcome",TRUE,"reported","textfile",2,"430975",0.003971245,5.63e-11,"Drinking",TRUE,"reported","Fv375e",2,TRUE,NA
"73","rs79139602","T","A","T","A",0.06027231,-0.0410662,0.021061,0.0154245,FALSE,TRUE,FALSE,"OZbIfy",99523206,0.697284,0.105572,"outcome",TRUE,"reported","textfile",4,"100444363",0.005075844,1.8e-32,"Drinking",TRUE,"reported","Fv375e",2,TRUE,NA
"74","rs7950166","T","C","T","C",-0.009799202,-0.0273049,0.637,0.649986,FALSE,FALSE,FALSE,"OZbIfy",8620671,0.316906,0.0272821,"outcome",TRUE,"reported","textfile",11,"8642218",0.001515663,9.89e-11,"Drinking",TRUE,"reported","Fv375e",2,TRUE,NA
"75","rs79616692","C","G","C","G",0.016302272,0.0111942,0.108,0.124706,FALSE,TRUE,FALSE,"OZbIfy",72304608,0.77609,0.0393582,"outcome",TRUE,"reported","textfile",16,"72338507",0.002350583,4.11e-12,"Drinking",TRUE,"reported","Fv375e",2,TRUE,NA
"76","rs823114","A","G","A","G",0.00876774,-0.000246004,0.553,0.578031,FALSE,FALSE,FALSE,"OZbIfy",205750404,0.992558,0.0263754,"outcome",TRUE,"reported","textfile",1,"205719532",0.001467417,2.31e-09,"Drinking",TRUE,"reported","Fv375e",2,TRUE,NA
"77","rs828867","A","G","A","G",0.008757157,0.0393818,0.545,0.624193,FALSE,FALSE,FALSE,"OZbIfy",74107335,0.148666,0.0272678,"outcome",TRUE,"reported","textfile",2,"74334462",0.001463597,2.15e-09,"Drinking",TRUE,"reported","Fv375e",2,TRUE,NA
"78","rs9607814","A","C","A","C",-0.010181001,0.0189487,0.2,0.234319,FALSE,FALSE,FALSE,"OZbIfy",41550515,0.537059,0.0306978,"outcome",TRUE,"reported","textfile",22,"41946519",0.001858788,4.31e-08,"Drinking",TRUE,"reported","Fv375e",2,TRUE,NA
"79","rs9838144","C","G","C","G",-0.009964223,-0.00540908,0.209,0.215794,FALSE,TRUE,FALSE,"OZbIfy",131857443,0.864251,0.0316385,"outcome",TRUE,"reported","textfile",3,"131576287",0.001792521,2.65e-08,"Drinking",TRUE,"reported","Fv375e",2,TRUE,NA
"80","rs9950000","T","C","T","C",-0.009117697,0.0189571,0.395,0.37467,FALSE,FALSE,FALSE,"OZbIfy",55384938,0.481225,0.0269149,"outcome",TRUE,"reported","textfile",18,"53052169",0.001490903,9.38e-10,"Drinking",TRUE,"reported","Fv375e",2,TRUE,NA
