"","SNP","effect_allele.exposure","other_allele.exposure","effect_allele.outcome","other_allele.outcome","beta.exposure","beta.outcome","eaf.exposure","eaf.outcome","remove","palindromic","ambiguous","id.outcome","pos.outcome","pval.outcome","se.outcome","outcome","mr_keep.outcome","pval_origin.outcome","data_source.outcome","chr.exposure","pos.exposure","se.exposure","pval.exposure","exposure","mr_keep.exposure","pval_origin.exposure","id.exposure","action","mr_keep","samplesize.outcome"
"1","rs10236149","G","A","G","A",-0.013498145,0.00592655,0.123,0.177778,FALSE,FALSE,FALSE,"wKnj53",99379892,0.791118,0.0223761,"outcome",TRUE,"reported","textfile",7,"98977515",0.002219081,1.18e-09,"Drinking",TRUE,"reported","Fv375e",2,TRUE,NA
"2","rs10438820","T","C","T","C",0.008971778,-0.0107513,0.702,0.643003,FALSE,FALSE,FALSE,"wKnj53",80550797,0.547736,0.0178844,"outcome",TRUE,"reported","textfile",17,"78524597",0.001593488,1.76e-08,"Drinking",TRUE,"reported","Fv375e",2,TRUE,NA
"3","rs10506274","T","G","T","G",-0.009037403,-0.0156617,0.484,0.447708,FALSE,FALSE,FALSE,"wKnj53",81207685,0.364993,0.0172888,"outcome",TRUE,"reported","textfile",12,"81601464",0.001458405,5.78e-10,"Drinking",TRUE,"reported","Fv375e",2,TRUE,NA
"4","rs10750025","T","C","T","C",0.010321447,-0.0141549,0.686,0.835422,FALSE,FALSE,FALSE,"wKnj53",113553320,0.541537,0.023186,"outcome",TRUE,"reported","textfile",11,"113424042",0.001570358,4.89e-11,"Drinking",TRUE,"reported","Fv375e",2,TRUE,NA
"5","rs10753661","A","G","A","G",-0.008638128,0.000120546,0.684,0.69285,FALSE,FALSE,FALSE,"wKnj53",165150555,0.994836,0.018626,"outcome",TRUE,"reported","textfile",1,"165119792",0.001569272,3.76e-08,"Drinking",TRUE,"reported","Fv375e",2,TRUE,NA
"6","rs10876188","T","C","T","C",-0.007986853,0.00870321,0.457,0.514006,FALSE,FALSE,FALSE,"wKnj53",51502098,0.611816,0.0171498,"outcome",TRUE,"reported","textfile",12,"51895882",0.001463078,4.84e-08,"Drinking",TRUE,"reported","Fv375e",2,TRUE,NA
"7","rs10978550","C","T","C","T",-0.011748331,0.000629814,0.206,0.236648,FALSE,FALSE,FALSE,"wKnj53",106583712,0.975128,0.0202009,"outcome",TRUE,"reported","textfile",9,"109345993",0.001802112,7.15e-11,"Drinking",TRUE,"reported","Fv375e",2,TRUE,NA
"8","rs11030084","T","C","T","C",-0.010606819,0.0373297,0.184,0.151468,FALSE,FALSE,FALSE,"wKnj53",27622178,0.117598,0.0238538,"outcome",TRUE,"reported","textfile",11,"27643725",0.001880926,1.72e-08,"Drinking",TRUE,"reported","Fv375e",2,TRUE,NA
"9","rs1104608","C","G","C","G",-0.010974988,0.00401625,0.425,0.422757,FALSE,TRUE,TRUE,"wKnj53",73878689,0.818247,0.0174771,"outcome",TRUE,"reported","textfile",16,"73912588",0.001475848,1.05e-13,"Drinking",TRUE,"reported","Fv375e",2,FALSE,NA
"10","rs1123285","G","C","G","C",-0.008897365,0.00952082,0.335,0.342585,FALSE,TRUE,FALSE,"wKnj53",56807801,0.598786,0.0180954,"outcome",TRUE,"reported","textfile",14,"57274519",0.00154416,8.14e-09,"Drinking",TRUE,"reported","Fv375e",2,TRUE,NA
"11","rs113443718","A","G","A","G",-0.010208258,-0.00278339,0.305,0.314109,FALSE,FALSE,FALSE,"wKnj53",29880863,0.881345,0.0186475,"outcome",TRUE,"reported","textfile",16,"29892184",0.001584629,1.19e-10,"Drinking",TRUE,"reported","Fv375e",2,TRUE,NA
"12","rs11625650","A","G","A","G",-0.009568091,0.0127467,0.233,0.188674,FALSE,FALSE,FALSE,"wKnj53",104143801,0.564947,0.0221485,"outcome",TRUE,"reported","textfile",14,"104610138",0.00172405,2.89e-08,"Drinking",TRUE,"reported","Fv375e",2,TRUE,NA
"13","rs11692435","A","G","A","G",0.017449894,0.0256992,0.0852,0.233573,FALSE,FALSE,FALSE,"wKnj53",97658891,0.209682,0.0204866,"outcome",TRUE,"reported","textfile",2,"98275354",0.00261585,2.53e-11,"Drinking",TRUE,"reported","Fv375e",2,TRUE,NA
"14","rs11940694","G","A","G","A",0.025949908,-0.00750203,0.597,0.646533,FALSE,FALSE,FALSE,"wKnj53",39413373,0.676996,0.0180092,"outcome",TRUE,"reported","textfile",4,"39414993",0.001485887,3.03e-68,"Drinking",TRUE,"reported","Fv375e",2,TRUE,NA
"15","rs12088813","C","A","C","A",-0.009329047,0.0280542,0.267,0.239629,FALSE,FALSE,FALSE,"wKnj53",65942017,0.162089,0.0200662,"outcome",TRUE,"reported","textfile",1,"66407700",0.001649158,1.58e-08,"Drinking",TRUE,"reported","Fv375e",2,TRUE,NA
"16","rs1217091","C","T","C","T",0.012160827,-0.0531937,0.812,0.819731,FALSE,FALSE,FALSE,"wKnj53",63614841,0.0176905,0.0224253,"outcome",TRUE,"reported","textfile",8,"64527399",0.001865386,7.05e-11,"Drinking",TRUE,"reported","Fv375e",2,TRUE,NA
"17","rs1229984","C","T","C","T",0.150533575,0.217049,0.963,0.994972,FALSE,FALSE,FALSE,"wKnj53",99318162,0.0798859,0.123933,"outcome",TRUE,"reported","textfile",4,"100239319",0.003861105,1e-200,"Drinking",TRUE,"reported","Fv375e",2,TRUE,NA
"18","rs1260326","C","T","C","T",0.020889835,-0.0473687,0.601,0.650565,FALSE,FALSE,FALSE,"wKnj53",27508073,0.00830214,0.0179459,"outcome",TRUE,"reported","textfile",2,"27730940",0.001488339,8.05e-45,"Drinking",TRUE,"reported","Fv375e",2,TRUE,NA
"19","rs12651313","G","C","G","C",-0.008642927,0.0193331,0.443,0.496053,FALSE,TRUE,TRUE,"wKnj53",170165242,0.25967,0.0171519,"outcome",TRUE,"reported","textfile",4,"171086393",0.001467223,3.79e-09,"Drinking",TRUE,"reported","Fv375e",2,FALSE,NA
"20","rs12655091","A","G","A","G",-0.008312109,-0.00960415,0.53,0.495133,FALSE,FALSE,FALSE,"wKnj53",145032772,0.576578,0.0171997,"outcome",TRUE,"reported","textfile",5,"144412335",0.001460289,1.25e-08,"Drinking",TRUE,"reported","Fv375e",2,TRUE,NA
"21","rs12795042","C","A","C","A",-0.008319009,0.00388869,0.623,0.701941,FALSE,FALSE,FALSE,"wKnj53",133788273,0.836741,0.0188712,"outcome",TRUE,"reported","textfile",11,"133658168",0.001503872,3.25e-08,"Drinking",TRUE,"reported","Fv375e",2,TRUE,NA
"22","rs12907323","G","A","G","A",0.008496596,-0.0115698,0.411,0.334212,FALSE,FALSE,FALSE,"wKnj53",86252781,0.524706,0.0181884,"outcome",TRUE,"reported","textfile",15,"86796012",0.001481314,9.93e-09,"Drinking",TRUE,"reported","Fv375e",2,TRUE,NA
"23","rs13024996","A","C","A","C",-0.010912645,-0.00775793,0.364,0.325789,FALSE,FALSE,FALSE,"wKnj53",143467646,0.671355,0.0182846,"outcome",TRUE,"reported","textfile",2,"144225215",0.001514769,5.72e-13,"Drinking",TRUE,"reported","Fv375e",2,TRUE,NA
"24","rs13032049","G","A","G","A",0.01019455,-0.00358846,0.283,0.255744,FALSE,FALSE,FALSE,"wKnj53",63354372,0.855085,0.0196483,"outcome",TRUE,"reported","textfile",2,"63581507",0.001617979,3e-10,"Drinking",TRUE,"reported","Fv375e",2,TRUE,NA
"25","rs13066454","T","C","T","C",-0.008775946,0.00902616,0.398,0.42764,FALSE,FALSE,FALSE,"wKnj53",94275411,0.602721,0.0173416,"outcome",TRUE,"reported","textfile",3,"93994255",0.001491956,4.13e-09,"Drinking",TRUE,"reported","Fv375e",2,TRUE,NA
"26","rs13094887","T","A","T","A",-0.010309671,0.0420398,0.301,0.25598,FALSE,TRUE,FALSE,"wKnj53",70919280,0.0326881,0.0196825,"outcome",TRUE,"reported","textfile",3,"70968431",0.001588926,8.57e-11,"Drinking",TRUE,"reported","Fv375e",2,TRUE,NA
"27","rs13107325","T","C","T","C",-0.027504515,0.0130264,0.0722,0.0140071,FALSE,FALSE,FALSE,"wKnj53",102267552,0.857804,0.0727037,"outcome",TRUE,"reported","textfile",4,"103188709",0.002815982,1.53e-22,"Drinking",TRUE,"reported","Fv375e",2,TRUE,NA
"28","rs13250583","T","C","T","C",-0.009717545,0.022894,0.213,0.243265,FALSE,FALSE,FALSE,"wKnj53",21092406,0.252452,0.020005,"outcome",TRUE,"reported","textfile",8,"20949917",0.001780116,4.7e-08,"Drinking",TRUE,"reported","Fv375e",2,TRUE,NA
"29","rs13383034","T","C","T","C",0.014926977,0.0232424,0.329,0.397348,FALSE,FALSE,FALSE,"wKnj53",44928137,0.186066,0.0175771,"outcome",TRUE,"reported","textfile",2,"45155276",0.001551195,6.31e-22,"Drinking",TRUE,"reported","Fv375e",2,TRUE,NA
"30","rs1713676","G","A","G","A",-0.007991984,-0.0102192,0.522454,0.559934,FALSE,FALSE,FALSE,"wKnj53",113789854,0.554842,0.0173054,"outcome",TRUE,"reported","textfile",11,"113660576",0.00145913,4.29e-08,"Drinking",TRUE,"reported","Fv375e",2,TRUE,NA
"31","rs17177078","T","C","T","C",-0.02231549,0.00489747,0.0626,0.0686711,FALSE,FALSE,FALSE,"wKnj53",24799360,0.885336,0.0339611,"outcome",TRUE,"reported","textfile",16,"24810681",0.003011759,1.27e-13,"Drinking",TRUE,"reported","Fv375e",2,TRUE,NA
"32","rs17665139","T","C","T","C",-0.011560138,0.0459335,0.149,0.135585,FALSE,FALSE,FALSE,"wKnj53",123334364,0.0661912,0.0250028,"outcome",TRUE,"reported","textfile",10,"125093880",0.002046764,1.59e-08,"Drinking",TRUE,"reported","Fv375e",2,TRUE,NA
"33","rs2011092","C","T","C","T",-0.008900405,-0.0133656,0.338643,0.372543,FALSE,FALSE,FALSE,"wKnj53",141405765,0.452033,0.0177726,"outcome",TRUE,"reported","textfile",3,"141124607",0.001540056,7.35e-09,"Drinking",TRUE,"reported","Fv375e",2,TRUE,NA
"34","rs2165670","A","G","A","G",0.02308038,0.00909886,0.106337,0.140041,FALSE,FALSE,FALSE,"wKnj53",99364928,0.713613,0.024792,"outcome",TRUE,"reported","textfile",4,"100286085",0.002364267,1.67e-22,"Drinking",TRUE,"reported","Fv375e",2,TRUE,NA
"35","rs2180870","C","T","C","T",-0.012177537,0.00462173,0.135,0.103877,FALSE,FALSE,FALSE,"wKnj53",58316061,0.869964,0.0282322,"outcome",TRUE,"reported","textfile",14,"58782779",0.002132803,1.12e-08,"Drinking",TRUE,"reported","Fv375e",2,TRUE,NA
"36","rs2472297","T","C","T","C",0.010606047,-0.0177038,0.249,0.248053,FALSE,FALSE,FALSE,"wKnj53",74735539,0.37286,0.0198667,"outcome",TRUE,"reported","textfile",15,"75027880",0.001685411,3.1e-10,"Drinking",TRUE,"reported","Fv375e",2,TRUE,NA
"37","rs2532276","A","C","A","C",-0.021800138,0.00128377,0.215,0.0835731,FALSE,FALSE,FALSE,"wKnj53",46169258,0.966882,0.0309199,"outcome",TRUE,"reported","textfile",17,"44246624",0.002558533,1.62e-17,"Drinking",TRUE,"reported","Fv375e",2,TRUE,NA
"38","rs2764771","A","G","A","G",0.009890596,-0.00135777,0.307,0.386922,FALSE,FALSE,FALSE,"wKnj53",20002471,0.93897,0.0177336,"outcome",TRUE,"reported","textfile",16,"20013793",0.001581736,4.02e-10,"Drinking",TRUE,"reported","Fv375e",2,TRUE,NA
"39","rs281379","A","G","A","G",0.013722336,0.0124962,0.508,0.408288,FALSE,FALSE,FALSE,"wKnj53",48711017,0.474232,0.0174622,"outcome",TRUE,"reported","textfile",19,"49214274",0.001457844,4.91e-21,"Drinking",TRUE,"reported","Fv375e",2,TRUE,NA
"40","rs2854334","G","A","G","A",0.009220984,-0.00886674,0.615,0.600234,FALSE,FALSE,FALSE,"wKnj53",31388482,0.613095,0.017535,"outcome",TRUE,"reported","textfile",17,"29715500",0.001497813,7.51e-10,"Drinking",TRUE,"reported","Fv375e",2,TRUE,NA
"41","rs28601761","G","C","G","C",0.009102878,-0.00819954,0.42,0.412423,FALSE,TRUE,FALSE,"wKnj53",125487789,0.637385,0.0173956,"outcome",TRUE,"reported","textfile",8,"126500031",0.001476682,7.17e-10,"Drinking",TRUE,"reported","Fv375e",2,TRUE,NA
"42","rs28680958","A","G","A","G",-0.010996457,0.00136876,0.217,0.195195,FALSE,FALSE,FALSE,"wKnj53",173879670,0.94946,0.0215946,"outcome",TRUE,"reported","textfile",1,"173848808",0.001769942,5.13e-10,"Drinking",TRUE,"reported","Fv375e",2,TRUE,NA
"43","rs28929474","T","C","T","C",-0.036799624,-0.0582944,0.0183,0.0195466,FALSE,FALSE,FALSE,"wKnj53",94378610,0.345896,0.0618455,"outcome",TRUE,"reported","textfile",14,"94844947",0.005437642,1.34e-11,"Drinking",TRUE,"reported","Fv375e",2,TRUE,NA
"44","rs35034355","A","G","A","G",-0.008096817,0.0179759,0.521,0.487974,FALSE,FALSE,FALSE,"wKnj53",104199667,0.295024,0.0171663,"outcome",TRUE,"reported","textfile",7,"103840115",0.001458945,2.87e-08,"Drinking",TRUE,"reported","Fv375e",2,TRUE,NA
"45","rs36052336","G","A","G","A",-0.018428809,0.0378404,0.061496,0.0656856,FALSE,FALSE,FALSE,"wKnj53",99352437,0.277588,0.0348517,"outcome",TRUE,"reported","textfile",4,"100273594",0.00303378,1.23e-09,"Drinking",TRUE,"reported","Fv375e",2,TRUE,NA
"46","rs3748034","T","G","T","G",-0.011740341,0.0397162,0.143,0.125853,FALSE,FALSE,FALSE,"wKnj53",3444364,0.127328,0.0260481,"outcome",TRUE,"reported","textfile",4,"3446091",0.002081935,1.67e-08,"Drinking",TRUE,"reported","Fv375e",2,TRUE,NA
"47","rs3803800","G","A","G","A",0.011378876,-0.0371655,0.786,0.75503,FALSE,FALSE,FALSE,"wKnj53",7559652,0.062647,0.0199634,"outcome",TRUE,"reported","textfile",17,"7462969",0.001777082,1.5e-10,"Drinking",TRUE,"reported","Fv375e",2,TRUE,NA
"48","rs3809162","G","A","G","A",0.009060925,0.0286721,0.397,0.477027,FALSE,FALSE,FALSE,"wKnj53",54280451,0.0990855,0.0173844,"outcome",TRUE,"reported","textfile",12,"54674235",0.001489607,1.19e-09,"Drinking",TRUE,"reported","Fv375e",2,TRUE,NA
"49","rs4092465","G","A","G","A",-0.008291878,0.0192025,0.635,0.623974,FALSE,FALSE,FALSE,"wKnj53",57413205,0.281213,0.0178197,"outcome",TRUE,"reported","textfile",18,"55080437",0.001513883,4.39e-08,"Drinking",TRUE,"reported","Fv375e",2,TRUE,NA
"50","rs4548913","A","G","A","G",-0.008359953,0.0118359,0.632,0.613822,FALSE,FALSE,FALSE,"wKnj53",2306594,0.500673,0.0175754,"outcome",TRUE,"reported","textfile",17,"2209888",0.001511274,3.11e-08,"Drinking",TRUE,"reported","Fv375e",2,TRUE,NA
"51","rs4690727","G","C","G","C",0.010816985,0.032971,0.718,0.744836,FALSE,TRUE,FALSE,"wKnj53",142727426,0.094202,0.0197003,"outcome",TRUE,"reported","textfile",4,"143648579",0.001619716,2.43e-11,"Drinking",TRUE,"reported","Fv375e",2,TRUE,NA
"52","rs4699791","A","G","A","G",0.018570721,0.0032965,0.095726,0.13063,FALSE,FALSE,FALSE,"wKnj53",100321866,0.897481,0.0255852,"outcome",TRUE,"reported","textfile",4,"101243023",0.002477197,6.58e-14,"Drinking",TRUE,"reported","Fv375e",2,TRUE,NA
"53","rs4815364","A","G","A","G",0.008582356,0.0157216,0.616,0.656096,FALSE,FALSE,FALSE,"wKnj53",25055075,0.386804,0.0181662,"outcome",TRUE,"reported","textfile",20,"25035711",0.001498544,1.02e-08,"Drinking",TRUE,"reported","Fv375e",2,TRUE,NA
"54","rs4916723","C","A","C","A",-0.009952257,-0.00309538,0.416,0.467232,FALSE,FALSE,FALSE,"wKnj53",88558577,0.857182,0.0172001,"outcome",TRUE,"reported","textfile",5,"87854395",0.001478674,1.72e-11,"Drinking",TRUE,"reported","Fv375e",2,TRUE,NA
"55","rs4938230","A","C","A","C",0.012810377,0.00221193,0.842,0.822806,FALSE,FALSE,FALSE,"wKnj53",116204284,0.921811,0.0225356,"outcome",TRUE,"reported","textfile",11,"116075001",0.001998209,1.48e-10,"Drinking",TRUE,"reported","Fv375e",2,TRUE,NA
"56","rs500321","T","A","T","A",-0.009669361,0.00221926,0.736,0.760093,FALSE,TRUE,FALSE,"wKnj53",26550223,0.911957,0.0200709,"outcome",TRUE,"reported","textfile",13,"27124360",0.001653426,4.92e-09,"Drinking",TRUE,"reported","Fv375e",2,TRUE,NA
"57","rs5024204","T","A","T","A",0.009702711,-0.0162647,0.278,0.263979,FALSE,TRUE,FALSE,"wKnj53",71026207,0.403595,0.0194736,"outcome",TRUE,"reported","textfile",1,"71491890",0.001628467,2.55e-09,"Drinking",TRUE,"reported","Fv375e",2,TRUE,NA
"58","rs55872084","T","G","T","G",0.009978744,0.000337966,0.235,0.160449,FALSE,FALSE,FALSE,"wKnj53",156474993,0.988456,0.0233588,"outcome",TRUE,"reported","textfile",5,"155902003",0.001718941,6.32e-09,"Drinking",TRUE,"reported","Fv375e",2,TRUE,NA
"59","rs55932213","G","A","G","A",0.009488271,0.0226756,0.736387,0.730167,FALSE,FALSE,FALSE,"wKnj53",105993341,0.243868,0.0194578,"outcome",TRUE,"reported","textfile",9,"108755622",0.001654204,9.55e-09,"Drinking",TRUE,"reported","Fv375e",2,TRUE,NA
"60","rs56030824","A","G","A","G",-0.011601888,0.00373883,0.322,0.312826,FALSE,FALSE,FALSE,"wKnj53",47375802,0.840124,0.0185334,"outcome",TRUE,"reported","textfile",11,"47397353",0.001562978,1.15e-13,"Drinking",TRUE,"reported","Fv375e",2,TRUE,NA
"61","rs56337305","C","T","C","T",-0.009588381,0.00934387,0.383,0.336188,FALSE,FALSE,FALSE,"wKnj53",224610843,0.608407,0.0182373,"outcome",TRUE,"reported","textfile",2,"225475560",0.001499283,1.63e-10,"Drinking",TRUE,"reported","Fv375e",2,TRUE,NA
"62","rs58107686","A","C","A","C",-0.009747126,-0.0158313,0.328,0.336468,FALSE,FALSE,FALSE,"wKnj53",33371733,0.383133,0.0181523,"outcome",TRUE,"reported","textfile",1,"33837334",0.00158537,7.79e-10,"Drinking",TRUE,"reported","Fv375e",2,TRUE,NA
"63","rs62044525","G","C","G","C",-0.01217318,0.0198166,0.184,0.137432,FALSE,TRUE,FALSE,"wKnj53",64838687,0.426486,0.0249197,"outcome",TRUE,"reported","textfile",16,"64872590",0.001882851,1.03e-10,"Drinking",TRUE,"reported","Fv375e",2,TRUE,NA
"64","rs62250685","G","A","G","A",-0.014357061,0.022851,0.614,0.708286,FALSE,FALSE,FALSE,"wKnj53",85408090,0.226783,0.0189056,"outcome",TRUE,"reported","textfile",3,"85457240",0.001500092,1.05e-21,"Drinking",TRUE,"reported","Fv375e",2,TRUE,NA
"65","rs6460047","C","T","C","T",0.011623538,-0.0377594,0.208,0.169291,FALSE,FALSE,FALSE,"wKnj53",73628113,0.0995085,0.0229228,"outcome",TRUE,"reported","textfile",7,"73042443",0.00179569,9.69e-11,"Drinking",TRUE,"reported","Fv375e",2,TRUE,NA
"66","rs6787172","G","T","G","T",-0.008030894,-0.0179194,0.554,0.516187,FALSE,FALSE,FALSE,"wKnj53",158470022,0.297196,0.0171894,"outcome",TRUE,"reported","textfile",3,"158187811",0.001466234,4.27e-08,"Drinking",TRUE,"reported","Fv375e",2,TRUE,NA
"67","rs682011","C","T","C","T",0.008212447,-0.00364773,0.559,0.599255,FALSE,FALSE,FALSE,"wKnj53",121673577,0.83548,0.0175643,"outcome",TRUE,"reported","textfile",11,"121544285",0.001467913,2.22e-08,"Drinking",TRUE,"reported","Fv375e",2,TRUE,NA
"68","rs705687","G","A","G","A",-0.010904017,0.0301113,0.785,0.828976,FALSE,FALSE,FALSE,"wKnj53",4488393,0.188973,0.0229223,"outcome",TRUE,"reported","textfile",1,"4548453",0.001775889,8.15e-10,"Drinking",TRUE,"reported","Fv375e",2,TRUE,NA
"69","rs7074871","A","G","A","G",-0.00939985,0.00395434,0.255,0.232887,FALSE,FALSE,FALSE,"wKnj53",108748048,0.845997,0.0203593,"outcome",TRUE,"reported","textfile",10,"110507806",0.001672158,1.86e-08,"Drinking",TRUE,"reported","Fv375e",2,TRUE,NA
"70","rs7185555","C","G","C","G",-0.011100514,-0.0235694,0.153,0.123453,FALSE,TRUE,FALSE,"wKnj53",69097378,0.366335,0.0260909,"outcome",TRUE,"reported","textfile",16,"69131281",0.002026667,4.24e-08,"Drinking",TRUE,"reported","Fv375e",2,TRUE,NA
"71","rs72859280","T","G","T","G",0.022885324,-0.0486114,0.0362,0.0473567,FALSE,FALSE,FALSE,"wKnj53",147198725,0.234934,0.0409275,"outcome",TRUE,"reported","textfile",2,"147956293",0.003901915,4.44e-09,"Drinking",TRUE,"reported","Fv375e",2,TRUE,NA
"72","rs77165542","T","C","T","C",-0.026010899,-0.0460174,0.0349,0.0172683,FALSE,FALSE,FALSE,"wKnj53",430975,0.487241,0.0662403,"outcome",TRUE,"reported","textfile",2,"430975",0.003971245,5.63e-11,"Drinking",TRUE,"reported","Fv375e",2,TRUE,NA
"73","rs79139602","T","A","T","A",0.06027231,-0.0351069,0.021061,0.0153636,FALSE,TRUE,FALSE,"wKnj53",99523206,0.61195,0.0692046,"outcome",TRUE,"reported","textfile",4,"100444363",0.005075844,1.8e-32,"Drinking",TRUE,"reported","Fv375e",2,TRUE,NA
"74","rs7950166","T","C","T","C",-0.009799202,0.0175783,0.637,0.649995,FALSE,FALSE,FALSE,"wKnj53",8620671,0.327589,0.0179557,"outcome",TRUE,"reported","textfile",11,"8642218",0.001515663,9.89e-11,"Drinking",TRUE,"reported","Fv375e",2,TRUE,NA
"75","rs79616692","C","G","C","G",0.016302272,0.0204252,0.108,0.124978,FALSE,TRUE,FALSE,"wKnj53",72304608,0.434615,0.0261419,"outcome",TRUE,"reported","textfile",16,"72338507",0.002350583,4.11e-12,"Drinking",TRUE,"reported","Fv375e",2,TRUE,NA
"76","rs823114","A","G","A","G",0.00876774,0.0104003,0.553,0.578017,FALSE,FALSE,FALSE,"wKnj53",205750404,0.54997,0.0173975,"outcome",TRUE,"reported","textfile",1,"205719532",0.001467417,2.31e-09,"Drinking",TRUE,"reported","Fv375e",2,TRUE,NA
"77","rs828867","A","G","A","G",0.008757157,-0.00271444,0.545,0.624435,FALSE,FALSE,FALSE,"wKnj53",74107335,0.879958,0.0179737,"outcome",TRUE,"reported","textfile",2,"74334462",0.001463597,2.15e-09,"Drinking",TRUE,"reported","Fv375e",2,TRUE,NA
"78","rs9607814","A","C","A","C",-0.010181001,0.00377112,0.2,0.234209,FALSE,FALSE,FALSE,"wKnj53",41550515,0.85235,0.0202616,"outcome",TRUE,"reported","textfile",22,"41946519",0.001858788,4.31e-08,"Drinking",TRUE,"reported","Fv375e",2,TRUE,NA
"79","rs9838144","C","G","C","G",-0.009964223,-0.0207062,0.209,0.215885,FALSE,TRUE,FALSE,"wKnj53",131857443,0.322834,0.0209439,"outcome",TRUE,"reported","textfile",3,"131576287",0.001792521,2.65e-08,"Drinking",TRUE,"reported","Fv375e",2,TRUE,NA
"80","rs9950000","T","C","T","C",-0.009117697,0.0141172,0.395,0.37442,FALSE,FALSE,FALSE,"wKnj53",55384938,0.427397,0.0177876,"outcome",TRUE,"reported","textfile",18,"53052169",0.001490903,9.38e-10,"Drinking",TRUE,"reported","Fv375e",2,TRUE,NA
