"","SNP","effect_allele.exposure","other_allele.exposure","effect_allele.outcome","other_allele.outcome","beta.exposure","beta.outcome","eaf.exposure","eaf.outcome","remove","palindromic","ambiguous","id.outcome","pos.outcome","pval.outcome","se.outcome","outcome","mr_keep.outcome","pval_origin.outcome","data_source.outcome","chr.exposure","pos.exposure","se.exposure","pval.exposure","exposure","mr_keep.exposure","pval_origin.exposure","id.exposure","action","mr_keep","samplesize.outcome"
"1","rs10236149","G","A","G","A",-0.013498145,-0.0209058,0.123,0.178139,FALSE,FALSE,FALSE,"Ht8MRF",99379892,0.542764,0.0343485,"outcome",TRUE,"reported","textfile",7,"98977515",0.002219081,1.18e-09,"Drinking",TRUE,"reported","Fv375e",2,TRUE,NA
"2","rs10438820","T","C","T","C",0.008971778,0.000213371,0.702,0.643172,FALSE,FALSE,FALSE,"Ht8MRF",80550797,0.993814,0.0275204,"outcome",TRUE,"reported","textfile",17,"78524597",0.001593488,1.76e-08,"Drinking",TRUE,"reported","Fv375e",2,TRUE,NA
"3","rs10506274","T","G","T","G",-0.009037403,0.00595629,0.484,0.447455,FALSE,FALSE,FALSE,"Ht8MRF",81207685,0.82299,0.0266261,"outcome",TRUE,"reported","textfile",12,"81601464",0.001458405,5.78e-10,"Drinking",TRUE,"reported","Fv375e",2,TRUE,NA
"4","rs10750025","T","C","T","C",0.010321447,0.0110564,0.686,0.835288,FALSE,FALSE,FALSE,"Ht8MRF",113553320,0.757923,0.0358731,"outcome",TRUE,"reported","textfile",11,"113424042",0.001570358,4.89e-11,"Drinking",TRUE,"reported","Fv375e",2,TRUE,NA
"5","rs10753661","A","G","A","G",-0.008638128,-0.0333208,0.684,0.692615,FALSE,FALSE,FALSE,"Ht8MRF",165150555,0.243619,0.0285773,"outcome",TRUE,"reported","textfile",1,"165119792",0.001569272,3.76e-08,"Drinking",TRUE,"reported","Fv375e",2,TRUE,NA
"6","rs10876188","T","C","T","C",-0.007986853,-0.00364035,0.457,0.51457,FALSE,FALSE,FALSE,"Ht8MRF",51502098,0.890487,0.0264393,"outcome",TRUE,"reported","textfile",12,"51895882",0.001463078,4.84e-08,"Drinking",TRUE,"reported","Fv375e",2,TRUE,NA
"7","rs10978550","C","T","C","T",-0.011748331,0.0245126,0.206,0.236832,FALSE,FALSE,FALSE,"Ht8MRF",106583712,0.430601,0.031101,"outcome",TRUE,"reported","textfile",9,"109345993",0.001802112,7.15e-11,"Drinking",TRUE,"reported","Fv375e",2,TRUE,NA
"8","rs11030084","T","C","T","C",-0.010606819,-0.0102364,0.184,0.151855,FALSE,FALSE,FALSE,"Ht8MRF",27622178,0.780017,0.0366505,"outcome",TRUE,"reported","textfile",11,"27643725",0.001880926,1.72e-08,"Drinking",TRUE,"reported","Fv375e",2,TRUE,NA
"9","rs1104608","C","G","C","G",-0.010974988,0.0235454,0.425,0.422393,FALSE,TRUE,TRUE,"Ht8MRF",73878689,0.382036,0.0269351,"outcome",TRUE,"reported","textfile",16,"73912588",0.001475848,1.05e-13,"Drinking",TRUE,"reported","Fv375e",2,FALSE,NA
"10","rs1123285","G","C","G","C",-0.008897365,0.0251298,0.335,0.342377,FALSE,TRUE,FALSE,"Ht8MRF",56807801,0.367046,0.0278595,"outcome",TRUE,"reported","textfile",14,"57274519",0.00154416,8.14e-09,"Drinking",TRUE,"reported","Fv375e",2,TRUE,NA
"11","rs113443718","A","G","A","G",-0.010208258,-0.00645374,0.305,0.313997,FALSE,FALSE,FALSE,"Ht8MRF",29880863,0.821731,0.0286426,"outcome",TRUE,"reported","textfile",16,"29892184",0.001584629,1.19e-10,"Drinking",TRUE,"reported","Fv375e",2,TRUE,NA
"12","rs11625650","A","G","A","G",-0.009568091,-0.00890367,0.233,0.188714,FALSE,FALSE,FALSE,"Ht8MRF",104143801,0.793677,0.0340436,"outcome",TRUE,"reported","textfile",14,"104610138",0.00172405,2.89e-08,"Drinking",TRUE,"reported","Fv375e",2,TRUE,NA
"13","rs11692435","A","G","A","G",0.017449894,-0.0718572,0.0852,0.233431,FALSE,FALSE,FALSE,"Ht8MRF",97658891,0.0224357,0.0314761,"outcome",TRUE,"reported","textfile",2,"98275354",0.00261585,2.53e-11,"Drinking",TRUE,"reported","Fv375e",2,TRUE,NA
"14","rs11940694","G","A","G","A",0.025949908,0.0326042,0.597,0.646331,FALSE,FALSE,FALSE,"Ht8MRF",39413373,0.240056,0.0277519,"outcome",TRUE,"reported","textfile",4,"39414993",0.001485887,3.03e-68,"Drinking",TRUE,"reported","Fv375e",2,TRUE,NA
"15","rs12088813","C","A","C","A",-0.009329047,0.0245274,0.267,0.239335,FALSE,FALSE,FALSE,"Ht8MRF",65942017,0.426177,0.0308229,"outcome",TRUE,"reported","textfile",1,"66407700",0.001649158,1.58e-08,"Drinking",TRUE,"reported","Fv375e",2,TRUE,NA
"16","rs1217091","C","T","C","T",0.012160827,-0.0808663,0.812,0.819692,FALSE,FALSE,FALSE,"Ht8MRF",63614841,0.019117,0.0345105,"outcome",TRUE,"reported","textfile",8,"64527399",0.001865386,7.05e-11,"Drinking",TRUE,"reported","Fv375e",2,TRUE,NA
"17","rs1229984","C","T","C","T",0.150533575,0.101735,0.963,0.99496,FALSE,FALSE,FALSE,"Ht8MRF",99318162,0.603707,0.195992,"outcome",TRUE,"reported","textfile",4,"100239319",0.003861105,1e-200,"Drinking",TRUE,"reported","Fv375e",2,TRUE,NA
"18","rs1260326","C","T","C","T",0.020889835,-0.0337268,0.601,0.650187,FALSE,FALSE,FALSE,"Ht8MRF",27508073,0.224212,0.0277494,"outcome",TRUE,"reported","textfile",2,"27730940",0.001488339,8.05e-45,"Drinking",TRUE,"reported","Fv375e",2,TRUE,NA
"19","rs12651313","G","C","G","C",-0.008642927,-0.00733794,0.443,0.496434,FALSE,TRUE,TRUE,"Ht8MRF",170165242,0.781272,0.0264276,"outcome",TRUE,"reported","textfile",4,"171086393",0.001467223,3.79e-09,"Drinking",TRUE,"reported","Fv375e",2,FALSE,NA
"20","rs12655091","A","G","A","G",-0.008312109,0.0086311,0.53,0.495144,FALSE,FALSE,FALSE,"Ht8MRF",145032772,0.744129,0.026444,"outcome",TRUE,"reported","textfile",5,"144412335",0.001460289,1.25e-08,"Drinking",TRUE,"reported","Fv375e",2,TRUE,NA
"21","rs12795042","C","A","C","A",-0.008319009,-0.00553196,0.623,0.701829,FALSE,FALSE,FALSE,"Ht8MRF",133788273,0.849023,0.0290597,"outcome",TRUE,"reported","textfile",11,"133658168",0.001503872,3.25e-08,"Drinking",TRUE,"reported","Fv375e",2,TRUE,NA
"22","rs12907323","G","A","G","A",0.008496596,-0.0133231,0.411,0.333933,FALSE,FALSE,FALSE,"Ht8MRF",86252781,0.634879,0.0280562,"outcome",TRUE,"reported","textfile",15,"86796012",0.001481314,9.93e-09,"Drinking",TRUE,"reported","Fv375e",2,TRUE,NA
"23","rs13024996","A","C","A","C",-0.010912645,-0.0244027,0.364,0.325902,FALSE,FALSE,FALSE,"Ht8MRF",143467646,0.386949,0.0282058,"outcome",TRUE,"reported","textfile",2,"144225215",0.001514769,5.72e-13,"Drinking",TRUE,"reported","Fv375e",2,TRUE,NA
"24","rs13032049","G","A","G","A",0.01019455,-0.00555636,0.283,0.255772,FALSE,FALSE,FALSE,"Ht8MRF",63354372,0.854103,0.0302165,"outcome",TRUE,"reported","textfile",2,"63581507",0.001617979,3e-10,"Drinking",TRUE,"reported","Fv375e",2,TRUE,NA
"25","rs13066454","T","C","T","C",-0.008775946,-0.053528,0.398,0.428281,FALSE,FALSE,FALSE,"Ht8MRF",94275411,0.0455124,0.0267655,"outcome",TRUE,"reported","textfile",3,"93994255",0.001491956,4.13e-09,"Drinking",TRUE,"reported","Fv375e",2,TRUE,NA
"26","rs13094887","T","A","T","A",-0.010309671,-0.0615047,0.301,0.256367,FALSE,TRUE,FALSE,"Ht8MRF",70919280,0.0426393,0.0303394,"outcome",TRUE,"reported","textfile",3,"70968431",0.001588926,8.57e-11,"Drinking",TRUE,"reported","Fv375e",2,TRUE,NA
"27","rs13107325","T","C","T","C",-0.027504515,-0.035621,0.0722,0.0140457,FALSE,FALSE,FALSE,"Ht8MRF",102267552,0.754119,0.113727,"outcome",TRUE,"reported","textfile",4,"103188709",0.002815982,1.53e-22,"Drinking",TRUE,"reported","Fv375e",2,TRUE,NA
"28","rs13250583","T","C","T","C",-0.009717545,-0.0100059,0.213,0.243438,FALSE,FALSE,FALSE,"Ht8MRF",21092406,0.745466,0.0308232,"outcome",TRUE,"reported","textfile",8,"20949917",0.001780116,4.7e-08,"Drinking",TRUE,"reported","Fv375e",2,TRUE,NA
"29","rs13383034","T","C","T","C",0.014926977,0.00137449,0.329,0.397041,FALSE,FALSE,FALSE,"Ht8MRF",44928137,0.959462,0.0270417,"outcome",TRUE,"reported","textfile",2,"45155276",0.001551195,6.31e-22,"Drinking",TRUE,"reported","Fv375e",2,TRUE,NA
"30","rs1713676","G","A","G","A",-0.007991984,0.0111352,0.522454,0.559715,FALSE,FALSE,FALSE,"Ht8MRF",113789854,0.67566,0.0266142,"outcome",TRUE,"reported","textfile",11,"113660576",0.00145913,4.29e-08,"Drinking",TRUE,"reported","Fv375e",2,TRUE,NA
"31","rs17177078","T","C","T","C",-0.02231549,-0.0926522,0.0626,0.0687837,FALSE,FALSE,FALSE,"Ht8MRF",24799360,0.0769325,0.0523823,"outcome",TRUE,"reported","textfile",16,"24810681",0.003011759,1.27e-13,"Drinking",TRUE,"reported","Fv375e",2,TRUE,NA
"32","rs17665139","T","C","T","C",-0.011560138,0.0436352,0.149,0.135569,FALSE,FALSE,FALSE,"Ht8MRF",123334364,0.258991,0.038657,"outcome",TRUE,"reported","textfile",10,"125093880",0.002046764,1.59e-08,"Drinking",TRUE,"reported","Fv375e",2,TRUE,NA
"33","rs2011092","C","T","C","T",-0.008900405,-0.00197596,0.338643,0.372624,FALSE,FALSE,FALSE,"Ht8MRF",141405765,0.942357,0.027327,"outcome",TRUE,"reported","textfile",3,"141124607",0.001540056,7.35e-09,"Drinking",TRUE,"reported","Fv375e",2,TRUE,NA
"34","rs2165670","A","G","A","G",0.02308038,0.0244592,0.106337,0.140163,FALSE,FALSE,FALSE,"Ht8MRF",99364928,0.520649,0.0380779,"outcome",TRUE,"reported","textfile",4,"100286085",0.002364267,1.67e-22,"Drinking",TRUE,"reported","Fv375e",2,TRUE,NA
"35","rs2180870","C","T","C","T",-0.012177537,-0.004305,0.135,0.104072,FALSE,FALSE,FALSE,"Ht8MRF",58316061,0.921473,0.0436708,"outcome",TRUE,"reported","textfile",14,"58782779",0.002132803,1.12e-08,"Drinking",TRUE,"reported","Fv375e",2,TRUE,NA
"36","rs2472297","T","C","T","C",0.010606047,-0.0257352,0.249,0.247957,FALSE,FALSE,FALSE,"Ht8MRF",74735539,0.399606,0.0305526,"outcome",TRUE,"reported","textfile",15,"75027880",0.001685411,3.1e-10,"Drinking",TRUE,"reported","Fv375e",2,TRUE,NA
"37","rs2532276","A","C","A","C",-0.021800138,-0.0287632,0.215,0.0834806,FALSE,FALSE,FALSE,"Ht8MRF",46169258,0.548667,0.047958,"outcome",TRUE,"reported","textfile",17,"44246624",0.002558533,1.62e-17,"Drinking",TRUE,"reported","Fv375e",2,TRUE,NA
"38","rs2764771","A","G","A","G",0.009890596,0.00404258,0.307,0.387266,FALSE,FALSE,FALSE,"Ht8MRF",20002471,0.882103,0.0272587,"outcome",TRUE,"reported","textfile",16,"20013793",0.001581736,4.02e-10,"Drinking",TRUE,"reported","Fv375e",2,TRUE,NA
"39","rs281379","A","G","A","G",0.013722336,0.00050244,0.508,0.4087,FALSE,FALSE,FALSE,"Ht8MRF",48711017,0.985093,0.0268903,"outcome",TRUE,"reported","textfile",19,"49214274",0.001457844,4.91e-21,"Drinking",TRUE,"reported","Fv375e",2,TRUE,NA
"40","rs2854334","G","A","G","A",0.009220984,0.0392836,0.615,0.600343,FALSE,FALSE,FALSE,"Ht8MRF",31388482,0.145423,0.0269825,"outcome",TRUE,"reported","textfile",17,"29715500",0.001497813,7.51e-10,"Drinking",TRUE,"reported","Fv375e",2,TRUE,NA
"41","rs28601761","G","C","G","C",0.009102878,-0.0194396,0.42,0.412039,FALSE,TRUE,FALSE,"Ht8MRF",125487789,0.468275,0.0268026,"outcome",TRUE,"reported","textfile",8,"126500031",0.001476682,7.17e-10,"Drinking",TRUE,"reported","Fv375e",2,TRUE,NA
"42","rs28680958","A","G","A","G",-0.010996457,-0.0456892,0.217,0.195194,FALSE,FALSE,FALSE,"Ht8MRF",173879670,0.169623,0.0332668,"outcome",TRUE,"reported","textfile",1,"173848808",0.001769942,5.13e-10,"Drinking",TRUE,"reported","Fv375e",2,TRUE,NA
"43","rs28929474","T","C","T","C",-0.036799624,-0.131026,0.0183,0.0197109,FALSE,FALSE,FALSE,"Ht8MRF",94378610,0.165407,0.0944597,"outcome",TRUE,"reported","textfile",14,"94844947",0.005437642,1.34e-11,"Drinking",TRUE,"reported","Fv375e",2,TRUE,NA
"44","rs35034355","A","G","A","G",-0.008096817,-0.00781789,0.521,0.488326,FALSE,FALSE,FALSE,"Ht8MRF",104199667,0.76716,0.0264037,"outcome",TRUE,"reported","textfile",7,"103840115",0.001458945,2.87e-08,"Drinking",TRUE,"reported","Fv375e",2,TRUE,NA
"45","rs36052336","G","A","G","A",-0.018428809,0.0188978,0.061496,0.0655968,FALSE,FALSE,FALSE,"Ht8MRF",99352437,0.725569,0.0538359,"outcome",TRUE,"reported","textfile",4,"100273594",0.00303378,1.23e-09,"Drinking",TRUE,"reported","Fv375e",2,TRUE,NA
"46","rs3748034","T","G","T","G",-0.011740341,0.0206564,0.143,0.126106,FALSE,FALSE,FALSE,"Ht8MRF",3444364,0.607385,0.0402025,"outcome",TRUE,"reported","textfile",4,"3446091",0.002081935,1.67e-08,"Drinking",TRUE,"reported","Fv375e",2,TRUE,NA
"47","rs3803800","G","A","G","A",0.011378876,0.00588786,0.786,0.755048,FALSE,FALSE,FALSE,"Ht8MRF",7559652,0.848424,0.0308056,"outcome",TRUE,"reported","textfile",17,"7462969",0.001777082,1.5e-10,"Drinking",TRUE,"reported","Fv375e",2,TRUE,NA
"48","rs3809162","G","A","G","A",0.009060925,0.0382524,0.397,0.477232,FALSE,FALSE,FALSE,"Ht8MRF",54280451,0.152397,0.0267291,"outcome",TRUE,"reported","textfile",12,"54674235",0.001489607,1.19e-09,"Drinking",TRUE,"reported","Fv375e",2,TRUE,NA
"49","rs4092465","G","A","G","A",-0.008291878,0.0269326,0.635,0.623989,FALSE,FALSE,FALSE,"Ht8MRF",57413205,0.325625,0.0273994,"outcome",TRUE,"reported","textfile",18,"55080437",0.001513883,4.39e-08,"Drinking",TRUE,"reported","Fv375e",2,TRUE,NA
"50","rs4548913","A","G","A","G",-0.008359953,0.0245378,0.632,0.613326,FALSE,FALSE,FALSE,"Ht8MRF",2306594,0.364867,0.0270798,"outcome",TRUE,"reported","textfile",17,"2209888",0.001511274,3.11e-08,"Drinking",TRUE,"reported","Fv375e",2,TRUE,NA
"51","rs4690727","G","C","G","C",0.010816985,0.0289849,0.718,0.744641,FALSE,TRUE,FALSE,"Ht8MRF",142727426,0.341308,0.0304596,"outcome",TRUE,"reported","textfile",4,"143648579",0.001619716,2.43e-11,"Drinking",TRUE,"reported","Fv375e",2,TRUE,NA
"52","rs4699791","A","G","A","G",0.018570721,-0.0222021,0.095726,0.130611,FALSE,FALSE,FALSE,"Ht8MRF",100321866,0.571344,0.0392213,"outcome",TRUE,"reported","textfile",4,"101243023",0.002477197,6.58e-14,"Drinking",TRUE,"reported","Fv375e",2,TRUE,NA
"53","rs4815364","A","G","A","G",0.008582356,-0.0404722,0.616,0.656151,FALSE,FALSE,FALSE,"Ht8MRF",25055075,0.14688,0.0278995,"outcome",TRUE,"reported","textfile",20,"25035711",0.001498544,1.02e-08,"Drinking",TRUE,"reported","Fv375e",2,TRUE,NA
"54","rs4916723","C","A","C","A",-0.009952257,-0.00806955,0.416,0.466788,FALSE,FALSE,FALSE,"Ht8MRF",88558577,0.760846,0.0265123,"outcome",TRUE,"reported","textfile",5,"87854395",0.001478674,1.72e-11,"Drinking",TRUE,"reported","Fv375e",2,TRUE,NA
"55","rs4938230","A","C","A","C",0.012810377,-0.0198189,0.842,0.823195,FALSE,FALSE,FALSE,"Ht8MRF",116204284,0.567667,0.0346793,"outcome",TRUE,"reported","textfile",11,"116075001",0.001998209,1.48e-10,"Drinking",TRUE,"reported","Fv375e",2,TRUE,NA
"56","rs500321","T","A","T","A",-0.009669361,0.0084909,0.736,0.759892,FALSE,TRUE,FALSE,"Ht8MRF",26550223,0.784016,0.0309787,"outcome",TRUE,"reported","textfile",13,"27124360",0.001653426,4.92e-09,"Drinking",TRUE,"reported","Fv375e",2,TRUE,NA
"57","rs5024204","T","A","T","A",0.009702711,-0.0153421,0.278,0.263726,FALSE,TRUE,FALSE,"Ht8MRF",71026207,0.610413,0.0301131,"outcome",TRUE,"reported","textfile",1,"71491890",0.001628467,2.55e-09,"Drinking",TRUE,"reported","Fv375e",2,TRUE,NA
"58","rs55872084","T","G","T","G",0.009978744,-0.0279885,0.235,0.160469,FALSE,FALSE,FALSE,"Ht8MRF",156474993,0.437259,0.0360291,"outcome",TRUE,"reported","textfile",5,"155902003",0.001718941,6.32e-09,"Drinking",TRUE,"reported","Fv375e",2,TRUE,NA
"59","rs55932213","G","A","G","A",0.009488271,0.0124997,0.736387,0.730018,FALSE,FALSE,FALSE,"Ht8MRF",105993341,0.676265,0.0299347,"outcome",TRUE,"reported","textfile",9,"108755622",0.001654204,9.55e-09,"Drinking",TRUE,"reported","Fv375e",2,TRUE,NA
"60","rs56030824","A","G","A","G",-0.011601888,-0.00716553,0.322,0.312762,FALSE,FALSE,FALSE,"Ht8MRF",47375802,0.801562,0.0285109,"outcome",TRUE,"reported","textfile",11,"47397353",0.001562978,1.15e-13,"Drinking",TRUE,"reported","Fv375e",2,TRUE,NA
"61","rs56337305","C","T","C","T",-0.009588381,0.0680372,0.383,0.336293,FALSE,FALSE,FALSE,"Ht8MRF",224610843,0.0153823,0.0280768,"outcome",TRUE,"reported","textfile",2,"225475560",0.001499283,1.63e-10,"Drinking",TRUE,"reported","Fv375e",2,TRUE,NA
"62","rs58107686","A","C","A","C",-0.009747126,-0.025688,0.328,0.336271,FALSE,FALSE,FALSE,"Ht8MRF",33371733,0.358461,0.0279733,"outcome",TRUE,"reported","textfile",1,"33837334",0.00158537,7.79e-10,"Drinking",TRUE,"reported","Fv375e",2,TRUE,NA
"63","rs62044525","G","C","G","C",-0.01217318,0.0362201,0.184,0.137408,FALSE,TRUE,FALSE,"Ht8MRF",64838687,0.346474,0.0384727,"outcome",TRUE,"reported","textfile",16,"64872590",0.001882851,1.03e-10,"Drinking",TRUE,"reported","Fv375e",2,TRUE,NA
"64","rs62250685","G","A","G","A",-0.014357061,0.017443,0.614,0.708427,FALSE,FALSE,FALSE,"Ht8MRF",85408090,0.549123,0.0291166,"outcome",TRUE,"reported","textfile",3,"85457240",0.001500092,1.05e-21,"Drinking",TRUE,"reported","Fv375e",2,TRUE,NA
"65","rs6460047","C","T","C","T",0.011623538,-0.017523,0.208,0.1691,FALSE,FALSE,FALSE,"Ht8MRF",73628113,0.619761,0.0353151,"outcome",TRUE,"reported","textfile",7,"73042443",0.00179569,9.69e-11,"Drinking",TRUE,"reported","Fv375e",2,TRUE,NA
"66","rs6787172","G","T","G","T",-0.008030894,-0.00311713,0.554,0.51613,FALSE,FALSE,FALSE,"Ht8MRF",158470022,0.906213,0.0264575,"outcome",TRUE,"reported","textfile",3,"158187811",0.001466234,4.27e-08,"Drinking",TRUE,"reported","Fv375e",2,TRUE,NA
"67","rs682011","C","T","C","T",0.008212447,-0.0652769,0.559,0.599335,FALSE,FALSE,FALSE,"Ht8MRF",121673577,0.0157351,0.0270297,"outcome",TRUE,"reported","textfile",11,"121544285",0.001467913,2.22e-08,"Drinking",TRUE,"reported","Fv375e",2,TRUE,NA
"68","rs705687","G","A","G","A",-0.010904017,0.00710854,0.785,0.828711,FALSE,FALSE,FALSE,"Ht8MRF",4488393,0.840499,0.035321,"outcome",TRUE,"reported","textfile",1,"4548453",0.001775889,8.15e-10,"Drinking",TRUE,"reported","Fv375e",2,TRUE,NA
"69","rs7074871","A","G","A","G",-0.00939985,0.0267375,0.255,0.233013,FALSE,FALSE,FALSE,"Ht8MRF",108748048,0.391279,0.0311881,"outcome",TRUE,"reported","textfile",10,"110507806",0.001672158,1.86e-08,"Drinking",TRUE,"reported","Fv375e",2,TRUE,NA
"70","rs7185555","C","G","C","G",-0.011100514,0.012088,0.153,0.123594,FALSE,TRUE,FALSE,"Ht8MRF",69097378,0.764621,0.0403718,"outcome",TRUE,"reported","textfile",16,"69131281",0.002026667,4.24e-08,"Drinking",TRUE,"reported","Fv375e",2,TRUE,NA
"71","rs72859280","T","G","T","G",0.022885324,-0.117662,0.0362,0.0470847,FALSE,FALSE,FALSE,"Ht8MRF",147198725,0.0599253,0.0625413,"outcome",TRUE,"reported","textfile",2,"147956293",0.003901915,4.44e-09,"Drinking",TRUE,"reported","Fv375e",2,TRUE,NA
"72","rs77165542","T","C","T","C",-0.026010899,-0.0758453,0.0349,0.0172477,FALSE,FALSE,FALSE,"Ht8MRF",430975,0.465003,0.103808,"outcome",TRUE,"reported","textfile",2,"430975",0.003971245,5.63e-11,"Drinking",TRUE,"reported","Fv375e",2,TRUE,NA
"73","rs79139602","T","A","T","A",0.06027231,-0.155115,0.021061,0.0153875,FALSE,TRUE,FALSE,"Ht8MRF",99523206,0.146354,0.106789,"outcome",TRUE,"reported","textfile",4,"100444363",0.005075844,1.8e-32,"Drinking",TRUE,"reported","Fv375e",2,TRUE,NA
"74","rs7950166","T","C","T","C",-0.009799202,-0.0088672,0.637,0.650213,FALSE,FALSE,FALSE,"Ht8MRF",8620671,0.749257,0.027743,"outcome",TRUE,"reported","textfile",11,"8642218",0.001515663,9.89e-11,"Drinking",TRUE,"reported","Fv375e",2,TRUE,NA
"75","rs79616692","C","G","C","G",0.016302272,-0.0281528,0.108,0.124724,FALSE,TRUE,FALSE,"Ht8MRF",72304608,0.485235,0.0403389,"outcome",TRUE,"reported","textfile",16,"72338507",0.002350583,4.11e-12,"Drinking",TRUE,"reported","Fv375e",2,TRUE,NA
"76","rs823114","A","G","A","G",0.00876774,-0.00875355,0.553,0.578162,FALSE,FALSE,FALSE,"Ht8MRF",205750404,0.743659,0.0267684,"outcome",TRUE,"reported","textfile",1,"205719532",0.001467417,2.31e-09,"Drinking",TRUE,"reported","Fv375e",2,TRUE,NA
"77","rs828867","A","G","A","G",0.008757157,-0.0364877,0.545,0.624136,FALSE,FALSE,FALSE,"Ht8MRF",74107335,0.187684,0.0276955,"outcome",TRUE,"reported","textfile",2,"74334462",0.001463597,2.15e-09,"Drinking",TRUE,"reported","Fv375e",2,TRUE,NA
"78","rs9607814","A","C","A","C",-0.010181001,-0.0516977,0.2,0.23441,FALSE,FALSE,FALSE,"Ht8MRF",41550515,0.0964184,0.0310969,"outcome",TRUE,"reported","textfile",22,"41946519",0.001858788,4.31e-08,"Drinking",TRUE,"reported","Fv375e",2,TRUE,NA
"79","rs9838144","C","G","C","G",-0.009964223,0.0760803,0.209,0.215674,FALSE,TRUE,FALSE,"Ht8MRF",131857443,0.017961,0.0321499,"outcome",TRUE,"reported","textfile",3,"131576287",0.001792521,2.65e-08,"Drinking",TRUE,"reported","Fv375e",2,TRUE,NA
"80","rs9950000","T","C","T","C",-0.009117697,-0.00769157,0.395,0.374743,FALSE,FALSE,FALSE,"Ht8MRF",55384938,0.778553,0.0273521,"outcome",TRUE,"reported","textfile",18,"53052169",0.001490903,9.38e-10,"Drinking",TRUE,"reported","Fv375e",2,TRUE,NA
