"","SNP","effect_allele.exposure","other_allele.exposure","effect_allele.outcome","other_allele.outcome","beta.exposure","beta.outcome","eaf.exposure","eaf.outcome","remove","palindromic","ambiguous","id.outcome","pos.outcome","pval.outcome","se.outcome","outcome","mr_keep.outcome","pval_origin.outcome","data_source.outcome","chr.exposure","pos.exposure","se.exposure","pval.exposure","exposure","mr_keep.exposure","pval_origin.exposure","id.exposure","action","mr_keep","samplesize.outcome"
"1","rs10236149","G","A","G","A",-0.013498145,0.0235242,0.123,0.17812,FALSE,FALSE,FALSE,"shS90u",99379892,0.37759,0.0266611,"outcome",TRUE,"reported","textfile",7,"98977515",0.002219081,1.18e-09,"Drinking",TRUE,"reported","Fv375e",2,TRUE,NA
"2","rs10438820","T","C","T","C",0.008971778,-0.00387059,0.702,0.643085,FALSE,FALSE,FALSE,"shS90u",80550797,0.856392,0.0213882,"outcome",TRUE,"reported","textfile",17,"78524597",0.001593488,1.76e-08,"Drinking",TRUE,"reported","Fv375e",2,TRUE,NA
"3","rs10506274","T","G","T","G",-0.009037403,-0.0532178,0.484,0.447401,FALSE,FALSE,FALSE,"shS90u",81207685,0.00987575,0.0206259,"outcome",TRUE,"reported","textfile",12,"81601464",0.001458405,5.78e-10,"Drinking",TRUE,"reported","Fv375e",2,TRUE,NA
"4","rs10750025","T","C","T","C",0.010321447,0.0203185,0.686,0.835383,FALSE,FALSE,FALSE,"shS90u",113553320,0.458716,0.0274217,"outcome",TRUE,"reported","textfile",11,"113424042",0.001570358,4.89e-11,"Drinking",TRUE,"reported","Fv375e",2,TRUE,NA
"5","rs10753661","A","G","A","G",-0.008638128,0.000159653,0.684,0.692638,FALSE,FALSE,FALSE,"shS90u",165150555,0.994256,0.0221777,"outcome",TRUE,"reported","textfile",1,"165119792",0.001569272,3.76e-08,"Drinking",TRUE,"reported","Fv375e",2,TRUE,NA
"6","rs10876188","T","C","T","C",-0.007986853,0.0341477,0.457,0.514712,FALSE,FALSE,FALSE,"shS90u",51502098,0.0947567,0.0204377,"outcome",TRUE,"reported","textfile",12,"51895882",0.001463078,4.84e-08,"Drinking",TRUE,"reported","Fv375e",2,TRUE,NA
"7","rs10978550","C","T","C","T",-0.011748331,-0.0097978,0.206,0.236864,FALSE,FALSE,FALSE,"shS90u",106583712,0.684487,0.0241119,"outcome",TRUE,"reported","textfile",9,"109345993",0.001802112,7.15e-11,"Drinking",TRUE,"reported","Fv375e",2,TRUE,NA
"8","rs11030084","T","C","T","C",-0.010606819,-0.0197898,0.184,0.151835,FALSE,FALSE,FALSE,"shS90u",27622178,0.486701,0.0284514,"outcome",TRUE,"reported","textfile",11,"27643725",0.001880926,1.72e-08,"Drinking",TRUE,"reported","Fv375e",2,TRUE,NA
"9","rs1104608","C","G","C","G",-0.010974988,-0.0484403,0.425,0.422642,FALSE,TRUE,TRUE,"shS90u",73878689,0.0202969,0.0208721,"outcome",TRUE,"reported","textfile",16,"73912588",0.001475848,1.05e-13,"Drinking",TRUE,"reported","Fv375e",2,FALSE,NA
"10","rs1123285","G","C","G","C",-0.008897365,-0.00995772,0.335,0.342405,FALSE,TRUE,FALSE,"shS90u",56807801,0.644496,0.0215805,"outcome",TRUE,"reported","textfile",14,"57274519",0.00154416,8.14e-09,"Drinking",TRUE,"reported","Fv375e",2,TRUE,NA
"11","rs113443718","A","G","A","G",-0.010208258,0.0277023,0.305,0.314072,FALSE,FALSE,FALSE,"shS90u",29880863,0.213356,0.0222617,"outcome",TRUE,"reported","textfile",16,"29892184",0.001584629,1.19e-10,"Drinking",TRUE,"reported","Fv375e",2,TRUE,NA
"12","rs11625650","A","G","A","G",-0.009568091,-0.0335988,0.233,0.188853,FALSE,FALSE,FALSE,"shS90u",104143801,0.199226,0.0261722,"outcome",TRUE,"reported","textfile",14,"104610138",0.00172405,2.89e-08,"Drinking",TRUE,"reported","Fv375e",2,TRUE,NA
"13","rs11692435","A","G","A","G",0.017449894,-0.0832944,0.0852,0.233405,FALSE,FALSE,FALSE,"shS90u",97658891,0.00078242,0.0247978,"outcome",TRUE,"reported","textfile",2,"98275354",0.00261585,2.53e-11,"Drinking",TRUE,"reported","Fv375e",2,TRUE,NA
"14","rs11940694","G","A","G","A",0.025949908,0.00512076,0.597,0.646478,FALSE,FALSE,FALSE,"shS90u",39413373,0.811096,0.0214247,"outcome",TRUE,"reported","textfile",4,"39414993",0.001485887,3.03e-68,"Drinking",TRUE,"reported","Fv375e",2,TRUE,NA
"15","rs12088813","C","A","C","A",-0.009329047,0.00379947,0.267,0.239399,FALSE,FALSE,FALSE,"shS90u",65942017,0.873715,0.0239049,"outcome",TRUE,"reported","textfile",1,"66407700",0.001649158,1.58e-08,"Drinking",TRUE,"reported","Fv375e",2,TRUE,NA
"16","rs1217091","C","T","C","T",0.012160827,-0.00809251,0.812,0.819756,FALSE,FALSE,FALSE,"shS90u",63614841,0.761742,0.026691,"outcome",TRUE,"reported","textfile",8,"64527399",0.001865386,7.05e-11,"Drinking",TRUE,"reported","Fv375e",2,TRUE,NA
"17","rs1229984","C","T","C","T",0.150533575,-0.125169,0.963,0.994972,FALSE,FALSE,FALSE,"shS90u",99318162,0.39344,0.146672,"outcome",TRUE,"reported","textfile",4,"100239319",0.003861105,1e-200,"Drinking",TRUE,"reported","Fv375e",2,TRUE,NA
"18","rs1260326","C","T","C","T",0.020889835,0.0599923,0.601,0.650174,FALSE,FALSE,FALSE,"shS90u",27508073,0.00551938,0.0216185,"outcome",TRUE,"reported","textfile",2,"27730940",0.001488339,8.05e-45,"Drinking",TRUE,"reported","Fv375e",2,TRUE,NA
"19","rs12651313","G","C","G","C",-0.008642927,0.00693296,0.443,0.496233,FALSE,TRUE,TRUE,"shS90u",170165242,0.734697,0.0204582,"outcome",TRUE,"reported","textfile",4,"171086393",0.001467223,3.79e-09,"Drinking",TRUE,"reported","Fv375e",2,FALSE,NA
"20","rs12655091","A","G","A","G",-0.008312109,0.0189637,0.53,0.495155,FALSE,FALSE,FALSE,"shS90u",145032772,0.354679,0.0204891,"outcome",TRUE,"reported","textfile",5,"144412335",0.001460289,1.25e-08,"Drinking",TRUE,"reported","Fv375e",2,TRUE,NA
"21","rs12795042","C","A","C","A",-0.008319009,0.0302636,0.623,0.701854,FALSE,FALSE,FALSE,"shS90u",133788273,0.176846,0.0224087,"outcome",TRUE,"reported","textfile",11,"133658168",0.001503872,3.25e-08,"Drinking",TRUE,"reported","Fv375e",2,TRUE,NA
"22","rs12907323","G","A","G","A",0.008496596,-0.0123336,0.411,0.33398,FALSE,FALSE,FALSE,"shS90u",86252781,0.570171,0.0217218,"outcome",TRUE,"reported","textfile",15,"86796012",0.001481314,9.93e-09,"Drinking",TRUE,"reported","Fv375e",2,TRUE,NA
"23","rs13024996","A","C","A","C",-0.010912645,-0.0133879,0.364,0.325697,FALSE,FALSE,FALSE,"shS90u",143467646,0.538752,0.0217796,"outcome",TRUE,"reported","textfile",2,"144225215",0.001514769,5.72e-13,"Drinking",TRUE,"reported","Fv375e",2,TRUE,NA
"24","rs13032049","G","A","G","A",0.01019455,0.0101588,0.283,0.255658,FALSE,FALSE,FALSE,"shS90u",63354372,0.66452,0.0234247,"outcome",TRUE,"reported","textfile",2,"63581507",0.001617979,3e-10,"Drinking",TRUE,"reported","Fv375e",2,TRUE,NA
"25","rs13066454","T","C","T","C",-0.008775946,-0.0195841,0.398,0.428253,FALSE,FALSE,FALSE,"shS90u",94275411,0.342754,0.0206423,"outcome",TRUE,"reported","textfile",3,"93994255",0.001491956,4.13e-09,"Drinking",TRUE,"reported","Fv375e",2,TRUE,NA
"26","rs13094887","T","A","T","A",-0.010309671,-0.0139515,0.301,0.256482,FALSE,TRUE,FALSE,"shS90u",70919280,0.549627,0.0233179,"outcome",TRUE,"reported","textfile",3,"70968431",0.001588926,8.57e-11,"Drinking",TRUE,"reported","Fv375e",2,TRUE,NA
"27","rs13107325","T","C","T","C",-0.027504515,-0.140167,0.0722,0.0140466,FALSE,FALSE,FALSE,"shS90u",102267552,0.0997976,0.0851642,"outcome",TRUE,"reported","textfile",4,"103188709",0.002815982,1.53e-22,"Drinking",TRUE,"reported","Fv375e",2,TRUE,NA
"28","rs13250583","T","C","T","C",-0.009717545,-0.00878748,0.213,0.243438,FALSE,FALSE,FALSE,"shS90u",21092406,0.712518,0.0238482,"outcome",TRUE,"reported","textfile",8,"20949917",0.001780116,4.7e-08,"Drinking",TRUE,"reported","Fv375e",2,TRUE,NA
"29","rs13383034","T","C","T","C",0.014926977,-0.0236317,0.329,0.397168,FALSE,FALSE,FALSE,"shS90u",44928137,0.259638,0.0209641,"outcome",TRUE,"reported","textfile",2,"45155276",0.001551195,6.31e-22,"Drinking",TRUE,"reported","Fv375e",2,TRUE,NA
"30","rs1713676","G","A","G","A",-0.007991984,-0.0071661,0.522454,0.559722,FALSE,FALSE,FALSE,"shS90u",113789854,0.728335,0.0206313,"outcome",TRUE,"reported","textfile",11,"113660576",0.00145913,4.29e-08,"Drinking",TRUE,"reported","Fv375e",2,TRUE,NA
"31","rs17177078","T","C","T","C",-0.02231549,0.0265374,0.0626,0.0687922,FALSE,FALSE,FALSE,"shS90u",24799360,0.512589,0.0405266,"outcome",TRUE,"reported","textfile",16,"24810681",0.003011759,1.27e-13,"Drinking",TRUE,"reported","Fv375e",2,TRUE,NA
"32","rs17665139","T","C","T","C",-0.011560138,0.0196029,0.149,0.135597,FALSE,FALSE,FALSE,"shS90u",123334364,0.511114,0.0298323,"outcome",TRUE,"reported","textfile",10,"125093880",0.002046764,1.59e-08,"Drinking",TRUE,"reported","Fv375e",2,TRUE,NA
"33","rs2011092","C","T","C","T",-0.008900405,0.061443,0.338643,0.372641,FALSE,FALSE,FALSE,"shS90u",141405765,0.00347128,0.0210234,"outcome",TRUE,"reported","textfile",3,"141124607",0.001540056,7.35e-09,"Drinking",TRUE,"reported","Fv375e",2,TRUE,NA
"34","rs2165670","A","G","A","G",0.02308038,0.0407226,0.106337,0.140215,FALSE,FALSE,FALSE,"shS90u",99364928,0.171419,0.0297754,"outcome",TRUE,"reported","textfile",4,"100286085",0.002364267,1.67e-22,"Drinking",TRUE,"reported","Fv375e",2,TRUE,NA
"35","rs2180870","C","T","C","T",-0.012177537,0.0221064,0.135,0.104002,FALSE,FALSE,FALSE,"shS90u",58316061,0.50925,0.0334942,"outcome",TRUE,"reported","textfile",14,"58782779",0.002132803,1.12e-08,"Drinking",TRUE,"reported","Fv375e",2,TRUE,NA
"36","rs2472297","T","C","T","C",0.010606047,-0.00041989,0.249,0.248137,FALSE,FALSE,FALSE,"shS90u",74735539,0.985848,0.0236722,"outcome",TRUE,"reported","textfile",15,"75027880",0.001685411,3.1e-10,"Drinking",TRUE,"reported","Fv375e",2,TRUE,NA
"37","rs2532276","A","C","A","C",-0.021800138,-0.0518352,0.215,0.0834648,FALSE,FALSE,FALSE,"shS90u",46169258,0.157406,0.0366624,"outcome",TRUE,"reported","textfile",17,"44246624",0.002558533,1.62e-17,"Drinking",TRUE,"reported","Fv375e",2,TRUE,NA
"38","rs2764771","A","G","A","G",0.009890596,0.0131138,0.307,0.387231,FALSE,FALSE,FALSE,"shS90u",20002471,0.536116,0.0211959,"outcome",TRUE,"reported","textfile",16,"20013793",0.001581736,4.02e-10,"Drinking",TRUE,"reported","Fv375e",2,TRUE,NA
"39","rs281379","A","G","A","G",0.013722336,0.0213506,0.508,0.408801,FALSE,FALSE,FALSE,"shS90u",48711017,0.304024,0.0207722,"outcome",TRUE,"reported","textfile",19,"49214274",0.001457844,4.91e-21,"Drinking",TRUE,"reported","Fv375e",2,TRUE,NA
"40","rs2854334","G","A","G","A",0.009220984,-0.00186375,0.615,0.600205,FALSE,FALSE,FALSE,"shS90u",31388482,0.928931,0.0208964,"outcome",TRUE,"reported","textfile",17,"29715500",0.001497813,7.51e-10,"Drinking",TRUE,"reported","Fv375e",2,TRUE,NA
"41","rs28601761","G","C","G","C",0.009102878,-0.0237592,0.42,0.411914,FALSE,TRUE,FALSE,"shS90u",125487789,0.252374,0.0207576,"outcome",TRUE,"reported","textfile",8,"126500031",0.001476682,7.17e-10,"Drinking",TRUE,"reported","Fv375e",2,TRUE,NA
"42","rs28680958","A","G","A","G",-0.010996457,0.0147259,0.217,0.195144,FALSE,FALSE,FALSE,"shS90u",173879670,0.566663,0.0257008,"outcome",TRUE,"reported","textfile",1,"173848808",0.001769942,5.13e-10,"Drinking",TRUE,"reported","Fv375e",2,TRUE,NA
"43","rs28929474","T","C","T","C",-0.036799624,-0.0766044,0.0183,0.0196976,FALSE,FALSE,FALSE,"shS90u",94378610,0.296721,0.0734118,"outcome",TRUE,"reported","textfile",14,"94844947",0.005437642,1.34e-11,"Drinking",TRUE,"reported","Fv375e",2,TRUE,NA
"44","rs35034355","A","G","A","G",-0.008096817,-0.0147098,0.521,0.488433,FALSE,FALSE,FALSE,"shS90u",104199667,0.472358,0.0204687,"outcome",TRUE,"reported","textfile",7,"103840115",0.001458945,2.87e-08,"Drinking",TRUE,"reported","Fv375e",2,TRUE,NA
"45","rs36052336","G","A","G","A",-0.018428809,0.0098717,0.061496,0.0656641,FALSE,FALSE,FALSE,"shS90u",99352437,0.810363,0.0411394,"outcome",TRUE,"reported","textfile",4,"100273594",0.00303378,1.23e-09,"Drinking",TRUE,"reported","Fv375e",2,TRUE,NA
"46","rs3748034","T","G","T","G",-0.011740341,-0.0113404,0.143,0.126081,FALSE,FALSE,FALSE,"shS90u",3444364,0.715543,0.031119,"outcome",TRUE,"reported","textfile",4,"3446091",0.002081935,1.67e-08,"Drinking",TRUE,"reported","Fv375e",2,TRUE,NA
"47","rs3803800","G","A","G","A",0.011378876,0.00926321,0.786,0.75505,FALSE,FALSE,FALSE,"shS90u",7559652,0.697309,0.0238156,"outcome",TRUE,"reported","textfile",17,"7462969",0.001777082,1.5e-10,"Drinking",TRUE,"reported","Fv375e",2,TRUE,NA
"48","rs3809162","G","A","G","A",0.009060925,0.0126604,0.397,0.477217,FALSE,FALSE,FALSE,"shS90u",54280451,0.541544,0.0207384,"outcome",TRUE,"reported","textfile",12,"54674235",0.001489607,1.19e-09,"Drinking",TRUE,"reported","Fv375e",2,TRUE,NA
"49","rs4092465","G","A","G","A",-0.008291878,0.0140418,0.635,0.623862,FALSE,FALSE,FALSE,"shS90u",57413205,0.509967,0.0213114,"outcome",TRUE,"reported","textfile",18,"55080437",0.001513883,4.39e-08,"Drinking",TRUE,"reported","Fv375e",2,TRUE,NA
"50","rs4548913","A","G","A","G",-0.008359953,-0.0165574,0.632,0.613308,FALSE,FALSE,FALSE,"shS90u",2306594,0.428799,0.0209257,"outcome",TRUE,"reported","textfile",17,"2209888",0.001511274,3.11e-08,"Drinking",TRUE,"reported","Fv375e",2,TRUE,NA
"51","rs4690727","G","C","G","C",0.010816985,-0.0547973,0.718,0.744657,FALSE,TRUE,FALSE,"shS90u",142727426,0.0194057,0.0234413,"outcome",TRUE,"reported","textfile",4,"143648579",0.001619716,2.43e-11,"Drinking",TRUE,"reported","Fv375e",2,TRUE,NA
"52","rs4699791","A","G","A","G",0.018570721,-0.0686343,0.095726,0.130569,FALSE,FALSE,FALSE,"shS90u",100321866,0.0248496,0.0305893,"outcome",TRUE,"reported","textfile",4,"101243023",0.002477197,6.58e-14,"Drinking",TRUE,"reported","Fv375e",2,TRUE,NA
"53","rs4815364","A","G","A","G",0.008582356,-0.0126416,0.616,0.656293,FALSE,FALSE,FALSE,"shS90u",25055075,0.559679,0.0216719,"outcome",TRUE,"reported","textfile",20,"25035711",0.001498544,1.02e-08,"Drinking",TRUE,"reported","Fv375e",2,TRUE,NA
"54","rs4916723","C","A","C","A",-0.009952257,0.0238219,0.416,0.466999,FALSE,FALSE,FALSE,"shS90u",88558577,0.245397,0.0205077,"outcome",TRUE,"reported","textfile",5,"87854395",0.001478674,1.72e-11,"Drinking",TRUE,"reported","Fv375e",2,TRUE,NA
"55","rs4938230","A","C","A","C",0.012810377,0.00793853,0.842,0.823109,FALSE,FALSE,FALSE,"shS90u",116204284,0.768021,0.0269134,"outcome",TRUE,"reported","textfile",11,"116075001",0.001998209,1.48e-10,"Drinking",TRUE,"reported","Fv375e",2,TRUE,NA
"56","rs500321","T","A","T","A",-0.009669361,-0.00809557,0.736,0.759806,FALSE,TRUE,FALSE,"shS90u",26550223,0.733772,0.0238027,"outcome",TRUE,"reported","textfile",13,"27124360",0.001653426,4.92e-09,"Drinking",TRUE,"reported","Fv375e",2,TRUE,NA
"57","rs5024204","T","A","T","A",0.009702711,-0.0170115,0.278,0.263948,FALSE,TRUE,FALSE,"shS90u",71026207,0.462642,0.0231605,"outcome",TRUE,"reported","textfile",1,"71491890",0.001628467,2.55e-09,"Drinking",TRUE,"reported","Fv375e",2,TRUE,NA
"58","rs55872084","T","G","T","G",0.009978744,0.0209705,0.235,0.160466,FALSE,FALSE,FALSE,"shS90u",156474993,0.449953,0.0277574,"outcome",TRUE,"reported","textfile",5,"155902003",0.001718941,6.32e-09,"Drinking",TRUE,"reported","Fv375e",2,TRUE,NA
"59","rs55932213","G","A","G","A",0.009488271,-0.0111239,0.736387,0.730122,FALSE,FALSE,FALSE,"shS90u",105993341,0.630197,0.0231049,"outcome",TRUE,"reported","textfile",9,"108755622",0.001654204,9.55e-09,"Drinking",TRUE,"reported","Fv375e",2,TRUE,NA
"60","rs56030824","A","G","A","G",-0.011601888,-0.0137844,0.322,0.312695,FALSE,FALSE,FALSE,"shS90u",47375802,0.53168,0.0220393,"outcome",TRUE,"reported","textfile",11,"47397353",0.001562978,1.15e-13,"Drinking",TRUE,"reported","Fv375e",2,TRUE,NA
"61","rs56337305","C","T","C","T",-0.009588381,0.0139303,0.383,0.336314,FALSE,FALSE,FALSE,"shS90u",224610843,0.521799,0.0217465,"outcome",TRUE,"reported","textfile",2,"225475560",0.001499283,1.63e-10,"Drinking",TRUE,"reported","Fv375e",2,TRUE,NA
"62","rs58107686","A","C","A","C",-0.009747126,-0.0159291,0.328,0.336458,FALSE,FALSE,FALSE,"shS90u",33371733,0.461183,0.0216164,"outcome",TRUE,"reported","textfile",1,"33837334",0.00158537,7.79e-10,"Drinking",TRUE,"reported","Fv375e",2,TRUE,NA
"63","rs62044525","G","C","G","C",-0.01217318,-0.0142982,0.184,0.137533,FALSE,TRUE,FALSE,"shS90u",64838687,0.631238,0.0297888,"outcome",TRUE,"reported","textfile",16,"64872590",0.001882851,1.03e-10,"Drinking",TRUE,"reported","Fv375e",2,TRUE,NA
"64","rs62250685","G","A","G","A",-0.014357061,0.00774081,0.614,0.708471,FALSE,FALSE,FALSE,"shS90u",85408090,0.731067,0.0225216,"outcome",TRUE,"reported","textfile",3,"85457240",0.001500092,1.05e-21,"Drinking",TRUE,"reported","Fv375e",2,TRUE,NA
"65","rs6460047","C","T","C","T",0.011623538,0.0689915,0.208,0.169071,FALSE,FALSE,FALSE,"shS90u",73628113,0.0113572,0.0272531,"outcome",TRUE,"reported","textfile",7,"73042443",0.00179569,9.69e-11,"Drinking",TRUE,"reported","Fv375e",2,TRUE,NA
"66","rs6787172","G","T","G","T",-0.008030894,0.0120884,0.554,0.516004,FALSE,FALSE,FALSE,"shS90u",158470022,0.554471,0.0204516,"outcome",TRUE,"reported","textfile",3,"158187811",0.001466234,4.27e-08,"Drinking",TRUE,"reported","Fv375e",2,TRUE,NA
"67","rs682011","C","T","C","T",0.008212447,0.0320553,0.559,0.59959,FALSE,FALSE,FALSE,"shS90u",121673577,0.125573,0.0209266,"outcome",TRUE,"reported","textfile",11,"121544285",0.001467913,2.22e-08,"Drinking",TRUE,"reported","Fv375e",2,TRUE,NA
"68","rs705687","G","A","G","A",-0.010904017,0.0400967,0.785,0.828832,FALSE,FALSE,FALSE,"shS90u",4488393,0.139555,0.0271391,"outcome",TRUE,"reported","textfile",1,"4548453",0.001775889,8.15e-10,"Drinking",TRUE,"reported","Fv375e",2,TRUE,NA
"69","rs7074871","A","G","A","G",-0.00939985,0.00911477,0.255,0.233061,FALSE,FALSE,FALSE,"shS90u",108748048,0.707731,0.0243122,"outcome",TRUE,"reported","textfile",10,"110507806",0.001672158,1.86e-08,"Drinking",TRUE,"reported","Fv375e",2,TRUE,NA
"70","rs7185555","C","G","C","G",-0.011100514,0.00595161,0.153,0.123711,FALSE,TRUE,FALSE,"shS90u",69097378,0.847766,0.0310028,"outcome",TRUE,"reported","textfile",16,"69131281",0.002026667,4.24e-08,"Drinking",TRUE,"reported","Fv375e",2,TRUE,NA
"71","rs72859280","T","G","T","G",0.022885324,0.0430372,0.0362,0.0471238,FALSE,FALSE,FALSE,"shS90u",147198725,0.376252,0.0486394,"outcome",TRUE,"reported","textfile",2,"147956293",0.003901915,4.44e-09,"Drinking",TRUE,"reported","Fv375e",2,TRUE,NA
"72","rs77165542","T","C","T","C",-0.026010899,0.0699384,0.0349,0.0171765,FALSE,FALSE,FALSE,"shS90u",430975,0.371253,0.0782196,"outcome",TRUE,"reported","textfile",2,"430975",0.003971245,5.63e-11,"Drinking",TRUE,"reported","Fv375e",2,TRUE,NA
"73","rs79139602","T","A","T","A",0.06027231,-0.0443813,0.021061,0.0154245,FALSE,TRUE,FALSE,"shS90u",99523206,0.590606,0.0824996,"outcome",TRUE,"reported","textfile",4,"100444363",0.005075844,1.8e-32,"Drinking",TRUE,"reported","Fv375e",2,TRUE,NA
"74","rs7950166","T","C","T","C",-0.009799202,0.0109604,0.637,0.649986,FALSE,FALSE,FALSE,"shS90u",8620671,0.608911,0.0214227,"outcome",TRUE,"reported","textfile",11,"8642218",0.001515663,9.89e-11,"Drinking",TRUE,"reported","Fv375e",2,TRUE,NA
"75","rs79616692","C","G","C","G",0.016302272,-0.0152191,0.108,0.124706,FALSE,TRUE,FALSE,"shS90u",72304608,0.62571,0.0312011,"outcome",TRUE,"reported","textfile",16,"72338507",0.002350583,4.11e-12,"Drinking",TRUE,"reported","Fv375e",2,TRUE,NA
"76","rs823114","A","G","A","G",0.00876774,-0.0424777,0.553,0.578031,FALSE,FALSE,FALSE,"shS90u",205750404,0.040465,0.0207313,"outcome",TRUE,"reported","textfile",1,"205719532",0.001467417,2.31e-09,"Drinking",TRUE,"reported","Fv375e",2,TRUE,NA
"77","rs828867","A","G","A","G",0.008757157,-0.0217765,0.545,0.624193,FALSE,FALSE,FALSE,"shS90u",74107335,0.309274,0.0214178,"outcome",TRUE,"reported","textfile",2,"74334462",0.001463597,2.15e-09,"Drinking",TRUE,"reported","Fv375e",2,TRUE,NA
"78","rs9607814","A","C","A","C",-0.010181001,-0.0272888,0.2,0.234319,FALSE,FALSE,FALSE,"shS90u",41550515,0.258762,0.0241639,"outcome",TRUE,"reported","textfile",22,"41946519",0.001858788,4.31e-08,"Drinking",TRUE,"reported","Fv375e",2,TRUE,NA
"79","rs9838144","C","G","C","G",-0.009964223,0.0181699,0.209,0.215794,FALSE,TRUE,FALSE,"shS90u",131857443,0.467952,0.0250337,"outcome",TRUE,"reported","textfile",3,"131576287",0.001792521,2.65e-08,"Drinking",TRUE,"reported","Fv375e",2,TRUE,NA
"80","rs9950000","T","C","T","C",-0.009117697,0.018448,0.395,0.37467,FALSE,FALSE,FALSE,"shS90u",55384938,0.384037,0.0211928,"outcome",TRUE,"reported","textfile",18,"53052169",0.001490903,9.38e-10,"Drinking",TRUE,"reported","Fv375e",2,TRUE,NA
