"","SNP","effect_allele.exposure","other_allele.exposure","effect_allele.outcome","other_allele.outcome","beta.exposure","beta.outcome","eaf.exposure","eaf.outcome","remove","palindromic","ambiguous","id.outcome","pos.outcome","pval.outcome","se.outcome","outcome","mr_keep.outcome","pval_origin.outcome","data_source.outcome","chr.exposure","pos.exposure","se.exposure","pval.exposure","exposure","mr_keep.exposure","pval_origin.exposure","id.exposure","action","mr_keep","samplesize.outcome"
"1","rs10052591","T","C","T","C",0.012,-0.0592278,0.573,0.588452,FALSE,FALSE,FALSE,"6rSl3x",51516904,0.351223,0.0635342,"outcome",TRUE,"reported","textfile",5,"50812738",0.002,2.1e-09,"SmoIndex",TRUE,"reported","142sG9",2,TRUE,NA
"2","rs10226228","A","G","A","G",-0.016,0.0183322,0.63,0.713582,FALSE,FALSE,FALSE,"6rSl3x",32276001,0.791511,0.0693481,"outcome",TRUE,"reported","textfile",7,"32315613",0.002,2e-15,"SmoIndex",TRUE,"reported","142sG9",2,TRUE,NA
"3","rs10282292","C","T","C","T",0.013,0.159336,0.362,0.373709,FALSE,FALSE,FALSE,"6rSl3x",111452422,0.0137401,0.0646658,"outcome",TRUE,"reported","textfile",7,"111092478",0.002,5.9e-10,"SmoIndex",TRUE,"reported","142sG9",2,TRUE,NA
"4","rs1050847","C","T","C","T",0.011,-0.0632947,0.426,0.492193,FALSE,FALSE,FALSE,"6rSl3x",87410128,0.312715,0.0626966,"outcome",TRUE,"reported","textfile",16,"87443734",0.002,1.4e-08,"SmoIndex",TRUE,"reported","142sG9",2,TRUE,NA
"5","rs10823968","A","T","A","T",0.012,-0.0547004,0.633,0.522959,FALSE,TRUE,TRUE,"6rSl3x",72978511,0.384599,0.0629134,"outcome",TRUE,"reported","textfile",10,"74738269",0.002,2.1e-08,"SmoIndex",TRUE,"reported","142sG9",2,FALSE,NA
"6","rs10879871","T","G","T","G",-0.014,0.00908725,0.343,0.35126,FALSE,FALSE,FALSE,"6rSl3x",74986731,0.88933,0.0653043,"outcome",TRUE,"reported","textfile",12,"75380511",0.002,5e-11,"SmoIndex",TRUE,"reported","142sG9",2,TRUE,NA
"7","rs10918701","G","A","G","A",0.012,0.0312126,0.372,0.367071,FALSE,FALSE,FALSE,"6rSl3x",162120746,0.630072,0.0648068,"outcome",TRUE,"reported","textfile",1,"162090536",0.002,2.1e-08,"SmoIndex",TRUE,"reported","142sG9",2,TRUE,NA
"8","rs10922907","A","T","A","T",0.015,-0.0752318,0.451,0.382584,FALSE,TRUE,TRUE,"6rSl3x",90727492,0.244117,0.0645901,"outcome",TRUE,"reported","textfile",1,"91193049",0.002,3e-13,"SmoIndex",TRUE,"reported","142sG9",2,FALSE,NA
"9","rs11210229","A","G","A","G",0.017,0.0372206,0.384,0.373555,FALSE,FALSE,FALSE,"6rSl3x",73394345,0.563344,0.0644089,"outcome",TRUE,"reported","textfile",1,"73860028",0.002,2e-16,"SmoIndex",TRUE,"reported","142sG9",2,TRUE,NA
"10","rs112282219","G","A","G","A",-0.033,0.135737,0.959,0.9738135,FALSE,FALSE,FALSE,"6rSl3x",46611259,0.492244,0.197652,"outcome",TRUE,"reported","textfile",11,"46632809",0.005,3.8e-11,"SmoIndex",TRUE,"reported","142sG9",2,TRUE,NA
"11","rs11255908","T","G","T","G",-0.015,0.00928401,0.743,0.839907,FALSE,FALSE,FALSE,"6rSl3x",8760949,0.913638,0.0856054,"outcome",TRUE,"reported","textfile",10,"8802912",0.002,2.3e-10,"SmoIndex",TRUE,"reported","142sG9",2,TRUE,NA
"12","rs113382419","C","A","C","A",-0.041,-0.197207,0.889,0.9673706,FALSE,FALSE,FALSE,"6rSl3x",133597897,0.254634,0.173115,"outcome",TRUE,"reported","textfile",9,"136463019",0.003,3e-37,"SmoIndex",TRUE,"reported","142sG9",2,TRUE,NA
"13","rs11783093","C","T","C","T",0.023,-0.0198002,0.839,0.875704,FALSE,FALSE,FALSE,"6rSl3x",27567832,0.834944,0.0950263,"outcome",TRUE,"reported","textfile",8,"27425349",0.003,1.2e-16,"SmoIndex",TRUE,"reported","142sG9",2,TRUE,NA
"14","rs11861214","G","T","G","T",0.014,0.144899,0.784,0.659712,FALSE,FALSE,FALSE,"6rSl3x",696611,0.0288868,0.0663145,"outcome",TRUE,"reported","textfile",16,"746611",0.002,2e-08,"SmoIndex",TRUE,"reported","142sG9",2,TRUE,NA
"15","rs1193237","G","C","G","C",-0.011,-0.0131522,0.439,0.472018,FALSE,TRUE,TRUE,"6rSl3x",7466426,0.833117,0.0624198,"outcome",TRUE,"reported","textfile",1,"7526486",0.002,2.8e-08,"SmoIndex",TRUE,"reported","142sG9",2,FALSE,NA
"16","rs11948770","T","C","T","C",-0.015,-0.114863,0.768,0.732662,FALSE,FALSE,FALSE,"6rSl3x",13246224,0.104523,0.0707582,"outcome",TRUE,"reported","textfile",5,"13246336",0.002,4.9e-10,"SmoIndex",TRUE,"reported","142sG9",2,TRUE,NA
"17","rs12202536","A","G","A","G",-0.012,0.0988901,0.513,0.539364,FALSE,FALSE,FALSE,"6rSl3x",66765380,0.114087,0.0625852,"outcome",TRUE,"reported","textfile",6,"67475273",0.002,2.8e-09,"SmoIndex",TRUE,"reported","142sG9",2,TRUE,NA
"18","rs1221148","C","G","C","G",0.013,0.0459469,0.587,0.589155,FALSE,TRUE,FALSE,"6rSl3x",119284597,0.468969,0.0634488,"outcome",TRUE,"reported","textfile",9,"122046875",0.002,7.3e-11,"SmoIndex",TRUE,"reported","142sG9",2,TRUE,NA
"19","rs1246265","T","C","T","C",-0.013,-0.0568121,0.305,0.281734,FALSE,FALSE,FALSE,"6rSl3x",84146830,0.412631,0.0693446,"outcome",TRUE,"reported","textfile",9,"86761745",0.002,4.2e-09,"SmoIndex",TRUE,"reported","142sG9",2,TRUE,NA
"20","rs12481282","G","C","G","C",-0.013,-0.0234913,0.722,0.725497,FALSE,TRUE,FALSE,"6rSl3x",46132738,0.73788,0.0701945,"outcome",TRUE,"reported","textfile",20,"44761377",0.002,7.8e-09,"SmoIndex",TRUE,"reported","142sG9",2,TRUE,NA
"21","rs12623702","A","G","A","G",-0.014,0.0104269,0.613,0.533737,FALSE,FALSE,FALSE,"6rSl3x",202020783,0.868328,0.062895,"outcome",TRUE,"reported","textfile",2,"202885506",0.002,7.7e-12,"SmoIndex",TRUE,"reported","142sG9",2,TRUE,NA
"22","rs12708665","A","G","A","G",-0.013,0.0289192,0.285,0.273295,FALSE,FALSE,FALSE,"6rSl3x",24716906,0.680306,0.0701844,"outcome",TRUE,"reported","textfile",16,"24728227",0.002,3.5e-09,"SmoIndex",TRUE,"reported","142sG9",2,TRUE,NA
"23","rs12831617","C","T","C","T",-0.013,0.00395442,0.764,0.83601,FALSE,FALSE,FALSE,"6rSl3x",84364589,0.962704,0.0845665,"outcome",TRUE,"reported","textfile",12,"84758368",0.002,1.9e-08,"SmoIndex",TRUE,"reported","142sG9",2,TRUE,NA
"24","rs12967855","A","G","A","G",0.012,0.0697785,0.331,0.26695,FALSE,FALSE,FALSE,"6rSl3x",37558282,0.323054,0.0706116,"outcome",TRUE,"reported","textfile",18,"35138245",0.002,3.1e-08,"SmoIndex",TRUE,"reported","142sG9",2,TRUE,NA
"25","rs13009008","A","G","A","G",0.012,0.219855,0.328,0.37598,FALSE,FALSE,FALSE,"6rSl3x",173178505,0.000385798,0.0619376,"outcome",TRUE,"reported","textfile",2,"174043233",0.002,4.6e-09,"SmoIndex",TRUE,"reported","142sG9",2,TRUE,NA
"26","rs13016665","C","A","C","A",-0.012,0.0229487,0.577,0.526115,FALSE,FALSE,FALSE,"6rSl3x",57768213,0.714166,0.0626558,"outcome",TRUE,"reported","textfile",2,"57995348",0.002,1.8e-09,"SmoIndex",TRUE,"reported","142sG9",2,TRUE,NA
"27","rs13153393","A","G","A","G",-0.02,0.0277476,0.884,0.9068587,FALSE,FALSE,FALSE,"6rSl3x",168177208,0.797319,0.108044,"outcome",TRUE,"reported","textfile",5,"167604213",0.003,2.5e-10,"SmoIndex",TRUE,"reported","142sG9",2,TRUE,NA
"28","rs13296519","G","T","G","T",-0.014,-0.0702749,0.606,0.619616,FALSE,FALSE,FALSE,"6rSl3x",125709645,0.274436,0.0643011,"outcome",TRUE,"reported","textfile",9,"128471924",0.002,8.1e-12,"SmoIndex",TRUE,"reported","142sG9",2,TRUE,NA
"29","rs136233","A","G","A","G",-0.014,0.0449232,0.809,0.828208,FALSE,FALSE,FALSE,"6rSl3x",30816423,0.587979,0.08292,"outcome",TRUE,"reported","textfile",22,"31212410",0.003,1.8e-08,"SmoIndex",TRUE,"reported","142sG9",2,TRUE,NA
"30","rs147412694","G","A","G","A",-0.017,0.0784247,0.85,0.867965,FALSE,FALSE,FALSE,"6rSl3x",39330860,0.39781,0.0927512,"outcome",TRUE,"reported","textfile",21,"40702786",0.003,2.9e-09,"SmoIndex",TRUE,"reported","142sG9",2,TRUE,NA
"31","rs17309874","G","A","G","A",-0.016,-0.137575,0.74,0.722112,FALSE,FALSE,FALSE,"6rSl3x",27645689,0.0476881,0.0694773,"outcome",TRUE,"reported","textfile",11,"27667236",0.002,9.7e-13,"SmoIndex",TRUE,"reported","142sG9",2,TRUE,NA
"32","rs17553262","A","C","A","C",-0.018,0.0368436,0.885,0.9299748,FALSE,FALSE,FALSE,"6rSl3x",91153016,0.762888,0.122124,"outcome",TRUE,"reported","textfile",10,"92912773",0.003,5.3e-09,"SmoIndex",TRUE,"reported","142sG9",2,TRUE,NA
"33","rs17576594","G","A","G","A",0.016,-0.0208179,0.724,0.710971,FALSE,FALSE,FALSE,"6rSl3x",147031089,0.762502,0.0688884,"outcome",TRUE,"reported","textfile",4,"147952241",0.002,1.7e-12,"SmoIndex",TRUE,"reported","142sG9",2,TRUE,NA
"34","rs1922018","C","T","C","T",0.014,-0.0146435,0.364,0.328692,FALSE,FALSE,FALSE,"6rSl3x",3520769,0.825536,0.0664315,"outcome",TRUE,"reported","textfile",7,"3560401",0.002,3e-12,"SmoIndex",TRUE,"reported","142sG9",2,TRUE,NA
"35","rs1931263","G","T","G","T",-0.011,-0.0305881,0.51,0.575047,FALSE,FALSE,FALSE,"6rSl3x",95709545,0.627938,0.0631163,"outcome",TRUE,"reported","textfile",1,"96175101",0.002,4e-08,"SmoIndex",TRUE,"reported","142sG9",2,TRUE,NA
"36","rs1933270","T","G","T","G",0.013,0.0190619,0.364,0.398762,FALSE,FALSE,FALSE,"6rSl3x",49512293,0.766205,0.0641076,"outcome",TRUE,"reported","textfile",1,"49977965",0.002,1.5e-10,"SmoIndex",TRUE,"reported","142sG9",2,TRUE,NA
"37","rs202645","A","G","A","G",-0.015,0.0305616,0.203,0.234601,FALSE,FALSE,FALSE,"6rSl3x",41402516,0.677593,0.0735096,"outcome",TRUE,"reported","textfile",22,"41798520",0.002,3.9e-09,"SmoIndex",TRUE,"reported","142sG9",2,TRUE,NA
"38","rs2062882","G","A","G","A",-0.012,0.0447491,0.587,0.556105,FALSE,FALSE,FALSE,"6rSl3x",90827348,0.476344,0.0628326,"outcome",TRUE,"reported","textfile",8,"91839576",0.002,1.1e-08,"SmoIndex",TRUE,"reported","142sG9",2,TRUE,NA
"39","rs2080870","A","T","A","T",0.012,0.0938153,0.258,0.245275,FALSE,TRUE,FALSE,"6rSl3x",61092486,0.195772,0.0725176,"outcome",TRUE,"reported","textfile",5,"60388313",0.002,4.9e-08,"SmoIndex",TRUE,"reported","142sG9",2,TRUE,NA
"40","rs2254710","C","A","C","A",0.013,0.00825572,0.236,0.331048,FALSE,FALSE,FALSE,"6rSl3x",37509224,0.901065,0.066409,"outcome",TRUE,"reported","textfile",6,"37477000",0.002,3.5e-08,"SmoIndex",TRUE,"reported","142sG9",2,TRUE,NA
"41","rs2401924","G","C","G","C",0.015,0.154358,0.502,0.574281,FALSE,TRUE,TRUE,"6rSl3x",115417808,0.0146565,0.0632416,"outcome",TRUE,"reported","textfile",7,"115057862",0.002,2.7e-14,"SmoIndex",TRUE,"reported","142sG9",2,FALSE,NA
"42","rs245774","A","G","A","G",-0.013,0.0325673,0.272,0.324187,FALSE,FALSE,FALSE,"6rSl3x",171103926,0.625345,0.0666969,"outcome",TRUE,"reported","textfile",5,"170530930",0.002,7.4e-09,"SmoIndex",TRUE,"reported","142sG9",2,TRUE,NA
"43","rs2675638","G","A","G","A",0.012,-0.0692736,0.581,0.617222,FALSE,FALSE,FALSE,"6rSl3x",61816528,0.282181,0.0644146,"outcome",TRUE,"reported","textfile",10,"63576286",0.002,1.3e-09,"SmoIndex",TRUE,"reported","142sG9",2,TRUE,NA
"44","rs2678670","A","T","A","T",0.013,-0.0283525,0.486,0.473086,FALSE,TRUE,TRUE,"6rSl3x",103853106,0.650435,0.0625665,"outcome",TRUE,"reported","textfile",2,"104469564",0.002,3.1e-10,"SmoIndex",TRUE,"reported","142sG9",2,FALSE,NA
"45","rs2838834","C","T","C","T",-0.013,-0.00600691,0.699,0.746547,FALSE,FALSE,FALSE,"6rSl3x",45245293,0.933395,0.0718749,"outcome",TRUE,"reported","textfile",21,"46665208",0.002,6.3e-10,"SmoIndex",TRUE,"reported","142sG9",2,TRUE,NA
"46","rs28485305","C","T","C","T",0.012,-0.0219982,0.631,0.62191,FALSE,FALSE,FALSE,"6rSl3x",73751856,0.733164,0.064526,"outcome",TRUE,"reported","textfile",15,"74044197",0.002,2.6e-08,"SmoIndex",TRUE,"reported","142sG9",2,TRUE,NA
"47","rs2867112","T","G","T","G",0.021,0.0992202,0.835,0.836907,FALSE,FALSE,FALSE,"6rSl3x",651349,0.240527,0.0845384,"outcome",TRUE,"reported","textfile",2,"651349",0.003,4.8e-15,"SmoIndex",TRUE,"reported","142sG9",2,TRUE,NA
"48","rs2890772","G","T","G","T",-0.02,-0.0612812,0.413,0.248684,FALSE,FALSE,FALSE,"6rSl3x",145417538,0.399227,0.072694,"outcome",TRUE,"reported","textfile",2,"146175106",0.002,2.1e-22,"SmoIndex",TRUE,"reported","142sG9",2,TRUE,NA
"49","rs2894808","T","A","T","A",-0.022,-0.134366,0.922,0.9429565,FALSE,TRUE,FALSE,"6rSl3x",52997192,0.321764,0.135608,"outcome",TRUE,"reported","textfile",6,"52861990",0.004,3.5e-09,"SmoIndex",TRUE,"reported","142sG9",2,TRUE,NA
"50","rs317021","T","A","T","A",-0.017,-0.0409628,0.814,0.809786,FALSE,TRUE,FALSE,"6rSl3x",35416746,0.606634,0.0795574,"outcome",TRUE,"reported","textfile",4,"35418368",0.003,1.1e-10,"SmoIndex",TRUE,"reported","142sG9",2,TRUE,NA
"51","rs326341","G","A","G","A",0.014,-0.0193698,0.525,0.553433,FALSE,FALSE,FALSE,"6rSl3x",108092295,0.757469,0.0627252,"outcome",TRUE,"reported","textfile",3,"107811142",0.002,1.2e-11,"SmoIndex",TRUE,"reported","142sG9",2,TRUE,NA
"52","rs329120","C","T","C","T",0.014,0.0369932,0.581,0.575521,FALSE,FALSE,FALSE,"6rSl3x",134526066,0.557897,0.0631318,"outcome",TRUE,"reported","textfile",5,"133861756",0.002,6.3e-12,"SmoIndex",TRUE,"reported","142sG9",2,TRUE,NA
"53","rs34866095","A","G","A","G",-0.012,-0.0858245,0.686,0.757266,FALSE,FALSE,FALSE,"6rSl3x",16355810,0.241298,0.0732447,"outcome",TRUE,"reported","textfile",11,"16377356",0.002,1.2e-08,"SmoIndex",TRUE,"reported","142sG9",2,TRUE,NA
"54","rs348809","A","G","A","G",-0.012,0.00414254,0.348,0.315609,FALSE,FALSE,FALSE,"6rSl3x",60457039,0.950911,0.067289,"outcome",TRUE,"reported","textfile",20,"59032097",0.002,1.3e-08,"SmoIndex",TRUE,"reported","142sG9",2,TRUE,NA
"55","rs35169606","T","G","T","G",0.013,-0.0557592,0.612,0.639279,FALSE,FALSE,FALSE,"6rSl3x",9746556,0.392895,0.0652629,"outcome",TRUE,"reported","textfile",8,"9604066",0.002,1.2e-09,"SmoIndex",TRUE,"reported","142sG9",2,TRUE,NA
"56","rs35175834","G","A","G","A",-0.024,0.100257,0.788,0.776816,FALSE,FALSE,FALSE,"6rSl3x",47388618,0.180802,0.0749141,"outcome",TRUE,"reported","textfile",15,"47680815",0.002,4.6e-22,"SmoIndex",TRUE,"reported","142sG9",2,TRUE,NA
"57","rs35343344","C","A","C","A",0.013,-0.123473,0.733,0.761118,FALSE,FALSE,FALSE,"6rSl3x",18360800,0.0931901,0.073548,"outcome",TRUE,"reported","textfile",19,"18471610",0.002,8.8e-09,"SmoIndex",TRUE,"reported","142sG9",2,TRUE,NA
"58","rs359243","T","C","T","C",-0.013,0.0265625,0.393,0.360505,FALSE,FALSE,FALSE,"6rSl3x",60248374,0.682788,0.0649987,"outcome",TRUE,"reported","textfile",2,"60475509",0.002,9.5e-10,"SmoIndex",TRUE,"reported","142sG9",2,TRUE,NA
"59","rs369230","G","T","G","T",-0.013,-0.0398566,0.308,0.362407,FALSE,FALSE,FALSE,"6rSl3x",89579029,0.54288,0.0655036,"outcome",TRUE,"reported","textfile",16,"89645437",0.002,1.8e-09,"SmoIndex",TRUE,"reported","142sG9",2,TRUE,NA
"60","rs3742365","T","C","T","C",-0.016,-0.026206,0.595,0.561745,FALSE,FALSE,FALSE,"6rSl3x",103731914,0.678161,0.0631512,"outcome",TRUE,"reported","textfile",14,"104198251",0.002,2.5e-14,"SmoIndex",TRUE,"reported","142sG9",2,TRUE,NA
"61","rs3769949","T","A","T","A",-0.012,0.0759289,0.528,0.716302,FALSE,TRUE,TRUE,"6rSl3x",165342774,0.273734,0.0693729,"outcome",TRUE,"reported","textfile",2,"166199284",0.002,2.5e-09,"SmoIndex",TRUE,"reported","142sG9",2,FALSE,NA
"62","rs3811038","T","C","T","C",-0.014,0.0300222,0.724,0.770859,FALSE,FALSE,FALSE,"6rSl3x",112482606,0.688497,0.0748879,"outcome",TRUE,"reported","textfile",2,"113240183",0.002,8.9e-10,"SmoIndex",TRUE,"reported","142sG9",2,TRUE,NA
"63","rs3896224","A","G","A","G",0.014,0.18629,0.585,0.507201,FALSE,FALSE,FALSE,"6rSl3x",104708095,0.00237991,0.0613157,"outcome",TRUE,"reported","textfile",10,"106467853",0.002,1.1e-11,"SmoIndex",TRUE,"reported","142sG9",2,TRUE,NA
"64","rs421983","T","C","T","C",0.013,0.0782153,0.519,0.435212,FALSE,FALSE,FALSE,"6rSl3x",84843715,0.21412,0.0629593,"outcome",TRUE,"reported","textfile",3,"84892866",0.002,3.3e-10,"SmoIndex",TRUE,"reported","142sG9",2,TRUE,NA
"65","rs4391802","A","G","A","G",0.015,0.0497841,0.707,0.760247,FALSE,FALSE,FALSE,"6rSl3x",28653045,0.494715,0.0729085,"outcome",TRUE,"reported","textfile",11,"28674592",0.002,1.4e-11,"SmoIndex",TRUE,"reported","142sG9",2,TRUE,NA
"66","rs4473348","A","T","A","T",-0.015,-0.0142867,0.25,0.234139,FALSE,TRUE,FALSE,"6rSl3x",181209015,0.846763,0.0739285,"outcome",TRUE,"reported","textfile",2,"182073742",0.002,6.4e-11,"SmoIndex",TRUE,"reported","142sG9",2,TRUE,NA
"67","rs4543592","T","C","T","C",-0.012,-0.0260884,0.52,0.60675,FALSE,FALSE,FALSE,"6rSl3x",3014254,0.68326,0.0639393,"outcome",TRUE,"reported","textfile",9,"3014254",0.002,4.5e-10,"SmoIndex",TRUE,"reported","142sG9",2,TRUE,NA
"68","rs4571506","C","T","C","T",0.011,0.00246471,0.54,0.544059,FALSE,FALSE,FALSE,"6rSl3x",88461101,0.968744,0.0629016,"outcome",TRUE,"reported","textfile",5,"87756918",0.002,1.5e-08,"SmoIndex",TRUE,"reported","142sG9",2,TRUE,NA
"69","rs4671357","T","C","T","C",-0.014,0.0389191,0.519,0.393202,FALSE,FALSE,FALSE,"6rSl3x",59909041,0.543503,0.0640618,"outcome",TRUE,"reported","textfile",2,"60136176",0.002,1.1e-11,"SmoIndex",TRUE,"reported","142sG9",2,TRUE,NA
"70","rs4731925","C","T","C","T",-0.012,-0.0650894,0.316,0.287869,FALSE,FALSE,FALSE,"6rSl3x",132979997,0.344566,0.0688645,"outcome",TRUE,"reported","textfile",7,"132664757",0.002,2.6e-08,"SmoIndex",TRUE,"reported","142sG9",2,TRUE,NA
"71","rs4814873","C","T","C","T",0.014,-0.104474,0.767,0.757271,FALSE,FALSE,FALSE,"6rSl3x",19635785,0.149434,0.0724738,"outcome",TRUE,"reported","textfile",20,"19616429",0.002,2.9e-09,"SmoIndex",TRUE,"reported","142sG9",2,TRUE,NA
"72","rs4949465","T","C","T","C",-0.017,-0.0233821,0.87,0.829681,FALSE,FALSE,FALSE,"6rSl3x",31712888,0.779945,0.0836897,"outcome",TRUE,"reported","textfile",1,"32178489",0.003,1.7e-08,"SmoIndex",TRUE,"reported","142sG9",2,TRUE,NA
"73","rs4957528","A","C","A","C",-0.015,0.0545745,0.208,0.144743,FALSE,FALSE,FALSE,"6rSl3x",107084888,0.539824,0.0890168,"outcome",TRUE,"reported","textfile",5,"106420589",0.002,4.2e-09,"SmoIndex",TRUE,"reported","142sG9",2,TRUE,NA
"74","rs549845","G","A","G","A",0.016,-0.0155167,0.301,0.262956,FALSE,FALSE,FALSE,"6rSl3x",43610798,0.826756,0.070897,"outcome",TRUE,"reported","textfile",1,"44076469",0.002,8.3e-14,"SmoIndex",TRUE,"reported","142sG9",2,TRUE,NA
"75","rs57611503","G","A","G","A",0.011,0.0778417,0.485,0.511851,FALSE,FALSE,FALSE,"6rSl3x",31154474,0.215878,0.0628992,"outcome",TRUE,"reported","textfile",16,"31165795",0.002,4e-08,"SmoIndex",TRUE,"reported","142sG9",2,TRUE,NA
"76","rs6011779","C","T","C","T",0.028,-0.089941,0.191,0.243262,FALSE,FALSE,FALSE,"6rSl3x",63352965,0.217776,0.0729766,"outcome",TRUE,"reported","textfile",20,"61984317",0.003,2.3e-27,"SmoIndex",TRUE,"reported","142sG9",2,TRUE,NA
"77","rs60952428","T","C","T","C",0.019,0.0365103,0.909,0.9087242,FALSE,FALSE,FALSE,"6rSl3x",75606623,0.735953,0.108269,"outcome",TRUE,"reported","textfile",16,"75640521",0.003,3e-08,"SmoIndex",TRUE,"reported","142sG9",2,TRUE,NA
"78","rs6119897","G","A","G","A",-0.018,-0.0353611,0.762,0.677284,FALSE,FALSE,FALSE,"6rSl3x",32557613,0.596877,0.0668582,"outcome",TRUE,"reported","textfile",20,"31145415",0.002,3.6e-15,"SmoIndex",TRUE,"reported","142sG9",2,TRUE,NA
"79","rs61796681","A","T","A","T",-0.019,-0.0757274,0.912,0.9047846,FALSE,TRUE,FALSE,"6rSl3x",23676573,0.476748,0.106427,"outcome",TRUE,"reported","textfile",4,"23678196",0.004,4.2e-08,"SmoIndex",TRUE,"reported","142sG9",2,TRUE,NA
"80","rs62098013","G","A","G","A",-0.012,0.014797,0.64,0.648029,FALSE,FALSE,FALSE,"6rSl3x",53337491,0.821842,0.0657129,"outcome",TRUE,"reported","textfile",18,"50863861",0.002,4.1e-09,"SmoIndex",TRUE,"reported","142sG9",2,TRUE,NA
"81","rs62135536","C","T","C","T",0.035,0.194002,0.968,0.9572284,FALSE,FALSE,FALSE,"6rSl3x",44098889,0.203344,0.152508,"outcome",TRUE,"reported","textfile",2,"44326028",0.006,8e-10,"SmoIndex",TRUE,"reported","142sG9",2,TRUE,NA
"82","rs62155874","A","G","A","G",-0.024,-0.054099,0.873,0.892771,FALSE,FALSE,FALSE,"6rSl3x",105356637,0.59641,0.102156,"outcome",TRUE,"reported","textfile",2,"105973094",0.003,5.2e-16,"SmoIndex",TRUE,"reported","142sG9",2,TRUE,NA
"83","rs62175972","T","C","T","C",0.031,0.184257,0.966,0.9834402,FALSE,FALSE,FALSE,"6rSl3x",160506319,0.448864,0.243305,"outcome",TRUE,"reported","textfile",2,"161362830",0.006,1.7e-08,"SmoIndex",TRUE,"reported","142sG9",2,TRUE,NA
"84","rs624833","T","G","T","G",0.013,0.0168981,0.695,0.643305,FALSE,FALSE,FALSE,"6rSl3x",2879529,0.796601,0.0655606,"outcome",TRUE,"reported","textfile",4,"2881256",0.002,6.6e-10,"SmoIndex",TRUE,"reported","142sG9",2,TRUE,NA
"85","rs6562474","C","G","C","G",0.012,-0.064153,0.651,0.55856,FALSE,TRUE,TRUE,"6rSl3x",66758680,0.310089,0.0632027,"outcome",TRUE,"reported","textfile",13,"67332812",0.002,1e-08,"SmoIndex",TRUE,"reported","142sG9",2,FALSE,NA
"86","rs6598539","T","C","T","C",-0.012,-0.0575698,0.489,0.479082,FALSE,FALSE,FALSE,"6rSl3x",98661254,0.357307,0.0625412,"outcome",TRUE,"reported","textfile",15,"99204483",0.002,4.5e-09,"SmoIndex",TRUE,"reported","142sG9",2,TRUE,NA
"87","rs6741228","T","C","T","C",0.011,-0.0390181,0.433,0.525378,FALSE,FALSE,FALSE,"6rSl3x",22325902,0.534881,0.0628744,"outcome",TRUE,"reported","textfile",2,"22548774",0.002,1.6e-08,"SmoIndex",TRUE,"reported","142sG9",2,TRUE,NA
"88","rs67596067","G","A","G","A",-0.013,-0.153116,0.649,0.716969,FALSE,FALSE,FALSE,"6rSl3x",52256373,0.0271007,0.0692814,"outcome",TRUE,"reported","textfile",17,"50333733",0.002,1.2e-09,"SmoIndex",TRUE,"reported","142sG9",2,TRUE,NA
"89","rs6778080","T","C","T","C",0.016,-0.154068,0.267,0.215157,FALSE,FALSE,FALSE,"6rSl3x",49279905,0.043482,0.0763071,"outcome",TRUE,"reported","textfile",3,"49317338",0.002,1.3e-12,"SmoIndex",TRUE,"reported","142sG9",2,TRUE,NA
"90","rs6779302","G","T","G","T",-0.013,-0.0272706,0.633,0.640176,FALSE,FALSE,FALSE,"6rSl3x",16818207,0.674943,0.0650269,"outcome",TRUE,"reported","textfile",3,"16859710",0.002,1.2e-09,"SmoIndex",TRUE,"reported","142sG9",2,TRUE,NA
"91","rs6935954","A","G","A","G",0.014,0.0919479,0.421,0.344483,FALSE,FALSE,FALSE,"6rSl3x",26255223,0.163192,0.0659401,"outcome",TRUE,"reported","textfile",6,"26255451",0.002,8.2e-12,"SmoIndex",TRUE,"reported","142sG9",2,TRUE,NA
"92","rs6957896","C","T","C","T",-0.011,-0.01873,0.503,0.586294,FALSE,FALSE,FALSE,"6rSl3x",132624833,0.768456,0.0636217,"outcome",TRUE,"reported","textfile",7,"132309592",0.002,4.5e-08,"SmoIndex",TRUE,"reported","142sG9",2,TRUE,NA
"93","rs6962772","A","G","A","G",0.016,0.0373466,0.846,0.776798,FALSE,FALSE,FALSE,"6rSl3x",99484107,0.616629,0.0745986,"outcome",TRUE,"reported","textfile",7,"99081730",0.003,7.8e-09,"SmoIndex",TRUE,"reported","142sG9",2,TRUE,NA
"94","rs7039819","G","A","G","A",0.013,0.0319895,0.427,0.449998,FALSE,FALSE,FALSE,"6rSl3x",79815503,0.612405,0.0631401,"outcome",TRUE,"reported","textfile",9,"82430418",0.002,5.1e-10,"SmoIndex",TRUE,"reported","142sG9",2,TRUE,NA
"95","rs7077678","C","T","C","T",0.012,0.0785623,0.623,0.608189,FALSE,FALSE,FALSE,"6rSl3x",102678808,0.221198,0.0642191,"outcome",TRUE,"reported","textfile",10,"104438565",0.002,2.6e-09,"SmoIndex",TRUE,"reported","142sG9",2,TRUE,NA
"96","rs71367545","G","A","G","A",-0.015,-0.0118539,0.791,0.7829,FALSE,FALSE,FALSE,"6rSl3x",79816337,0.87598,0.0759537,"outcome",TRUE,"reported","textfile",18,"77576337",0.002,1.4e-09,"SmoIndex",TRUE,"reported","142sG9",2,TRUE,NA
"97","rs7155595","A","C","A","C",-0.013,-0.0525865,0.674,0.698213,FALSE,FALSE,FALSE,"6rSl3x",77036203,0.440751,0.0682121,"outcome",TRUE,"reported","textfile",14,"77502546",0.002,2.5e-09,"SmoIndex",TRUE,"reported","142sG9",2,TRUE,NA
"98","rs71627581","G","A","G","A",0.019,-0.00640904,0.889,0.828578,FALSE,FALSE,FALSE,"6rSl3x",43161249,0.938538,0.0831176,"outcome",TRUE,"reported","textfile",5,"43161351",0.003,1.6e-09,"SmoIndex",TRUE,"reported","142sG9",2,TRUE,NA
"99","rs72674867","A","T","A","T",0.013,0.174251,0.765,0.627782,FALSE,TRUE,FALSE,"6rSl3x",94565973,0.00667498,0.0642369,"outcome",TRUE,"reported","textfile",8,"95578201",0.002,3.8e-08,"SmoIndex",TRUE,"reported","142sG9",2,TRUE,NA
"100","rs72678864","G","A","G","A",0.018,0.0402342,0.829,0.860272,FALSE,FALSE,FALSE,"6rSl3x",111500989,0.656228,0.0903881,"outcome",TRUE,"reported","textfile",4,"112422145",0.003,1.6e-11,"SmoIndex",TRUE,"reported","142sG9",2,TRUE,NA
"101","rs7297175","T","C","T","C",-0.012,0.0112416,0.431,0.429571,FALSE,FALSE,FALSE,"6rSl3x",56080024,0.858795,0.0631879,"outcome",TRUE,"reported","textfile",12,"56473808",0.002,6.6e-09,"SmoIndex",TRUE,"reported","142sG9",2,TRUE,NA
"102","rs732083","G","A","G","A",0.012,0.0908003,0.333,0.318903,FALSE,FALSE,FALSE,"6rSl3x",39678114,0.175028,0.0669508,"outcome",TRUE,"reported","textfile",17,"37834367",0.002,1.5e-08,"SmoIndex",TRUE,"reported","142sG9",2,TRUE,NA
"103","rs73220544","A","C","A","C",-0.016,0.0150307,0.842,0.750894,FALSE,FALSE,FALSE,"6rSl3x",131355667,0.836421,0.0727975,"outcome",TRUE,"reported","textfile",3,"131074511",0.003,1.5e-08,"SmoIndex",TRUE,"reported","142sG9",2,TRUE,NA
"104","rs7333559","G","A","G","A",0.015,-0.140762,0.212,0.163608,FALSE,FALSE,FALSE,"6rSl3x",99894196,0.0969036,0.0847938,"outcome",TRUE,"reported","textfile",13,"100546450",0.002,3.2e-10,"SmoIndex",TRUE,"reported","142sG9",2,TRUE,NA
"105","rs74086911","G","A","G","A",0.021,-0.225759,0.925,0.9448651,FALSE,FALSE,FALSE,"6rSl3x",49622159,0.0984215,0.136612,"outcome",TRUE,"reported","textfile",12,"50015942",0.004,2.1e-08,"SmoIndex",TRUE,"reported","142sG9",2,TRUE,NA
"106","rs7519626","C","T","C","T",0.012,-0.165001,0.324,0.383813,FALSE,FALSE,FALSE,"6rSl3x",99048998,0.00961568,0.0637229,"outcome",TRUE,"reported","textfile",1,"99514554",0.002,1.2e-08,"SmoIndex",TRUE,"reported","142sG9",2,TRUE,NA
"107","rs7528604","G","A","G","A",0.014,0.0525226,0.566,0.627394,FALSE,FALSE,FALSE,"6rSl3x",65941669,0.417876,0.0648338,"outcome",TRUE,"reported","textfile",1,"66407352",0.002,5.7e-12,"SmoIndex",TRUE,"reported","142sG9",2,TRUE,NA
"108","rs7553348","G","A","G","A",0.014,-0.0156153,0.438,0.508449,FALSE,FALSE,FALSE,"6rSl3x",74539383,0.802705,0.0624993,"outcome",TRUE,"reported","textfile",1,"75005067",0.002,5.2e-12,"SmoIndex",TRUE,"reported","142sG9",2,TRUE,NA
"109","rs7569203","A","C","A","C",-0.016,-0.0797275,0.689,0.599548,FALSE,FALSE,FALSE,"6rSl3x",44927279,0.211954,0.0638735,"outcome",TRUE,"reported","textfile",2,"45154418",0.002,7.4e-13,"SmoIndex",TRUE,"reported","142sG9",2,TRUE,NA
"110","rs75742406","G","A","G","A",0.014,0.00974661,0.739,0.72178,FALSE,FALSE,FALSE,"6rSl3x",17048818,0.88866,0.0696188,"outcome",TRUE,"reported","textfile",11,"17070365",0.002,1.3e-09,"SmoIndex",TRUE,"reported","142sG9",2,TRUE,NA
"111","rs76608582","C","A","C","A",0.031,0.218384,0.953,0.9424485,FALSE,FALSE,FALSE,"6rSl3x",4474728,0.103414,0.134099,"outcome",TRUE,"reported","textfile",19,"4474725",0.005,3.2e-10,"SmoIndex",TRUE,"reported","142sG9",2,TRUE,NA
"112","rs775758","A","T","A","T",0.012,-0.000425358,0.433,0.477172,FALSE,TRUE,TRUE,"6rSl3x",77532854,0.994599,0.0628371,"outcome",TRUE,"reported","textfile",3,"77582005",0.002,1.1e-08,"SmoIndex",TRUE,"reported","142sG9",2,FALSE,NA
"113","rs7766610","C","A","C","A",0.018,0.026094,0.183,0.287746,FALSE,FALSE,FALSE,"6rSl3x",111386618,0.704818,0.0688812,"outcome",TRUE,"reported","textfile",6,"111707821",0.003,2.2e-12,"SmoIndex",TRUE,"reported","142sG9",2,TRUE,NA
"114","rs7807019","A","G","A","G",-0.015,0.0488538,0.54,0.418513,FALSE,FALSE,FALSE,"6rSl3x",117903009,0.441159,0.0634269,"outcome",TRUE,"reported","textfile",7,"117543063",0.002,6.7e-14,"SmoIndex",TRUE,"reported","142sG9",2,TRUE,NA
"115","rs8042134","T","G","T","G",-0.014,0.00958435,0.541,0.509237,FALSE,FALSE,FALSE,"6rSl3x",96971174,0.878557,0.0627252,"outcome",TRUE,"reported","textfile",15,"97514404",0.002,1.3e-12,"SmoIndex",TRUE,"reported","142sG9",2,TRUE,NA
"116","rs8042849","T","C","T","C",0.028,-0.0205182,0.342,0.643911,FALSE,FALSE,FALSE,"6rSl3x",78525587,0.752717,0.0651248,"outcome",TRUE,"reported","textfile",15,"78817929",0.002,1.8e-39,"SmoIndex",TRUE,"reported","142sG9",2,TRUE,NA
"117","rs860326","C","T","C","T",0.012,-0.0637556,0.428,0.562088,FALSE,FALSE,FALSE,"6rSl3x",56876194,0.312117,0.0630751,"outcome",TRUE,"reported","textfile",14,"57342912",0.002,2.7e-09,"SmoIndex",TRUE,"reported","142sG9",2,TRUE,NA
"118","rs8614","C","A","C","A",-0.017,0.00773899,0.817,0.844752,FALSE,FALSE,FALSE,"6rSl3x",29261788,0.929221,0.0871261,"outcome",TRUE,"reported","textfile",17,"27588806",0.003,1.8e-10,"SmoIndex",TRUE,"reported","142sG9",2,TRUE,NA
"119","rs889398","C","T","C","T",0.013,0.0900633,0.588,0.573725,FALSE,FALSE,FALSE,"6rSl3x",69522812,0.15634,0.0635373,"outcome",TRUE,"reported","textfile",16,"69556715",0.002,6.3e-11,"SmoIndex",TRUE,"reported","142sG9",2,TRUE,NA
"120","rs9435340","T","A","T","A",0.012,-0.0286663,0.344,0.295928,FALSE,TRUE,FALSE,"6rSl3x",107050579,0.675499,0.0684791,"outcome",TRUE,"reported","textfile",1,"107593201",0.002,1.2e-08,"SmoIndex",TRUE,"reported","142sG9",2,TRUE,NA
"121","rs9842947","C","T","C","T",-0.013,0.0343953,0.326,0.308256,FALSE,FALSE,FALSE,"6rSl3x",157694457,0.612004,0.0678122,"outcome",TRUE,"reported","textfile",3,"157412246",0.002,3.1e-09,"SmoIndex",TRUE,"reported","142sG9",2,TRUE,NA
"122","rs986391","G","A","G","A",0.016,0.0911948,0.367,0.342139,FALSE,FALSE,FALSE,"6rSl3x",167566967,0.167832,0.0661214,"outcome",TRUE,"reported","textfile",5,"166993972",0.002,9.4e-15,"SmoIndex",TRUE,"reported","142sG9",2,TRUE,NA
"123","rs9904288","T","C","T","C",0.012,0.00488236,0.708,0.734156,FALSE,FALSE,FALSE,"6rSl3x",48954611,0.944885,0.0706247,"outcome",TRUE,"reported","textfile",17,"47031973",0.002,3.1e-08,"SmoIndex",TRUE,"reported","142sG9",2,TRUE,NA
"124","rs9919670","G","A","G","A",-0.022,0.030745,0.612,0.375499,FALSE,FALSE,FALSE,"6rSl3x",113006582,0.635833,0.0649269,"outcome",TRUE,"reported","textfile",11,"112877304",0.002,7.6e-27,"SmoIndex",TRUE,"reported","142sG9",2,TRUE,NA
