"","SNP","effect_allele.exposure","other_allele.exposure","effect_allele.outcome","other_allele.outcome","beta.exposure","beta.outcome","eaf.exposure","eaf.outcome","remove","palindromic","ambiguous","id.outcome","pos.outcome","pval.outcome","se.outcome","outcome","mr_keep.outcome","pval_origin.outcome","data_source.outcome","chr.exposure","pos.exposure","se.exposure","pval.exposure","exposure","mr_keep.exposure","pval_origin.exposure","id.exposure","action","mr_keep","samplesize.outcome"
"1","rs10052591","T","C","T","C",0.012,-0.0156409,0.573,0.588362,FALSE,FALSE,FALSE,"TWlLsn",51516904,0.142867,0.0106749,"outcome",TRUE,"reported","textfile",5,"50812738",0.002,2.1e-09,"SmoIndex",TRUE,"reported","142sG9",2,TRUE,NA
"2","rs10226228","A","G","A","G",-0.016,-0.00766932,0.63,0.713762,FALSE,FALSE,FALSE,"TWlLsn",32276001,0.508388,0.0115964,"outcome",TRUE,"reported","textfile",7,"32315613",0.002,2e-15,"SmoIndex",TRUE,"reported","142sG9",2,TRUE,NA
"3","rs10282292","C","T","C","T",0.013,0.00652778,0.362,0.373638,FALSE,FALSE,FALSE,"TWlLsn",111452422,0.547119,0.010842,"outcome",TRUE,"reported","textfile",7,"111092478",0.002,5.9e-10,"SmoIndex",TRUE,"reported","142sG9",2,TRUE,NA
"4","rs1050847","C","T","C","T",0.011,-0.00728755,0.426,0.492044,FALSE,FALSE,FALSE,"TWlLsn",87410128,0.489148,0.0105362,"outcome",TRUE,"reported","textfile",16,"87443734",0.002,1.4e-08,"SmoIndex",TRUE,"reported","142sG9",2,TRUE,NA
"5","rs10823968","A","T","A","T",0.012,-0.00531683,0.633,0.523303,FALSE,TRUE,TRUE,"TWlLsn",72978511,0.614601,0.0105594,"outcome",TRUE,"reported","textfile",10,"74738269",0.002,2.1e-08,"SmoIndex",TRUE,"reported","142sG9",2,FALSE,NA
"6","rs10879871","T","G","T","G",-0.014,-0.0363326,0.343,0.351394,FALSE,FALSE,FALSE,"TWlLsn",74986731,0.00095715,0.0110005,"outcome",TRUE,"reported","textfile",12,"75380511",0.002,5e-11,"SmoIndex",TRUE,"reported","142sG9",2,TRUE,NA
"7","rs10918701","G","A","G","A",0.012,-0.00905774,0.372,0.366849,FALSE,FALSE,FALSE,"TWlLsn",162120746,0.40475,0.0108714,"outcome",TRUE,"reported","textfile",1,"162090536",0.002,2.1e-08,"SmoIndex",TRUE,"reported","142sG9",2,TRUE,NA
"8","rs10922907","A","T","A","T",0.015,0.00395118,0.451,0.382682,FALSE,TRUE,TRUE,"TWlLsn",90727492,0.71544,0.0108382,"outcome",TRUE,"reported","textfile",1,"91193049",0.002,3e-13,"SmoIndex",TRUE,"reported","142sG9",2,FALSE,NA
"9","rs11210229","A","G","A","G",0.017,-0.0155954,0.384,0.373641,FALSE,FALSE,FALSE,"TWlLsn",73394345,0.14902,0.0108076,"outcome",TRUE,"reported","textfile",1,"73860028",0.002,2e-16,"SmoIndex",TRUE,"reported","142sG9",2,TRUE,NA
"10","rs112282219","G","A","G","A",-0.033,0.0214478,0.959,0.9737643,FALSE,FALSE,FALSE,"TWlLsn",46611259,0.517573,0.0331451,"outcome",TRUE,"reported","textfile",11,"46632809",0.005,3.8e-11,"SmoIndex",TRUE,"reported","142sG9",2,TRUE,NA
"11","rs11255908","T","G","T","G",-0.015,-0.00819081,0.743,0.839811,FALSE,FALSE,FALSE,"TWlLsn",8760949,0.56564,0.0142577,"outcome",TRUE,"reported","textfile",10,"8802912",0.002,2.3e-10,"SmoIndex",TRUE,"reported","142sG9",2,TRUE,NA
"12","rs113382419","C","A","C","A",-0.041,-0.0146336,0.889,0.9673381,FALSE,FALSE,FALSE,"TWlLsn",133597897,0.619353,0.0294577,"outcome",TRUE,"reported","textfile",9,"136463019",0.003,3e-37,"SmoIndex",TRUE,"reported","142sG9",2,TRUE,NA
"13","rs11783093","C","T","C","T",0.023,0.00467854,0.839,0.875463,FALSE,FALSE,FALSE,"TWlLsn",27567832,0.768541,0.0158981,"outcome",TRUE,"reported","textfile",8,"27425349",0.003,1.2e-16,"SmoIndex",TRUE,"reported","142sG9",2,TRUE,NA
"14","rs11861214","G","T","G","T",0.014,0.0136006,0.784,0.659728,FALSE,FALSE,FALSE,"TWlLsn",696611,0.221591,0.011127,"outcome",TRUE,"reported","textfile",16,"746611",0.002,2e-08,"SmoIndex",TRUE,"reported","142sG9",2,TRUE,NA
"15","rs1193237","G","C","G","C",-0.011,-0.00335143,0.439,0.471863,FALSE,TRUE,TRUE,"TWlLsn",7466426,0.749625,0.0105017,"outcome",TRUE,"reported","textfile",1,"7526486",0.002,2.8e-08,"SmoIndex",TRUE,"reported","142sG9",2,FALSE,NA
"16","rs11948770","T","C","T","C",-0.015,0.00402168,0.768,0.73255,FALSE,FALSE,FALSE,"TWlLsn",13246224,0.734766,0.0118706,"outcome",TRUE,"reported","textfile",5,"13246336",0.002,4.9e-10,"SmoIndex",TRUE,"reported","142sG9",2,TRUE,NA
"17","rs12202536","A","G","A","G",-0.012,-0.0120494,0.513,0.539613,FALSE,FALSE,FALSE,"TWlLsn",66765380,0.252746,0.0105354,"outcome",TRUE,"reported","textfile",6,"67475273",0.002,2.8e-09,"SmoIndex",TRUE,"reported","142sG9",2,TRUE,NA
"18","rs1221148","C","G","C","G",0.013,-0.00312059,0.587,0.589394,FALSE,TRUE,FALSE,"TWlLsn",119284597,0.770024,0.0106744,"outcome",TRUE,"reported","textfile",9,"122046875",0.002,7.3e-11,"SmoIndex",TRUE,"reported","142sG9",2,TRUE,NA
"19","rs1246265","T","C","T","C",-0.013,-0.0152027,0.305,0.281571,FALSE,FALSE,FALSE,"TWlLsn",84146830,0.192976,0.011678,"outcome",TRUE,"reported","textfile",9,"86761745",0.002,4.2e-09,"SmoIndex",TRUE,"reported","142sG9",2,TRUE,NA
"20","rs12481282","G","C","G","C",-0.013,-0.0108712,0.722,0.725576,FALSE,TRUE,FALSE,"TWlLsn",46132738,0.355841,0.011774,"outcome",TRUE,"reported","textfile",20,"44761377",0.002,7.8e-09,"SmoIndex",TRUE,"reported","142sG9",2,TRUE,NA
"21","rs12623702","A","G","A","G",-0.014,-0.00115166,0.613,0.533364,FALSE,FALSE,FALSE,"TWlLsn",202020783,0.913119,0.0105555,"outcome",TRUE,"reported","textfile",2,"202885506",0.002,7.7e-12,"SmoIndex",TRUE,"reported","142sG9",2,TRUE,NA
"22","rs12708665","A","G","A","G",-0.013,0.0107366,0.285,0.273415,FALSE,FALSE,FALSE,"TWlLsn",24716906,0.361887,0.0117755,"outcome",TRUE,"reported","textfile",16,"24728227",0.002,3.5e-09,"SmoIndex",TRUE,"reported","142sG9",2,TRUE,NA
"23","rs12831617","C","T","C","T",-0.013,-0.00459414,0.764,0.835829,FALSE,FALSE,FALSE,"TWlLsn",84364589,0.745036,0.0141274,"outcome",TRUE,"reported","textfile",12,"84758368",0.002,1.9e-08,"SmoIndex",TRUE,"reported","142sG9",2,TRUE,NA
"24","rs12967855","A","G","A","G",0.012,0.0202514,0.331,0.266529,FALSE,FALSE,FALSE,"TWlLsn",37558282,0.0879346,0.011868,"outcome",TRUE,"reported","textfile",18,"35138245",0.002,3.1e-08,"SmoIndex",TRUE,"reported","142sG9",2,TRUE,NA
"25","rs13009008","A","G","A","G",0.012,0.0189739,0.328,0.376129,FALSE,FALSE,FALSE,"TWlLsn",173178505,0.0807514,0.010865,"outcome",TRUE,"reported","textfile",2,"174043233",0.002,4.6e-09,"SmoIndex",TRUE,"reported","142sG9",2,TRUE,NA
"26","rs13016665","C","A","C","A",-0.012,0.00855152,0.577,0.526236,FALSE,FALSE,FALSE,"TWlLsn",57768213,0.416926,0.0105345,"outcome",TRUE,"reported","textfile",2,"57995348",0.002,1.8e-09,"SmoIndex",TRUE,"reported","142sG9",2,TRUE,NA
"27","rs13153393","A","G","A","G",-0.02,0.0155834,0.884,0.9068472,FALSE,FALSE,FALSE,"TWlLsn",168177208,0.39071,0.0181555,"outcome",TRUE,"reported","textfile",5,"167604213",0.003,2.5e-10,"SmoIndex",TRUE,"reported","142sG9",2,TRUE,NA
"28","rs13296519","G","T","G","T",-0.014,0.00607006,0.606,0.61953,FALSE,FALSE,FALSE,"TWlLsn",125709645,0.573893,0.0107946,"outcome",TRUE,"reported","textfile",9,"128471924",0.002,8.1e-12,"SmoIndex",TRUE,"reported","142sG9",2,TRUE,NA
"29","rs136233","A","G","A","G",-0.014,-0.0283525,0.809,0.828254,FALSE,FALSE,FALSE,"TWlLsn",30816423,0.0413247,0.0138965,"outcome",TRUE,"reported","textfile",22,"31212410",0.003,1.8e-08,"SmoIndex",TRUE,"reported","142sG9",2,TRUE,NA
"30","rs147412694","G","A","G","A",-0.017,-0.0290374,0.85,0.868157,FALSE,FALSE,FALSE,"TWlLsn",39330860,0.0615064,0.0155293,"outcome",TRUE,"reported","textfile",21,"40702786",0.003,2.9e-09,"SmoIndex",TRUE,"reported","142sG9",2,TRUE,NA
"31","rs17309874","G","A","G","A",-0.016,0.0147309,0.74,0.722349,FALSE,FALSE,FALSE,"TWlLsn",27645689,0.207849,0.0116958,"outcome",TRUE,"reported","textfile",11,"27667236",0.002,9.7e-13,"SmoIndex",TRUE,"reported","142sG9",2,TRUE,NA
"32","rs17553262","A","C","A","C",-0.018,-0.00115475,0.885,0.9300509,FALSE,FALSE,FALSE,"TWlLsn",91153016,0.955008,0.0204672,"outcome",TRUE,"reported","textfile",10,"92912773",0.003,5.3e-09,"SmoIndex",TRUE,"reported","142sG9",2,TRUE,NA
"33","rs17576594","G","A","G","A",0.016,0.0045315,0.724,0.710684,FALSE,FALSE,FALSE,"TWlLsn",147031089,0.695271,0.0115684,"outcome",TRUE,"reported","textfile",4,"147952241",0.002,1.7e-12,"SmoIndex",TRUE,"reported","142sG9",2,TRUE,NA
"34","rs1922018","C","T","C","T",0.014,0.0206177,0.364,0.328766,FALSE,FALSE,FALSE,"TWlLsn",3520769,0.0642614,0.0111425,"outcome",TRUE,"reported","textfile",7,"3560401",0.002,3e-12,"SmoIndex",TRUE,"reported","142sG9",2,TRUE,NA
"35","rs1931263","G","T","G","T",-0.011,-6.63928e-05,0.51,0.57506,FALSE,FALSE,FALSE,"TWlLsn",95709545,0.994997,0.010589,"outcome",TRUE,"reported","textfile",1,"96175101",0.002,4e-08,"SmoIndex",TRUE,"reported","142sG9",2,TRUE,NA
"36","rs1933270","T","G","T","G",0.013,0.0193857,0.364,0.398735,FALSE,FALSE,FALSE,"TWlLsn",49512293,0.0710886,0.0107406,"outcome",TRUE,"reported","textfile",1,"49977965",0.002,1.5e-10,"SmoIndex",TRUE,"reported","142sG9",2,TRUE,NA
"37","rs202645","A","G","A","G",-0.015,0.00750623,0.203,0.234451,FALSE,FALSE,FALSE,"TWlLsn",41402516,0.54434,0.0123812,"outcome",TRUE,"reported","textfile",22,"41798520",0.002,3.9e-09,"SmoIndex",TRUE,"reported","142sG9",2,TRUE,NA
"38","rs2062882","G","A","G","A",-0.012,-0.0274251,0.587,0.556248,FALSE,FALSE,FALSE,"TWlLsn",90827348,0.00931279,0.0105467,"outcome",TRUE,"reported","textfile",8,"91839576",0.002,1.1e-08,"SmoIndex",TRUE,"reported","142sG9",2,TRUE,NA
"39","rs2080870","A","T","A","T",0.012,0.00736765,0.258,0.245447,FALSE,TRUE,FALSE,"TWlLsn",61092486,0.545294,0.0121814,"outcome",TRUE,"reported","textfile",5,"60388313",0.002,4.9e-08,"SmoIndex",TRUE,"reported","142sG9",2,TRUE,NA
"40","rs2254710","C","A","C","A",0.013,-0.0038383,0.236,0.33115,FALSE,FALSE,FALSE,"TWlLsn",37509224,0.731134,0.0111703,"outcome",TRUE,"reported","textfile",6,"37477000",0.002,3.5e-08,"SmoIndex",TRUE,"reported","142sG9",2,TRUE,NA
"41","rs2401924","G","C","G","C",0.015,0.000892536,0.502,0.57411,FALSE,TRUE,TRUE,"TWlLsn",115417808,0.933014,0.0106186,"outcome",TRUE,"reported","textfile",7,"115057862",0.002,2.7e-14,"SmoIndex",TRUE,"reported","142sG9",2,FALSE,NA
"42","rs245774","A","G","A","G",-0.013,0.021562,0.272,0.324489,FALSE,FALSE,FALSE,"TWlLsn",171103926,0.054325,0.0112055,"outcome",TRUE,"reported","textfile",5,"170530930",0.002,7.4e-09,"SmoIndex",TRUE,"reported","142sG9",2,TRUE,NA
"43","rs2675638","G","A","G","A",0.012,0.00543414,0.581,0.617076,FALSE,FALSE,FALSE,"TWlLsn",61816528,0.615348,0.0108152,"outcome",TRUE,"reported","textfile",10,"63576286",0.002,1.3e-09,"SmoIndex",TRUE,"reported","142sG9",2,TRUE,NA
"44","rs2678670","A","T","A","T",0.013,0.003012,0.486,0.473266,FALSE,TRUE,TRUE,"TWlLsn",103853106,0.774733,0.0105245,"outcome",TRUE,"reported","textfile",2,"104469564",0.002,3.1e-10,"SmoIndex",TRUE,"reported","142sG9",2,FALSE,NA
"45","rs2838834","C","T","C","T",-0.013,-0.0211349,0.699,0.746899,FALSE,FALSE,FALSE,"TWlLsn",45245293,0.0800184,0.012073,"outcome",TRUE,"reported","textfile",21,"46665208",0.002,6.3e-10,"SmoIndex",TRUE,"reported","142sG9",2,TRUE,NA
"46","rs28485305","C","T","C","T",0.012,0.00338408,0.631,0.621788,FALSE,FALSE,FALSE,"TWlLsn",73751856,0.754451,0.0108195,"outcome",TRUE,"reported","textfile",15,"74044197",0.002,2.6e-08,"SmoIndex",TRUE,"reported","142sG9",2,TRUE,NA
"47","rs2867112","T","G","T","G",0.021,-0.0221928,0.835,0.83691,FALSE,FALSE,FALSE,"TWlLsn",651349,0.117131,0.0141633,"outcome",TRUE,"reported","textfile",2,"651349",0.003,4.8e-15,"SmoIndex",TRUE,"reported","142sG9",2,TRUE,NA
"48","rs2890772","G","T","G","T",-0.02,0.0108759,0.413,0.248664,FALSE,FALSE,FALSE,"TWlLsn",145417538,0.369832,0.0121277,"outcome",TRUE,"reported","textfile",2,"146175106",0.002,2.1e-22,"SmoIndex",TRUE,"reported","142sG9",2,TRUE,NA
"49","rs2894808","T","A","T","A",-0.022,-0.0254248,0.922,0.9430459,FALSE,TRUE,FALSE,"TWlLsn",52997192,0.261592,0.0226474,"outcome",TRUE,"reported","textfile",6,"52861990",0.004,3.5e-09,"SmoIndex",TRUE,"reported","142sG9",2,TRUE,NA
"50","rs317021","T","A","T","A",-0.017,-0.00545359,0.814,0.809912,FALSE,TRUE,FALSE,"TWlLsn",35416746,0.684208,0.0134084,"outcome",TRUE,"reported","textfile",4,"35418368",0.003,1.1e-10,"SmoIndex",TRUE,"reported","142sG9",2,TRUE,NA
"51","rs326341","G","A","G","A",0.014,-0.00462778,0.525,0.553512,FALSE,FALSE,FALSE,"TWlLsn",108092295,0.661659,0.0105748,"outcome",TRUE,"reported","textfile",3,"107811142",0.002,1.2e-11,"SmoIndex",TRUE,"reported","142sG9",2,TRUE,NA
"52","rs329120","C","T","C","T",0.014,0.0180193,0.581,0.575499,FALSE,FALSE,FALSE,"TWlLsn",134526066,0.0892915,0.0106049,"outcome",TRUE,"reported","textfile",5,"133861756",0.002,6.3e-12,"SmoIndex",TRUE,"reported","142sG9",2,TRUE,NA
"53","rs34866095","A","G","A","G",-0.012,-0.0123917,0.686,0.757377,FALSE,FALSE,FALSE,"TWlLsn",16355810,0.312573,0.012271,"outcome",TRUE,"reported","textfile",11,"16377356",0.002,1.2e-08,"SmoIndex",TRUE,"reported","142sG9",2,TRUE,NA
"54","rs348809","A","G","A","G",-0.012,-0.00166851,0.348,0.315377,FALSE,FALSE,FALSE,"TWlLsn",60457039,0.88264,0.0113025,"outcome",TRUE,"reported","textfile",20,"59032097",0.002,1.3e-08,"SmoIndex",TRUE,"reported","142sG9",2,TRUE,NA
"55","rs35169606","T","G","T","G",0.013,0.0106571,0.612,0.639368,FALSE,FALSE,FALSE,"TWlLsn",9746556,0.331775,0.0109805,"outcome",TRUE,"reported","textfile",8,"9604066",0.002,1.2e-09,"SmoIndex",TRUE,"reported","142sG9",2,TRUE,NA
"56","rs35175834","G","A","G","A",-0.024,-0.00553405,0.788,0.776982,FALSE,FALSE,FALSE,"TWlLsn",47388618,0.659109,0.0125448,"outcome",TRUE,"reported","textfile",15,"47680815",0.002,4.6e-22,"SmoIndex",TRUE,"reported","142sG9",2,TRUE,NA
"57","rs35343344","C","A","C","A",0.013,0.0229679,0.733,0.761035,FALSE,FALSE,FALSE,"TWlLsn",18360800,0.0632791,0.0123668,"outcome",TRUE,"reported","textfile",19,"18471610",0.002,8.8e-09,"SmoIndex",TRUE,"reported","142sG9",2,TRUE,NA
"58","rs359243","T","C","T","C",-0.013,0.010323,0.393,0.360396,FALSE,FALSE,FALSE,"TWlLsn",60248374,0.346081,0.0109561,"outcome",TRUE,"reported","textfile",2,"60475509",0.002,9.5e-10,"SmoIndex",TRUE,"reported","142sG9",2,TRUE,NA
"59","rs369230","G","T","G","T",-0.013,-0.0149181,0.308,0.362386,FALSE,FALSE,FALSE,"TWlLsn",89579029,0.17633,0.0110329,"outcome",TRUE,"reported","textfile",16,"89645437",0.002,1.8e-09,"SmoIndex",TRUE,"reported","142sG9",2,TRUE,NA
"60","rs3742365","T","C","T","C",-0.016,-0.012436,0.595,0.561819,FALSE,FALSE,FALSE,"TWlLsn",103731914,0.239991,0.0105837,"outcome",TRUE,"reported","textfile",14,"104198251",0.002,2.5e-14,"SmoIndex",TRUE,"reported","142sG9",2,TRUE,NA
"61","rs3769949","T","A","T","A",-0.012,-0.0110836,0.528,0.716342,FALSE,TRUE,TRUE,"TWlLsn",165342774,0.339611,0.0116067,"outcome",TRUE,"reported","textfile",2,"166199284",0.002,2.5e-09,"SmoIndex",TRUE,"reported","142sG9",2,FALSE,NA
"62","rs3811038","T","C","T","C",-0.014,-0.0112898,0.724,0.770826,FALSE,FALSE,FALSE,"TWlLsn",112482606,0.370387,0.0126037,"outcome",TRUE,"reported","textfile",2,"113240183",0.002,8.9e-10,"SmoIndex",TRUE,"reported","142sG9",2,TRUE,NA
"63","rs3896224","A","G","A","G",0.014,0.0206106,0.585,0.507137,FALSE,FALSE,FALSE,"TWlLsn",104708095,0.0501407,0.0105223,"outcome",TRUE,"reported","textfile",10,"106467853",0.002,1.1e-11,"SmoIndex",TRUE,"reported","142sG9",2,TRUE,NA
"64","rs421983","T","C","T","C",0.013,-0.0103233,0.519,0.434743,FALSE,FALSE,FALSE,"TWlLsn",84843715,0.328593,0.0105668,"outcome",TRUE,"reported","textfile",3,"84892866",0.002,3.3e-10,"SmoIndex",TRUE,"reported","142sG9",2,TRUE,NA
"65","rs4391802","A","G","A","G",0.015,-0.0132735,0.707,0.760162,FALSE,FALSE,FALSE,"TWlLsn",28653045,0.280824,0.0123077,"outcome",TRUE,"reported","textfile",11,"28674592",0.002,1.4e-11,"SmoIndex",TRUE,"reported","142sG9",2,TRUE,NA
"66","rs4473348","A","T","A","T",-0.015,-0.0104827,0.25,0.234444,FALSE,TRUE,FALSE,"TWlLsn",181209015,0.397659,0.0123937,"outcome",TRUE,"reported","textfile",2,"182073742",0.002,6.4e-11,"SmoIndex",TRUE,"reported","142sG9",2,TRUE,NA
"67","rs4543592","T","C","T","C",-0.012,-0.0113429,0.52,0.606626,FALSE,FALSE,FALSE,"TWlLsn",3014254,0.291512,0.0107535,"outcome",TRUE,"reported","textfile",9,"3014254",0.002,4.5e-10,"SmoIndex",TRUE,"reported","142sG9",2,TRUE,NA
"68","rs4571506","C","T","C","T",0.011,6.79198e-05,0.54,0.543904,FALSE,FALSE,FALSE,"TWlLsn",88461101,0.994868,0.0105604,"outcome",TRUE,"reported","textfile",5,"87756918",0.002,1.5e-08,"SmoIndex",TRUE,"reported","142sG9",2,TRUE,NA
"69","rs4671357","T","C","T","C",-0.014,-0.0234477,0.519,0.393252,FALSE,FALSE,FALSE,"TWlLsn",59909041,0.0292092,0.0107527,"outcome",TRUE,"reported","textfile",2,"60136176",0.002,1.1e-11,"SmoIndex",TRUE,"reported","142sG9",2,TRUE,NA
"70","rs4731925","C","T","C","T",-0.012,-0.0189923,0.316,0.288252,FALSE,FALSE,FALSE,"TWlLsn",132979997,0.100066,0.0115488,"outcome",TRUE,"reported","textfile",7,"132664757",0.002,2.6e-08,"SmoIndex",TRUE,"reported","142sG9",2,TRUE,NA
"71","rs4814873","C","T","C","T",0.014,0.0130417,0.767,0.757299,FALSE,FALSE,FALSE,"TWlLsn",19635785,0.286283,0.0122306,"outcome",TRUE,"reported","textfile",20,"19616429",0.002,2.9e-09,"SmoIndex",TRUE,"reported","142sG9",2,TRUE,NA
"72","rs4949465","T","C","T","C",-0.017,-0.00459838,0.87,0.829848,FALSE,FALSE,FALSE,"TWlLsn",31712888,0.742426,0.013992,"outcome",TRUE,"reported","textfile",1,"32178489",0.003,1.7e-08,"SmoIndex",TRUE,"reported","142sG9",2,TRUE,NA
"73","rs4957528","A","C","A","C",-0.015,0.033416,0.208,0.144985,FALSE,FALSE,FALSE,"TWlLsn",107084888,0.025023,0.0149109,"outcome",TRUE,"reported","textfile",5,"106420589",0.002,4.2e-09,"SmoIndex",TRUE,"reported","142sG9",2,TRUE,NA
"74","rs549845","G","A","G","A",0.016,-0.0344277,0.301,0.262866,FALSE,FALSE,FALSE,"TWlLsn",43610798,0.00395494,0.0119469,"outcome",TRUE,"reported","textfile",1,"44076469",0.002,8.3e-14,"SmoIndex",TRUE,"reported","142sG9",2,TRUE,NA
"75","rs57611503","G","A","G","A",0.011,0.00232872,0.485,0.511809,FALSE,FALSE,FALSE,"TWlLsn",31154474,0.825604,0.0105686,"outcome",TRUE,"reported","textfile",16,"31165795",0.002,4e-08,"SmoIndex",TRUE,"reported","142sG9",2,TRUE,NA
"76","rs6011779","C","T","C","T",0.028,0.00156392,0.191,0.243308,FALSE,FALSE,FALSE,"TWlLsn",63352965,0.898092,0.0122112,"outcome",TRUE,"reported","textfile",20,"61984317",0.003,2.3e-27,"SmoIndex",TRUE,"reported","142sG9",2,TRUE,NA
"77","rs60952428","T","C","T","C",0.019,-0.00678115,0.909,0.9086783,FALSE,FALSE,FALSE,"TWlLsn",75606623,0.709916,0.0182305,"outcome",TRUE,"reported","textfile",16,"75640521",0.003,3e-08,"SmoIndex",TRUE,"reported","142sG9",2,TRUE,NA
"78","rs6119897","G","A","G","A",-0.018,-0.0114269,0.762,0.67727,FALSE,FALSE,FALSE,"TWlLsn",32557613,0.308029,0.0112098,"outcome",TRUE,"reported","textfile",20,"31145415",0.002,3.6e-15,"SmoIndex",TRUE,"reported","142sG9",2,TRUE,NA
"79","rs61796681","A","T","A","T",-0.019,0.00017375,0.912,0.9047919,FALSE,TRUE,FALSE,"TWlLsn",23676573,0.992265,0.0179216,"outcome",TRUE,"reported","textfile",4,"23678196",0.004,4.2e-08,"SmoIndex",TRUE,"reported","142sG9",2,TRUE,NA
"80","rs62098013","G","A","G","A",-0.012,-0.0156647,0.64,0.648347,FALSE,FALSE,FALSE,"TWlLsn",53337491,0.155763,0.0110356,"outcome",TRUE,"reported","textfile",18,"50863861",0.002,4.1e-09,"SmoIndex",TRUE,"reported","142sG9",2,TRUE,NA
"81","rs62135536","C","T","C","T",0.035,-0.0125975,0.968,0.9570876,FALSE,FALSE,FALSE,"TWlLsn",44098889,0.627243,0.0259416,"outcome",TRUE,"reported","textfile",2,"44326028",0.006,8e-10,"SmoIndex",TRUE,"reported","142sG9",2,TRUE,NA
"82","rs62155874","A","G","A","G",-0.024,0.00591549,0.873,0.892737,FALSE,FALSE,FALSE,"TWlLsn",105356637,0.728477,0.0170401,"outcome",TRUE,"reported","textfile",2,"105973094",0.003,5.2e-16,"SmoIndex",TRUE,"reported","142sG9",2,TRUE,NA
"83","rs62175972","T","C","T","C",0.031,-0.0678883,0.966,0.9834287,FALSE,FALSE,FALSE,"TWlLsn",160506319,0.0943887,0.0405863,"outcome",TRUE,"reported","textfile",2,"161362830",0.006,1.7e-08,"SmoIndex",TRUE,"reported","142sG9",2,TRUE,NA
"84","rs624833","T","G","T","G",0.013,0.010776,0.695,0.643282,FALSE,FALSE,FALSE,"TWlLsn",2879529,0.328191,0.011021,"outcome",TRUE,"reported","textfile",4,"2881256",0.002,6.6e-10,"SmoIndex",TRUE,"reported","142sG9",2,TRUE,NA
"85","rs6562474","C","G","C","G",0.012,-0.0244689,0.651,0.558639,FALSE,TRUE,TRUE,"TWlLsn",66758680,0.0206733,0.0105748,"outcome",TRUE,"reported","textfile",13,"67332812",0.002,1e-08,"SmoIndex",TRUE,"reported","142sG9",2,FALSE,NA
"86","rs6598539","T","C","T","C",-0.012,-0.0113189,0.489,0.479313,FALSE,FALSE,FALSE,"TWlLsn",98661254,0.281814,0.010517,"outcome",TRUE,"reported","textfile",15,"99204483",0.002,4.5e-09,"SmoIndex",TRUE,"reported","142sG9",2,TRUE,NA
"87","rs6741228","T","C","T","C",0.011,0.0110984,0.433,0.52533,FALSE,FALSE,FALSE,"TWlLsn",22325902,0.292813,0.0105501,"outcome",TRUE,"reported","textfile",2,"22548774",0.002,1.6e-08,"SmoIndex",TRUE,"reported","142sG9",2,TRUE,NA
"88","rs67596067","G","A","G","A",-0.013,-0.00693597,0.649,0.717237,FALSE,FALSE,FALSE,"TWlLsn",52256373,0.551413,0.0116445,"outcome",TRUE,"reported","textfile",17,"50333733",0.002,1.2e-09,"SmoIndex",TRUE,"reported","142sG9",2,TRUE,NA
"89","rs6778080","T","C","T","C",0.016,-0.00878583,0.267,0.214974,FALSE,FALSE,FALSE,"TWlLsn",49279905,0.490988,0.0127564,"outcome",TRUE,"reported","textfile",3,"49317338",0.002,1.3e-12,"SmoIndex",TRUE,"reported","142sG9",2,TRUE,NA
"90","rs6779302","G","T","G","T",-0.013,-0.0153418,0.633,0.639996,FALSE,FALSE,FALSE,"TWlLsn",16818207,0.160673,0.0109365,"outcome",TRUE,"reported","textfile",3,"16859710",0.002,1.2e-09,"SmoIndex",TRUE,"reported","142sG9",2,TRUE,NA
"91","rs6935954","A","G","A","G",0.014,0.0202217,0.421,0.344279,FALSE,FALSE,FALSE,"TWlLsn",26255223,0.06697,0.0110388,"outcome",TRUE,"reported","textfile",6,"26255451",0.002,8.2e-12,"SmoIndex",TRUE,"reported","142sG9",2,TRUE,NA
"92","rs6957896","C","T","C","T",-0.011,-0.017551,0.503,0.58636,FALSE,FALSE,FALSE,"TWlLsn",132624833,0.100791,0.0106951,"outcome",TRUE,"reported","textfile",7,"132309592",0.002,4.5e-08,"SmoIndex",TRUE,"reported","142sG9",2,TRUE,NA
"93","rs6962772","A","G","A","G",0.016,0.0139472,0.846,0.777213,FALSE,FALSE,FALSE,"TWlLsn",99484107,0.267935,0.0125896,"outcome",TRUE,"reported","textfile",7,"99081730",0.003,7.8e-09,"SmoIndex",TRUE,"reported","142sG9",2,TRUE,NA
"94","rs7039819","G","A","G","A",0.013,-0.0145551,0.427,0.449924,FALSE,FALSE,FALSE,"TWlLsn",79815503,0.171158,0.0106359,"outcome",TRUE,"reported","textfile",9,"82430418",0.002,5.1e-10,"SmoIndex",TRUE,"reported","142sG9",2,TRUE,NA
"95","rs7077678","C","T","C","T",0.012,-0.0113531,0.623,0.60799,FALSE,FALSE,FALSE,"TWlLsn",102678808,0.292611,0.0107877,"outcome",TRUE,"reported","textfile",10,"104438565",0.002,2.6e-09,"SmoIndex",TRUE,"reported","142sG9",2,TRUE,NA
"96","rs71367545","G","A","G","A",-0.015,-0.0266392,0.791,0.782785,FALSE,FALSE,FALSE,"TWlLsn",79816337,0.0367765,0.0127568,"outcome",TRUE,"reported","textfile",18,"77576337",0.002,1.4e-09,"SmoIndex",TRUE,"reported","142sG9",2,TRUE,NA
"97","rs7155595","A","C","A","C",-0.013,0.00342155,0.674,0.698229,FALSE,FALSE,FALSE,"TWlLsn",77036203,0.76482,0.0114373,"outcome",TRUE,"reported","textfile",14,"77502546",0.002,2.5e-09,"SmoIndex",TRUE,"reported","142sG9",2,TRUE,NA
"98","rs71627581","G","A","G","A",0.019,0.0120428,0.889,0.828397,FALSE,FALSE,FALSE,"TWlLsn",43161249,0.392203,0.0140748,"outcome",TRUE,"reported","textfile",5,"43161351",0.003,1.6e-09,"SmoIndex",TRUE,"reported","142sG9",2,TRUE,NA
"99","rs72674867","A","T","A","T",0.013,-0.00245598,0.765,0.627611,FALSE,TRUE,FALSE,"TWlLsn",94565973,0.821284,0.0108723,"outcome",TRUE,"reported","textfile",8,"95578201",0.002,3.8e-08,"SmoIndex",TRUE,"reported","142sG9",2,TRUE,NA
"100","rs72678864","G","A","G","A",0.018,0.00262342,0.829,0.860387,FALSE,FALSE,FALSE,"TWlLsn",111500989,0.863202,0.0152258,"outcome",TRUE,"reported","textfile",4,"112422145",0.003,1.6e-11,"SmoIndex",TRUE,"reported","142sG9",2,TRUE,NA
"101","rs7297175","T","C","T","C",-0.012,-0.00958881,0.431,0.429361,FALSE,FALSE,FALSE,"TWlLsn",56080024,0.365187,0.0105892,"outcome",TRUE,"reported","textfile",12,"56473808",0.002,6.6e-09,"SmoIndex",TRUE,"reported","142sG9",2,TRUE,NA
"102","rs732083","G","A","G","A",0.012,0.022083,0.333,0.319415,FALSE,FALSE,FALSE,"TWlLsn",39678114,0.0492845,0.0112317,"outcome",TRUE,"reported","textfile",17,"37834367",0.002,1.5e-08,"SmoIndex",TRUE,"reported","142sG9",2,TRUE,NA
"103","rs73220544","A","C","A","C",-0.016,-0.0108354,0.842,0.751021,FALSE,FALSE,FALSE,"TWlLsn",131355667,0.373438,0.0121739,"outcome",TRUE,"reported","textfile",3,"131074511",0.003,1.5e-08,"SmoIndex",TRUE,"reported","142sG9",2,TRUE,NA
"104","rs7333559","G","A","G","A",0.015,-0.00401847,0.212,0.163788,FALSE,FALSE,FALSE,"TWlLsn",99894196,0.777707,0.0142343,"outcome",TRUE,"reported","textfile",13,"100546450",0.002,3.2e-10,"SmoIndex",TRUE,"reported","142sG9",2,TRUE,NA
"105","rs74086911","G","A","G","A",0.021,-0.00536211,0.925,0.9447573,FALSE,FALSE,FALSE,"TWlLsn",49622159,0.814213,0.022818,"outcome",TRUE,"reported","textfile",12,"50015942",0.004,2.1e-08,"SmoIndex",TRUE,"reported","142sG9",2,TRUE,NA
"106","rs7519626","C","T","C","T",0.012,0.0133533,0.324,0.383862,FALSE,FALSE,FALSE,"TWlLsn",99048998,0.215382,0.0107784,"outcome",TRUE,"reported","textfile",1,"99514554",0.002,1.2e-08,"SmoIndex",TRUE,"reported","142sG9",2,TRUE,NA
"107","rs7528604","G","A","G","A",0.014,0.0176069,0.566,0.627268,FALSE,FALSE,FALSE,"TWlLsn",65941669,0.104546,0.010847,"outcome",TRUE,"reported","textfile",1,"66407352",0.002,5.7e-12,"SmoIndex",TRUE,"reported","142sG9",2,TRUE,NA
"108","rs7553348","G","A","G","A",0.014,0.00158231,0.438,0.5083,FALSE,FALSE,FALSE,"TWlLsn",74539383,0.880099,0.0104898,"outcome",TRUE,"reported","textfile",1,"75005067",0.002,5.2e-12,"SmoIndex",TRUE,"reported","142sG9",2,TRUE,NA
"109","rs7569203","A","C","A","C",-0.016,2.78715e-05,0.689,0.599701,FALSE,FALSE,FALSE,"TWlLsn",44927279,0.997928,0.0107315,"outcome",TRUE,"reported","textfile",2,"45154418",0.002,7.4e-13,"SmoIndex",TRUE,"reported","142sG9",2,TRUE,NA
"110","rs75742406","G","A","G","A",0.014,0.0106749,0.739,0.721933,FALSE,FALSE,FALSE,"TWlLsn",17048818,0.363966,0.0117586,"outcome",TRUE,"reported","textfile",11,"17070365",0.002,1.3e-09,"SmoIndex",TRUE,"reported","142sG9",2,TRUE,NA
"111","rs76608582","C","A","C","A",0.031,-0.0166629,0.953,0.9424087,FALSE,FALSE,FALSE,"TWlLsn",4474728,0.463254,0.022717,"outcome",TRUE,"reported","textfile",19,"4474725",0.005,3.2e-10,"SmoIndex",TRUE,"reported","142sG9",2,TRUE,NA
"112","rs775758","A","T","A","T",0.012,-0.0101562,0.433,0.477262,FALSE,TRUE,TRUE,"TWlLsn",77532854,0.334793,0.0105299,"outcome",TRUE,"reported","textfile",3,"77582005",0.002,1.1e-08,"SmoIndex",TRUE,"reported","142sG9",2,FALSE,NA
"113","rs7766610","C","A","C","A",0.018,0.00543235,0.183,0.287634,FALSE,FALSE,FALSE,"TWlLsn",111386618,0.640181,0.0116214,"outcome",TRUE,"reported","textfile",6,"111707821",0.003,2.2e-12,"SmoIndex",TRUE,"reported","142sG9",2,TRUE,NA
"114","rs7807019","A","G","A","G",-0.015,0.0121706,0.54,0.418571,FALSE,FALSE,FALSE,"TWlLsn",117903009,0.253105,0.0106494,"outcome",TRUE,"reported","textfile",7,"117543063",0.002,6.7e-14,"SmoIndex",TRUE,"reported","142sG9",2,TRUE,NA
"115","rs8042134","T","G","T","G",-0.014,0.0171042,0.541,0.508878,FALSE,FALSE,FALSE,"TWlLsn",96971174,0.104167,0.0105258,"outcome",TRUE,"reported","textfile",15,"97514404",0.002,1.3e-12,"SmoIndex",TRUE,"reported","142sG9",2,TRUE,NA
"116","rs8042849","T","C","T","C",0.028,-0.00336697,0.342,0.643916,FALSE,FALSE,FALSE,"TWlLsn",78525587,0.758791,0.0109649,"outcome",TRUE,"reported","textfile",15,"78817929",0.002,1.8e-39,"SmoIndex",TRUE,"reported","142sG9",2,TRUE,NA
"117","rs860326","C","T","C","T",0.012,0.00913555,0.428,0.56235,FALSE,FALSE,FALSE,"TWlLsn",56876194,0.387299,0.0105671,"outcome",TRUE,"reported","textfile",14,"57342912",0.002,2.7e-09,"SmoIndex",TRUE,"reported","142sG9",2,TRUE,NA
"118","rs8614","C","A","C","A",-0.017,0.00484143,0.817,0.844415,FALSE,FALSE,FALSE,"TWlLsn",29261788,0.73928,0.0145473,"outcome",TRUE,"reported","textfile",17,"27588806",0.003,1.8e-10,"SmoIndex",TRUE,"reported","142sG9",2,TRUE,NA
"119","rs889398","C","T","C","T",0.013,0.015746,0.588,0.573695,FALSE,FALSE,FALSE,"TWlLsn",69522812,0.140274,0.0106769,"outcome",TRUE,"reported","textfile",16,"69556715",0.002,6.3e-11,"SmoIndex",TRUE,"reported","142sG9",2,TRUE,NA
"120","rs9435340","T","A","T","A",0.012,-0.0134582,0.344,0.296096,FALSE,TRUE,FALSE,"TWlLsn",107050579,0.241705,0.0114954,"outcome",TRUE,"reported","textfile",1,"107593201",0.002,1.2e-08,"SmoIndex",TRUE,"reported","142sG9",2,TRUE,NA
"121","rs9842947","C","T","C","T",-0.013,-0.0135869,0.326,0.307971,FALSE,FALSE,FALSE,"TWlLsn",157694457,0.232723,0.0113853,"outcome",TRUE,"reported","textfile",3,"157412246",0.002,3.1e-09,"SmoIndex",TRUE,"reported","142sG9",2,TRUE,NA
"122","rs986391","G","A","G","A",0.016,0.00715888,0.367,0.341945,FALSE,FALSE,FALSE,"TWlLsn",167566967,0.517477,0.0110606,"outcome",TRUE,"reported","textfile",5,"166993972",0.002,9.4e-15,"SmoIndex",TRUE,"reported","142sG9",2,TRUE,NA
"123","rs9904288","T","C","T","C",0.012,-0.00627518,0.708,0.734001,FALSE,FALSE,FALSE,"TWlLsn",48954611,0.596254,0.0118445,"outcome",TRUE,"reported","textfile",17,"47031973",0.002,3.1e-08,"SmoIndex",TRUE,"reported","142sG9",2,TRUE,NA
"124","rs9919670","G","A","G","A",-0.022,-0.0258848,0.612,0.375408,FALSE,FALSE,FALSE,"TWlLsn",113006582,0.0174578,0.0108901,"outcome",TRUE,"reported","textfile",11,"112877304",0.002,7.6e-27,"SmoIndex",TRUE,"reported","142sG9",2,TRUE,NA
