"","SNP","effect_allele.exposure","other_allele.exposure","effect_allele.outcome","other_allele.outcome","beta.exposure","beta.outcome","eaf.exposure","eaf.outcome","remove","palindromic","ambiguous","id.outcome","pos.outcome","pval.outcome","se.outcome","outcome","mr_keep.outcome","pval_origin.outcome","data_source.outcome","chr.exposure","pos.exposure","se.exposure","pval.exposure","exposure","mr_keep.exposure","pval_origin.exposure","id.exposure","action","mr_keep","samplesize.outcome"
"1","rs10052591","T","C","T","C",0.012,0.0136741,0.573,0.588387,FALSE,FALSE,FALSE,"T63ZsB",51516904,0.523082,0.0214126,"outcome",TRUE,"reported","textfile",5,"50812738",0.002,2.1e-09,"SmoIndex",TRUE,"reported","142sG9",2,TRUE,NA
"2","rs10226228","A","G","A","G",-0.016,-0.0269625,0.63,0.714337,FALSE,FALSE,FALSE,"T63ZsB",32276001,0.24832,0.0233555,"outcome",TRUE,"reported","textfile",7,"32315613",0.002,2e-15,"SmoIndex",TRUE,"reported","142sG9",2,TRUE,NA
"3","rs10282292","C","T","C","T",0.013,0.023396,0.362,0.373382,FALSE,FALSE,FALSE,"T63ZsB",111452422,0.282113,0.0217518,"outcome",TRUE,"reported","textfile",7,"111092478",0.002,5.9e-10,"SmoIndex",TRUE,"reported","142sG9",2,TRUE,NA
"4","rs1050847","C","T","C","T",0.011,0.0190362,0.426,0.492621,FALSE,FALSE,FALSE,"T63ZsB",87410128,0.367336,0.0211168,"outcome",TRUE,"reported","textfile",16,"87443734",0.002,1.4e-08,"SmoIndex",TRUE,"reported","142sG9",2,TRUE,NA
"5","rs10823968","A","T","A","T",0.012,-0.0228355,0.633,0.52357,FALSE,TRUE,TRUE,"T63ZsB",72978511,0.281033,0.0211831,"outcome",TRUE,"reported","textfile",10,"74738269",0.002,2.1e-08,"SmoIndex",TRUE,"reported","142sG9",2,FALSE,NA
"6","rs10879871","T","G","T","G",-0.014,0.000609991,0.343,0.351304,FALSE,FALSE,FALSE,"T63ZsB",74986731,0.977861,0.0219807,"outcome",TRUE,"reported","textfile",12,"75380511",0.002,5e-11,"SmoIndex",TRUE,"reported","142sG9",2,TRUE,NA
"7","rs10918701","G","A","G","A",0.012,-0.0102111,0.372,0.367543,FALSE,FALSE,FALSE,"T63ZsB",162120746,0.639147,0.0217772,"outcome",TRUE,"reported","textfile",1,"162090536",0.002,2.1e-08,"SmoIndex",TRUE,"reported","142sG9",2,TRUE,NA
"8","rs10922907","A","T","A","T",0.015,-0.0233883,0.451,0.382553,FALSE,TRUE,TRUE,"T63ZsB",90727492,0.282396,0.0217575,"outcome",TRUE,"reported","textfile",1,"91193049",0.002,3e-13,"SmoIndex",TRUE,"reported","142sG9",2,FALSE,NA
"9","rs11210229","A","G","A","G",0.017,-0.00224576,0.384,0.373844,FALSE,FALSE,FALSE,"T63ZsB",73394345,0.917508,0.0216827,"outcome",TRUE,"reported","textfile",1,"73860028",0.002,2e-16,"SmoIndex",TRUE,"reported","142sG9",2,TRUE,NA
"10","rs112282219","G","A","G","A",-0.033,-0.0629779,0.959,0.9738291,FALSE,FALSE,FALSE,"T63ZsB",46611259,0.342701,0.0663734,"outcome",TRUE,"reported","textfile",11,"46632809",0.005,3.8e-11,"SmoIndex",TRUE,"reported","142sG9",2,TRUE,NA
"11","rs11255908","T","G","T","G",-0.015,-0.0573898,0.743,0.840168,FALSE,FALSE,FALSE,"T63ZsB",8760949,0.0458406,0.02874,"outcome",TRUE,"reported","textfile",10,"8802912",0.002,2.3e-10,"SmoIndex",TRUE,"reported","142sG9",2,TRUE,NA
"12","rs113382419","C","A","C","A",-0.041,0.0604876,0.889,0.9674434,FALSE,FALSE,FALSE,"T63ZsB",133597897,0.309188,0.0594808,"outcome",TRUE,"reported","textfile",9,"136463019",0.003,3e-37,"SmoIndex",TRUE,"reported","142sG9",2,TRUE,NA
"13","rs11783093","C","T","C","T",0.023,0.0407971,0.839,0.875605,FALSE,FALSE,FALSE,"T63ZsB",27567832,0.203196,0.0320606,"outcome",TRUE,"reported","textfile",8,"27425349",0.003,1.2e-16,"SmoIndex",TRUE,"reported","142sG9",2,TRUE,NA
"14","rs11861214","G","T","G","T",0.014,0.00224852,0.784,0.659689,FALSE,FALSE,FALSE,"T63ZsB",696611,0.91961,0.0222791,"outcome",TRUE,"reported","textfile",16,"746611",0.002,2e-08,"SmoIndex",TRUE,"reported","142sG9",2,TRUE,NA
"15","rs1193237","G","C","G","C",-0.011,-0.00364402,0.439,0.471687,FALSE,TRUE,TRUE,"T63ZsB",7466426,0.862589,0.0210541,"outcome",TRUE,"reported","textfile",1,"7526486",0.002,2.8e-08,"SmoIndex",TRUE,"reported","142sG9",2,FALSE,NA
"16","rs11948770","T","C","T","C",-0.015,0.0332657,0.768,0.732794,FALSE,FALSE,FALSE,"T63ZsB",13246224,0.16248,0.023816,"outcome",TRUE,"reported","textfile",5,"13246336",0.002,4.9e-10,"SmoIndex",TRUE,"reported","142sG9",2,TRUE,NA
"17","rs12202536","A","G","A","G",-0.012,-0.00396489,0.513,0.539316,FALSE,FALSE,FALSE,"T63ZsB",66765380,0.851021,0.0211105,"outcome",TRUE,"reported","textfile",6,"67475273",0.002,2.8e-09,"SmoIndex",TRUE,"reported","142sG9",2,TRUE,NA
"18","rs1221148","C","G","C","G",0.013,0.000986956,0.587,0.589391,FALSE,TRUE,FALSE,"T63ZsB",119284597,0.963196,0.0213888,"outcome",TRUE,"reported","textfile",9,"122046875",0.002,7.3e-11,"SmoIndex",TRUE,"reported","142sG9",2,TRUE,NA
"19","rs1246265","T","C","T","C",-0.013,0.048072,0.305,0.28142,FALSE,FALSE,FALSE,"T63ZsB",84146830,0.040095,0.0234181,"outcome",TRUE,"reported","textfile",9,"86761745",0.002,4.2e-09,"SmoIndex",TRUE,"reported","142sG9",2,TRUE,NA
"20","rs12481282","G","C","G","C",-0.013,-0.0638806,0.722,0.725462,FALSE,TRUE,FALSE,"T63ZsB",46132738,0.00620412,0.0233414,"outcome",TRUE,"reported","textfile",20,"44761377",0.002,7.8e-09,"SmoIndex",TRUE,"reported","142sG9",2,TRUE,NA
"21","rs12623702","A","G","A","G",-0.014,-0.00683012,0.613,0.533437,FALSE,FALSE,FALSE,"T63ZsB",202020783,0.747021,0.0211741,"outcome",TRUE,"reported","textfile",2,"202885506",0.002,7.7e-12,"SmoIndex",TRUE,"reported","142sG9",2,TRUE,NA
"22","rs12708665","A","G","A","G",-0.013,-0.044616,0.285,0.273075,FALSE,FALSE,FALSE,"T63ZsB",24716906,0.058684,0.0235994,"outcome",TRUE,"reported","textfile",16,"24728227",0.002,3.5e-09,"SmoIndex",TRUE,"reported","142sG9",2,TRUE,NA
"23","rs12831617","C","T","C","T",-0.013,-0.0800888,0.764,0.836097,FALSE,FALSE,FALSE,"T63ZsB",84364589,0.0040438,0.0278596,"outcome",TRUE,"reported","textfile",12,"84758368",0.002,1.9e-08,"SmoIndex",TRUE,"reported","142sG9",2,TRUE,NA
"24","rs12967855","A","G","A","G",0.012,-0.0138773,0.331,0.2669,FALSE,FALSE,FALSE,"T63ZsB",37558282,0.560103,0.023816,"outcome",TRUE,"reported","textfile",18,"35138245",0.002,3.1e-08,"SmoIndex",TRUE,"reported","142sG9",2,TRUE,NA
"25","rs13009008","A","G","A","G",0.012,-0.0357767,0.328,0.376549,FALSE,FALSE,FALSE,"T63ZsB",173178505,0.100282,0.0217688,"outcome",TRUE,"reported","textfile",2,"174043233",0.002,4.6e-09,"SmoIndex",TRUE,"reported","142sG9",2,TRUE,NA
"26","rs13016665","C","A","C","A",-0.012,-0.0308987,0.577,0.526025,FALSE,FALSE,FALSE,"T63ZsB",57768213,0.143052,0.0210982,"outcome",TRUE,"reported","textfile",2,"57995348",0.002,1.8e-09,"SmoIndex",TRUE,"reported","142sG9",2,TRUE,NA
"27","rs13153393","A","G","A","G",-0.02,-0.00724212,0.884,0.9070799,FALSE,FALSE,FALSE,"T63ZsB",168177208,0.842491,0.036446,"outcome",TRUE,"reported","textfile",5,"167604213",0.003,2.5e-10,"SmoIndex",TRUE,"reported","142sG9",2,TRUE,NA
"28","rs13296519","G","T","G","T",-0.014,-0.0334194,0.606,0.619543,FALSE,FALSE,FALSE,"T63ZsB",125709645,0.123033,0.0216704,"outcome",TRUE,"reported","textfile",9,"128471924",0.002,8.1e-12,"SmoIndex",TRUE,"reported","142sG9",2,TRUE,NA
"29","rs136233","A","G","A","G",-0.014,-0.0068842,0.809,0.828168,FALSE,FALSE,FALSE,"T63ZsB",30816423,0.805357,0.0279368,"outcome",TRUE,"reported","textfile",22,"31212410",0.003,1.8e-08,"SmoIndex",TRUE,"reported","142sG9",2,TRUE,NA
"30","rs147412694","G","A","G","A",-0.017,-0.0183789,0.85,0.868164,FALSE,FALSE,FALSE,"T63ZsB",39330860,0.556342,0.0312416,"outcome",TRUE,"reported","textfile",21,"40702786",0.003,2.9e-09,"SmoIndex",TRUE,"reported","142sG9",2,TRUE,NA
"31","rs17309874","G","A","G","A",-0.016,-0.0817035,0.74,0.722377,FALSE,FALSE,FALSE,"T63ZsB",27645689,0.000404194,0.0230975,"outcome",TRUE,"reported","textfile",11,"27667236",0.002,9.7e-13,"SmoIndex",TRUE,"reported","142sG9",2,TRUE,NA
"32","rs17553262","A","C","A","C",-0.018,-0.0349712,0.885,0.9300478,FALSE,FALSE,FALSE,"T63ZsB",91153016,0.396642,0.0412574,"outcome",TRUE,"reported","textfile",10,"92912773",0.003,5.3e-09,"SmoIndex",TRUE,"reported","142sG9",2,TRUE,NA
"33","rs17576594","G","A","G","A",0.016,0.00427663,0.724,0.710979,FALSE,FALSE,FALSE,"T63ZsB",147031089,0.853732,0.0231973,"outcome",TRUE,"reported","textfile",4,"147952241",0.002,1.7e-12,"SmoIndex",TRUE,"reported","142sG9",2,TRUE,NA
"34","rs1922018","C","T","C","T",0.014,-0.0281522,0.364,0.328406,FALSE,FALSE,FALSE,"T63ZsB",3520769,0.207575,0.0223384,"outcome",TRUE,"reported","textfile",7,"3560401",0.002,3e-12,"SmoIndex",TRUE,"reported","142sG9",2,TRUE,NA
"35","rs1931263","G","T","G","T",-0.011,0.017056,0.51,0.575274,FALSE,FALSE,FALSE,"T63ZsB",95709545,0.421504,0.0212189,"outcome",TRUE,"reported","textfile",1,"96175101",0.002,4e-08,"SmoIndex",TRUE,"reported","142sG9",2,TRUE,NA
"36","rs1933270","T","G","T","G",0.013,0.0168036,0.364,0.398728,FALSE,FALSE,FALSE,"T63ZsB",49512293,0.435152,0.0215319,"outcome",TRUE,"reported","textfile",1,"49977965",0.002,1.5e-10,"SmoIndex",TRUE,"reported","142sG9",2,TRUE,NA
"37","rs202645","A","G","A","G",-0.015,0.000660016,0.203,0.234367,FALSE,FALSE,FALSE,"T63ZsB",41402516,0.978741,0.0247682,"outcome",TRUE,"reported","textfile",22,"41798520",0.002,3.9e-09,"SmoIndex",TRUE,"reported","142sG9",2,TRUE,NA
"38","rs2062882","G","A","G","A",-0.012,0.0158849,0.587,0.556024,FALSE,FALSE,FALSE,"T63ZsB",90827348,0.453136,0.0211743,"outcome",TRUE,"reported","textfile",8,"91839576",0.002,1.1e-08,"SmoIndex",TRUE,"reported","142sG9",2,TRUE,NA
"39","rs2080870","A","T","A","T",0.012,-0.0192937,0.258,0.245441,FALSE,TRUE,FALSE,"T63ZsB",61092486,0.429004,0.0243947,"outcome",TRUE,"reported","textfile",5,"60388313",0.002,4.9e-08,"SmoIndex",TRUE,"reported","142sG9",2,TRUE,NA
"40","rs2254710","C","A","C","A",0.013,0.015381,0.236,0.331189,FALSE,FALSE,FALSE,"T63ZsB",37509224,0.491365,0.0223515,"outcome",TRUE,"reported","textfile",6,"37477000",0.002,3.5e-08,"SmoIndex",TRUE,"reported","142sG9",2,TRUE,NA
"41","rs2401924","G","C","G","C",0.015,0.0169912,0.502,0.574268,FALSE,TRUE,TRUE,"T63ZsB",115417808,0.424756,0.021287,"outcome",TRUE,"reported","textfile",7,"115057862",0.002,2.7e-14,"SmoIndex",TRUE,"reported","142sG9",2,FALSE,NA
"42","rs245774","A","G","A","G",-0.013,0.0141701,0.272,0.32436,FALSE,FALSE,FALSE,"T63ZsB",171103926,0.528485,0.0224808,"outcome",TRUE,"reported","textfile",5,"170530930",0.002,7.4e-09,"SmoIndex",TRUE,"reported","142sG9",2,TRUE,NA
"43","rs2675638","G","A","G","A",0.012,-0.0448512,0.581,0.617053,FALSE,FALSE,FALSE,"T63ZsB",61816528,0.0387516,0.0217007,"outcome",TRUE,"reported","textfile",10,"63576286",0.002,1.3e-09,"SmoIndex",TRUE,"reported","142sG9",2,TRUE,NA
"44","rs2678670","A","T","A","T",0.013,-0.01735,0.486,0.473301,FALSE,TRUE,TRUE,"T63ZsB",103853106,0.410721,0.021091,"outcome",TRUE,"reported","textfile",2,"104469564",0.002,3.1e-10,"SmoIndex",TRUE,"reported","142sG9",2,FALSE,NA
"45","rs2838834","C","T","C","T",-0.013,-0.0338149,0.699,0.746727,FALSE,FALSE,FALSE,"T63ZsB",45245293,0.162654,0.0242192,"outcome",TRUE,"reported","textfile",21,"46665208",0.002,6.3e-10,"SmoIndex",TRUE,"reported","142sG9",2,TRUE,NA
"46","rs28485305","C","T","C","T",0.012,0.00280072,0.631,0.621792,FALSE,FALSE,FALSE,"T63ZsB",73751856,0.897173,0.0216718,"outcome",TRUE,"reported","textfile",15,"74044197",0.002,2.6e-08,"SmoIndex",TRUE,"reported","142sG9",2,TRUE,NA
"47","rs2867112","T","G","T","G",0.021,0.0377428,0.835,0.836896,FALSE,FALSE,FALSE,"T63ZsB",651349,0.184079,0.0284144,"outcome",TRUE,"reported","textfile",2,"651349",0.003,4.8e-15,"SmoIndex",TRUE,"reported","142sG9",2,TRUE,NA
"48","rs2890772","G","T","G","T",-0.02,-0.0489467,0.413,0.248406,FALSE,FALSE,FALSE,"T63ZsB",145417538,0.0455953,0.0244841,"outcome",TRUE,"reported","textfile",2,"146175106",0.002,2.1e-22,"SmoIndex",TRUE,"reported","142sG9",2,TRUE,NA
"49","rs2894808","T","A","T","A",-0.022,-0.0770971,0.922,0.9430486,FALSE,TRUE,FALSE,"T63ZsB",52997192,0.0904649,0.0455401,"outcome",TRUE,"reported","textfile",6,"52861990",0.004,3.5e-09,"SmoIndex",TRUE,"reported","142sG9",2,TRUE,NA
"50","rs317021","T","A","T","A",-0.017,0.00333592,0.814,0.809793,FALSE,TRUE,FALSE,"T63ZsB",35416746,0.901023,0.0268228,"outcome",TRUE,"reported","textfile",4,"35418368",0.003,1.1e-10,"SmoIndex",TRUE,"reported","142sG9",2,TRUE,NA
"51","rs326341","G","A","G","A",0.014,0.0241134,0.525,0.553238,FALSE,FALSE,FALSE,"T63ZsB",108092295,0.254941,0.0211813,"outcome",TRUE,"reported","textfile",3,"107811142",0.002,1.2e-11,"SmoIndex",TRUE,"reported","142sG9",2,TRUE,NA
"52","rs329120","C","T","C","T",0.014,-0.01338,0.581,0.576276,FALSE,FALSE,FALSE,"T63ZsB",134526066,0.529515,0.0212805,"outcome",TRUE,"reported","textfile",5,"133861756",0.002,6.3e-12,"SmoIndex",TRUE,"reported","142sG9",2,TRUE,NA
"53","rs34866095","A","G","A","G",-0.012,-0.0493217,0.686,0.757502,FALSE,FALSE,FALSE,"T63ZsB",16355810,0.0452918,0.0246371,"outcome",TRUE,"reported","textfile",11,"16377356",0.002,1.2e-08,"SmoIndex",TRUE,"reported","142sG9",2,TRUE,NA
"54","rs348809","A","G","A","G",-0.012,-0.0223171,0.348,0.315551,FALSE,FALSE,FALSE,"T63ZsB",60457039,0.324678,0.0226595,"outcome",TRUE,"reported","textfile",20,"59032097",0.002,1.3e-08,"SmoIndex",TRUE,"reported","142sG9",2,TRUE,NA
"55","rs35169606","T","G","T","G",0.013,-0.0218762,0.612,0.639731,FALSE,FALSE,FALSE,"T63ZsB",9746556,0.320335,0.0220134,"outcome",TRUE,"reported","textfile",8,"9604066",0.002,1.2e-09,"SmoIndex",TRUE,"reported","142sG9",2,TRUE,NA
"56","rs35175834","G","A","G","A",-0.024,-0.00923108,0.788,0.777032,FALSE,FALSE,FALSE,"T63ZsB",47388618,0.713579,0.0251492,"outcome",TRUE,"reported","textfile",15,"47680815",0.002,4.6e-22,"SmoIndex",TRUE,"reported","142sG9",2,TRUE,NA
"57","rs35343344","C","A","C","A",0.013,-0.027678,0.733,0.760728,FALSE,FALSE,FALSE,"T63ZsB",18360800,0.26424,0.0247916,"outcome",TRUE,"reported","textfile",19,"18471610",0.002,8.8e-09,"SmoIndex",TRUE,"reported","142sG9",2,TRUE,NA
"58","rs359243","T","C","T","C",-0.013,-0.0179171,0.393,0.36063,FALSE,FALSE,FALSE,"T63ZsB",60248374,0.414918,0.0219769,"outcome",TRUE,"reported","textfile",2,"60475509",0.002,9.5e-10,"SmoIndex",TRUE,"reported","142sG9",2,TRUE,NA
"59","rs369230","G","T","G","T",-0.013,-0.0573414,0.308,0.363236,FALSE,FALSE,FALSE,"T63ZsB",89579029,0.00947349,0.0221014,"outcome",TRUE,"reported","textfile",16,"89645437",0.002,1.8e-09,"SmoIndex",TRUE,"reported","142sG9",2,TRUE,NA
"60","rs3742365","T","C","T","C",-0.016,-0.0626821,0.595,0.561772,FALSE,FALSE,FALSE,"T63ZsB",103731914,0.00297098,0.0210999,"outcome",TRUE,"reported","textfile",14,"104198251",0.002,2.5e-14,"SmoIndex",TRUE,"reported","142sG9",2,TRUE,NA
"61","rs3769949","T","A","T","A",-0.012,-0.048479,0.528,0.716891,FALSE,TRUE,TRUE,"T63ZsB",165342774,0.0383584,0.0234085,"outcome",TRUE,"reported","textfile",2,"166199284",0.002,2.5e-09,"SmoIndex",TRUE,"reported","142sG9",2,FALSE,NA
"62","rs3811038","T","C","T","C",-0.014,-0.0362226,0.724,0.771096,FALSE,FALSE,FALSE,"T63ZsB",112482606,0.151484,0.0252545,"outcome",TRUE,"reported","textfile",2,"113240183",0.002,8.9e-10,"SmoIndex",TRUE,"reported","142sG9",2,TRUE,NA
"63","rs3896224","A","G","A","G",0.014,-0.00894348,0.585,0.507282,FALSE,FALSE,FALSE,"T63ZsB",104708095,0.671214,0.0210692,"outcome",TRUE,"reported","textfile",10,"106467853",0.002,1.1e-11,"SmoIndex",TRUE,"reported","142sG9",2,TRUE,NA
"64","rs421983","T","C","T","C",0.013,-0.00988677,0.519,0.435014,FALSE,FALSE,FALSE,"T63ZsB",84843715,0.641149,0.021212,"outcome",TRUE,"reported","textfile",3,"84892866",0.002,3.3e-10,"SmoIndex",TRUE,"reported","142sG9",2,TRUE,NA
"65","rs4391802","A","G","A","G",0.015,0.0130707,0.707,0.760405,FALSE,FALSE,FALSE,"T63ZsB",28653045,0.597111,0.0247288,"outcome",TRUE,"reported","textfile",11,"28674592",0.002,1.4e-11,"SmoIndex",TRUE,"reported","142sG9",2,TRUE,NA
"66","rs4473348","A","T","A","T",-0.015,-0.026407,0.25,0.234453,FALSE,TRUE,FALSE,"T63ZsB",181209015,0.287714,0.0248385,"outcome",TRUE,"reported","textfile",2,"182073742",0.002,6.4e-11,"SmoIndex",TRUE,"reported","142sG9",2,TRUE,NA
"67","rs4543592","T","C","T","C",-0.012,0.0189711,0.52,0.60689,FALSE,FALSE,FALSE,"T63ZsB",3014254,0.378984,0.0215637,"outcome",TRUE,"reported","textfile",9,"3014254",0.002,4.5e-10,"SmoIndex",TRUE,"reported","142sG9",2,TRUE,NA
"68","rs4571506","C","T","C","T",0.011,0.0162738,0.54,0.543897,FALSE,FALSE,FALSE,"T63ZsB",88461101,0.442634,0.0211967,"outcome",TRUE,"reported","textfile",5,"87756918",0.002,1.5e-08,"SmoIndex",TRUE,"reported","142sG9",2,TRUE,NA
"69","rs4671357","T","C","T","C",-0.014,-0.0159559,0.519,0.393238,FALSE,FALSE,FALSE,"T63ZsB",59909041,0.459884,0.0215901,"outcome",TRUE,"reported","textfile",2,"60136176",0.002,1.1e-11,"SmoIndex",TRUE,"reported","142sG9",2,TRUE,NA
"70","rs4731925","C","T","C","T",-0.012,-0.0388302,0.316,0.287912,FALSE,FALSE,FALSE,"T63ZsB",132979997,0.0937519,0.0231693,"outcome",TRUE,"reported","textfile",7,"132664757",0.002,2.6e-08,"SmoIndex",TRUE,"reported","142sG9",2,TRUE,NA
"71","rs4814873","C","T","C","T",0.014,-0.00349775,0.767,0.757082,FALSE,FALSE,FALSE,"T63ZsB",19635785,0.886334,0.0244694,"outcome",TRUE,"reported","textfile",20,"19616429",0.002,2.9e-09,"SmoIndex",TRUE,"reported","142sG9",2,TRUE,NA
"72","rs4949465","T","C","T","C",-0.017,0.00132707,0.87,0.82983,FALSE,FALSE,FALSE,"T63ZsB",31712888,0.962253,0.0280407,"outcome",TRUE,"reported","textfile",1,"32178489",0.003,1.7e-08,"SmoIndex",TRUE,"reported","142sG9",2,TRUE,NA
"73","rs4957528","A","C","A","C",-0.015,-0.0177324,0.208,0.144358,FALSE,FALSE,FALSE,"T63ZsB",107084888,0.555926,0.0301108,"outcome",TRUE,"reported","textfile",5,"106420589",0.002,4.2e-09,"SmoIndex",TRUE,"reported","142sG9",2,TRUE,NA
"74","rs549845","G","A","G","A",0.016,-0.0322353,0.301,0.263223,FALSE,FALSE,FALSE,"T63ZsB",43610798,0.176465,0.0238476,"outcome",TRUE,"reported","textfile",1,"44076469",0.002,8.3e-14,"SmoIndex",TRUE,"reported","142sG9",2,TRUE,NA
"75","rs57611503","G","A","G","A",0.011,0.0275352,0.485,0.511859,FALSE,FALSE,FALSE,"T63ZsB",31154474,0.193838,0.0211922,"outcome",TRUE,"reported","textfile",16,"31165795",0.002,4e-08,"SmoIndex",TRUE,"reported","142sG9",2,TRUE,NA
"76","rs6011779","C","T","C","T",0.028,-0.00320514,0.191,0.24366,FALSE,FALSE,FALSE,"T63ZsB",63352965,0.895834,0.0244807,"outcome",TRUE,"reported","textfile",20,"61984317",0.003,2.3e-27,"SmoIndex",TRUE,"reported","142sG9",2,TRUE,NA
"77","rs60952428","T","C","T","C",0.019,-0.0166972,0.909,0.9086456,FALSE,FALSE,FALSE,"T63ZsB",75606623,0.64853,0.0366323,"outcome",TRUE,"reported","textfile",16,"75640521",0.003,3e-08,"SmoIndex",TRUE,"reported","142sG9",2,TRUE,NA
"78","rs6119897","G","A","G","A",-0.018,0.012874,0.762,0.677411,FALSE,FALSE,FALSE,"T63ZsB",32557613,0.566695,0.0224706,"outcome",TRUE,"reported","textfile",20,"31145415",0.002,3.6e-15,"SmoIndex",TRUE,"reported","142sG9",2,TRUE,NA
"79","rs61796681","A","T","A","T",-0.019,0.0278759,0.912,0.9046225,FALSE,TRUE,FALSE,"T63ZsB",23676573,0.435241,0.0357267,"outcome",TRUE,"reported","textfile",4,"23678196",0.004,4.2e-08,"SmoIndex",TRUE,"reported","142sG9",2,TRUE,NA
"80","rs62098013","G","A","G","A",-0.012,0.0224404,0.64,0.648497,FALSE,FALSE,FALSE,"T63ZsB",53337491,0.310844,0.0221425,"outcome",TRUE,"reported","textfile",18,"50863861",0.002,4.1e-09,"SmoIndex",TRUE,"reported","142sG9",2,TRUE,NA
"81","rs62135536","C","T","C","T",0.035,0.0707809,0.968,0.9575606,FALSE,FALSE,FALSE,"T63ZsB",44098889,0.173083,0.0519545,"outcome",TRUE,"reported","textfile",2,"44326028",0.006,8e-10,"SmoIndex",TRUE,"reported","142sG9",2,TRUE,NA
"82","rs62155874","A","G","A","G",-0.024,-0.00267376,0.873,0.892637,FALSE,FALSE,FALSE,"T63ZsB",105356637,0.937509,0.0341038,"outcome",TRUE,"reported","textfile",2,"105973094",0.003,5.2e-16,"SmoIndex",TRUE,"reported","142sG9",2,TRUE,NA
"83","rs62175972","T","C","T","C",0.031,0.0613373,0.966,0.9835619,FALSE,FALSE,FALSE,"T63ZsB",160506319,0.465552,0.0840541,"outcome",TRUE,"reported","textfile",2,"161362830",0.006,1.7e-08,"SmoIndex",TRUE,"reported","142sG9",2,TRUE,NA
"84","rs624833","T","G","T","G",0.013,0.0062903,0.695,0.64288,FALSE,FALSE,FALSE,"T63ZsB",2879529,0.775279,0.0220345,"outcome",TRUE,"reported","textfile",4,"2881256",0.002,6.6e-10,"SmoIndex",TRUE,"reported","142sG9",2,TRUE,NA
"85","rs6562474","C","G","C","G",0.012,-0.00465957,0.651,0.558853,FALSE,TRUE,TRUE,"T63ZsB",66758680,0.825945,0.021189,"outcome",TRUE,"reported","textfile",13,"67332812",0.002,1e-08,"SmoIndex",TRUE,"reported","142sG9",2,FALSE,NA
"86","rs6598539","T","C","T","C",-0.012,-0.0201935,0.489,0.478846,FALSE,FALSE,FALSE,"T63ZsB",98661254,0.338448,0.0210956,"outcome",TRUE,"reported","textfile",15,"99204483",0.002,4.5e-09,"SmoIndex",TRUE,"reported","142sG9",2,TRUE,NA
"87","rs6741228","T","C","T","C",0.011,0.00570736,0.433,0.52528,FALSE,FALSE,FALSE,"T63ZsB",22325902,0.787336,0.0211563,"outcome",TRUE,"reported","textfile",2,"22548774",0.002,1.6e-08,"SmoIndex",TRUE,"reported","142sG9",2,TRUE,NA
"88","rs67596067","G","A","G","A",-0.013,-0.00194221,0.649,0.717349,FALSE,FALSE,FALSE,"T63ZsB",52256373,0.933886,0.0234123,"outcome",TRUE,"reported","textfile",17,"50333733",0.002,1.2e-09,"SmoIndex",TRUE,"reported","142sG9",2,TRUE,NA
"89","rs6778080","T","C","T","C",0.016,-0.0248968,0.267,0.214924,FALSE,FALSE,FALSE,"T63ZsB",49279905,0.332896,0.025712,"outcome",TRUE,"reported","textfile",3,"49317338",0.002,1.3e-12,"SmoIndex",TRUE,"reported","142sG9",2,TRUE,NA
"90","rs6779302","G","T","G","T",-0.013,-0.0134916,0.633,0.64064,FALSE,FALSE,FALSE,"T63ZsB",16818207,0.538498,0.0219344,"outcome",TRUE,"reported","textfile",3,"16859710",0.002,1.2e-09,"SmoIndex",TRUE,"reported","142sG9",2,TRUE,NA
"91","rs6935954","A","G","A","G",0.014,0.0328256,0.421,0.343583,FALSE,FALSE,FALSE,"T63ZsB",26255223,0.13924,0.0222001,"outcome",TRUE,"reported","textfile",6,"26255451",0.002,8.2e-12,"SmoIndex",TRUE,"reported","142sG9",2,TRUE,NA
"92","rs6957896","C","T","C","T",-0.011,-0.0141768,0.503,0.586133,FALSE,FALSE,FALSE,"T63ZsB",132624833,0.508051,0.0214191,"outcome",TRUE,"reported","textfile",7,"132309592",0.002,4.5e-08,"SmoIndex",TRUE,"reported","142sG9",2,TRUE,NA
"93","rs6962772","A","G","A","G",0.016,0.032863,0.846,0.776573,FALSE,FALSE,FALSE,"T63ZsB",99484107,0.191194,0.0251428,"outcome",TRUE,"reported","textfile",7,"99081730",0.003,7.8e-09,"SmoIndex",TRUE,"reported","142sG9",2,TRUE,NA
"94","rs7039819","G","A","G","A",0.013,-0.0238956,0.427,0.449833,FALSE,FALSE,FALSE,"T63ZsB",79815503,0.26196,0.0213017,"outcome",TRUE,"reported","textfile",9,"82430418",0.002,5.1e-10,"SmoIndex",TRUE,"reported","142sG9",2,TRUE,NA
"95","rs7077678","C","T","C","T",0.012,0.010378,0.623,0.608016,FALSE,FALSE,FALSE,"T63ZsB",102678808,0.631524,0.0216397,"outcome",TRUE,"reported","textfile",10,"104438565",0.002,2.6e-09,"SmoIndex",TRUE,"reported","142sG9",2,TRUE,NA
"96","rs71367545","G","A","G","A",-0.015,-0.0372756,0.791,0.783055,FALSE,FALSE,FALSE,"T63ZsB",79816337,0.144394,0.0255379,"outcome",TRUE,"reported","textfile",18,"77576337",0.002,1.4e-09,"SmoIndex",TRUE,"reported","142sG9",2,TRUE,NA
"97","rs7155595","A","C","A","C",-0.013,-0.0126301,0.674,0.698263,FALSE,FALSE,FALSE,"T63ZsB",77036203,0.581559,0.0229177,"outcome",TRUE,"reported","textfile",14,"77502546",0.002,2.5e-09,"SmoIndex",TRUE,"reported","142sG9",2,TRUE,NA
"98","rs71627581","G","A","G","A",0.019,-0.0247974,0.889,0.828669,FALSE,FALSE,FALSE,"T63ZsB",43161249,0.377656,0.0281079,"outcome",TRUE,"reported","textfile",5,"43161351",0.003,1.6e-09,"SmoIndex",TRUE,"reported","142sG9",2,TRUE,NA
"99","rs72674867","A","T","A","T",0.013,0.0333667,0.765,0.627296,FALSE,TRUE,FALSE,"T63ZsB",94565973,0.124918,0.021745,"outcome",TRUE,"reported","textfile",8,"95578201",0.002,3.8e-08,"SmoIndex",TRUE,"reported","142sG9",2,TRUE,NA
"100","rs72678864","G","A","G","A",0.018,0.0430648,0.829,0.860302,FALSE,FALSE,FALSE,"T63ZsB",111500989,0.158668,0.0305518,"outcome",TRUE,"reported","textfile",4,"112422145",0.003,1.6e-11,"SmoIndex",TRUE,"reported","142sG9",2,TRUE,NA
"101","rs7297175","T","C","T","C",-0.012,-0.00275471,0.431,0.429887,FALSE,FALSE,FALSE,"T63ZsB",56080024,0.896772,0.0212326,"outcome",TRUE,"reported","textfile",12,"56473808",0.002,6.6e-09,"SmoIndex",TRUE,"reported","142sG9",2,TRUE,NA
"102","rs732083","G","A","G","A",0.012,0.024895,0.333,0.318028,FALSE,FALSE,FALSE,"T63ZsB",39678114,0.26941,0.0225411,"outcome",TRUE,"reported","textfile",17,"37834367",0.002,1.5e-08,"SmoIndex",TRUE,"reported","142sG9",2,TRUE,NA
"103","rs73220544","A","C","A","C",-0.016,0.00877251,0.842,0.751011,FALSE,FALSE,FALSE,"T63ZsB",131355667,0.719754,0.0244504,"outcome",TRUE,"reported","textfile",3,"131074511",0.003,1.5e-08,"SmoIndex",TRUE,"reported","142sG9",2,TRUE,NA
"104","rs7333559","G","A","G","A",0.015,0.00702036,0.212,0.163258,FALSE,FALSE,FALSE,"T63ZsB",99894196,0.805949,0.0285781,"outcome",TRUE,"reported","textfile",13,"100546450",0.002,3.2e-10,"SmoIndex",TRUE,"reported","142sG9",2,TRUE,NA
"105","rs74086911","G","A","G","A",0.021,-0.00947759,0.925,0.9448947,FALSE,FALSE,FALSE,"T63ZsB",49622159,0.836943,0.0460514,"outcome",TRUE,"reported","textfile",12,"50015942",0.004,2.1e-08,"SmoIndex",TRUE,"reported","142sG9",2,TRUE,NA
"106","rs7519626","C","T","C","T",0.012,-0.00408762,0.324,0.384077,FALSE,FALSE,FALSE,"T63ZsB",99048998,0.849881,0.0215968,"outcome",TRUE,"reported","textfile",1,"99514554",0.002,1.2e-08,"SmoIndex",TRUE,"reported","142sG9",2,TRUE,NA
"107","rs7528604","G","A","G","A",0.014,0.0319615,0.566,0.627481,FALSE,FALSE,FALSE,"T63ZsB",65941669,0.141972,0.0217649,"outcome",TRUE,"reported","textfile",1,"66407352",0.002,5.7e-12,"SmoIndex",TRUE,"reported","142sG9",2,TRUE,NA
"108","rs7553348","G","A","G","A",0.014,-0.0155742,0.438,0.508002,FALSE,FALSE,FALSE,"T63ZsB",74539383,0.459465,0.021054,"outcome",TRUE,"reported","textfile",1,"75005067",0.002,5.2e-12,"SmoIndex",TRUE,"reported","142sG9",2,TRUE,NA
"109","rs7569203","A","C","A","C",-0.016,0.0234512,0.689,0.599341,FALSE,FALSE,FALSE,"T63ZsB",44927279,0.27554,0.0215072,"outcome",TRUE,"reported","textfile",2,"45154418",0.002,7.4e-13,"SmoIndex",TRUE,"reported","142sG9",2,TRUE,NA
"110","rs75742406","G","A","G","A",0.014,0.0300617,0.739,0.721765,FALSE,FALSE,FALSE,"T63ZsB",17048818,0.201359,0.0235281,"outcome",TRUE,"reported","textfile",11,"17070365",0.002,1.3e-09,"SmoIndex",TRUE,"reported","142sG9",2,TRUE,NA
"111","rs76608582","C","A","C","A",0.031,0.0243407,0.953,0.9423144,FALSE,FALSE,FALSE,"T63ZsB",4474728,0.592044,0.0454224,"outcome",TRUE,"reported","textfile",19,"4474725",0.005,3.2e-10,"SmoIndex",TRUE,"reported","142sG9",2,TRUE,NA
"112","rs775758","A","T","A","T",0.012,0.00589576,0.433,0.476874,FALSE,TRUE,TRUE,"T63ZsB",77532854,0.780114,0.0211189,"outcome",TRUE,"reported","textfile",3,"77582005",0.002,1.1e-08,"SmoIndex",TRUE,"reported","142sG9",2,FALSE,NA
"113","rs7766610","C","A","C","A",0.018,0.000728082,0.183,0.287583,FALSE,FALSE,FALSE,"T63ZsB",111386618,0.97505,0.0232796,"outcome",TRUE,"reported","textfile",6,"111707821",0.003,2.2e-12,"SmoIndex",TRUE,"reported","142sG9",2,TRUE,NA
"114","rs7807019","A","G","A","G",-0.015,-0.0383208,0.54,0.418138,FALSE,FALSE,FALSE,"T63ZsB",117903009,0.0728518,0.0213634,"outcome",TRUE,"reported","textfile",7,"117543063",0.002,6.7e-14,"SmoIndex",TRUE,"reported","142sG9",2,TRUE,NA
"115","rs8042134","T","G","T","G",-0.014,-0.0440058,0.541,0.509368,FALSE,FALSE,FALSE,"T63ZsB",96971174,0.0369403,0.0210915,"outcome",TRUE,"reported","textfile",15,"97514404",0.002,1.3e-12,"SmoIndex",TRUE,"reported","142sG9",2,TRUE,NA
"116","rs8042849","T","C","T","C",0.028,0.0141392,0.342,0.644026,FALSE,FALSE,FALSE,"T63ZsB",78525587,0.519396,0.0219458,"outcome",TRUE,"reported","textfile",15,"78817929",0.002,1.8e-39,"SmoIndex",TRUE,"reported","142sG9",2,TRUE,NA
"117","rs860326","C","T","C","T",0.012,0.0242845,0.428,0.562323,FALSE,FALSE,FALSE,"T63ZsB",56876194,0.252061,0.0212026,"outcome",TRUE,"reported","textfile",14,"57342912",0.002,2.7e-09,"SmoIndex",TRUE,"reported","142sG9",2,TRUE,NA
"118","rs8614","C","A","C","A",-0.017,0.0113397,0.817,0.84489,FALSE,FALSE,FALSE,"T63ZsB",29261788,0.698866,0.0293129,"outcome",TRUE,"reported","textfile",17,"27588806",0.003,1.8e-10,"SmoIndex",TRUE,"reported","142sG9",2,TRUE,NA
"119","rs889398","C","T","C","T",0.013,0.049687,0.588,0.573446,FALSE,FALSE,FALSE,"T63ZsB",69522812,0.0201493,0.021384,"outcome",TRUE,"reported","textfile",16,"69556715",0.002,6.3e-11,"SmoIndex",TRUE,"reported","142sG9",2,TRUE,NA
"120","rs9435340","T","A","T","A",0.012,-0.0542012,0.344,0.296174,FALSE,TRUE,FALSE,"T63ZsB",107050579,0.0185558,0.0230218,"outcome",TRUE,"reported","textfile",1,"107593201",0.002,1.2e-08,"SmoIndex",TRUE,"reported","142sG9",2,TRUE,NA
"121","rs9842947","C","T","C","T",-0.013,0.0377771,0.326,0.308316,FALSE,FALSE,FALSE,"T63ZsB",157694457,0.0980686,0.0228359,"outcome",TRUE,"reported","textfile",3,"157412246",0.002,3.1e-09,"SmoIndex",TRUE,"reported","142sG9",2,TRUE,NA
"122","rs986391","G","A","G","A",0.016,-0.0068395,0.367,0.342039,FALSE,FALSE,FALSE,"T63ZsB",167566967,0.757738,0.0221736,"outcome",TRUE,"reported","textfile",5,"166993972",0.002,9.4e-15,"SmoIndex",TRUE,"reported","142sG9",2,TRUE,NA
"123","rs9904288","T","C","T","C",0.012,0.00190999,0.708,0.734173,FALSE,FALSE,FALSE,"T63ZsB",48954611,0.93591,0.0237526,"outcome",TRUE,"reported","textfile",17,"47031973",0.002,3.1e-08,"SmoIndex",TRUE,"reported","142sG9",2,TRUE,NA
"124","rs9919670","G","A","G","A",-0.022,-0.00433987,0.612,0.374944,FALSE,FALSE,FALSE,"T63ZsB",113006582,0.842818,0.0218865,"outcome",TRUE,"reported","textfile",11,"112877304",0.002,7.6e-27,"SmoIndex",TRUE,"reported","142sG9",2,TRUE,NA
