"","SNP","effect_allele.exposure","other_allele.exposure","effect_allele.outcome","other_allele.outcome","beta.exposure","beta.outcome","eaf.exposure","eaf.outcome","remove","palindromic","ambiguous","id.outcome","pos.outcome","pval.outcome","se.outcome","outcome","mr_keep.outcome","pval_origin.outcome","data_source.outcome","chr.exposure","pos.exposure","se.exposure","pval.exposure","exposure","mr_keep.exposure","pval_origin.exposure","id.exposure","action","mr_keep","samplesize.outcome"
"1","rs10052591","T","C","T","C",0.012,-0.00525302,0.573,0.588659,FALSE,FALSE,FALSE,"HPGtFl",51516904,0.75643,0.0169358,"outcome",TRUE,"reported","textfile",5,"50812738",0.002,2.1e-09,"SmoIndex",TRUE,"reported","142sG9",2,TRUE,NA
"2","rs10226228","A","G","A","G",-0.016,0.00497745,0.63,0.714084,FALSE,FALSE,FALSE,"HPGtFl",32276001,0.787338,0.0184508,"outcome",TRUE,"reported","textfile",7,"32315613",0.002,2e-15,"SmoIndex",TRUE,"reported","142sG9",2,TRUE,NA
"3","rs10282292","C","T","C","T",0.013,-0.00716597,0.362,0.373448,FALSE,FALSE,FALSE,"HPGtFl",111452422,0.67754,0.0172333,"outcome",TRUE,"reported","textfile",7,"111092478",0.002,5.9e-10,"SmoIndex",TRUE,"reported","142sG9",2,TRUE,NA
"4","rs1050847","C","T","C","T",0.011,-0.00987669,0.426,0.492221,FALSE,FALSE,FALSE,"HPGtFl",87410128,0.555248,0.0167426,"outcome",TRUE,"reported","textfile",16,"87443734",0.002,1.4e-08,"SmoIndex",TRUE,"reported","142sG9",2,TRUE,NA
"5","rs10823968","A","T","A","T",0.012,-0.0164308,0.633,0.523442,FALSE,TRUE,TRUE,"HPGtFl",72978511,0.32744,0.0167783,"outcome",TRUE,"reported","textfile",10,"74738269",0.002,2.1e-08,"SmoIndex",TRUE,"reported","142sG9",2,FALSE,NA
"6","rs10879871","T","G","T","G",-0.014,-0.0225207,0.343,0.351827,FALSE,FALSE,FALSE,"HPGtFl",74986731,0.196451,0.0174346,"outcome",TRUE,"reported","textfile",12,"75380511",0.002,5e-11,"SmoIndex",TRUE,"reported","142sG9",2,TRUE,NA
"7","rs10918701","G","A","G","A",0.012,-0.00283094,0.372,0.366979,FALSE,FALSE,FALSE,"HPGtFl",162120746,0.869783,0.0172688,"outcome",TRUE,"reported","textfile",1,"162090536",0.002,2.1e-08,"SmoIndex",TRUE,"reported","142sG9",2,TRUE,NA
"8","rs10922907","A","T","A","T",0.015,-0.00628374,0.451,0.382464,FALSE,TRUE,TRUE,"HPGtFl",90727492,0.715176,0.0172198,"outcome",TRUE,"reported","textfile",1,"91193049",0.002,3e-13,"SmoIndex",TRUE,"reported","142sG9",2,FALSE,NA
"9","rs11210229","A","G","A","G",0.017,-0.0380476,0.384,0.373623,FALSE,FALSE,FALSE,"HPGtFl",73394345,0.0267061,0.0171711,"outcome",TRUE,"reported","textfile",1,"73860028",0.002,2e-16,"SmoIndex",TRUE,"reported","142sG9",2,TRUE,NA
"10","rs112282219","G","A","G","A",-0.033,-0.0143467,0.959,0.9737171,FALSE,FALSE,FALSE,"HPGtFl",46611259,0.78482,0.0525438,"outcome",TRUE,"reported","textfile",11,"46632809",0.005,3.8e-11,"SmoIndex",TRUE,"reported","142sG9",2,TRUE,NA
"11","rs11255908","T","G","T","G",-0.015,0.00291521,0.743,0.839979,FALSE,FALSE,FALSE,"HPGtFl",8760949,0.897707,0.022676,"outcome",TRUE,"reported","textfile",10,"8802912",0.002,2.3e-10,"SmoIndex",TRUE,"reported","142sG9",2,TRUE,NA
"12","rs113382419","C","A","C","A",-0.041,0.0159215,0.889,0.9674018,FALSE,FALSE,FALSE,"HPGtFl",133597897,0.733289,0.0467243,"outcome",TRUE,"reported","textfile",9,"136463019",0.003,3e-37,"SmoIndex",TRUE,"reported","142sG9",2,TRUE,NA
"13","rs11783093","C","T","C","T",0.023,0.0368085,0.839,0.875586,FALSE,FALSE,FALSE,"HPGtFl",27567832,0.144879,0.0252483,"outcome",TRUE,"reported","textfile",8,"27425349",0.003,1.2e-16,"SmoIndex",TRUE,"reported","142sG9",2,TRUE,NA
"14","rs11861214","G","T","G","T",0.014,-0.0182363,0.784,0.659387,FALSE,FALSE,FALSE,"HPGtFl",696611,0.303209,0.0177125,"outcome",TRUE,"reported","textfile",16,"746611",0.002,2e-08,"SmoIndex",TRUE,"reported","142sG9",2,TRUE,NA
"15","rs1193237","G","C","G","C",-0.011,-0.00647972,0.439,0.471833,FALSE,TRUE,TRUE,"HPGtFl",7466426,0.69793,0.0166953,"outcome",TRUE,"reported","textfile",1,"7526486",0.002,2.8e-08,"SmoIndex",TRUE,"reported","142sG9",2,FALSE,NA
"16","rs11948770","T","C","T","C",-0.015,0.000837984,0.768,0.732479,FALSE,FALSE,FALSE,"HPGtFl",13246224,0.964535,0.0188465,"outcome",TRUE,"reported","textfile",5,"13246336",0.002,4.9e-10,"SmoIndex",TRUE,"reported","142sG9",2,TRUE,NA
"17","rs12202536","A","G","A","G",-0.012,-0.0267226,0.513,0.539691,FALSE,FALSE,FALSE,"HPGtFl",66765380,0.110555,0.0167466,"outcome",TRUE,"reported","textfile",6,"67475273",0.002,2.8e-09,"SmoIndex",TRUE,"reported","142sG9",2,TRUE,NA
"18","rs1221148","C","G","C","G",0.013,0.00621575,0.587,0.58938,FALSE,TRUE,FALSE,"HPGtFl",119284597,0.714064,0.0169642,"outcome",TRUE,"reported","textfile",9,"122046875",0.002,7.3e-11,"SmoIndex",TRUE,"reported","142sG9",2,TRUE,NA
"19","rs1246265","T","C","T","C",-0.013,0.0106896,0.305,0.281846,FALSE,FALSE,FALSE,"HPGtFl",84146830,0.563645,0.0185122,"outcome",TRUE,"reported","textfile",9,"86761745",0.002,4.2e-09,"SmoIndex",TRUE,"reported","142sG9",2,TRUE,NA
"20","rs12481282","G","C","G","C",-0.013,-0.0126226,0.722,0.725703,FALSE,TRUE,FALSE,"HPGtFl",46132738,0.500643,0.0187424,"outcome",TRUE,"reported","textfile",20,"44761377",0.002,7.8e-09,"SmoIndex",TRUE,"reported","142sG9",2,TRUE,NA
"21","rs12623702","A","G","A","G",-0.014,0.0137652,0.613,0.533512,FALSE,FALSE,FALSE,"HPGtFl",202020783,0.411681,0.0167676,"outcome",TRUE,"reported","textfile",2,"202885506",0.002,7.7e-12,"SmoIndex",TRUE,"reported","142sG9",2,TRUE,NA
"22","rs12708665","A","G","A","G",-0.013,-0.00430952,0.285,0.273283,FALSE,FALSE,FALSE,"HPGtFl",24716906,0.817592,0.0186847,"outcome",TRUE,"reported","textfile",16,"24728227",0.002,3.5e-09,"SmoIndex",TRUE,"reported","142sG9",2,TRUE,NA
"23","rs12831617","C","T","C","T",-0.013,0.01263,0.764,0.835969,FALSE,FALSE,FALSE,"HPGtFl",84364589,0.57443,0.0224918,"outcome",TRUE,"reported","textfile",12,"84758368",0.002,1.9e-08,"SmoIndex",TRUE,"reported","142sG9",2,TRUE,NA
"24","rs12967855","A","G","A","G",0.012,0.0442663,0.331,0.266424,FALSE,FALSE,FALSE,"HPGtFl",37558282,0.0188777,0.0188533,"outcome",TRUE,"reported","textfile",18,"35138245",0.002,3.1e-08,"SmoIndex",TRUE,"reported","142sG9",2,TRUE,NA
"25","rs13009008","A","G","A","G",0.012,-0.00483121,0.328,0.375853,FALSE,FALSE,FALSE,"HPGtFl",173178505,0.779968,0.0172938,"outcome",TRUE,"reported","textfile",2,"174043233",0.002,4.6e-09,"SmoIndex",TRUE,"reported","142sG9",2,TRUE,NA
"26","rs13016665","C","A","C","A",-0.012,0.00146846,0.577,0.526098,FALSE,FALSE,FALSE,"HPGtFl",57768213,0.930041,0.0167263,"outcome",TRUE,"reported","textfile",2,"57995348",0.002,1.8e-09,"SmoIndex",TRUE,"reported","142sG9",2,TRUE,NA
"27","rs13153393","A","G","A","G",-0.02,0.00590721,0.884,0.9067674,FALSE,FALSE,FALSE,"HPGtFl",168177208,0.837678,0.0288347,"outcome",TRUE,"reported","textfile",5,"167604213",0.003,2.5e-10,"SmoIndex",TRUE,"reported","142sG9",2,TRUE,NA
"28","rs13296519","G","T","G","T",-0.014,0.00840244,0.606,0.619442,FALSE,FALSE,FALSE,"HPGtFl",125709645,0.624278,0.0171549,"outcome",TRUE,"reported","textfile",9,"128471924",0.002,8.1e-12,"SmoIndex",TRUE,"reported","142sG9",2,TRUE,NA
"29","rs136233","A","G","A","G",-0.014,-0.0233096,0.809,0.82849,FALSE,FALSE,FALSE,"HPGtFl",30816423,0.291744,0.022109,"outcome",TRUE,"reported","textfile",22,"31212410",0.003,1.8e-08,"SmoIndex",TRUE,"reported","142sG9",2,TRUE,NA
"30","rs147412694","G","A","G","A",-0.017,-0.0129305,0.85,0.868348,FALSE,FALSE,FALSE,"HPGtFl",39330860,0.600801,0.0247121,"outcome",TRUE,"reported","textfile",21,"40702786",0.003,2.9e-09,"SmoIndex",TRUE,"reported","142sG9",2,TRUE,NA
"31","rs17309874","G","A","G","A",-0.016,-0.0203253,0.74,0.722043,FALSE,FALSE,FALSE,"HPGtFl",27645689,0.273273,0.0185525,"outcome",TRUE,"reported","textfile",11,"27667236",0.002,9.7e-13,"SmoIndex",TRUE,"reported","142sG9",2,TRUE,NA
"32","rs17553262","A","C","A","C",-0.018,0.00565493,0.885,0.9301135,FALSE,FALSE,FALSE,"HPGtFl",91153016,0.861876,0.0325021,"outcome",TRUE,"reported","textfile",10,"92912773",0.003,5.3e-09,"SmoIndex",TRUE,"reported","142sG9",2,TRUE,NA
"33","rs17576594","G","A","G","A",0.016,0.0168428,0.724,0.71074,FALSE,FALSE,FALSE,"HPGtFl",147031089,0.359786,0.0183919,"outcome",TRUE,"reported","textfile",4,"147952241",0.002,1.7e-12,"SmoIndex",TRUE,"reported","142sG9",2,TRUE,NA
"34","rs1922018","C","T","C","T",0.014,-0.0042744,0.364,0.328336,FALSE,FALSE,FALSE,"HPGtFl",3520769,0.80928,0.01771,"outcome",TRUE,"reported","textfile",7,"3560401",0.002,3e-12,"SmoIndex",TRUE,"reported","142sG9",2,TRUE,NA
"35","rs1931263","G","T","G","T",-0.011,0.00880288,0.51,0.575162,FALSE,FALSE,FALSE,"HPGtFl",95709545,0.600926,0.0168293,"outcome",TRUE,"reported","textfile",1,"96175101",0.002,4e-08,"SmoIndex",TRUE,"reported","142sG9",2,TRUE,NA
"36","rs1933270","T","G","T","G",0.013,-0.0270991,0.364,0.398244,FALSE,FALSE,FALSE,"HPGtFl",49512293,0.113122,0.0171046,"outcome",TRUE,"reported","textfile",1,"49977965",0.002,1.5e-10,"SmoIndex",TRUE,"reported","142sG9",2,TRUE,NA
"37","rs202645","A","G","A","G",-0.015,0.00552428,0.203,0.234399,FALSE,FALSE,FALSE,"HPGtFl",41402516,0.778818,0.0196691,"outcome",TRUE,"reported","textfile",22,"41798520",0.002,3.9e-09,"SmoIndex",TRUE,"reported","142sG9",2,TRUE,NA
"38","rs2062882","G","A","G","A",-0.012,-0.0137526,0.587,0.556587,FALSE,FALSE,FALSE,"HPGtFl",90827348,0.412847,0.0167941,"outcome",TRUE,"reported","textfile",8,"91839576",0.002,1.1e-08,"SmoIndex",TRUE,"reported","142sG9",2,TRUE,NA
"39","rs2080870","A","T","A","T",0.012,-0.0116315,0.258,0.245305,FALSE,TRUE,FALSE,"HPGtFl",61092486,0.548199,0.0193709,"outcome",TRUE,"reported","textfile",5,"60388313",0.002,4.9e-08,"SmoIndex",TRUE,"reported","142sG9",2,TRUE,NA
"40","rs2254710","C","A","C","A",0.013,0.0179473,0.236,0.331335,FALSE,FALSE,FALSE,"HPGtFl",37509224,0.312125,0.017756,"outcome",TRUE,"reported","textfile",6,"37477000",0.002,3.5e-08,"SmoIndex",TRUE,"reported","142sG9",2,TRUE,NA
"41","rs2401924","G","C","G","C",0.015,0.0191239,0.502,0.574334,FALSE,TRUE,TRUE,"HPGtFl",115417808,0.256715,0.0168613,"outcome",TRUE,"reported","textfile",7,"115057862",0.002,2.7e-14,"SmoIndex",TRUE,"reported","142sG9",2,FALSE,NA
"42","rs245774","A","G","A","G",-0.013,0.00382314,0.272,0.324208,FALSE,FALSE,FALSE,"HPGtFl",171103926,0.830207,0.0178288,"outcome",TRUE,"reported","textfile",5,"170530930",0.002,7.4e-09,"SmoIndex",TRUE,"reported","142sG9",2,TRUE,NA
"43","rs2675638","G","A","G","A",0.012,0.020556,0.581,0.617163,FALSE,FALSE,FALSE,"HPGtFl",61816528,0.231929,0.0171959,"outcome",TRUE,"reported","textfile",10,"63576286",0.002,1.3e-09,"SmoIndex",TRUE,"reported","142sG9",2,TRUE,NA
"44","rs2678670","A","T","A","T",0.013,0.0310129,0.486,0.473401,FALSE,TRUE,TRUE,"HPGtFl",103853106,0.0638587,0.0167351,"outcome",TRUE,"reported","textfile",2,"104469564",0.002,3.1e-10,"SmoIndex",TRUE,"reported","142sG9",2,FALSE,NA
"45","rs2838834","C","T","C","T",-0.013,-0.0455323,0.699,0.746978,FALSE,FALSE,FALSE,"HPGtFl",45245293,0.0175214,0.0191668,"outcome",TRUE,"reported","textfile",21,"46665208",0.002,6.3e-10,"SmoIndex",TRUE,"reported","142sG9",2,TRUE,NA
"46","rs28485305","C","T","C","T",0.012,-0.00649413,0.631,0.621678,FALSE,FALSE,FALSE,"HPGtFl",73751856,0.7051,0.01716,"outcome",TRUE,"reported","textfile",15,"74044197",0.002,2.6e-08,"SmoIndex",TRUE,"reported","142sG9",2,TRUE,NA
"47","rs2867112","T","G","T","G",0.021,-0.0274498,0.835,0.837065,FALSE,FALSE,FALSE,"HPGtFl",651349,0.222702,0.0225114,"outcome",TRUE,"reported","textfile",2,"651349",0.003,4.8e-15,"SmoIndex",TRUE,"reported","142sG9",2,TRUE,NA
"48","rs2890772","G","T","G","T",-0.02,-0.00646981,0.413,0.248342,FALSE,FALSE,FALSE,"HPGtFl",145417538,0.737145,0.0192763,"outcome",TRUE,"reported","textfile",2,"146175106",0.002,2.1e-22,"SmoIndex",TRUE,"reported","142sG9",2,TRUE,NA
"49","rs2894808","T","A","T","A",-0.022,-0.075676,0.922,0.9430427,FALSE,TRUE,FALSE,"HPGtFl",52997192,0.0358592,0.0360616,"outcome",TRUE,"reported","textfile",6,"52861990",0.004,3.5e-09,"SmoIndex",TRUE,"reported","142sG9",2,TRUE,NA
"50","rs317021","T","A","T","A",-0.017,0.00745259,0.814,0.809972,FALSE,TRUE,FALSE,"HPGtFl",35416746,0.726568,0.0213117,"outcome",TRUE,"reported","textfile",4,"35418368",0.003,1.1e-10,"SmoIndex",TRUE,"reported","142sG9",2,TRUE,NA
"51","rs326341","G","A","G","A",0.014,-0.00159715,0.525,0.553482,FALSE,FALSE,FALSE,"HPGtFl",108092295,0.924263,0.0168006,"outcome",TRUE,"reported","textfile",3,"107811142",0.002,1.2e-11,"SmoIndex",TRUE,"reported","142sG9",2,TRUE,NA
"52","rs329120","C","T","C","T",0.014,0.0367099,0.581,0.575497,FALSE,FALSE,FALSE,"HPGtFl",134526066,0.0295005,0.0168647,"outcome",TRUE,"reported","textfile",5,"133861756",0.002,6.3e-12,"SmoIndex",TRUE,"reported","142sG9",2,TRUE,NA
"53","rs34866095","A","G","A","G",-0.012,0.0154771,0.686,0.7576,FALSE,FALSE,FALSE,"HPGtFl",16355810,0.427456,0.0195036,"outcome",TRUE,"reported","textfile",11,"16377356",0.002,1.2e-08,"SmoIndex",TRUE,"reported","142sG9",2,TRUE,NA
"54","rs348809","A","G","A","G",-0.012,0.0086472,0.348,0.315438,FALSE,FALSE,FALSE,"HPGtFl",60457039,0.630252,0.0179636,"outcome",TRUE,"reported","textfile",20,"59032097",0.002,1.3e-08,"SmoIndex",TRUE,"reported","142sG9",2,TRUE,NA
"55","rs35169606","T","G","T","G",0.013,0.012459,0.612,0.63934,FALSE,FALSE,FALSE,"HPGtFl",9746556,0.475526,0.0174614,"outcome",TRUE,"reported","textfile",8,"9604066",0.002,1.2e-09,"SmoIndex",TRUE,"reported","142sG9",2,TRUE,NA
"56","rs35175834","G","A","G","A",-0.024,-0.0134216,0.788,0.777031,FALSE,FALSE,FALSE,"HPGtFl",47388618,0.501583,0.0199726,"outcome",TRUE,"reported","textfile",15,"47680815",0.002,4.6e-22,"SmoIndex",TRUE,"reported","142sG9",2,TRUE,NA
"57","rs35343344","C","A","C","A",0.013,0.00632347,0.733,0.760806,FALSE,FALSE,FALSE,"HPGtFl",18360800,0.747316,0.0196271,"outcome",TRUE,"reported","textfile",19,"18471610",0.002,8.8e-09,"SmoIndex",TRUE,"reported","142sG9",2,TRUE,NA
"58","rs359243","T","C","T","C",-0.013,-0.0114031,0.393,0.360096,FALSE,FALSE,FALSE,"HPGtFl",60248374,0.511692,0.0173774,"outcome",TRUE,"reported","textfile",2,"60475509",0.002,9.5e-10,"SmoIndex",TRUE,"reported","142sG9",2,TRUE,NA
"59","rs369230","G","T","G","T",-0.013,-0.0185832,0.308,0.362606,FALSE,FALSE,FALSE,"HPGtFl",89579029,0.289228,0.0175344,"outcome",TRUE,"reported","textfile",16,"89645437",0.002,1.8e-09,"SmoIndex",TRUE,"reported","142sG9",2,TRUE,NA
"60","rs3742365","T","C","T","C",-0.016,0.0281731,0.595,0.562147,FALSE,FALSE,FALSE,"HPGtFl",103731914,0.0945235,0.0168499,"outcome",TRUE,"reported","textfile",14,"104198251",0.002,2.5e-14,"SmoIndex",TRUE,"reported","142sG9",2,TRUE,NA
"61","rs3769949","T","A","T","A",-0.012,0.0016992,0.528,0.716664,FALSE,TRUE,TRUE,"HPGtFl",165342774,0.926626,0.0184513,"outcome",TRUE,"reported","textfile",2,"166199284",0.002,2.5e-09,"SmoIndex",TRUE,"reported","142sG9",2,FALSE,NA
"62","rs3811038","T","C","T","C",-0.014,-0.00455193,0.724,0.770889,FALSE,FALSE,FALSE,"HPGtFl",112482606,0.820291,0.0200375,"outcome",TRUE,"reported","textfile",2,"113240183",0.002,8.9e-10,"SmoIndex",TRUE,"reported","142sG9",2,TRUE,NA
"63","rs3896224","A","G","A","G",0.014,0.0116206,0.585,0.506857,FALSE,FALSE,FALSE,"HPGtFl",104708095,0.486528,0.0167001,"outcome",TRUE,"reported","textfile",10,"106467853",0.002,1.1e-11,"SmoIndex",TRUE,"reported","142sG9",2,TRUE,NA
"64","rs421983","T","C","T","C",0.013,0.0200617,0.519,0.435034,FALSE,FALSE,FALSE,"HPGtFl",84843715,0.231962,0.0167835,"outcome",TRUE,"reported","textfile",3,"84892866",0.002,3.3e-10,"SmoIndex",TRUE,"reported","142sG9",2,TRUE,NA
"65","rs4391802","A","G","A","G",0.015,0.0302781,0.707,0.76044,FALSE,FALSE,FALSE,"HPGtFl",28653045,0.121357,0.0195456,"outcome",TRUE,"reported","textfile",11,"28674592",0.002,1.4e-11,"SmoIndex",TRUE,"reported","142sG9",2,TRUE,NA
"66","rs4473348","A","T","A","T",-0.015,0.00440092,0.25,0.234599,FALSE,TRUE,FALSE,"HPGtFl",181209015,0.823338,0.0197126,"outcome",TRUE,"reported","textfile",2,"182073742",0.002,6.4e-11,"SmoIndex",TRUE,"reported","142sG9",2,TRUE,NA
"67","rs4543592","T","C","T","C",-0.012,0.0215193,0.52,0.606984,FALSE,FALSE,FALSE,"HPGtFl",3014254,0.208283,0.0171018,"outcome",TRUE,"reported","textfile",9,"3014254",0.002,4.5e-10,"SmoIndex",TRUE,"reported","142sG9",2,TRUE,NA
"68","rs4571506","C","T","C","T",0.011,-0.0112826,0.54,0.543789,FALSE,FALSE,FALSE,"HPGtFl",88461101,0.501612,0.0167907,"outcome",TRUE,"reported","textfile",5,"87756918",0.002,1.5e-08,"SmoIndex",TRUE,"reported","142sG9",2,TRUE,NA
"69","rs4671357","T","C","T","C",-0.014,-0.0256075,0.519,0.393419,FALSE,FALSE,FALSE,"HPGtFl",59909041,0.134385,0.0171055,"outcome",TRUE,"reported","textfile",2,"60136176",0.002,1.1e-11,"SmoIndex",TRUE,"reported","142sG9",2,TRUE,NA
"70","rs4731925","C","T","C","T",-0.012,-0.0124192,0.316,0.288461,FALSE,FALSE,FALSE,"HPGtFl",132979997,0.498868,0.0183642,"outcome",TRUE,"reported","textfile",7,"132664757",0.002,2.6e-08,"SmoIndex",TRUE,"reported","142sG9",2,TRUE,NA
"71","rs4814873","C","T","C","T",0.014,-0.00470902,0.767,0.757063,FALSE,FALSE,FALSE,"HPGtFl",19635785,0.808264,0.0194054,"outcome",TRUE,"reported","textfile",20,"19616429",0.002,2.9e-09,"SmoIndex",TRUE,"reported","142sG9",2,TRUE,NA
"72","rs4949465","T","C","T","C",-0.017,0.00272638,0.87,0.829898,FALSE,FALSE,FALSE,"HPGtFl",31712888,0.902541,0.0222648,"outcome",TRUE,"reported","textfile",1,"32178489",0.003,1.7e-08,"SmoIndex",TRUE,"reported","142sG9",2,TRUE,NA
"73","rs4957528","A","C","A","C",-0.015,0.00637559,0.208,0.144675,FALSE,FALSE,FALSE,"HPGtFl",107084888,0.787766,0.0236824,"outcome",TRUE,"reported","textfile",5,"106420589",0.002,4.2e-09,"SmoIndex",TRUE,"reported","142sG9",2,TRUE,NA
"74","rs549845","G","A","G","A",0.016,-0.00810012,0.301,0.263272,FALSE,FALSE,FALSE,"HPGtFl",43610798,0.668349,0.0189072,"outcome",TRUE,"reported","textfile",1,"44076469",0.002,8.3e-14,"SmoIndex",TRUE,"reported","142sG9",2,TRUE,NA
"75","rs57611503","G","A","G","A",0.011,0.0118288,0.485,0.511939,FALSE,FALSE,FALSE,"HPGtFl",31154474,0.481143,0.0167912,"outcome",TRUE,"reported","textfile",16,"31165795",0.002,4e-08,"SmoIndex",TRUE,"reported","142sG9",2,TRUE,NA
"76","rs6011779","C","T","C","T",0.028,0.0107704,0.191,0.243328,FALSE,FALSE,FALSE,"HPGtFl",63352965,0.57923,0.0194233,"outcome",TRUE,"reported","textfile",20,"61984317",0.003,2.3e-27,"SmoIndex",TRUE,"reported","142sG9",2,TRUE,NA
"77","rs60952428","T","C","T","C",0.019,-0.00193513,0.909,0.9087641,FALSE,FALSE,FALSE,"HPGtFl",75606623,0.946949,0.0290826,"outcome",TRUE,"reported","textfile",16,"75640521",0.003,3e-08,"SmoIndex",TRUE,"reported","142sG9",2,TRUE,NA
"78","rs6119897","G","A","G","A",-0.018,0.00270097,0.762,0.677366,FALSE,FALSE,FALSE,"HPGtFl",32557613,0.879542,0.0178223,"outcome",TRUE,"reported","textfile",20,"31145415",0.002,3.6e-15,"SmoIndex",TRUE,"reported","142sG9",2,TRUE,NA
"79","rs61796681","A","T","A","T",-0.019,0.0178836,0.912,0.9048122,FALSE,TRUE,FALSE,"HPGtFl",23676573,0.531023,0.0285477,"outcome",TRUE,"reported","textfile",4,"23678196",0.004,4.2e-08,"SmoIndex",TRUE,"reported","142sG9",2,TRUE,NA
"80","rs62098013","G","A","G","A",-0.012,-0.0166767,0.64,0.648531,FALSE,FALSE,FALSE,"HPGtFl",53337491,0.34162,0.0175365,"outcome",TRUE,"reported","textfile",18,"50863861",0.002,4.1e-09,"SmoIndex",TRUE,"reported","142sG9",2,TRUE,NA
"81","rs62135536","C","T","C","T",0.035,0.0208664,0.968,0.9571239,FALSE,FALSE,FALSE,"HPGtFl",44098889,0.610419,0.0409567,"outcome",TRUE,"reported","textfile",2,"44326028",0.006,8e-10,"SmoIndex",TRUE,"reported","142sG9",2,TRUE,NA
"82","rs62155874","A","G","A","G",-0.024,-0.0265662,0.873,0.892633,FALSE,FALSE,FALSE,"HPGtFl",105356637,0.329194,0.0272268,"outcome",TRUE,"reported","textfile",2,"105973094",0.003,5.2e-16,"SmoIndex",TRUE,"reported","142sG9",2,TRUE,NA
"83","rs62175972","T","C","T","C",0.031,0.0824863,0.966,0.9835777,FALSE,FALSE,FALSE,"HPGtFl",160506319,0.198124,0.0640962,"outcome",TRUE,"reported","textfile",2,"161362830",0.006,1.7e-08,"SmoIndex",TRUE,"reported","142sG9",2,TRUE,NA
"84","rs624833","T","G","T","G",0.013,0.00647497,0.695,0.6431,FALSE,FALSE,FALSE,"HPGtFl",2879529,0.711646,0.0175167,"outcome",TRUE,"reported","textfile",4,"2881256",0.002,6.6e-10,"SmoIndex",TRUE,"reported","142sG9",2,TRUE,NA
"85","rs6562474","C","G","C","G",0.012,-0.0187657,0.651,0.558911,FALSE,TRUE,TRUE,"HPGtFl",66758680,0.264212,0.0168078,"outcome",TRUE,"reported","textfile",13,"67332812",0.002,1e-08,"SmoIndex",TRUE,"reported","142sG9",2,FALSE,NA
"86","rs6598539","T","C","T","C",-0.012,-0.0211249,0.489,0.479319,FALSE,FALSE,FALSE,"HPGtFl",98661254,0.206184,0.0167111,"outcome",TRUE,"reported","textfile",15,"99204483",0.002,4.5e-09,"SmoIndex",TRUE,"reported","142sG9",2,TRUE,NA
"87","rs6741228","T","C","T","C",0.011,0.0029516,0.433,0.525296,FALSE,FALSE,FALSE,"HPGtFl",22325902,0.860264,0.0167669,"outcome",TRUE,"reported","textfile",2,"22548774",0.002,1.6e-08,"SmoIndex",TRUE,"reported","142sG9",2,TRUE,NA
"88","rs67596067","G","A","G","A",-0.013,-0.00635992,0.649,0.717359,FALSE,FALSE,FALSE,"HPGtFl",52256373,0.731149,0.0185098,"outcome",TRUE,"reported","textfile",17,"50333733",0.002,1.2e-09,"SmoIndex",TRUE,"reported","142sG9",2,TRUE,NA
"89","rs6778080","T","C","T","C",0.016,0.014611,0.267,0.215037,FALSE,FALSE,FALSE,"HPGtFl",49279905,0.470205,0.0202328,"outcome",TRUE,"reported","textfile",3,"49317338",0.002,1.3e-12,"SmoIndex",TRUE,"reported","142sG9",2,TRUE,NA
"90","rs6779302","G","T","G","T",-0.013,0.0414684,0.633,0.640486,FALSE,FALSE,FALSE,"HPGtFl",16818207,0.0170381,0.0173807,"outcome",TRUE,"reported","textfile",3,"16859710",0.002,1.2e-09,"SmoIndex",TRUE,"reported","142sG9",2,TRUE,NA
"91","rs6935954","A","G","A","G",0.014,0.00673775,0.421,0.343874,FALSE,FALSE,FALSE,"HPGtFl",26255223,0.701134,0.0175558,"outcome",TRUE,"reported","textfile",6,"26255451",0.002,8.2e-12,"SmoIndex",TRUE,"reported","142sG9",2,TRUE,NA
"92","rs6957896","C","T","C","T",-0.011,-0.00973472,0.503,0.586577,FALSE,FALSE,FALSE,"HPGtFl",132624833,0.566691,0.016991,"outcome",TRUE,"reported","textfile",7,"132309592",0.002,4.5e-08,"SmoIndex",TRUE,"reported","142sG9",2,TRUE,NA
"93","rs6962772","A","G","A","G",0.016,-0.0363129,0.846,0.77687,FALSE,FALSE,FALSE,"HPGtFl",99484107,0.0691895,0.0199831,"outcome",TRUE,"reported","textfile",7,"99081730",0.003,7.8e-09,"SmoIndex",TRUE,"reported","142sG9",2,TRUE,NA
"94","rs7039819","G","A","G","A",0.013,0.00455006,0.427,0.450214,FALSE,FALSE,FALSE,"HPGtFl",79815503,0.787885,0.0169111,"outcome",TRUE,"reported","textfile",9,"82430418",0.002,5.1e-10,"SmoIndex",TRUE,"reported","142sG9",2,TRUE,NA
"95","rs7077678","C","T","C","T",0.012,0.0018793,0.623,0.608282,FALSE,FALSE,FALSE,"HPGtFl",102678808,0.912622,0.0171263,"outcome",TRUE,"reported","textfile",10,"104438565",0.002,2.6e-09,"SmoIndex",TRUE,"reported","142sG9",2,TRUE,NA
"96","rs71367545","G","A","G","A",-0.015,-0.0495112,0.791,0.782814,FALSE,FALSE,FALSE,"HPGtFl",79816337,0.0147601,0.0203064,"outcome",TRUE,"reported","textfile",18,"77576337",0.002,1.4e-09,"SmoIndex",TRUE,"reported","142sG9",2,TRUE,NA
"97","rs7155595","A","C","A","C",-0.013,0.00576387,0.674,0.698262,FALSE,FALSE,FALSE,"HPGtFl",77036203,0.750872,0.0181545,"outcome",TRUE,"reported","textfile",14,"77502546",0.002,2.5e-09,"SmoIndex",TRUE,"reported","142sG9",2,TRUE,NA
"98","rs71627581","G","A","G","A",0.019,0.0405268,0.889,0.828376,FALSE,FALSE,FALSE,"HPGtFl",43161249,0.0701423,0.0223783,"outcome",TRUE,"reported","textfile",5,"43161351",0.003,1.6e-09,"SmoIndex",TRUE,"reported","142sG9",2,TRUE,NA
"99","rs72674867","A","T","A","T",0.013,0.00459453,0.765,0.627621,FALSE,TRUE,FALSE,"HPGtFl",94565973,0.790347,0.0172818,"outcome",TRUE,"reported","textfile",8,"95578201",0.002,3.8e-08,"SmoIndex",TRUE,"reported","142sG9",2,TRUE,NA
"100","rs72678864","G","A","G","A",0.018,-0.00267205,0.829,0.860397,FALSE,FALSE,FALSE,"HPGtFl",111500989,0.911946,0.0241631,"outcome",TRUE,"reported","textfile",4,"112422145",0.003,1.6e-11,"SmoIndex",TRUE,"reported","142sG9",2,TRUE,NA
"101","rs7297175","T","C","T","C",-0.012,0.00238849,0.431,0.429525,FALSE,FALSE,FALSE,"HPGtFl",56080024,0.887278,0.0168501,"outcome",TRUE,"reported","textfile",12,"56473808",0.002,6.6e-09,"SmoIndex",TRUE,"reported","142sG9",2,TRUE,NA
"102","rs732083","G","A","G","A",0.012,-0.0513236,0.333,0.318718,FALSE,FALSE,FALSE,"HPGtFl",39678114,0.00421609,0.0179358,"outcome",TRUE,"reported","textfile",17,"37834367",0.002,1.5e-08,"SmoIndex",TRUE,"reported","142sG9",2,TRUE,NA
"103","rs73220544","A","C","A","C",-0.016,0.00327306,0.842,0.751225,FALSE,FALSE,FALSE,"HPGtFl",131355667,0.865889,0.0193807,"outcome",TRUE,"reported","textfile",3,"131074511",0.003,1.5e-08,"SmoIndex",TRUE,"reported","142sG9",2,TRUE,NA
"104","rs7333559","G","A","G","A",0.015,-0.0205337,0.212,0.163757,FALSE,FALSE,FALSE,"HPGtFl",99894196,0.363168,0.0225808,"outcome",TRUE,"reported","textfile",13,"100546450",0.002,3.2e-10,"SmoIndex",TRUE,"reported","142sG9",2,TRUE,NA
"105","rs74086911","G","A","G","A",0.021,0.015917,0.925,0.9448134,FALSE,FALSE,FALSE,"HPGtFl",49622159,0.658714,0.0360367,"outcome",TRUE,"reported","textfile",12,"50015942",0.004,2.1e-08,"SmoIndex",TRUE,"reported","142sG9",2,TRUE,NA
"106","rs7519626","C","T","C","T",0.012,0.0104879,0.324,0.383718,FALSE,FALSE,FALSE,"HPGtFl",99048998,0.54038,0.0171304,"outcome",TRUE,"reported","textfile",1,"99514554",0.002,1.2e-08,"SmoIndex",TRUE,"reported","142sG9",2,TRUE,NA
"107","rs7528604","G","A","G","A",0.014,0.016605,0.566,0.62717,FALSE,FALSE,FALSE,"HPGtFl",65941669,0.335779,0.0172513,"outcome",TRUE,"reported","textfile",1,"66407352",0.002,5.7e-12,"SmoIndex",TRUE,"reported","142sG9",2,TRUE,NA
"108","rs7553348","G","A","G","A",0.014,-0.00222486,0.438,0.508287,FALSE,FALSE,FALSE,"HPGtFl",74539383,0.893836,0.0166716,"outcome",TRUE,"reported","textfile",1,"75005067",0.002,5.2e-12,"SmoIndex",TRUE,"reported","142sG9",2,TRUE,NA
"109","rs7569203","A","C","A","C",-0.016,-0.0227631,0.689,0.599588,FALSE,FALSE,FALSE,"HPGtFl",44927279,0.181857,0.0170502,"outcome",TRUE,"reported","textfile",2,"45154418",0.002,7.4e-13,"SmoIndex",TRUE,"reported","142sG9",2,TRUE,NA
"110","rs75742406","G","A","G","A",0.014,-0.0185292,0.739,0.721641,FALSE,FALSE,FALSE,"HPGtFl",17048818,0.32136,0.0186849,"outcome",TRUE,"reported","textfile",11,"17070365",0.002,1.3e-09,"SmoIndex",TRUE,"reported","142sG9",2,TRUE,NA
"111","rs76608582","C","A","C","A",0.031,0.0176963,0.953,0.9424635,FALSE,FALSE,FALSE,"HPGtFl",4474728,0.623765,0.0360765,"outcome",TRUE,"reported","textfile",19,"4474725",0.005,3.2e-10,"SmoIndex",TRUE,"reported","142sG9",2,TRUE,NA
"112","rs775758","A","T","A","T",0.012,0.0150509,0.433,0.477388,FALSE,TRUE,TRUE,"HPGtFl",77532854,0.368239,0.0167274,"outcome",TRUE,"reported","textfile",3,"77582005",0.002,1.1e-08,"SmoIndex",TRUE,"reported","142sG9",2,FALSE,NA
"113","rs7766610","C","A","C","A",0.018,0.0116366,0.183,0.287681,FALSE,FALSE,FALSE,"HPGtFl",111386618,0.528846,0.0184776,"outcome",TRUE,"reported","textfile",6,"111707821",0.003,2.2e-12,"SmoIndex",TRUE,"reported","142sG9",2,TRUE,NA
"114","rs7807019","A","G","A","G",-0.015,-0.0235541,0.54,0.418084,FALSE,FALSE,FALSE,"HPGtFl",117903009,0.164197,0.016932,"outcome",TRUE,"reported","textfile",7,"117543063",0.002,6.7e-14,"SmoIndex",TRUE,"reported","142sG9",2,TRUE,NA
"115","rs8042134","T","G","T","G",-0.014,0.0204716,0.541,0.508647,FALSE,FALSE,FALSE,"HPGtFl",96971174,0.221087,0.0167301,"outcome",TRUE,"reported","textfile",15,"97514404",0.002,1.3e-12,"SmoIndex",TRUE,"reported","142sG9",2,TRUE,NA
"116","rs8042849","T","C","T","C",0.028,0.00208767,0.342,0.643914,FALSE,FALSE,FALSE,"HPGtFl",78525587,0.904588,0.0174164,"outcome",TRUE,"reported","textfile",15,"78817929",0.002,1.8e-39,"SmoIndex",TRUE,"reported","142sG9",2,TRUE,NA
"117","rs860326","C","T","C","T",0.012,0.00314005,0.428,0.562294,FALSE,FALSE,FALSE,"HPGtFl",56876194,0.851723,0.0167989,"outcome",TRUE,"reported","textfile",14,"57342912",0.002,2.7e-09,"SmoIndex",TRUE,"reported","142sG9",2,TRUE,NA
"118","rs8614","C","A","C","A",-0.017,0.0372273,0.817,0.844565,FALSE,FALSE,FALSE,"HPGtFl",29261788,0.108711,0.0232088,"outcome",TRUE,"reported","textfile",17,"27588806",0.003,1.8e-10,"SmoIndex",TRUE,"reported","142sG9",2,TRUE,NA
"119","rs889398","C","T","C","T",0.013,0.00230607,0.588,0.573468,FALSE,FALSE,FALSE,"HPGtFl",69522812,0.891841,0.0169595,"outcome",TRUE,"reported","textfile",16,"69556715",0.002,6.3e-11,"SmoIndex",TRUE,"reported","142sG9",2,TRUE,NA
"120","rs9435340","T","A","T","A",0.012,-0.00924346,0.344,0.296208,FALSE,TRUE,FALSE,"HPGtFl",107050579,0.612655,0.0182574,"outcome",TRUE,"reported","textfile",1,"107593201",0.002,1.2e-08,"SmoIndex",TRUE,"reported","142sG9",2,TRUE,NA
"121","rs9842947","C","T","C","T",-0.013,0.0275529,0.326,0.308375,FALSE,FALSE,FALSE,"HPGtFl",157694457,0.127876,0.0180968,"outcome",TRUE,"reported","textfile",3,"157412246",0.002,3.1e-09,"SmoIndex",TRUE,"reported","142sG9",2,TRUE,NA
"122","rs986391","G","A","G","A",0.016,0.0214993,0.367,0.342066,FALSE,FALSE,FALSE,"HPGtFl",167566967,0.221148,0.0175723,"outcome",TRUE,"reported","textfile",5,"166993972",0.002,9.4e-15,"SmoIndex",TRUE,"reported","142sG9",2,TRUE,NA
"123","rs9904288","T","C","T","C",0.012,0.00859181,0.708,0.734138,FALSE,FALSE,FALSE,"HPGtFl",48954611,0.648334,0.0188385,"outcome",TRUE,"reported","textfile",17,"47031973",0.002,3.1e-08,"SmoIndex",TRUE,"reported","142sG9",2,TRUE,NA
"124","rs9919670","G","A","G","A",-0.022,-0.0116168,0.612,0.375593,FALSE,FALSE,FALSE,"HPGtFl",113006582,0.502147,0.0173097,"outcome",TRUE,"reported","textfile",11,"112877304",0.002,7.6e-27,"SmoIndex",TRUE,"reported","142sG9",2,TRUE,NA
