"","SNP","effect_allele.exposure","other_allele.exposure","effect_allele.outcome","other_allele.outcome","beta.exposure","beta.outcome","eaf.exposure","eaf.outcome","remove","palindromic","ambiguous","id.outcome","pos.outcome","pval.outcome","se.outcome","outcome","mr_keep.outcome","pval_origin.outcome","data_source.outcome","chr.exposure","pos.exposure","se.exposure","pval.exposure","exposure","mr_keep.exposure","pval_origin.exposure","id.exposure","action","mr_keep","samplesize.outcome"
"1","rs10052591","T","C","T","C",0.012,0.0274409,0.573,0.588537,FALSE,FALSE,FALSE,"ZvXGNE",51516904,0.126882,0.0179762,"outcome",TRUE,"reported","textfile",5,"50812738",0.002,2.1e-09,"SmoIndex",TRUE,"reported","142sG9",2,TRUE,NA
"2","rs10226228","A","G","A","G",-0.016,-0.00831226,0.63,0.713619,FALSE,FALSE,FALSE,"ZvXGNE",32276001,0.671815,0.0196203,"outcome",TRUE,"reported","textfile",7,"32315613",0.002,2e-15,"SmoIndex",TRUE,"reported","142sG9",2,TRUE,NA
"3","rs10282292","C","T","C","T",0.013,-0.0318442,0.362,0.373488,FALSE,FALSE,FALSE,"ZvXGNE",111452422,0.0808705,0.018242,"outcome",TRUE,"reported","textfile",7,"111092478",0.002,5.9e-10,"SmoIndex",TRUE,"reported","142sG9",2,TRUE,NA
"4","rs1050847","C","T","C","T",0.011,0.00688112,0.426,0.492201,FALSE,FALSE,FALSE,"ZvXGNE",87410128,0.697821,0.0177228,"outcome",TRUE,"reported","textfile",16,"87443734",0.002,1.4e-08,"SmoIndex",TRUE,"reported","142sG9",2,TRUE,NA
"5","rs10823968","A","T","A","T",0.012,-0.029823,0.633,0.522952,FALSE,TRUE,TRUE,"ZvXGNE",72978511,0.0932352,0.0177669,"outcome",TRUE,"reported","textfile",10,"74738269",0.002,2.1e-08,"SmoIndex",TRUE,"reported","142sG9",2,FALSE,NA
"6","rs10879871","T","G","T","G",-0.014,0.00616297,0.343,0.351214,FALSE,FALSE,FALSE,"ZvXGNE",74986731,0.738571,0.018466,"outcome",TRUE,"reported","textfile",12,"75380511",0.002,5e-11,"SmoIndex",TRUE,"reported","142sG9",2,TRUE,NA
"7","rs10918701","G","A","G","A",0.012,0.00613042,0.372,0.367067,FALSE,FALSE,FALSE,"ZvXGNE",162120746,0.737466,0.0182883,"outcome",TRUE,"reported","textfile",1,"162090536",0.002,2.1e-08,"SmoIndex",TRUE,"reported","142sG9",2,TRUE,NA
"8","rs10922907","A","T","A","T",0.015,-0.00340796,0.451,0.382469,FALSE,TRUE,TRUE,"ZvXGNE",90727492,0.85204,0.0182716,"outcome",TRUE,"reported","textfile",1,"91193049",0.002,3e-13,"SmoIndex",TRUE,"reported","142sG9",2,FALSE,NA
"9","rs11210229","A","G","A","G",0.017,-0.0273091,0.384,0.373643,FALSE,FALSE,FALSE,"ZvXGNE",73394345,0.133416,0.0181968,"outcome",TRUE,"reported","textfile",1,"73860028",0.002,2e-16,"SmoIndex",TRUE,"reported","142sG9",2,TRUE,NA
"10","rs112282219","G","A","G","A",-0.033,0.000196436,0.959,0.9737977,FALSE,FALSE,FALSE,"ZvXGNE",46611259,0.997203,0.0560318,"outcome",TRUE,"reported","textfile",11,"46632809",0.005,3.8e-11,"SmoIndex",TRUE,"reported","142sG9",2,TRUE,NA
"11","rs11255908","T","G","T","G",-0.015,-0.0206246,0.743,0.83995,FALSE,FALSE,FALSE,"ZvXGNE",8760949,0.392377,0.0241135,"outcome",TRUE,"reported","textfile",10,"8802912",0.002,2.3e-10,"SmoIndex",TRUE,"reported","142sG9",2,TRUE,NA
"12","rs113382419","C","A","C","A",-0.041,0.101223,0.889,0.9673309,FALSE,FALSE,FALSE,"ZvXGNE",133597897,0.0435502,0.0501504,"outcome",TRUE,"reported","textfile",9,"136463019",0.003,3e-37,"SmoIndex",TRUE,"reported","142sG9",2,TRUE,NA
"13","rs11783093","C","T","C","T",0.023,-0.00821425,0.839,0.875704,FALSE,FALSE,FALSE,"ZvXGNE",27567832,0.759635,0.0268475,"outcome",TRUE,"reported","textfile",8,"27425349",0.003,1.2e-16,"SmoIndex",TRUE,"reported","142sG9",2,TRUE,NA
"14","rs11861214","G","T","G","T",0.014,-0.0178107,0.784,0.659662,FALSE,FALSE,FALSE,"ZvXGNE",696611,0.34092,0.0187019,"outcome",TRUE,"reported","textfile",16,"746611",0.002,2e-08,"SmoIndex",TRUE,"reported","142sG9",2,TRUE,NA
"15","rs1193237","G","C","G","C",-0.011,0.00829865,0.439,0.472049,FALSE,TRUE,TRUE,"ZvXGNE",7466426,0.638393,0.0176587,"outcome",TRUE,"reported","textfile",1,"7526486",0.002,2.8e-08,"SmoIndex",TRUE,"reported","142sG9",2,FALSE,NA
"16","rs11948770","T","C","T","C",-0.015,0.00254799,0.768,0.732709,FALSE,FALSE,FALSE,"ZvXGNE",13246224,0.898657,0.0200066,"outcome",TRUE,"reported","textfile",5,"13246336",0.002,4.9e-10,"SmoIndex",TRUE,"reported","142sG9",2,TRUE,NA
"17","rs12202536","A","G","A","G",-0.012,0.016619,0.513,0.539343,FALSE,FALSE,FALSE,"ZvXGNE",66765380,0.34811,0.0177125,"outcome",TRUE,"reported","textfile",6,"67475273",0.002,2.8e-09,"SmoIndex",TRUE,"reported","142sG9",2,TRUE,NA
"18","rs1221148","C","G","C","G",0.013,0.0160506,0.587,0.589101,FALSE,TRUE,FALSE,"ZvXGNE",119284597,0.371521,0.0179612,"outcome",TRUE,"reported","textfile",9,"122046875",0.002,7.3e-11,"SmoIndex",TRUE,"reported","142sG9",2,TRUE,NA
"19","rs1246265","T","C","T","C",-0.013,0.0146225,0.305,0.28165,FALSE,FALSE,FALSE,"ZvXGNE",84146830,0.457127,0.0196648,"outcome",TRUE,"reported","textfile",9,"86761745",0.002,4.2e-09,"SmoIndex",TRUE,"reported","142sG9",2,TRUE,NA
"20","rs12481282","G","C","G","C",-0.013,0.0183904,0.722,0.725579,FALSE,TRUE,FALSE,"ZvXGNE",46132738,0.353159,0.019807,"outcome",TRUE,"reported","textfile",20,"44761377",0.002,7.8e-09,"SmoIndex",TRUE,"reported","142sG9",2,TRUE,NA
"21","rs12623702","A","G","A","G",-0.014,-0.000998219,0.613,0.533711,FALSE,FALSE,FALSE,"ZvXGNE",202020783,0.955171,0.0177575,"outcome",TRUE,"reported","textfile",2,"202885506",0.002,7.7e-12,"SmoIndex",TRUE,"reported","142sG9",2,TRUE,NA
"22","rs12708665","A","G","A","G",-0.013,-0.00705412,0.285,0.273101,FALSE,FALSE,FALSE,"ZvXGNE",24716906,0.721694,0.019804,"outcome",TRUE,"reported","textfile",16,"24728227",0.002,3.5e-09,"SmoIndex",TRUE,"reported","142sG9",2,TRUE,NA
"23","rs12831617","C","T","C","T",-0.013,-0.00189376,0.764,0.836012,FALSE,FALSE,FALSE,"ZvXGNE",84364589,0.936602,0.0238086,"outcome",TRUE,"reported","textfile",12,"84758368",0.002,1.9e-08,"SmoIndex",TRUE,"reported","142sG9",2,TRUE,NA
"24","rs12967855","A","G","A","G",0.012,0.0451906,0.331,0.266885,FALSE,FALSE,FALSE,"ZvXGNE",37558282,0.0239552,0.0200149,"outcome",TRUE,"reported","textfile",18,"35138245",0.002,3.1e-08,"SmoIndex",TRUE,"reported","142sG9",2,TRUE,NA
"25","rs13009008","A","G","A","G",0.012,0.0362295,0.328,0.376128,FALSE,FALSE,FALSE,"ZvXGNE",173178505,0.0471759,0.0182542,"outcome",TRUE,"reported","textfile",2,"174043233",0.002,4.6e-09,"SmoIndex",TRUE,"reported","142sG9",2,TRUE,NA
"26","rs13016665","C","A","C","A",-0.012,-0.0238864,0.577,0.526056,FALSE,FALSE,FALSE,"ZvXGNE",57768213,0.177713,0.0177221,"outcome",TRUE,"reported","textfile",2,"57995348",0.002,1.8e-09,"SmoIndex",TRUE,"reported","142sG9",2,TRUE,NA
"27","rs13153393","A","G","A","G",-0.02,0.00281991,0.884,0.9067841,FALSE,FALSE,FALSE,"ZvXGNE",168177208,0.926545,0.0305874,"outcome",TRUE,"reported","textfile",5,"167604213",0.003,2.5e-10,"SmoIndex",TRUE,"reported","142sG9",2,TRUE,NA
"28","rs13296519","G","T","G","T",-0.014,0.00546523,0.606,0.619536,FALSE,FALSE,FALSE,"ZvXGNE",125709645,0.763403,0.0181561,"outcome",TRUE,"reported","textfile",9,"128471924",0.002,8.1e-12,"SmoIndex",TRUE,"reported","142sG9",2,TRUE,NA
"29","rs136233","A","G","A","G",-0.014,0.00157459,0.809,0.828304,FALSE,FALSE,FALSE,"ZvXGNE",30816423,0.94633,0.0233907,"outcome",TRUE,"reported","textfile",22,"31212410",0.003,1.8e-08,"SmoIndex",TRUE,"reported","142sG9",2,TRUE,NA
"30","rs147412694","G","A","G","A",-0.017,-0.0302963,0.85,0.868049,FALSE,FALSE,FALSE,"ZvXGNE",39330860,0.246885,0.0261637,"outcome",TRUE,"reported","textfile",21,"40702786",0.003,2.9e-09,"SmoIndex",TRUE,"reported","142sG9",2,TRUE,NA
"31","rs17309874","G","A","G","A",-0.016,-0.00707526,0.74,0.721999,FALSE,FALSE,FALSE,"ZvXGNE",27645689,0.719391,0.0196933,"outcome",TRUE,"reported","textfile",11,"27667236",0.002,9.7e-13,"SmoIndex",TRUE,"reported","142sG9",2,TRUE,NA
"32","rs17553262","A","C","A","C",-0.018,0.0226567,0.885,0.9298793,FALSE,FALSE,FALSE,"ZvXGNE",91153016,0.511946,0.0345477,"outcome",TRUE,"reported","textfile",10,"92912773",0.003,5.3e-09,"SmoIndex",TRUE,"reported","142sG9",2,TRUE,NA
"33","rs17576594","G","A","G","A",0.016,-0.0106786,0.724,0.710919,FALSE,FALSE,FALSE,"ZvXGNE",147031089,0.583301,0.0194663,"outcome",TRUE,"reported","textfile",4,"147952241",0.002,1.7e-12,"SmoIndex",TRUE,"reported","142sG9",2,TRUE,NA
"34","rs1922018","C","T","C","T",0.014,0.0139472,0.364,0.32886,FALSE,FALSE,FALSE,"ZvXGNE",3520769,0.457561,0.0187748,"outcome",TRUE,"reported","textfile",7,"3560401",0.002,3e-12,"SmoIndex",TRUE,"reported","142sG9",2,TRUE,NA
"35","rs1931263","G","T","G","T",-0.011,-0.0163479,0.51,0.574994,FALSE,FALSE,FALSE,"ZvXGNE",95709545,0.358762,0.0178135,"outcome",TRUE,"reported","textfile",1,"96175101",0.002,4e-08,"SmoIndex",TRUE,"reported","142sG9",2,TRUE,NA
"36","rs1933270","T","G","T","G",0.013,-0.0180843,0.364,0.39881,FALSE,FALSE,FALSE,"ZvXGNE",49512293,0.316349,0.0180484,"outcome",TRUE,"reported","textfile",1,"49977965",0.002,1.5e-10,"SmoIndex",TRUE,"reported","142sG9",2,TRUE,NA
"37","rs202645","A","G","A","G",-0.015,0.0551616,0.203,0.234465,FALSE,FALSE,FALSE,"ZvXGNE",41402516,0.00725488,0.020545,"outcome",TRUE,"reported","textfile",22,"41798520",0.002,3.9e-09,"SmoIndex",TRUE,"reported","142sG9",2,TRUE,NA
"38","rs2062882","G","A","G","A",-0.012,0.00568071,0.587,0.556219,FALSE,FALSE,FALSE,"ZvXGNE",90827348,0.748968,0.0177522,"outcome",TRUE,"reported","textfile",8,"91839576",0.002,1.1e-08,"SmoIndex",TRUE,"reported","142sG9",2,TRUE,NA
"39","rs2080870","A","T","A","T",0.012,-0.0116107,0.258,0.245358,FALSE,TRUE,FALSE,"ZvXGNE",61092486,0.570724,0.020478,"outcome",TRUE,"reported","textfile",5,"60388313",0.002,4.9e-08,"SmoIndex",TRUE,"reported","142sG9",2,TRUE,NA
"40","rs2254710","C","A","C","A",0.013,0.0169953,0.236,0.331087,FALSE,FALSE,FALSE,"ZvXGNE",37509224,0.364811,0.0187537,"outcome",TRUE,"reported","textfile",6,"37477000",0.002,3.5e-08,"SmoIndex",TRUE,"reported","142sG9",2,TRUE,NA
"41","rs2401924","G","C","G","C",0.015,0.00264012,0.502,0.574279,FALSE,TRUE,TRUE,"ZvXGNE",115417808,0.882526,0.0178666,"outcome",TRUE,"reported","textfile",7,"115057862",0.002,2.7e-14,"SmoIndex",TRUE,"reported","142sG9",2,FALSE,NA
"42","rs245774","A","G","A","G",-0.013,-0.0244428,0.272,0.324138,FALSE,FALSE,FALSE,"ZvXGNE",171103926,0.194575,0.0188432,"outcome",TRUE,"reported","textfile",5,"170530930",0.002,7.4e-09,"SmoIndex",TRUE,"reported","142sG9",2,TRUE,NA
"43","rs2675638","G","A","G","A",0.012,0.00290045,0.581,0.617233,FALSE,FALSE,FALSE,"ZvXGNE",61816528,0.873486,0.0182153,"outcome",TRUE,"reported","textfile",10,"63576286",0.002,1.3e-09,"SmoIndex",TRUE,"reported","142sG9",2,TRUE,NA
"44","rs2678670","A","T","A","T",0.013,-0.0127354,0.486,0.473192,FALSE,TRUE,TRUE,"ZvXGNE",103853106,0.471955,0.0177053,"outcome",TRUE,"reported","textfile",2,"104469564",0.002,3.1e-10,"SmoIndex",TRUE,"reported","142sG9",2,FALSE,NA
"45","rs2838834","C","T","C","T",-0.013,-0.00753857,0.699,0.746585,FALSE,FALSE,FALSE,"ZvXGNE",45245293,0.71051,0.0203102,"outcome",TRUE,"reported","textfile",21,"46665208",0.002,6.3e-10,"SmoIndex",TRUE,"reported","142sG9",2,TRUE,NA
"46","rs28485305","C","T","C","T",0.012,0.00769836,0.631,0.621804,FALSE,FALSE,FALSE,"ZvXGNE",73751856,0.672589,0.0182168,"outcome",TRUE,"reported","textfile",15,"74044197",0.002,2.6e-08,"SmoIndex",TRUE,"reported","142sG9",2,TRUE,NA
"47","rs2867112","T","G","T","G",0.021,-0.012586,0.835,0.836879,FALSE,FALSE,FALSE,"ZvXGNE",651349,0.599036,0.0239375,"outcome",TRUE,"reported","textfile",2,"651349",0.003,4.8e-15,"SmoIndex",TRUE,"reported","142sG9",2,TRUE,NA
"48","rs2890772","G","T","G","T",-0.02,-0.00528798,0.413,0.248649,FALSE,FALSE,FALSE,"ZvXGNE",145417538,0.796779,0.0205344,"outcome",TRUE,"reported","textfile",2,"146175106",0.002,2.1e-22,"SmoIndex",TRUE,"reported","142sG9",2,TRUE,NA
"49","rs2894808","T","A","T","A",-0.022,0.0334062,0.922,0.9429766,FALSE,TRUE,FALSE,"ZvXGNE",52997192,0.381959,0.0382094,"outcome",TRUE,"reported","textfile",6,"52861990",0.004,3.5e-09,"SmoIndex",TRUE,"reported","142sG9",2,TRUE,NA
"50","rs317021","T","A","T","A",-0.017,0.0322823,0.814,0.809742,FALSE,TRUE,FALSE,"ZvXGNE",35416746,0.151535,0.02251,"outcome",TRUE,"reported","textfile",4,"35418368",0.003,1.1e-10,"SmoIndex",TRUE,"reported","142sG9",2,TRUE,NA
"51","rs326341","G","A","G","A",0.014,0.00818758,0.525,0.553431,FALSE,FALSE,FALSE,"ZvXGNE",108092295,0.644898,0.0177658,"outcome",TRUE,"reported","textfile",3,"107811142",0.002,1.2e-11,"SmoIndex",TRUE,"reported","142sG9",2,TRUE,NA
"52","rs329120","C","T","C","T",0.014,-0.021534,0.581,0.575614,FALSE,FALSE,FALSE,"ZvXGNE",134526066,0.227994,0.0178625,"outcome",TRUE,"reported","textfile",5,"133861756",0.002,6.3e-12,"SmoIndex",TRUE,"reported","142sG9",2,TRUE,NA
"53","rs34866095","A","G","A","G",-0.012,0.0335827,0.686,0.757293,FALSE,FALSE,FALSE,"ZvXGNE",16355810,0.10475,0.0207013,"outcome",TRUE,"reported","textfile",11,"16377356",0.002,1.2e-08,"SmoIndex",TRUE,"reported","142sG9",2,TRUE,NA
"54","rs348809","A","G","A","G",-0.012,0.0075928,0.348,0.315615,FALSE,FALSE,FALSE,"ZvXGNE",60457039,0.689604,0.0190109,"outcome",TRUE,"reported","textfile",20,"59032097",0.002,1.3e-08,"SmoIndex",TRUE,"reported","142sG9",2,TRUE,NA
"55","rs35169606","T","G","T","G",0.013,-0.00189022,0.612,0.639066,FALSE,FALSE,FALSE,"ZvXGNE",9746556,0.918511,0.0184754,"outcome",TRUE,"reported","textfile",8,"9604066",0.002,1.2e-09,"SmoIndex",TRUE,"reported","142sG9",2,TRUE,NA
"56","rs35175834","G","A","G","A",-0.024,0.000820968,0.788,0.77691,FALSE,FALSE,FALSE,"ZvXGNE",47388618,0.968976,0.0211086,"outcome",TRUE,"reported","textfile",15,"47680815",0.002,4.6e-22,"SmoIndex",TRUE,"reported","142sG9",2,TRUE,NA
"57","rs35343344","C","A","C","A",0.013,0.0064777,0.733,0.761078,FALSE,FALSE,FALSE,"ZvXGNE",18360800,0.756171,0.0208613,"outcome",TRUE,"reported","textfile",19,"18471610",0.002,8.8e-09,"SmoIndex",TRUE,"reported","142sG9",2,TRUE,NA
"58","rs359243","T","C","T","C",-0.013,-0.0294432,0.393,0.360546,FALSE,FALSE,FALSE,"ZvXGNE",60248374,0.110711,0.0184596,"outcome",TRUE,"reported","textfile",2,"60475509",0.002,9.5e-10,"SmoIndex",TRUE,"reported","142sG9",2,TRUE,NA
"59","rs369230","G","T","G","T",-0.013,-0.0254334,0.308,0.362217,FALSE,FALSE,FALSE,"ZvXGNE",89579029,0.169906,0.0185307,"outcome",TRUE,"reported","textfile",16,"89645437",0.002,1.8e-09,"SmoIndex",TRUE,"reported","142sG9",2,TRUE,NA
"60","rs3742365","T","C","T","C",-0.016,-0.0239524,0.595,0.561704,FALSE,FALSE,FALSE,"ZvXGNE",103731914,0.178025,0.0177839,"outcome",TRUE,"reported","textfile",14,"104198251",0.002,2.5e-14,"SmoIndex",TRUE,"reported","142sG9",2,TRUE,NA
"61","rs3769949","T","A","T","A",-0.012,0.00800079,0.528,0.716243,FALSE,TRUE,TRUE,"ZvXGNE",165342774,0.683616,0.0196322,"outcome",TRUE,"reported","textfile",2,"166199284",0.002,2.5e-09,"SmoIndex",TRUE,"reported","142sG9",2,FALSE,NA
"62","rs3811038","T","C","T","C",-0.014,-0.00184554,0.724,0.770901,FALSE,FALSE,FALSE,"ZvXGNE",112482606,0.930576,0.0211839,"outcome",TRUE,"reported","textfile",2,"113240183",0.002,8.9e-10,"SmoIndex",TRUE,"reported","142sG9",2,TRUE,NA
"63","rs3896224","A","G","A","G",0.014,0.0402083,0.585,0.507166,FALSE,FALSE,FALSE,"ZvXGNE",104708095,0.0231015,0.0176993,"outcome",TRUE,"reported","textfile",10,"106467853",0.002,1.1e-11,"SmoIndex",TRUE,"reported","142sG9",2,TRUE,NA
"64","rs421983","T","C","T","C",0.013,-0.0266895,0.519,0.435293,FALSE,FALSE,FALSE,"ZvXGNE",84843715,0.133449,0.0177854,"outcome",TRUE,"reported","textfile",3,"84892866",0.002,3.3e-10,"SmoIndex",TRUE,"reported","142sG9",2,TRUE,NA
"65","rs4391802","A","G","A","G",0.015,-0.0233283,0.707,0.760291,FALSE,FALSE,FALSE,"ZvXGNE",28653045,0.260248,0.0207215,"outcome",TRUE,"reported","textfile",11,"28674592",0.002,1.4e-11,"SmoIndex",TRUE,"reported","142sG9",2,TRUE,NA
"66","rs4473348","A","T","A","T",-0.015,0.0055767,0.25,0.234192,FALSE,TRUE,FALSE,"ZvXGNE",181209015,0.78898,0.0208368,"outcome",TRUE,"reported","textfile",2,"182073742",0.002,6.4e-11,"SmoIndex",TRUE,"reported","142sG9",2,TRUE,NA
"67","rs4543592","T","C","T","C",-0.012,-0.0013728,0.52,0.606711,FALSE,FALSE,FALSE,"ZvXGNE",3014254,0.939451,0.0180727,"outcome",TRUE,"reported","textfile",9,"3014254",0.002,4.5e-10,"SmoIndex",TRUE,"reported","142sG9",2,TRUE,NA
"68","rs4571506","C","T","C","T",0.011,-0.00223349,0.54,0.544105,FALSE,FALSE,FALSE,"ZvXGNE",88461101,0.899955,0.0177658,"outcome",TRUE,"reported","textfile",5,"87756918",0.002,1.5e-08,"SmoIndex",TRUE,"reported","142sG9",2,TRUE,NA
"69","rs4671357","T","C","T","C",-0.014,-0.0114873,0.519,0.393328,FALSE,FALSE,FALSE,"ZvXGNE",59909041,0.525557,0.0180959,"outcome",TRUE,"reported","textfile",2,"60136176",0.002,1.1e-11,"SmoIndex",TRUE,"reported","142sG9",2,TRUE,NA
"70","rs4731925","C","T","C","T",-0.012,-0.0327695,0.316,0.288023,FALSE,FALSE,FALSE,"ZvXGNE",132979997,0.0917529,0.0194337,"outcome",TRUE,"reported","textfile",7,"132664757",0.002,2.6e-08,"SmoIndex",TRUE,"reported","142sG9",2,TRUE,NA
"71","rs4814873","C","T","C","T",0.014,-0.0066994,0.767,0.75713,FALSE,FALSE,FALSE,"ZvXGNE",19635785,0.744363,0.0205452,"outcome",TRUE,"reported","textfile",20,"19616429",0.002,2.9e-09,"SmoIndex",TRUE,"reported","142sG9",2,TRUE,NA
"72","rs4949465","T","C","T","C",-0.017,0.0183717,0.87,0.829619,FALSE,FALSE,FALSE,"ZvXGNE",31712888,0.433023,0.0234324,"outcome",TRUE,"reported","textfile",1,"32178489",0.003,1.7e-08,"SmoIndex",TRUE,"reported","142sG9",2,TRUE,NA
"73","rs4957528","A","C","A","C",-0.015,0.00294422,0.208,0.144695,FALSE,FALSE,FALSE,"ZvXGNE",107084888,0.907218,0.0252618,"outcome",TRUE,"reported","textfile",5,"106420589",0.002,4.2e-09,"SmoIndex",TRUE,"reported","142sG9",2,TRUE,NA
"74","rs549845","G","A","G","A",0.016,-0.0246749,0.301,0.262884,FALSE,FALSE,FALSE,"ZvXGNE",43610798,0.217746,0.0200195,"outcome",TRUE,"reported","textfile",1,"44076469",0.002,8.3e-14,"SmoIndex",TRUE,"reported","142sG9",2,TRUE,NA
"75","rs57611503","G","A","G","A",0.011,0.0139796,0.485,0.511602,FALSE,FALSE,FALSE,"ZvXGNE",31154474,0.431678,0.0177785,"outcome",TRUE,"reported","textfile",16,"31165795",0.002,4e-08,"SmoIndex",TRUE,"reported","142sG9",2,TRUE,NA
"76","rs6011779","C","T","C","T",0.028,-0.0296029,0.191,0.243279,FALSE,FALSE,FALSE,"ZvXGNE",63352965,0.149289,0.0205284,"outcome",TRUE,"reported","textfile",20,"61984317",0.003,2.3e-27,"SmoIndex",TRUE,"reported","142sG9",2,TRUE,NA
"77","rs60952428","T","C","T","C",0.019,0.0507442,0.909,0.908683,FALSE,FALSE,FALSE,"ZvXGNE",75606623,0.0993368,0.03079,"outcome",TRUE,"reported","textfile",16,"75640521",0.003,3e-08,"SmoIndex",TRUE,"reported","142sG9",2,TRUE,NA
"78","rs6119897","G","A","G","A",-0.018,-0.0436847,0.762,0.677143,FALSE,FALSE,FALSE,"ZvXGNE",32557613,0.0204767,0.0188499,"outcome",TRUE,"reported","textfile",20,"31145415",0.002,3.6e-15,"SmoIndex",TRUE,"reported","142sG9",2,TRUE,NA
"79","rs61796681","A","T","A","T",-0.019,-0.0244012,0.912,0.9047719,FALSE,TRUE,FALSE,"ZvXGNE",23676573,0.415929,0.0299952,"outcome",TRUE,"reported","textfile",4,"23678196",0.004,4.2e-08,"SmoIndex",TRUE,"reported","142sG9",2,TRUE,NA
"80","rs62098013","G","A","G","A",-0.012,0.0145824,0.64,0.648022,FALSE,FALSE,FALSE,"ZvXGNE",53337491,0.432246,0.0185679,"outcome",TRUE,"reported","textfile",18,"50863861",0.002,4.1e-09,"SmoIndex",TRUE,"reported","142sG9",2,TRUE,NA
"81","rs62135536","C","T","C","T",0.035,-0.0379586,0.968,0.957257,FALSE,FALSE,FALSE,"ZvXGNE",44098889,0.384936,0.043689,"outcome",TRUE,"reported","textfile",2,"44326028",0.006,8e-10,"SmoIndex",TRUE,"reported","142sG9",2,TRUE,NA
"82","rs62155874","A","G","A","G",-0.024,-0.0459392,0.873,0.892803,FALSE,FALSE,FALSE,"ZvXGNE",105356637,0.108657,0.0286358,"outcome",TRUE,"reported","textfile",2,"105973094",0.003,5.2e-16,"SmoIndex",TRUE,"reported","142sG9",2,TRUE,NA
"83","rs62175972","T","C","T","C",0.031,-0.0578541,0.966,0.9834456,FALSE,FALSE,FALSE,"ZvXGNE",160506319,0.408896,0.0700551,"outcome",TRUE,"reported","textfile",2,"161362830",0.006,1.7e-08,"SmoIndex",TRUE,"reported","142sG9",2,TRUE,NA
"84","rs624833","T","G","T","G",0.013,0.0298545,0.695,0.643397,FALSE,FALSE,FALSE,"ZvXGNE",2879529,0.106738,0.0185083,"outcome",TRUE,"reported","textfile",4,"2881256",0.002,6.6e-10,"SmoIndex",TRUE,"reported","142sG9",2,TRUE,NA
"85","rs6562474","C","G","C","G",0.012,-0.0242887,0.651,0.558516,FALSE,TRUE,TRUE,"ZvXGNE",66758680,0.172232,0.017793,"outcome",TRUE,"reported","textfile",13,"67332812",0.002,1e-08,"SmoIndex",TRUE,"reported","142sG9",2,FALSE,NA
"86","rs6598539","T","C","T","C",-0.012,0.0120849,0.489,0.479085,FALSE,FALSE,FALSE,"ZvXGNE",98661254,0.494748,0.0176996,"outcome",TRUE,"reported","textfile",15,"99204483",0.002,4.5e-09,"SmoIndex",TRUE,"reported","142sG9",2,TRUE,NA
"87","rs6741228","T","C","T","C",0.011,0.0109959,0.433,0.525377,FALSE,FALSE,FALSE,"ZvXGNE",22325902,0.535487,0.0177453,"outcome",TRUE,"reported","textfile",2,"22548774",0.002,1.6e-08,"SmoIndex",TRUE,"reported","142sG9",2,TRUE,NA
"88","rs67596067","G","A","G","A",-0.013,-0.00762855,0.649,0.716923,FALSE,FALSE,FALSE,"ZvXGNE",52256373,0.697042,0.0195947,"outcome",TRUE,"reported","textfile",17,"50333733",0.002,1.2e-09,"SmoIndex",TRUE,"reported","142sG9",2,TRUE,NA
"89","rs6778080","T","C","T","C",0.016,-0.0788691,0.267,0.215033,FALSE,FALSE,FALSE,"ZvXGNE",49279905,0.000308056,0.0218569,"outcome",TRUE,"reported","textfile",3,"49317338",0.002,1.3e-12,"SmoIndex",TRUE,"reported","142sG9",2,TRUE,NA
"90","rs6779302","G","T","G","T",-0.013,0.0136737,0.633,0.640244,FALSE,FALSE,FALSE,"ZvXGNE",16818207,0.458036,0.0184261,"outcome",TRUE,"reported","textfile",3,"16859710",0.002,1.2e-09,"SmoIndex",TRUE,"reported","142sG9",2,TRUE,NA
"91","rs6935954","A","G","A","G",0.014,0.0495592,0.421,0.34449,FALSE,FALSE,FALSE,"ZvXGNE",26255223,0.00736021,0.0184916,"outcome",TRUE,"reported","textfile",6,"26255451",0.002,8.2e-12,"SmoIndex",TRUE,"reported","142sG9",2,TRUE,NA
"92","rs6957896","C","T","C","T",-0.011,0.0116631,0.503,0.586369,FALSE,FALSE,FALSE,"ZvXGNE",132624833,0.516953,0.0179972,"outcome",TRUE,"reported","textfile",7,"132309592",0.002,4.5e-08,"SmoIndex",TRUE,"reported","142sG9",2,TRUE,NA
"93","rs6962772","A","G","A","G",0.016,-0.0101539,0.846,0.776801,FALSE,FALSE,FALSE,"ZvXGNE",99484107,0.630745,0.0211242,"outcome",TRUE,"reported","textfile",7,"99081730",0.003,7.8e-09,"SmoIndex",TRUE,"reported","142sG9",2,TRUE,NA
"94","rs7039819","G","A","G","A",0.013,0.0205642,0.427,0.449921,FALSE,FALSE,FALSE,"ZvXGNE",79815503,0.250415,0.0178921,"outcome",TRUE,"reported","textfile",9,"82430418",0.002,5.1e-10,"SmoIndex",TRUE,"reported","142sG9",2,TRUE,NA
"95","rs7077678","C","T","C","T",0.012,0.0544388,0.623,0.608279,FALSE,FALSE,FALSE,"ZvXGNE",102678808,0.00279415,0.0182098,"outcome",TRUE,"reported","textfile",10,"104438565",0.002,2.6e-09,"SmoIndex",TRUE,"reported","142sG9",2,TRUE,NA
"96","rs71367545","G","A","G","A",-0.015,0.0270629,0.791,0.782957,FALSE,FALSE,FALSE,"ZvXGNE",79816337,0.206133,0.0214059,"outcome",TRUE,"reported","textfile",18,"77576337",0.002,1.4e-09,"SmoIndex",TRUE,"reported","142sG9",2,TRUE,NA
"97","rs7155595","A","C","A","C",-0.013,0.0342389,0.674,0.698401,FALSE,FALSE,FALSE,"ZvXGNE",77036203,0.0753026,0.0192503,"outcome",TRUE,"reported","textfile",14,"77502546",0.002,2.5e-09,"SmoIndex",TRUE,"reported","142sG9",2,TRUE,NA
"98","rs71627581","G","A","G","A",0.019,0.0189944,0.889,0.828536,FALSE,FALSE,FALSE,"ZvXGNE",43161249,0.422087,0.02366,"outcome",TRUE,"reported","textfile",5,"43161351",0.003,1.6e-09,"SmoIndex",TRUE,"reported","142sG9",2,TRUE,NA
"99","rs72674867","A","T","A","T",0.013,-0.00166848,0.765,0.627812,FALSE,TRUE,FALSE,"ZvXGNE",94565973,0.927186,0.0182574,"outcome",TRUE,"reported","textfile",8,"95578201",0.002,3.8e-08,"SmoIndex",TRUE,"reported","142sG9",2,TRUE,NA
"100","rs72678864","G","A","G","A",0.018,-0.0140597,0.829,0.860288,FALSE,FALSE,FALSE,"ZvXGNE",111500989,0.583605,0.0256505,"outcome",TRUE,"reported","textfile",4,"112422145",0.003,1.6e-11,"SmoIndex",TRUE,"reported","142sG9",2,TRUE,NA
"101","rs7297175","T","C","T","C",-0.012,-0.00436742,0.431,0.429579,FALSE,FALSE,FALSE,"ZvXGNE",56080024,0.806343,0.0178156,"outcome",TRUE,"reported","textfile",12,"56473808",0.002,6.6e-09,"SmoIndex",TRUE,"reported","142sG9",2,TRUE,NA
"102","rs732083","G","A","G","A",0.012,-0.0726091,0.333,0.3189,FALSE,FALSE,FALSE,"ZvXGNE",39678114,0.000136157,0.0190323,"outcome",TRUE,"reported","textfile",17,"37834367",0.002,1.5e-08,"SmoIndex",TRUE,"reported","142sG9",2,TRUE,NA
"103","rs73220544","A","C","A","C",-0.016,0.00162348,0.842,0.750907,FALSE,FALSE,FALSE,"ZvXGNE",131355667,0.936876,0.0204993,"outcome",TRUE,"reported","textfile",3,"131074511",0.003,1.5e-08,"SmoIndex",TRUE,"reported","142sG9",2,TRUE,NA
"104","rs7333559","G","A","G","A",0.015,-0.00965744,0.212,0.163516,FALSE,FALSE,FALSE,"ZvXGNE",99894196,0.687385,0.0239992,"outcome",TRUE,"reported","textfile",13,"100546450",0.002,3.2e-10,"SmoIndex",TRUE,"reported","142sG9",2,TRUE,NA
"105","rs74086911","G","A","G","A",0.021,0.0312413,0.925,0.9448842,FALSE,FALSE,FALSE,"ZvXGNE",49622159,0.419164,0.038671,"outcome",TRUE,"reported","textfile",12,"50015942",0.004,2.1e-08,"SmoIndex",TRUE,"reported","142sG9",2,TRUE,NA
"106","rs7519626","C","T","C","T",0.012,-0.0132759,0.324,0.383803,FALSE,FALSE,FALSE,"ZvXGNE",99048998,0.464032,0.0181309,"outcome",TRUE,"reported","textfile",1,"99514554",0.002,1.2e-08,"SmoIndex",TRUE,"reported","142sG9",2,TRUE,NA
"107","rs7528604","G","A","G","A",0.014,-0.0113649,0.566,0.627356,FALSE,FALSE,FALSE,"ZvXGNE",65941669,0.533447,0.0182494,"outcome",TRUE,"reported","textfile",1,"66407352",0.002,5.7e-12,"SmoIndex",TRUE,"reported","142sG9",2,TRUE,NA
"108","rs7553348","G","A","G","A",0.014,-0.00547485,0.438,0.508368,FALSE,FALSE,FALSE,"ZvXGNE",74539383,0.756404,0.0176491,"outcome",TRUE,"reported","textfile",1,"75005067",0.002,5.2e-12,"SmoIndex",TRUE,"reported","142sG9",2,TRUE,NA
"109","rs7569203","A","C","A","C",-0.016,-0.00282444,0.689,0.599623,FALSE,FALSE,FALSE,"ZvXGNE",44927279,0.87564,0.0180477,"outcome",TRUE,"reported","textfile",2,"45154418",0.002,7.4e-13,"SmoIndex",TRUE,"reported","142sG9",2,TRUE,NA
"110","rs75742406","G","A","G","A",0.014,0.00847594,0.739,0.721562,FALSE,FALSE,FALSE,"ZvXGNE",17048818,0.667944,0.0197587,"outcome",TRUE,"reported","textfile",11,"17070365",0.002,1.3e-09,"SmoIndex",TRUE,"reported","142sG9",2,TRUE,NA
"111","rs76608582","C","A","C","A",0.031,0.0346825,0.953,0.9425363,FALSE,FALSE,FALSE,"ZvXGNE",4474728,0.361397,0.0379996,"outcome",TRUE,"reported","textfile",19,"4474725",0.005,3.2e-10,"SmoIndex",TRUE,"reported","142sG9",2,TRUE,NA
"112","rs775758","A","T","A","T",0.012,-0.0064848,0.433,0.477264,FALSE,TRUE,TRUE,"ZvXGNE",77532854,0.714491,0.0177263,"outcome",TRUE,"reported","textfile",3,"77582005",0.002,1.1e-08,"SmoIndex",TRUE,"reported","142sG9",2,FALSE,NA
"113","rs7766610","C","A","C","A",0.018,-0.0082078,0.183,0.287715,FALSE,FALSE,FALSE,"ZvXGNE",111386618,0.673918,0.0195063,"outcome",TRUE,"reported","textfile",6,"111707821",0.003,2.2e-12,"SmoIndex",TRUE,"reported","142sG9",2,TRUE,NA
"114","rs7807019","A","G","A","G",-0.015,0.00273148,0.54,0.418324,FALSE,FALSE,FALSE,"ZvXGNE",117903009,0.878943,0.0179337,"outcome",TRUE,"reported","textfile",7,"117543063",0.002,6.7e-14,"SmoIndex",TRUE,"reported","142sG9",2,TRUE,NA
"115","rs8042134","T","G","T","G",-0.014,-0.000801407,0.541,0.509391,FALSE,FALSE,FALSE,"ZvXGNE",96971174,0.963902,0.0177076,"outcome",TRUE,"reported","textfile",15,"97514404",0.002,1.3e-12,"SmoIndex",TRUE,"reported","142sG9",2,TRUE,NA
"116","rs8042849","T","C","T","C",0.028,0.00574245,0.342,0.643759,FALSE,FALSE,FALSE,"ZvXGNE",78525587,0.75532,0.0184271,"outcome",TRUE,"reported","textfile",15,"78817929",0.002,1.8e-39,"SmoIndex",TRUE,"reported","142sG9",2,TRUE,NA
"117","rs860326","C","T","C","T",0.012,-0.00994424,0.428,0.562227,FALSE,FALSE,FALSE,"ZvXGNE",56876194,0.57629,0.0177953,"outcome",TRUE,"reported","textfile",14,"57342912",0.002,2.7e-09,"SmoIndex",TRUE,"reported","142sG9",2,TRUE,NA
"118","rs8614","C","A","C","A",-0.017,-0.0130766,0.817,0.844736,FALSE,FALSE,FALSE,"ZvXGNE",29261788,0.594057,0.0245354,"outcome",TRUE,"reported","textfile",17,"27588806",0.003,1.8e-10,"SmoIndex",TRUE,"reported","142sG9",2,TRUE,NA
"119","rs889398","C","T","C","T",0.013,0.0147025,0.588,0.573706,FALSE,FALSE,FALSE,"ZvXGNE",69522812,0.412646,0.0179464,"outcome",TRUE,"reported","textfile",16,"69556715",0.002,6.3e-11,"SmoIndex",TRUE,"reported","142sG9",2,TRUE,NA
"120","rs9435340","T","A","T","A",0.012,-0.0265037,0.344,0.295957,FALSE,TRUE,FALSE,"ZvXGNE",107050579,0.170449,0.019335,"outcome",TRUE,"reported","textfile",1,"107593201",0.002,1.2e-08,"SmoIndex",TRUE,"reported","142sG9",2,TRUE,NA
"121","rs9842947","C","T","C","T",-0.013,-0.00220148,0.326,0.308178,FALSE,FALSE,FALSE,"ZvXGNE",157694457,0.90856,0.0191675,"outcome",TRUE,"reported","textfile",3,"157412246",0.002,3.1e-09,"SmoIndex",TRUE,"reported","142sG9",2,TRUE,NA
"122","rs986391","G","A","G","A",0.016,-0.00999495,0.367,0.342179,FALSE,FALSE,FALSE,"ZvXGNE",167566967,0.590799,0.0185891,"outcome",TRUE,"reported","textfile",5,"166993972",0.002,9.4e-15,"SmoIndex",TRUE,"reported","142sG9",2,TRUE,NA
"123","rs9904288","T","C","T","C",0.012,0.0195213,0.708,0.734121,FALSE,FALSE,FALSE,"ZvXGNE",48954611,0.327863,0.0199518,"outcome",TRUE,"reported","textfile",17,"47031973",0.002,3.1e-08,"SmoIndex",TRUE,"reported","142sG9",2,TRUE,NA
"124","rs9919670","G","A","G","A",-0.022,-0.011865,0.612,0.375443,FALSE,FALSE,FALSE,"ZvXGNE",113006582,0.518387,0.0183716,"outcome",TRUE,"reported","textfile",11,"112877304",0.002,7.6e-27,"SmoIndex",TRUE,"reported","142sG9",2,TRUE,NA
