"","SNP","effect_allele.exposure","other_allele.exposure","effect_allele.outcome","other_allele.outcome","beta.exposure","beta.outcome","eaf.exposure","eaf.outcome","remove","palindromic","ambiguous","id.outcome","se.outcome","pval.outcome","outcome","mr_keep.outcome","pval_origin.outcome","data_source.outcome","chr.exposure","pos.exposure","se.exposure","pval.exposure","exposure","mr_keep.exposure","pval_origin.exposure","id.exposure","action","mr_keep","samplesize.outcome"
"1","rs10052591","T","C","T","C",0.012,-0.0275,0.573,0.571232,FALSE,FALSE,FALSE,"JNTfo7",0.0419,0.511,"outcome",TRUE,"reported","textfile",5,"50812738",0.002,2.1e-09,"SmoIndex",TRUE,"reported","uRBDLj",2,TRUE,NA
"2","rs10226228","A","G","A","G",-0.016,0.0561,0.63,0.630339,FALSE,FALSE,FALSE,"JNTfo7",0.0429,0.191,"outcome",TRUE,"reported","textfile",7,"32315613",0.002,2e-15,"SmoIndex",TRUE,"reported","uRBDLj",2,TRUE,NA
"3","rs10282292","C","T","C","T",0.013,0.0494,0.362,0.358778,FALSE,FALSE,FALSE,"JNTfo7",0.0433,0.254,"outcome",TRUE,"reported","textfile",7,"111092478",0.002,5.9e-10,"SmoIndex",TRUE,"reported","uRBDLj",2,TRUE,NA
"4","rs1050847","C","T","C","T",0.011,-0.0561,0.426,0.41999,FALSE,FALSE,FALSE,"JNTfo7",0.042,0.181,"outcome",TRUE,"reported","textfile",16,"87443734",0.002,1.4e-08,"SmoIndex",TRUE,"reported","uRBDLj",2,TRUE,NA
"5","rs10823968","A","T","A","T",0.012,-0.056,0.633,0.633098,FALSE,TRUE,FALSE,"JNTfo7",0.0433,0.196,"outcome",TRUE,"reported","textfile",10,"74738269",0.002,2.1e-08,"SmoIndex",TRUE,"reported","uRBDLj",2,TRUE,NA
"6","rs10879871","T","G","T","G",-0.014,0.0266,0.343,0.3405,FALSE,FALSE,FALSE,"JNTfo7",0.0437,0.543,"outcome",TRUE,"reported","textfile",12,"75380511",0.002,5e-11,"SmoIndex",TRUE,"reported","uRBDLj",2,TRUE,NA
"7","rs10918701","G","A","G","A",0.012,0.0537,0.372,0.369733,FALSE,FALSE,FALSE,"JNTfo7",0.0428,0.21,"outcome",TRUE,"reported","textfile",1,"162090536",0.002,2.1e-08,"SmoIndex",TRUE,"reported","uRBDLj",2,TRUE,NA
"8","rs10922907","A","T","A","T",0.015,0.00789,0.451,0.450429,FALSE,TRUE,TRUE,"JNTfo7",0.0417,0.85,"outcome",TRUE,"reported","textfile",1,"91193049",0.002,3e-13,"SmoIndex",TRUE,"reported","uRBDLj",2,FALSE,NA
"9","rs11210229","A","G","A","G",0.017,-0.0054,0.384,0.381478,FALSE,FALSE,FALSE,"JNTfo7",0.0426,0.899,"outcome",TRUE,"reported","textfile",1,"73860028",0.002,2e-16,"SmoIndex",TRUE,"reported","uRBDLj",2,TRUE,NA
"10","rs112282219","G","A","G","A",-0.033,0.1,0.959,0.95835,FALSE,FALSE,FALSE,"JNTfo7",0.104,0.336,"outcome",TRUE,"reported","textfile",11,"46632809",0.005,3.8e-11,"SmoIndex",TRUE,"reported","uRBDLj",2,TRUE,NA
"11","rs11255908","T","G","T","G",-0.015,-0.0109,0.743,0.746938,FALSE,FALSE,FALSE,"JNTfo7",0.0476,0.819,"outcome",TRUE,"reported","textfile",10,"8802912",0.002,2.3e-10,"SmoIndex",TRUE,"reported","uRBDLj",2,TRUE,NA
"12","rs113382419","C","A","C","A",-0.041,0.0143,0.889,0.888082,FALSE,FALSE,FALSE,"JNTfo7",0.0658,0.828,"outcome",TRUE,"reported","textfile",9,"136463019",0.003,3e-37,"SmoIndex",TRUE,"reported","uRBDLj",2,TRUE,NA
"13","rs11768481","C","A","C","A",0.013,0.000402,0.666,0.667261,FALSE,FALSE,FALSE,"JNTfo7",0.044,0.993,"outcome",TRUE,"reported","textfile",7,"96629103",0.002,9.9e-10,"SmoIndex",TRUE,"reported","uRBDLj",2,TRUE,NA
"14","rs11783093","C","T","C","T",0.023,-0.00651,0.839,0.838121,FALSE,FALSE,FALSE,"JNTfo7",0.0565,0.908,"outcome",TRUE,"reported","textfile",8,"27425349",0.003,1.2e-16,"SmoIndex",TRUE,"reported","uRBDLj",2,TRUE,NA
"15","rs11861214","G","T","G","T",0.014,-0.0688,0.784,0.783988,FALSE,FALSE,FALSE,"JNTfo7",0.0502,0.17,"outcome",TRUE,"reported","textfile",16,"746611",0.002,2e-08,"SmoIndex",TRUE,"reported","uRBDLj",2,TRUE,NA
"16","rs1193237","G","C","G","C",-0.011,-0.0697,0.439,0.439587,FALSE,TRUE,TRUE,"JNTfo7",0.0417,0.0945,"outcome",TRUE,"reported","textfile",1,"7526486",0.002,2.8e-08,"SmoIndex",TRUE,"reported","uRBDLj",2,FALSE,NA
"17","rs11948770","T","C","T","C",-0.015,0.0134,0.768,0.768754,FALSE,FALSE,FALSE,"JNTfo7",0.0492,0.785,"outcome",TRUE,"reported","textfile",5,"13246336",0.002,4.9e-10,"SmoIndex",TRUE,"reported","uRBDLj",2,TRUE,NA
"18","rs12202536","A","G","A","G",-0.012,0.00817,0.513,0.512552,FALSE,FALSE,FALSE,"JNTfo7",0.0414,0.844,"outcome",TRUE,"reported","textfile",6,"67475273",0.002,2.8e-09,"SmoIndex",TRUE,"reported","uRBDLj",2,TRUE,NA
"19","rs1221148","C","G","C","G",0.013,0.0116,0.587,0.586163,FALSE,TRUE,FALSE,"JNTfo7",0.0419,0.782,"outcome",TRUE,"reported","textfile",9,"122046875",0.002,7.3e-11,"SmoIndex",TRUE,"reported","uRBDLj",2,TRUE,NA
"20","rs12244388","G","A","G","A",-0.019,0.0112,0.661,0.6639,FALSE,FALSE,FALSE,"JNTfo7",0.0438,0.799,"outcome",TRUE,"reported","textfile",10,"104640052",0.002,1.4e-19,"SmoIndex",TRUE,"reported","uRBDLj",2,TRUE,NA
"21","rs1246265","T","C","T","C",-0.013,0.0147,0.305,0.304265,FALSE,FALSE,FALSE,"JNTfo7",0.045,0.744,"outcome",TRUE,"reported","textfile",9,"86761745",0.002,4.2e-09,"SmoIndex",TRUE,"reported","uRBDLj",2,TRUE,NA
"22","rs12481282","G","C","G","C",-0.013,-0.016,0.722,0.721994,FALSE,TRUE,FALSE,"JNTfo7",0.0461,0.728,"outcome",TRUE,"reported","textfile",20,"44761377",0.002,7.8e-09,"SmoIndex",TRUE,"reported","uRBDLj",2,TRUE,NA
"23","rs12623702","A","G","A","G",-0.014,-0.0484,0.613,0.612843,FALSE,FALSE,FALSE,"JNTfo7",0.0426,0.256,"outcome",TRUE,"reported","textfile",2,"202885506",0.002,7.7e-12,"SmoIndex",TRUE,"reported","uRBDLj",2,TRUE,NA
"24","rs12708665","A","G","A","G",-0.013,0.0235,0.285,0.284279,FALSE,FALSE,FALSE,"JNTfo7",0.0459,0.609,"outcome",TRUE,"reported","textfile",16,"24728227",0.002,3.5e-09,"SmoIndex",TRUE,"reported","uRBDLj",2,TRUE,NA
"25","rs12831617","C","T","C","T",-0.013,-0.0992,0.764,0.766076,FALSE,FALSE,FALSE,"JNTfo7",0.0489,0.0424,"outcome",TRUE,"reported","textfile",12,"84758368",0.002,1.9e-08,"SmoIndex",TRUE,"reported","uRBDLj",2,TRUE,NA
"26","rs12967855","A","G","A","G",0.012,-0.0166,0.331,0.330398,FALSE,FALSE,FALSE,"JNTfo7",0.0442,0.707,"outcome",TRUE,"reported","textfile",18,"35138245",0.002,3.1e-08,"SmoIndex",TRUE,"reported","uRBDLj",2,TRUE,NA
"27","rs13009008","A","G","A","G",0.012,0.0513,0.328,0.324964,FALSE,FALSE,FALSE,"JNTfo7",0.0441,0.244,"outcome",TRUE,"reported","textfile",2,"174043233",0.002,4.6e-09,"SmoIndex",TRUE,"reported","uRBDLj",2,TRUE,NA
"28","rs13016665","C","A","C","A",-0.012,0.0102,0.577,0.576716,FALSE,FALSE,FALSE,"JNTfo7",0.0422,0.809,"outcome",TRUE,"reported","textfile",2,"57995348",0.002,1.8e-09,"SmoIndex",TRUE,"reported","uRBDLj",2,TRUE,NA
"29","rs13153393","A","G","A","G",-0.02,3.81e-05,0.884,0.88411,FALSE,FALSE,FALSE,"JNTfo7",0.0647,1,"outcome",TRUE,"reported","textfile",5,"167604213",0.003,2.5e-10,"SmoIndex",TRUE,"reported","uRBDLj",2,TRUE,NA
"30","rs13296519","G","T","G","T",-0.014,0.000235,0.606,0.605938,FALSE,FALSE,FALSE,"JNTfo7",0.0423,0.996,"outcome",TRUE,"reported","textfile",9,"128471924",0.002,8.1e-12,"SmoIndex",TRUE,"reported","uRBDLj",2,TRUE,NA
"31","rs136233","A","G","A","G",-0.014,0.00533,0.809,0.808167,FALSE,FALSE,FALSE,"JNTfo7",0.0526,0.919,"outcome",TRUE,"reported","textfile",22,"31212410",0.003,1.8e-08,"SmoIndex",TRUE,"reported","uRBDLj",2,TRUE,NA
"32","rs147412694","G","A","G","A",-0.017,-0.106,0.85,0.84985,FALSE,FALSE,FALSE,"JNTfo7",0.0581,0.0681,"outcome",TRUE,"reported","textfile",21,"40702786",0.003,2.9e-09,"SmoIndex",TRUE,"reported","uRBDLj",2,TRUE,NA
"33","rs17309874","G","A","G","A",-0.016,-0.0291,0.74,0.736803,FALSE,FALSE,FALSE,"JNTfo7",0.0471,0.537,"outcome",TRUE,"reported","textfile",11,"27667236",0.002,9.7e-13,"SmoIndex",TRUE,"reported","uRBDLj",2,TRUE,NA
"34","rs17553262","A","C","A","C",-0.018,0.0341,0.885,0.88376,FALSE,FALSE,FALSE,"JNTfo7",0.0648,0.599,"outcome",TRUE,"reported","textfile",10,"92912773",0.003,5.3e-09,"SmoIndex",TRUE,"reported","uRBDLj",2,TRUE,NA
"35","rs17576594","G","A","G","A",0.016,0.0157,0.724,0.722574,FALSE,FALSE,FALSE,"JNTfo7",0.0463,0.734,"outcome",TRUE,"reported","textfile",4,"147952241",0.002,1.7e-12,"SmoIndex",TRUE,"reported","uRBDLj",2,TRUE,NA
"36","rs1922018","C","T","C","T",0.014,-0.0192,0.364,0.365748,FALSE,FALSE,FALSE,"JNTfo7",0.0429,0.655,"outcome",TRUE,"reported","textfile",7,"3560401",0.002,3e-12,"SmoIndex",TRUE,"reported","uRBDLj",2,TRUE,NA
"37","rs1931263","G","T","G","T",-0.011,0.00152,0.51,0.510006,FALSE,FALSE,FALSE,"JNTfo7",0.0413,0.971,"outcome",TRUE,"reported","textfile",1,"96175101",0.002,4e-08,"SmoIndex",TRUE,"reported","uRBDLj",2,TRUE,NA
"38","rs1933270","T","G","T","G",0.013,-0.0315,0.364,0.363242,FALSE,FALSE,FALSE,"JNTfo7",0.0429,0.463,"outcome",TRUE,"reported","textfile",1,"49977965",0.002,1.5e-10,"SmoIndex",TRUE,"reported","uRBDLj",2,TRUE,NA
"39","rs202645","A","G","A","G",-0.015,0.0325,0.203,0.201894,FALSE,FALSE,FALSE,"JNTfo7",0.0516,0.529,"outcome",TRUE,"reported","textfile",22,"41798520",0.002,3.9e-09,"SmoIndex",TRUE,"reported","uRBDLj",2,TRUE,NA
"40","rs2062882","G","A","G","A",-0.012,0.0166,0.587,0.587595,FALSE,FALSE,FALSE,"JNTfo7",0.0424,0.695,"outcome",TRUE,"reported","textfile",8,"91839576",0.002,1.1e-08,"SmoIndex",TRUE,"reported","uRBDLj",2,TRUE,NA
"41","rs2080870","A","T","A","T",0.012,-0.0675,0.258,0.258747,FALSE,TRUE,FALSE,"JNTfo7",0.0471,0.152,"outcome",TRUE,"reported","textfile",5,"60388313",0.002,4.9e-08,"SmoIndex",TRUE,"reported","uRBDLj",2,TRUE,NA
"42","rs2254710","C","A","C","A",0.013,0.00209,0.236,0.237436,FALSE,FALSE,FALSE,"JNTfo7",0.0485,0.966,"outcome",TRUE,"reported","textfile",6,"37477000",0.002,3.5e-08,"SmoIndex",TRUE,"reported","uRBDLj",2,TRUE,NA
"43","rs2401924","G","C","G","C",0.015,0.0438,0.502,0.501574,FALSE,TRUE,TRUE,"JNTfo7",0.0414,0.291,"outcome",TRUE,"reported","textfile",7,"115057862",0.002,2.7e-14,"SmoIndex",TRUE,"reported","uRBDLj",2,FALSE,NA
"44","rs245774","A","G","A","G",-0.013,0.0348,0.272,0.271774,FALSE,FALSE,FALSE,"JNTfo7",0.0466,0.455,"outcome",TRUE,"reported","textfile",5,"170530930",0.002,7.4e-09,"SmoIndex",TRUE,"reported","uRBDLj",2,TRUE,NA
"45","rs2675638","G","A","G","A",0.012,0.00352,0.581,0.580813,FALSE,FALSE,FALSE,"JNTfo7",0.0418,0.933,"outcome",TRUE,"reported","textfile",10,"63576286",0.002,1.3e-09,"SmoIndex",TRUE,"reported","uRBDLj",2,TRUE,NA
"46","rs2678670","A","T","A","T",0.013,-0.0574,0.486,0.48836,FALSE,TRUE,TRUE,"JNTfo7",0.0414,0.166,"outcome",TRUE,"reported","textfile",2,"104469564",0.002,3.1e-10,"SmoIndex",TRUE,"reported","uRBDLj",2,FALSE,NA
"47","rs2838834","C","T","C","T",-0.013,0.0174,0.699,0.699356,FALSE,FALSE,FALSE,"JNTfo7",0.0452,0.7,"outcome",TRUE,"reported","textfile",21,"46665208",0.002,6.3e-10,"SmoIndex",TRUE,"reported","uRBDLj",2,TRUE,NA
"48","rs28485305","C","T","C","T",0.012,0.0319,0.631,0.632697,FALSE,FALSE,FALSE,"JNTfo7",0.043,0.457,"outcome",TRUE,"reported","textfile",15,"74044197",0.002,2.6e-08,"SmoIndex",TRUE,"reported","uRBDLj",2,TRUE,NA
"49","rs2867112","T","G","T","G",0.021,0.0646,0.835,0.835294,FALSE,FALSE,FALSE,"JNTfo7",0.0564,0.252,"outcome",TRUE,"reported","textfile",2,"651349",0.003,4.8e-15,"SmoIndex",TRUE,"reported","uRBDLj",2,TRUE,NA
"50","rs2890772","G","T","G","T",-0.02,-0.0961,0.413,0.410852,FALSE,FALSE,FALSE,"JNTfo7",0.0421,0.0225,"outcome",TRUE,"reported","textfile",2,"146175106",0.002,2.1e-22,"SmoIndex",TRUE,"reported","uRBDLj",2,TRUE,NA
"51","rs2894808","T","A","T","A",-0.022,0.104,0.922,0.922281,FALSE,TRUE,FALSE,"JNTfo7",0.0779,0.181,"outcome",TRUE,"reported","textfile",6,"52861990",0.004,3.5e-09,"SmoIndex",TRUE,"reported","uRBDLj",2,TRUE,NA
"52","rs317021","T","A","T","A",-0.017,-0.0166,0.814,0.812281,FALSE,TRUE,FALSE,"JNTfo7",0.0532,0.754,"outcome",TRUE,"reported","textfile",4,"35418368",0.003,1.1e-10,"SmoIndex",TRUE,"reported","uRBDLj",2,TRUE,NA
"53","rs326341","G","A","G","A",0.014,-0.00964,0.525,0.523621,FALSE,FALSE,FALSE,"JNTfo7",0.0416,0.817,"outcome",TRUE,"reported","textfile",3,"107811142",0.002,1.2e-11,"SmoIndex",TRUE,"reported","uRBDLj",2,TRUE,NA
"54","rs329120","C","T","C","T",0.014,0.0493,0.581,0.581621,FALSE,FALSE,FALSE,"JNTfo7",0.042,0.24,"outcome",TRUE,"reported","textfile",5,"133861756",0.002,6.3e-12,"SmoIndex",TRUE,"reported","uRBDLj",2,TRUE,NA
"55","rs34866095","A","G","A","G",-0.012,0.0567,0.686,0.686501,FALSE,FALSE,FALSE,"JNTfo7",0.045,0.207,"outcome",TRUE,"reported","textfile",11,"16377356",0.002,1.2e-08,"SmoIndex",TRUE,"reported","uRBDLj",2,TRUE,NA
"56","rs348809","A","G","A","G",-0.012,0.00515,0.348,0.347309,FALSE,FALSE,FALSE,"JNTfo7",0.0434,0.906,"outcome",TRUE,"reported","textfile",20,"59032097",0.002,1.3e-08,"SmoIndex",TRUE,"reported","uRBDLj",2,TRUE,NA
"57","rs35169606","T","G","T","G",0.013,-0.00769,0.612,0.613102,FALSE,FALSE,FALSE,"JNTfo7",0.0431,0.858,"outcome",TRUE,"reported","textfile",8,"9604066",0.002,1.2e-09,"SmoIndex",TRUE,"reported","uRBDLj",2,TRUE,NA
"58","rs35175834","G","A","G","A",-0.024,0.0499,0.788,0.78799,FALSE,FALSE,FALSE,"JNTfo7",0.0506,0.324,"outcome",TRUE,"reported","textfile",15,"47680815",0.002,4.6e-22,"SmoIndex",TRUE,"reported","uRBDLj",2,TRUE,NA
"59","rs35343344","C","A","C","A",0.013,-0.0391,0.733,0.732617,FALSE,FALSE,FALSE,"JNTfo7",0.0475,0.411,"outcome",TRUE,"reported","textfile",19,"18471610",0.002,8.8e-09,"SmoIndex",TRUE,"reported","uRBDLj",2,TRUE,NA
"60","rs359243","T","C","T","C",-0.013,0.058,0.393,0.392952,FALSE,FALSE,FALSE,"JNTfo7",0.0425,0.173,"outcome",TRUE,"reported","textfile",2,"60475509",0.002,9.5e-10,"SmoIndex",TRUE,"reported","uRBDLj",2,TRUE,NA
"61","rs369230","G","T","G","T",-0.013,0.057,0.308,0.311455,FALSE,FALSE,FALSE,"JNTfo7",0.0449,0.205,"outcome",TRUE,"reported","textfile",16,"89645437",0.002,1.8e-09,"SmoIndex",TRUE,"reported","uRBDLj",2,TRUE,NA
"62","rs3742365","T","C","T","C",-0.016,-0.0159,0.595,0.593455,FALSE,FALSE,FALSE,"JNTfo7",0.0422,0.706,"outcome",TRUE,"reported","textfile",14,"104198251",0.002,2.5e-14,"SmoIndex",TRUE,"reported","uRBDLj",2,TRUE,NA
"63","rs3769949","T","A","T","A",-0.012,-0.015,0.528,0.529077,FALSE,TRUE,TRUE,"JNTfo7",0.0414,0.718,"outcome",TRUE,"reported","textfile",2,"166199284",0.002,2.5e-09,"SmoIndex",TRUE,"reported","uRBDLj",2,FALSE,NA
"64","rs3811038","T","C","T","C",-0.014,-0.0268,0.724,0.722596,FALSE,FALSE,FALSE,"JNTfo7",0.0465,0.565,"outcome",TRUE,"reported","textfile",2,"113240183",0.002,8.9e-10,"SmoIndex",TRUE,"reported","uRBDLj",2,TRUE,NA
"65","rs3896224","A","G","A","G",0.014,0.00241,0.585,0.587053,FALSE,FALSE,FALSE,"JNTfo7",0.0424,0.955,"outcome",TRUE,"reported","textfile",10,"106467853",0.002,1.1e-11,"SmoIndex",TRUE,"reported","uRBDLj",2,TRUE,NA
"66","rs421983","T","C","T","C",0.013,-0.038,0.519,0.518478,FALSE,FALSE,FALSE,"JNTfo7",0.0414,0.358,"outcome",TRUE,"reported","textfile",3,"84892866",0.002,3.3e-10,"SmoIndex",TRUE,"reported","uRBDLj",2,TRUE,NA
"67","rs4391802","A","G","A","G",0.015,-0.0387,0.707,0.708084,FALSE,FALSE,FALSE,"JNTfo7",0.0456,0.397,"outcome",TRUE,"reported","textfile",11,"28674592",0.002,1.4e-11,"SmoIndex",TRUE,"reported","uRBDLj",2,TRUE,NA
"68","rs4473348","A","T","A","T",-0.015,-0.0913,0.25,0.250436,FALSE,TRUE,FALSE,"JNTfo7",0.0477,0.0556,"outcome",TRUE,"reported","textfile",2,"182073742",0.002,6.4e-11,"SmoIndex",TRUE,"reported","uRBDLj",2,TRUE,NA
"69","rs4543592","T","C","T","C",-0.012,0.00689,0.52,0.520761,FALSE,FALSE,FALSE,"JNTfo7",0.0414,0.868,"outcome",TRUE,"reported","textfile",9,"3014254",0.002,4.5e-10,"SmoIndex",TRUE,"reported","uRBDLj",2,TRUE,NA
"70","rs4571506","C","T","C","T",0.011,-0.0406,0.54,0.542619,FALSE,FALSE,FALSE,"JNTfo7",0.0416,0.329,"outcome",TRUE,"reported","textfile",5,"87756918",0.002,1.5e-08,"SmoIndex",TRUE,"reported","uRBDLj",2,TRUE,NA
"71","rs4671357","T","C","T","C",-0.014,0.0171,0.519,0.519321,FALSE,FALSE,FALSE,"JNTfo7",0.0415,0.681,"outcome",TRUE,"reported","textfile",2,"60136176",0.002,1.1e-11,"SmoIndex",TRUE,"reported","uRBDLj",2,TRUE,NA
"72","rs4731925","C","T","C","T",-0.012,0.0289,0.316,0.31641,FALSE,FALSE,FALSE,"JNTfo7",0.0444,0.516,"outcome",TRUE,"reported","textfile",7,"132664757",0.002,2.6e-08,"SmoIndex",TRUE,"reported","uRBDLj",2,TRUE,NA
"73","rs4814873","C","T","C","T",0.014,0.0633,0.767,0.76705,FALSE,FALSE,FALSE,"JNTfo7",0.049,0.196,"outcome",TRUE,"reported","textfile",20,"19616429",0.002,2.9e-09,"SmoIndex",TRUE,"reported","uRBDLj",2,TRUE,NA
"74","rs4949465","T","C","T","C",-0.017,-0.0318,0.87,0.870171,FALSE,FALSE,FALSE,"JNTfo7",0.0616,0.606,"outcome",TRUE,"reported","textfile",1,"32178489",0.003,1.7e-08,"SmoIndex",TRUE,"reported","uRBDLj",2,TRUE,NA
"75","rs4957528","A","C","A","C",-0.015,-0.0361,0.208,0.208736,FALSE,FALSE,FALSE,"JNTfo7",0.0516,0.484,"outcome",TRUE,"reported","textfile",5,"106420589",0.002,4.2e-09,"SmoIndex",TRUE,"reported","uRBDLj",2,TRUE,NA
"76","rs549845","G","A","G","A",0.016,0.00179,0.301,0.299464,FALSE,FALSE,FALSE,"JNTfo7",0.0451,0.968,"outcome",TRUE,"reported","textfile",1,"44076469",0.002,8.3e-14,"SmoIndex",TRUE,"reported","uRBDLj",2,TRUE,NA
"77","rs57611503","G","A","G","A",0.011,-0.0242,0.485,0.487852,FALSE,FALSE,FALSE,"JNTfo7",0.0421,0.565,"outcome",TRUE,"reported","textfile",16,"31165795",0.002,4e-08,"SmoIndex",TRUE,"reported","uRBDLj",2,TRUE,NA
"78","rs6011779","C","T","C","T",0.028,-0.0346,0.191,0.190391,FALSE,FALSE,FALSE,"JNTfo7",0.0528,0.513,"outcome",TRUE,"reported","textfile",20,"61984317",0.003,2.3e-27,"SmoIndex",TRUE,"reported","uRBDLj",2,TRUE,NA
"79","rs60952428","T","C","T","C",0.019,0.0974,0.909,0.910127,FALSE,FALSE,FALSE,"JNTfo7",0.0726,0.18,"outcome",TRUE,"reported","textfile",16,"75640521",0.003,3e-08,"SmoIndex",TRUE,"reported","uRBDLj",2,TRUE,NA
"80","rs6119897","G","A","G","A",-0.018,-0.0448,0.762,0.762417,FALSE,FALSE,FALSE,"JNTfo7",0.0485,0.355,"outcome",TRUE,"reported","textfile",20,"31145415",0.002,3.6e-15,"SmoIndex",TRUE,"reported","uRBDLj",2,TRUE,NA
"81","rs61796681","A","T","A","T",-0.019,-0.00646,0.912,0.911104,FALSE,TRUE,FALSE,"JNTfo7",0.0726,0.929,"outcome",TRUE,"reported","textfile",4,"23678196",0.004,4.2e-08,"SmoIndex",TRUE,"reported","uRBDLj",2,TRUE,NA
"82","rs62098013","G","A","G","A",-0.012,-0.0252,0.64,0.63772,FALSE,FALSE,FALSE,"JNTfo7",0.0435,0.562,"outcome",TRUE,"reported","textfile",18,"50863861",0.002,4.1e-09,"SmoIndex",TRUE,"reported","uRBDLj",2,TRUE,NA
"83","rs62135536","C","T","C","T",0.035,0.105,0.968,0.967272,FALSE,FALSE,FALSE,"JNTfo7",0.116,0.369,"outcome",TRUE,"reported","textfile",2,"44326028",0.006,8e-10,"SmoIndex",TRUE,"reported","uRBDLj",2,TRUE,NA
"84","rs62155874","A","G","A","G",-0.024,0.00615,0.873,0.87265,FALSE,FALSE,FALSE,"JNTfo7",0.062,0.921,"outcome",TRUE,"reported","textfile",2,"105973094",0.003,5.2e-16,"SmoIndex",TRUE,"reported","uRBDLj",2,TRUE,NA
"85","rs62175972","T","C","T","C",0.031,0.192,0.966,0.966164,FALSE,FALSE,FALSE,"JNTfo7",0.116,0.0977,"outcome",TRUE,"reported","textfile",2,"161362830",0.006,1.7e-08,"SmoIndex",TRUE,"reported","uRBDLj",2,TRUE,NA
"86","rs624833","T","G","T","G",0.013,0.0301,0.695,0.693245,FALSE,FALSE,FALSE,"JNTfo7",0.0449,0.503,"outcome",TRUE,"reported","textfile",4,"2881256",0.002,6.6e-10,"SmoIndex",TRUE,"reported","uRBDLj",2,TRUE,NA
"87","rs6562474","C","G","C","G",0.012,-0.0208,0.651,0.653087,FALSE,TRUE,FALSE,"JNTfo7",0.0436,0.633,"outcome",TRUE,"reported","textfile",13,"67332812",0.002,1e-08,"SmoIndex",TRUE,"reported","uRBDLj",2,TRUE,NA
"88","rs6598539","T","C","T","C",-0.012,-0.00512,0.489,0.487976,FALSE,FALSE,FALSE,"JNTfo7",0.0414,0.902,"outcome",TRUE,"reported","textfile",15,"99204483",0.002,4.5e-09,"SmoIndex",TRUE,"reported","uRBDLj",2,TRUE,NA
"89","rs6741228","T","C","T","C",0.011,-0.00839,0.433,0.43253,FALSE,FALSE,FALSE,"JNTfo7",0.0419,0.841,"outcome",TRUE,"reported","textfile",2,"22548774",0.002,1.6e-08,"SmoIndex",TRUE,"reported","uRBDLj",2,TRUE,NA
"90","rs67596067","G","A","G","A",-0.013,-0.0581,0.649,0.647825,FALSE,FALSE,FALSE,"JNTfo7",0.0434,0.181,"outcome",TRUE,"reported","textfile",17,"50333733",0.002,1.2e-09,"SmoIndex",TRUE,"reported","uRBDLj",2,TRUE,NA
"91","rs6778080","T","C","T","C",0.016,-0.0517,0.267,0.26848,FALSE,FALSE,FALSE,"JNTfo7",0.0467,0.268,"outcome",TRUE,"reported","textfile",3,"49317338",0.002,1.3e-12,"SmoIndex",TRUE,"reported","uRBDLj",2,TRUE,NA
"92","rs6779302","G","T","G","T",-0.013,-0.00567,0.633,0.63358,FALSE,FALSE,FALSE,"JNTfo7",0.0429,0.895,"outcome",TRUE,"reported","textfile",3,"16859710",0.002,1.2e-09,"SmoIndex",TRUE,"reported","uRBDLj",2,TRUE,NA
"93","rs6935954","A","G","A","G",0.014,-0.0155,0.421,0.424833,FALSE,FALSE,FALSE,"JNTfo7",0.0418,0.71,"outcome",TRUE,"reported","textfile",6,"26255451",0.002,8.2e-12,"SmoIndex",TRUE,"reported","uRBDLj",2,TRUE,NA
"94","rs6957896","C","T","C","T",-0.011,0.0783,0.503,0.504047,FALSE,FALSE,FALSE,"JNTfo7",0.0414,0.0585,"outcome",TRUE,"reported","textfile",7,"132309592",0.002,4.5e-08,"SmoIndex",TRUE,"reported","uRBDLj",2,TRUE,NA
"95","rs6962772","A","G","A","G",0.016,0.0305,0.846,0.846043,FALSE,FALSE,FALSE,"JNTfo7",0.0574,0.594,"outcome",TRUE,"reported","textfile",7,"99081730",0.003,7.8e-09,"SmoIndex",TRUE,"reported","uRBDLj",2,TRUE,NA
"96","rs7039819","G","A","G","A",0.013,0.0213,0.427,0.428973,FALSE,FALSE,FALSE,"JNTfo7",0.0419,0.611,"outcome",TRUE,"reported","textfile",9,"82430418",0.002,5.1e-10,"SmoIndex",TRUE,"reported","uRBDLj",2,TRUE,NA
"97","rs7077678","C","T","C","T",0.012,0.0334,0.623,0.622685,FALSE,FALSE,FALSE,"JNTfo7",0.0428,0.436,"outcome",TRUE,"reported","textfile",10,"104438565",0.002,2.6e-09,"SmoIndex",TRUE,"reported","uRBDLj",2,TRUE,NA
"98","rs71367545","G","A","G","A",-0.015,-0.098,0.791,0.790102,FALSE,FALSE,FALSE,"JNTfo7",0.0506,0.053,"outcome",TRUE,"reported","textfile",18,"77576337",0.002,1.4e-09,"SmoIndex",TRUE,"reported","uRBDLj",2,TRUE,NA
"99","rs7155595","A","C","A","C",-0.013,-0.0224,0.674,0.674456,FALSE,FALSE,FALSE,"JNTfo7",0.0442,0.613,"outcome",TRUE,"reported","textfile",14,"77502546",0.002,2.5e-09,"SmoIndex",TRUE,"reported","uRBDLj",2,TRUE,NA
"100","rs71627581","G","A","G","A",0.019,-0.0199,0.889,0.887597,FALSE,FALSE,FALSE,"JNTfo7",0.0654,0.761,"outcome",TRUE,"reported","textfile",5,"43161351",0.003,1.6e-09,"SmoIndex",TRUE,"reported","uRBDLj",2,TRUE,NA
"101","rs72674867","A","T","A","T",0.013,0.0561,0.765,0.765178,FALSE,TRUE,FALSE,"JNTfo7",0.0489,0.251,"outcome",TRUE,"reported","textfile",8,"95578201",0.002,3.8e-08,"SmoIndex",TRUE,"reported","uRBDLj",2,TRUE,NA
"102","rs72678864","G","A","G","A",0.018,0.108,0.829,0.826305,FALSE,FALSE,FALSE,"JNTfo7",0.0546,0.0469,"outcome",TRUE,"reported","textfile",4,"112422145",0.003,1.6e-11,"SmoIndex",TRUE,"reported","uRBDLj",2,TRUE,NA
"103","rs7297175","T","C","T","C",-0.012,-0.0357,0.431,0.433867,FALSE,FALSE,FALSE,"JNTfo7",0.0417,0.393,"outcome",TRUE,"reported","textfile",12,"56473808",0.002,6.6e-09,"SmoIndex",TRUE,"reported","uRBDLj",2,TRUE,NA
"104","rs732083","G","A","G","A",0.012,0.0299,0.333,0.333161,FALSE,FALSE,FALSE,"JNTfo7",0.044,0.497,"outcome",TRUE,"reported","textfile",17,"37834367",0.002,1.5e-08,"SmoIndex",TRUE,"reported","uRBDLj",2,TRUE,NA
"105","rs73220544","A","C","A","C",-0.016,0.0392,0.842,0.84233,FALSE,FALSE,FALSE,"JNTfo7",0.0571,0.493,"outcome",TRUE,"reported","textfile",3,"131074511",0.003,1.5e-08,"SmoIndex",TRUE,"reported","uRBDLj",2,TRUE,NA
"106","rs7333559","G","A","G","A",0.015,0.0734,0.212,0.209317,FALSE,FALSE,FALSE,"JNTfo7",0.0511,0.151,"outcome",TRUE,"reported","textfile",13,"100546450",0.002,3.2e-10,"SmoIndex",TRUE,"reported","uRBDLj",2,TRUE,NA
"107","rs74086911","G","A","G","A",0.021,0.187,0.925,0.925598,FALSE,FALSE,FALSE,"JNTfo7",0.0787,0.0176,"outcome",TRUE,"reported","textfile",12,"50015942",0.004,2.1e-08,"SmoIndex",TRUE,"reported","uRBDLj",2,TRUE,NA
"108","rs7519626","C","T","C","T",0.012,0.0634,0.324,0.322343,FALSE,FALSE,FALSE,"JNTfo7",0.0442,0.151,"outcome",TRUE,"reported","textfile",1,"99514554",0.002,1.2e-08,"SmoIndex",TRUE,"reported","uRBDLj",2,TRUE,NA
"109","rs7528604","G","A","G","A",0.014,0.0624,0.566,0.56622,FALSE,FALSE,FALSE,"JNTfo7",0.0419,0.136,"outcome",TRUE,"reported","textfile",1,"66407352",0.002,5.7e-12,"SmoIndex",TRUE,"reported","uRBDLj",2,TRUE,NA
"110","rs7553348","G","A","G","A",0.014,0.0243,0.438,0.438027,FALSE,FALSE,FALSE,"JNTfo7",0.0417,0.56,"outcome",TRUE,"reported","textfile",1,"75005067",0.002,5.2e-12,"SmoIndex",TRUE,"reported","uRBDLj",2,TRUE,NA
"111","rs7569203","A","C","A","C",-0.016,-0.0824,0.689,0.69047,FALSE,FALSE,FALSE,"JNTfo7",0.0448,0.0661,"outcome",TRUE,"reported","textfile",2,"45154418",0.002,7.4e-13,"SmoIndex",TRUE,"reported","uRBDLj",2,TRUE,NA
"112","rs75742406","G","A","G","A",0.014,0.0399,0.739,0.735894,FALSE,FALSE,FALSE,"JNTfo7",0.0471,0.397,"outcome",TRUE,"reported","textfile",11,"17070365",0.002,1.3e-09,"SmoIndex",TRUE,"reported","uRBDLj",2,TRUE,NA
"113","rs76608582","C","A","C","A",0.031,-0.159,0.953,0.95189,FALSE,FALSE,FALSE,"JNTfo7",0.102,0.119,"outcome",TRUE,"reported","textfile",19,"4474725",0.005,3.2e-10,"SmoIndex",TRUE,"reported","uRBDLj",2,TRUE,NA
"114","rs775758","A","T","A","T",0.012,0.054,0.433,0.433176,FALSE,TRUE,TRUE,"JNTfo7",0.0419,0.198,"outcome",TRUE,"reported","textfile",3,"77582005",0.002,1.1e-08,"SmoIndex",TRUE,"reported","uRBDLj",2,FALSE,NA
"115","rs7766610","C","A","C","A",0.018,0.0233,0.183,0.182005,FALSE,FALSE,FALSE,"JNTfo7",0.0536,0.664,"outcome",TRUE,"reported","textfile",6,"111707821",0.003,2.2e-12,"SmoIndex",TRUE,"reported","uRBDLj",2,TRUE,NA
"116","rs7807019","A","G","A","G",-0.015,-0.0347,0.54,0.539415,FALSE,FALSE,FALSE,"JNTfo7",0.0415,0.404,"outcome",TRUE,"reported","textfile",7,"117543063",0.002,6.7e-14,"SmoIndex",TRUE,"reported","uRBDLj",2,TRUE,NA
"117","rs8042134","T","G","T","G",-0.014,0.00445,0.541,0.541135,FALSE,FALSE,FALSE,"JNTfo7",0.0418,0.915,"outcome",TRUE,"reported","textfile",15,"97514404",0.002,1.3e-12,"SmoIndex",TRUE,"reported","uRBDLj",2,TRUE,NA
"118","rs8042849","T","C","T","C",0.028,0.05,0.342,0.659132,FALSE,FALSE,FALSE,"JNTfo7",0.0436,0.252,"outcome",TRUE,"reported","textfile",15,"78817929",0.002,1.8e-39,"SmoIndex",TRUE,"reported","uRBDLj",2,TRUE,NA
"119","rs860326","C","T","C","T",0.012,-0.0195,0.428,0.427709,FALSE,FALSE,FALSE,"JNTfo7",0.0419,0.642,"outcome",TRUE,"reported","textfile",14,"57342912",0.002,2.7e-09,"SmoIndex",TRUE,"reported","uRBDLj",2,TRUE,NA
"120","rs8614","C","A","C","A",-0.017,0.0307,0.817,0.818115,FALSE,FALSE,FALSE,"JNTfo7",0.0536,0.567,"outcome",TRUE,"reported","textfile",17,"27588806",0.003,1.8e-10,"SmoIndex",TRUE,"reported","uRBDLj",2,TRUE,NA
"121","rs889398","C","T","C","T",0.013,-0.016,0.588,0.586888,FALSE,FALSE,FALSE,"JNTfo7",0.0422,0.704,"outcome",TRUE,"reported","textfile",16,"69556715",0.002,6.3e-11,"SmoIndex",TRUE,"reported","uRBDLj",2,TRUE,NA
"122","rs9435340","T","A","T","A",0.012,-0.00866,0.344,0.344844,FALSE,TRUE,FALSE,"JNTfo7",0.0437,0.843,"outcome",TRUE,"reported","textfile",1,"107593201",0.002,1.2e-08,"SmoIndex",TRUE,"reported","uRBDLj",2,TRUE,NA
"123","rs9842947","C","T","C","T",-0.013,0.00737,0.326,0.329146,FALSE,FALSE,FALSE,"JNTfo7",0.0441,0.867,"outcome",TRUE,"reported","textfile",3,"157412246",0.002,3.1e-09,"SmoIndex",TRUE,"reported","uRBDLj",2,TRUE,NA
"124","rs986391","G","A","G","A",0.016,0.0437,0.367,0.366813,FALSE,FALSE,FALSE,"JNTfo7",0.0429,0.308,"outcome",TRUE,"reported","textfile",5,"166993972",0.002,9.4e-15,"SmoIndex",TRUE,"reported","uRBDLj",2,TRUE,NA
"125","rs9904288","T","C","T","C",0.012,0.0149,0.708,0.710253,FALSE,FALSE,FALSE,"JNTfo7",0.0455,0.744,"outcome",TRUE,"reported","textfile",17,"47031973",0.002,3.1e-08,"SmoIndex",TRUE,"reported","uRBDLj",2,TRUE,NA
"126","rs9919670","G","A","G","A",-0.022,-0.00838,0.612,0.614457,FALSE,FALSE,FALSE,"JNTfo7",0.0424,0.843,"outcome",TRUE,"reported","textfile",11,"112877304",0.002,7.6e-27,"SmoIndex",TRUE,"reported","uRBDLj",2,TRUE,NA
