"","SNP","effect_allele.exposure","other_allele.exposure","effect_allele.outcome","other_allele.outcome","beta.exposure","beta.outcome","eaf.exposure","eaf.outcome","remove","palindromic","ambiguous","id.outcome","se.outcome","pval.outcome","outcome","mr_keep.outcome","pval_origin.outcome","data_source.outcome","chr.exposure","pos.exposure","se.exposure","pval.exposure","exposure","mr_keep.exposure","pval_origin.exposure","id.exposure","action","mr_keep","samplesize.outcome"
"1","rs10052591","T","C","T","C",0.012,-0.0292,0.573,0.571542,FALSE,FALSE,FALSE,"VRAgRU",0.0283,0.303,"outcome",TRUE,"reported","textfile",5,"50812738",0.002,2.1e-09,"SmoIndex",TRUE,"reported","uRBDLj",2,TRUE,NA
"2","rs10226228","A","G","A","G",-0.016,0.0277,0.63,0.630116,FALSE,FALSE,FALSE,"VRAgRU",0.029,0.339,"outcome",TRUE,"reported","textfile",7,"32315613",0.002,2e-15,"SmoIndex",TRUE,"reported","uRBDLj",2,TRUE,NA
"3","rs10282292","C","T","C","T",0.013,0.0156,0.362,0.358912,FALSE,FALSE,FALSE,"VRAgRU",0.0292,0.595,"outcome",TRUE,"reported","textfile",7,"111092478",0.002,5.9e-10,"SmoIndex",TRUE,"reported","uRBDLj",2,TRUE,NA
"4","rs1050847","C","T","C","T",0.011,0.0542,0.426,0.42019,FALSE,FALSE,FALSE,"VRAgRU",0.0284,0.0566,"outcome",TRUE,"reported","textfile",16,"87443734",0.002,1.4e-08,"SmoIndex",TRUE,"reported","uRBDLj",2,TRUE,NA
"5","rs10823968","A","T","A","T",0.012,0.0565,0.633,0.633217,FALSE,TRUE,FALSE,"VRAgRU",0.0293,0.054,"outcome",TRUE,"reported","textfile",10,"74738269",0.002,2.1e-08,"SmoIndex",TRUE,"reported","uRBDLj",2,TRUE,NA
"6","rs10879871","T","G","T","G",-0.014,-0.0205,0.343,0.34024,FALSE,FALSE,FALSE,"VRAgRU",0.0295,0.487,"outcome",TRUE,"reported","textfile",12,"75380511",0.002,5e-11,"SmoIndex",TRUE,"reported","uRBDLj",2,TRUE,NA
"7","rs10918701","G","A","G","A",0.012,0.0108,0.372,0.369643,FALSE,FALSE,FALSE,"VRAgRU",0.029,0.709,"outcome",TRUE,"reported","textfile",1,"162090536",0.002,2.1e-08,"SmoIndex",TRUE,"reported","uRBDLj",2,TRUE,NA
"8","rs10922907","A","T","A","T",0.015,-0.0156,0.451,0.450409,FALSE,TRUE,TRUE,"VRAgRU",0.0282,0.579,"outcome",TRUE,"reported","textfile",1,"91193049",0.002,3e-13,"SmoIndex",TRUE,"reported","uRBDLj",2,FALSE,NA
"9","rs11210229","A","G","A","G",0.017,-0.00762,0.384,0.381235,FALSE,FALSE,FALSE,"VRAgRU",0.0288,0.791,"outcome",TRUE,"reported","textfile",1,"73860028",0.002,2e-16,"SmoIndex",TRUE,"reported","uRBDLj",2,TRUE,NA
"10","rs112282219","G","A","G","A",-0.033,-0.0134,0.959,0.958298,FALSE,FALSE,FALSE,"VRAgRU",0.0702,0.848,"outcome",TRUE,"reported","textfile",11,"46632809",0.005,3.8e-11,"SmoIndex",TRUE,"reported","uRBDLj",2,TRUE,NA
"11","rs11255908","T","G","T","G",-0.015,0.0205,0.743,0.74643,FALSE,FALSE,FALSE,"VRAgRU",0.0322,0.524,"outcome",TRUE,"reported","textfile",10,"8802912",0.002,2.3e-10,"SmoIndex",TRUE,"reported","uRBDLj",2,TRUE,NA
"12","rs113382419","C","A","C","A",-0.041,-0.0579,0.889,0.887858,FALSE,FALSE,FALSE,"VRAgRU",0.0444,0.192,"outcome",TRUE,"reported","textfile",9,"136463019",0.003,3e-37,"SmoIndex",TRUE,"reported","uRBDLj",2,TRUE,NA
"13","rs11768481","C","A","C","A",0.013,0.0362,0.666,0.667232,FALSE,FALSE,FALSE,"VRAgRU",0.0298,0.224,"outcome",TRUE,"reported","textfile",7,"96629103",0.002,9.9e-10,"SmoIndex",TRUE,"reported","uRBDLj",2,TRUE,NA
"14","rs11783093","C","T","C","T",0.023,-0.0142,0.839,0.838242,FALSE,FALSE,FALSE,"VRAgRU",0.0382,0.71,"outcome",TRUE,"reported","textfile",8,"27425349",0.003,1.2e-16,"SmoIndex",TRUE,"reported","uRBDLj",2,TRUE,NA
"15","rs11861214","G","T","G","T",0.014,0.023,0.784,0.78419,FALSE,FALSE,FALSE,"VRAgRU",0.034,0.498,"outcome",TRUE,"reported","textfile",16,"746611",0.002,2e-08,"SmoIndex",TRUE,"reported","uRBDLj",2,TRUE,NA
"16","rs1193237","G","C","G","C",-0.011,0.00817,0.439,0.439382,FALSE,TRUE,TRUE,"VRAgRU",0.0282,0.772,"outcome",TRUE,"reported","textfile",1,"7526486",0.002,2.8e-08,"SmoIndex",TRUE,"reported","uRBDLj",2,FALSE,NA
"17","rs11948770","T","C","T","C",-0.015,0.0168,0.768,0.768704,FALSE,FALSE,FALSE,"VRAgRU",0.0332,0.613,"outcome",TRUE,"reported","textfile",5,"13246336",0.002,4.9e-10,"SmoIndex",TRUE,"reported","uRBDLj",2,TRUE,NA
"18","rs12202536","A","G","A","G",-0.012,0.0208,0.513,0.512327,FALSE,FALSE,FALSE,"VRAgRU",0.028,0.457,"outcome",TRUE,"reported","textfile",6,"67475273",0.002,2.8e-09,"SmoIndex",TRUE,"reported","uRBDLj",2,TRUE,NA
"19","rs1221148","C","G","C","G",0.013,-0.0185,0.587,0.586145,FALSE,TRUE,FALSE,"VRAgRU",0.0284,0.514,"outcome",TRUE,"reported","textfile",9,"122046875",0.002,7.3e-11,"SmoIndex",TRUE,"reported","uRBDLj",2,TRUE,NA
"20","rs12244388","G","A","G","A",-0.019,-0.0577,0.661,0.663998,FALSE,FALSE,FALSE,"VRAgRU",0.0296,0.0514,"outcome",TRUE,"reported","textfile",10,"104640052",0.002,1.4e-19,"SmoIndex",TRUE,"reported","uRBDLj",2,TRUE,NA
"21","rs1246265","T","C","T","C",-0.013,-0.0138,0.305,0.304315,FALSE,FALSE,FALSE,"VRAgRU",0.0305,0.651,"outcome",TRUE,"reported","textfile",9,"86761745",0.002,4.2e-09,"SmoIndex",TRUE,"reported","uRBDLj",2,TRUE,NA
"22","rs12481282","G","C","G","C",-0.013,-0.0243,0.722,0.721811,FALSE,TRUE,FALSE,"VRAgRU",0.0312,0.436,"outcome",TRUE,"reported","textfile",20,"44761377",0.002,7.8e-09,"SmoIndex",TRUE,"reported","uRBDLj",2,TRUE,NA
"23","rs12623702","A","G","A","G",-0.014,0.0141,0.613,0.612747,FALSE,FALSE,FALSE,"VRAgRU",0.0288,0.624,"outcome",TRUE,"reported","textfile",2,"202885506",0.002,7.7e-12,"SmoIndex",TRUE,"reported","uRBDLj",2,TRUE,NA
"24","rs12708665","A","G","A","G",-0.013,0.0203,0.285,0.284103,FALSE,FALSE,FALSE,"VRAgRU",0.0311,0.514,"outcome",TRUE,"reported","textfile",16,"24728227",0.002,3.5e-09,"SmoIndex",TRUE,"reported","uRBDLj",2,TRUE,NA
"25","rs12831617","C","T","C","T",-0.013,-0.0177,0.764,0.76594,FALSE,FALSE,FALSE,"VRAgRU",0.0331,0.593,"outcome",TRUE,"reported","textfile",12,"84758368",0.002,1.9e-08,"SmoIndex",TRUE,"reported","uRBDLj",2,TRUE,NA
"26","rs12967855","A","G","A","G",0.012,-0.00982,0.331,0.330699,FALSE,FALSE,FALSE,"VRAgRU",0.0299,0.742,"outcome",TRUE,"reported","textfile",18,"35138245",0.002,3.1e-08,"SmoIndex",TRUE,"reported","uRBDLj",2,TRUE,NA
"27","rs13009008","A","G","A","G",0.012,0.0531,0.328,0.325206,FALSE,FALSE,FALSE,"VRAgRU",0.0298,0.0745,"outcome",TRUE,"reported","textfile",2,"174043233",0.002,4.6e-09,"SmoIndex",TRUE,"reported","uRBDLj",2,TRUE,NA
"28","rs13016665","C","A","C","A",-0.012,-0.0245,0.577,0.576431,FALSE,FALSE,FALSE,"VRAgRU",0.0285,0.39,"outcome",TRUE,"reported","textfile",2,"57995348",0.002,1.8e-09,"SmoIndex",TRUE,"reported","uRBDLj",2,TRUE,NA
"29","rs13153393","A","G","A","G",-0.02,0.0506,0.884,0.8842,FALSE,FALSE,FALSE,"VRAgRU",0.0438,0.249,"outcome",TRUE,"reported","textfile",5,"167604213",0.003,2.5e-10,"SmoIndex",TRUE,"reported","uRBDLj",2,TRUE,NA
"30","rs13296519","G","T","G","T",-0.014,0.0156,0.606,0.605643,FALSE,FALSE,FALSE,"VRAgRU",0.0286,0.585,"outcome",TRUE,"reported","textfile",9,"128471924",0.002,8.1e-12,"SmoIndex",TRUE,"reported","uRBDLj",2,TRUE,NA
"31","rs136233","A","G","A","G",-0.014,-0.0123,0.809,0.807906,FALSE,FALSE,FALSE,"VRAgRU",0.0356,0.729,"outcome",TRUE,"reported","textfile",22,"31212410",0.003,1.8e-08,"SmoIndex",TRUE,"reported","uRBDLj",2,TRUE,NA
"32","rs147412694","G","A","G","A",-0.017,0.0471,0.85,0.850117,FALSE,FALSE,FALSE,"VRAgRU",0.0393,0.23,"outcome",TRUE,"reported","textfile",21,"40702786",0.003,2.9e-09,"SmoIndex",TRUE,"reported","uRBDLj",2,TRUE,NA
"33","rs17309874","G","A","G","A",-0.016,-0.0236,0.74,0.736858,FALSE,FALSE,FALSE,"VRAgRU",0.0318,0.458,"outcome",TRUE,"reported","textfile",11,"27667236",0.002,9.7e-13,"SmoIndex",TRUE,"reported","uRBDLj",2,TRUE,NA
"34","rs17553262","A","C","A","C",-0.018,-0.018,0.885,0.883833,FALSE,FALSE,FALSE,"VRAgRU",0.0438,0.681,"outcome",TRUE,"reported","textfile",10,"92912773",0.003,5.3e-09,"SmoIndex",TRUE,"reported","uRBDLj",2,TRUE,NA
"35","rs17576594","G","A","G","A",0.016,-0.0265,0.724,0.722731,FALSE,FALSE,FALSE,"VRAgRU",0.0313,0.397,"outcome",TRUE,"reported","textfile",4,"147952241",0.002,1.7e-12,"SmoIndex",TRUE,"reported","uRBDLj",2,TRUE,NA
"36","rs1922018","C","T","C","T",0.014,0.0205,0.364,0.366044,FALSE,FALSE,FALSE,"VRAgRU",0.029,0.478,"outcome",TRUE,"reported","textfile",7,"3560401",0.002,3e-12,"SmoIndex",TRUE,"reported","uRBDLj",2,TRUE,NA
"37","rs1931263","G","T","G","T",-0.011,-0.0588,0.51,0.509616,FALSE,FALSE,FALSE,"VRAgRU",0.028,0.0355,"outcome",TRUE,"reported","textfile",1,"96175101",0.002,4e-08,"SmoIndex",TRUE,"reported","uRBDLj",2,TRUE,NA
"38","rs1933270","T","G","T","G",0.013,-0.00753,0.364,0.363238,FALSE,FALSE,FALSE,"VRAgRU",0.029,0.795,"outcome",TRUE,"reported","textfile",1,"49977965",0.002,1.5e-10,"SmoIndex",TRUE,"reported","uRBDLj",2,TRUE,NA
"39","rs202645","A","G","A","G",-0.015,0.0241,0.203,0.201907,FALSE,FALSE,FALSE,"VRAgRU",0.0349,0.489,"outcome",TRUE,"reported","textfile",22,"41798520",0.002,3.9e-09,"SmoIndex",TRUE,"reported","uRBDLj",2,TRUE,NA
"40","rs2062882","G","A","G","A",-0.012,0.000299,0.587,0.587421,FALSE,FALSE,FALSE,"VRAgRU",0.0287,0.992,"outcome",TRUE,"reported","textfile",8,"91839576",0.002,1.1e-08,"SmoIndex",TRUE,"reported","uRBDLj",2,TRUE,NA
"41","rs2080870","A","T","A","T",0.012,0.0251,0.258,0.25869,FALSE,TRUE,FALSE,"VRAgRU",0.0319,0.431,"outcome",TRUE,"reported","textfile",5,"60388313",0.002,4.9e-08,"SmoIndex",TRUE,"reported","uRBDLj",2,TRUE,NA
"42","rs2254710","C","A","C","A",0.013,0.00326,0.236,0.237492,FALSE,FALSE,FALSE,"VRAgRU",0.0328,0.921,"outcome",TRUE,"reported","textfile",6,"37477000",0.002,3.5e-08,"SmoIndex",TRUE,"reported","uRBDLj",2,TRUE,NA
"43","rs2401924","G","C","G","C",0.015,0.0214,0.502,0.501904,FALSE,TRUE,TRUE,"VRAgRU",0.028,0.444,"outcome",TRUE,"reported","textfile",7,"115057862",0.002,2.7e-14,"SmoIndex",TRUE,"reported","uRBDLj",2,FALSE,NA
"44","rs245774","A","G","A","G",-0.013,-0.0229,0.272,0.271376,FALSE,FALSE,FALSE,"VRAgRU",0.0315,0.467,"outcome",TRUE,"reported","textfile",5,"170530930",0.002,7.4e-09,"SmoIndex",TRUE,"reported","uRBDLj",2,TRUE,NA
"45","rs2675638","G","A","G","A",0.012,-0.0319,0.581,0.580958,FALSE,FALSE,FALSE,"VRAgRU",0.0283,0.259,"outcome",TRUE,"reported","textfile",10,"63576286",0.002,1.3e-09,"SmoIndex",TRUE,"reported","uRBDLj",2,TRUE,NA
"46","rs2678670","A","T","A","T",0.013,0.00581,0.486,0.488573,FALSE,TRUE,TRUE,"VRAgRU",0.028,0.836,"outcome",TRUE,"reported","textfile",2,"104469564",0.002,3.1e-10,"SmoIndex",TRUE,"reported","uRBDLj",2,FALSE,NA
"47","rs2838834","C","T","C","T",-0.013,0.0131,0.699,0.699287,FALSE,FALSE,FALSE,"VRAgRU",0.0305,0.667,"outcome",TRUE,"reported","textfile",21,"46665208",0.002,6.3e-10,"SmoIndex",TRUE,"reported","uRBDLj",2,TRUE,NA
"48","rs28485305","C","T","C","T",0.012,0.0182,0.631,0.632462,FALSE,FALSE,FALSE,"VRAgRU",0.0291,0.531,"outcome",TRUE,"reported","textfile",15,"74044197",0.002,2.6e-08,"SmoIndex",TRUE,"reported","uRBDLj",2,TRUE,NA
"49","rs2867112","T","G","T","G",0.021,-0.0538,0.835,0.835546,FALSE,FALSE,FALSE,"VRAgRU",0.0382,0.159,"outcome",TRUE,"reported","textfile",2,"651349",0.003,4.8e-15,"SmoIndex",TRUE,"reported","uRBDLj",2,TRUE,NA
"50","rs2890772","G","T","G","T",-0.02,-0.027,0.413,0.411055,FALSE,FALSE,FALSE,"VRAgRU",0.0285,0.342,"outcome",TRUE,"reported","textfile",2,"146175106",0.002,2.1e-22,"SmoIndex",TRUE,"reported","uRBDLj",2,TRUE,NA
"51","rs2894808","T","A","T","A",-0.022,0.0361,0.922,0.922316,FALSE,TRUE,FALSE,"VRAgRU",0.0526,0.493,"outcome",TRUE,"reported","textfile",6,"52861990",0.004,3.5e-09,"SmoIndex",TRUE,"reported","uRBDLj",2,TRUE,NA
"52","rs317021","T","A","T","A",-0.017,-0.0123,0.814,0.812106,FALSE,TRUE,FALSE,"VRAgRU",0.036,0.732,"outcome",TRUE,"reported","textfile",4,"35418368",0.003,1.1e-10,"SmoIndex",TRUE,"reported","uRBDLj",2,TRUE,NA
"53","rs326341","G","A","G","A",0.014,-0.0206,0.525,0.523933,FALSE,FALSE,FALSE,"VRAgRU",0.0281,0.464,"outcome",TRUE,"reported","textfile",3,"107811142",0.002,1.2e-11,"SmoIndex",TRUE,"reported","uRBDLj",2,TRUE,NA
"54","rs329120","C","T","C","T",0.014,-0.0104,0.581,0.581797,FALSE,FALSE,FALSE,"VRAgRU",0.0284,0.713,"outcome",TRUE,"reported","textfile",5,"133861756",0.002,6.3e-12,"SmoIndex",TRUE,"reported","uRBDLj",2,TRUE,NA
"55","rs34866095","A","G","A","G",-0.012,-0.000896,0.686,0.68638,FALSE,FALSE,FALSE,"VRAgRU",0.0304,0.976,"outcome",TRUE,"reported","textfile",11,"16377356",0.002,1.2e-08,"SmoIndex",TRUE,"reported","uRBDLj",2,TRUE,NA
"56","rs348809","A","G","A","G",-0.012,-0.0137,0.348,0.346795,FALSE,FALSE,FALSE,"VRAgRU",0.0294,0.642,"outcome",TRUE,"reported","textfile",20,"59032097",0.002,1.3e-08,"SmoIndex",TRUE,"reported","uRBDLj",2,TRUE,NA
"57","rs35169606","T","G","T","G",0.013,-0.0383,0.612,0.613429,FALSE,FALSE,FALSE,"VRAgRU",0.0291,0.189,"outcome",TRUE,"reported","textfile",8,"9604066",0.002,1.2e-09,"SmoIndex",TRUE,"reported","uRBDLj",2,TRUE,NA
"58","rs35175834","G","A","G","A",-0.024,-0.0126,0.788,0.787989,FALSE,FALSE,FALSE,"VRAgRU",0.0342,0.712,"outcome",TRUE,"reported","textfile",15,"47680815",0.002,4.6e-22,"SmoIndex",TRUE,"reported","uRBDLj",2,TRUE,NA
"59","rs35343344","C","A","C","A",0.013,0.0176,0.733,0.732926,FALSE,FALSE,FALSE,"VRAgRU",0.0322,0.584,"outcome",TRUE,"reported","textfile",19,"18471610",0.002,8.8e-09,"SmoIndex",TRUE,"reported","uRBDLj",2,TRUE,NA
"60","rs359243","T","C","T","C",-0.013,0.0527,0.393,0.392804,FALSE,FALSE,FALSE,"VRAgRU",0.0288,0.067,"outcome",TRUE,"reported","textfile",2,"60475509",0.002,9.5e-10,"SmoIndex",TRUE,"reported","uRBDLj",2,TRUE,NA
"61","rs369230","G","T","G","T",-0.013,-0.083,0.308,0.311611,FALSE,FALSE,FALSE,"VRAgRU",0.0305,0.00643,"outcome",TRUE,"reported","textfile",16,"89645437",0.002,1.8e-09,"SmoIndex",TRUE,"reported","uRBDLj",2,TRUE,NA
"62","rs3742365","T","C","T","C",-0.016,0.0163,0.595,0.593181,FALSE,FALSE,FALSE,"VRAgRU",0.0285,0.568,"outcome",TRUE,"reported","textfile",14,"104198251",0.002,2.5e-14,"SmoIndex",TRUE,"reported","uRBDLj",2,TRUE,NA
"63","rs3769949","T","A","T","A",-0.012,-0.000412,0.528,0.529007,FALSE,TRUE,TRUE,"VRAgRU",0.028,0.988,"outcome",TRUE,"reported","textfile",2,"166199284",0.002,2.5e-09,"SmoIndex",TRUE,"reported","uRBDLj",2,FALSE,NA
"64","rs3811038","T","C","T","C",-0.014,-0.0513,0.724,0.722788,FALSE,FALSE,FALSE,"VRAgRU",0.0315,0.103,"outcome",TRUE,"reported","textfile",2,"113240183",0.002,8.9e-10,"SmoIndex",TRUE,"reported","uRBDLj",2,TRUE,NA
"65","rs3896224","A","G","A","G",0.014,0.000347,0.585,0.587545,FALSE,FALSE,FALSE,"VRAgRU",0.0287,0.99,"outcome",TRUE,"reported","textfile",10,"106467853",0.002,1.1e-11,"SmoIndex",TRUE,"reported","uRBDLj",2,TRUE,NA
"66","rs421983","T","C","T","C",0.013,0.00654,0.519,0.518553,FALSE,FALSE,FALSE,"VRAgRU",0.028,0.815,"outcome",TRUE,"reported","textfile",3,"84892866",0.002,3.3e-10,"SmoIndex",TRUE,"reported","uRBDLj",2,TRUE,NA
"67","rs4391802","A","G","A","G",0.015,-0.0101,0.707,0.708138,FALSE,FALSE,FALSE,"VRAgRU",0.0308,0.743,"outcome",TRUE,"reported","textfile",11,"28674592",0.002,1.4e-11,"SmoIndex",TRUE,"reported","uRBDLj",2,TRUE,NA
"68","rs4473348","A","T","A","T",-0.015,0.00649,0.25,0.250378,FALSE,TRUE,FALSE,"VRAgRU",0.0322,0.84,"outcome",TRUE,"reported","textfile",2,"182073742",0.002,6.4e-11,"SmoIndex",TRUE,"reported","uRBDLj",2,TRUE,NA
"69","rs4543592","T","C","T","C",-0.012,-0.0563,0.52,0.520477,FALSE,FALSE,FALSE,"VRAgRU",0.028,0.0447,"outcome",TRUE,"reported","textfile",9,"3014254",0.002,4.5e-10,"SmoIndex",TRUE,"reported","uRBDLj",2,TRUE,NA
"70","rs4571506","C","T","C","T",0.011,0.035,0.54,0.543047,FALSE,FALSE,FALSE,"VRAgRU",0.0281,0.213,"outcome",TRUE,"reported","textfile",5,"87756918",0.002,1.5e-08,"SmoIndex",TRUE,"reported","uRBDLj",2,TRUE,NA
"71","rs4671357","T","C","T","C",-0.014,0.0141,0.519,0.518967,FALSE,FALSE,FALSE,"VRAgRU",0.0281,0.616,"outcome",TRUE,"reported","textfile",2,"60136176",0.002,1.1e-11,"SmoIndex",TRUE,"reported","uRBDLj",2,TRUE,NA
"72","rs4731925","C","T","C","T",-0.012,0.0102,0.316,0.316371,FALSE,FALSE,FALSE,"VRAgRU",0.03,0.735,"outcome",TRUE,"reported","textfile",7,"132664757",0.002,2.6e-08,"SmoIndex",TRUE,"reported","uRBDLj",2,TRUE,NA
"73","rs4814873","C","T","C","T",0.014,-0.0249,0.767,0.767109,FALSE,FALSE,FALSE,"VRAgRU",0.0331,0.452,"outcome",TRUE,"reported","textfile",20,"19616429",0.002,2.9e-09,"SmoIndex",TRUE,"reported","uRBDLj",2,TRUE,NA
"74","rs4949465","T","C","T","C",-0.017,0.0386,0.87,0.870113,FALSE,FALSE,FALSE,"VRAgRU",0.0417,0.354,"outcome",TRUE,"reported","textfile",1,"32178489",0.003,1.7e-08,"SmoIndex",TRUE,"reported","uRBDLj",2,TRUE,NA
"75","rs4957528","A","C","A","C",-0.015,0.0533,0.208,0.209056,FALSE,FALSE,FALSE,"VRAgRU",0.0348,0.126,"outcome",TRUE,"reported","textfile",5,"106420589",0.002,4.2e-09,"SmoIndex",TRUE,"reported","uRBDLj",2,TRUE,NA
"76","rs549845","G","A","G","A",0.016,0.0374,0.301,0.299666,FALSE,FALSE,FALSE,"VRAgRU",0.0305,0.22,"outcome",TRUE,"reported","textfile",1,"44076469",0.002,8.3e-14,"SmoIndex",TRUE,"reported","uRBDLj",2,TRUE,NA
"77","rs57611503","G","A","G","A",0.011,0.0197,0.485,0.488066,FALSE,FALSE,FALSE,"VRAgRU",0.0285,0.489,"outcome",TRUE,"reported","textfile",16,"31165795",0.002,4e-08,"SmoIndex",TRUE,"reported","uRBDLj",2,TRUE,NA
"78","rs6011779","C","T","C","T",0.028,0.0221,0.191,0.190335,FALSE,FALSE,FALSE,"VRAgRU",0.0356,0.535,"outcome",TRUE,"reported","textfile",20,"61984317",0.003,2.3e-27,"SmoIndex",TRUE,"reported","uRBDLj",2,TRUE,NA
"79","rs60952428","T","C","T","C",0.019,0.0232,0.909,0.910098,FALSE,FALSE,FALSE,"VRAgRU",0.0491,0.636,"outcome",TRUE,"reported","textfile",16,"75640521",0.003,3e-08,"SmoIndex",TRUE,"reported","uRBDLj",2,TRUE,NA
"80","rs6119897","G","A","G","A",-0.018,-0.0412,0.762,0.762205,FALSE,FALSE,FALSE,"VRAgRU",0.0328,0.209,"outcome",TRUE,"reported","textfile",20,"31145415",0.002,3.6e-15,"SmoIndex",TRUE,"reported","uRBDLj",2,TRUE,NA
"81","rs61796681","A","T","A","T",-0.019,-0.0416,0.912,0.911161,FALSE,TRUE,FALSE,"VRAgRU",0.0491,0.397,"outcome",TRUE,"reported","textfile",4,"23678196",0.004,4.2e-08,"SmoIndex",TRUE,"reported","uRBDLj",2,TRUE,NA
"82","rs62098013","G","A","G","A",-0.012,-0.0464,0.64,0.637344,FALSE,FALSE,FALSE,"VRAgRU",0.0294,0.114,"outcome",TRUE,"reported","textfile",18,"50863861",0.002,4.1e-09,"SmoIndex",TRUE,"reported","uRBDLj",2,TRUE,NA
"83","rs62135536","C","T","C","T",0.035,0.00266,0.968,0.96731,FALSE,FALSE,FALSE,"VRAgRU",0.0789,0.973,"outcome",TRUE,"reported","textfile",2,"44326028",0.006,8e-10,"SmoIndex",TRUE,"reported","uRBDLj",2,TRUE,NA
"84","rs62155874","A","G","A","G",-0.024,0.0832,0.873,0.872631,FALSE,FALSE,FALSE,"VRAgRU",0.042,0.0478,"outcome",TRUE,"reported","textfile",2,"105973094",0.003,5.2e-16,"SmoIndex",TRUE,"reported","uRBDLj",2,TRUE,NA
"85","rs62175972","T","C","T","C",0.031,-0.0183,0.966,0.966295,FALSE,FALSE,FALSE,"VRAgRU",0.0786,0.816,"outcome",TRUE,"reported","textfile",2,"161362830",0.006,1.7e-08,"SmoIndex",TRUE,"reported","uRBDLj",2,TRUE,NA
"86","rs624833","T","G","T","G",0.013,0.00941,0.695,0.693614,FALSE,FALSE,FALSE,"VRAgRU",0.0304,0.757,"outcome",TRUE,"reported","textfile",4,"2881256",0.002,6.6e-10,"SmoIndex",TRUE,"reported","uRBDLj",2,TRUE,NA
"87","rs6562474","C","G","C","G",0.012,-0.0148,0.651,0.652821,FALSE,TRUE,FALSE,"VRAgRU",0.0295,0.615,"outcome",TRUE,"reported","textfile",13,"67332812",0.002,1e-08,"SmoIndex",TRUE,"reported","uRBDLj",2,TRUE,NA
"88","rs6598539","T","C","T","C",-0.012,0.00204,0.489,0.487768,FALSE,FALSE,FALSE,"VRAgRU",0.028,0.942,"outcome",TRUE,"reported","textfile",15,"99204483",0.002,4.5e-09,"SmoIndex",TRUE,"reported","uRBDLj",2,TRUE,NA
"89","rs6741228","T","C","T","C",0.011,-0.00959,0.433,0.432902,FALSE,FALSE,FALSE,"VRAgRU",0.0283,0.735,"outcome",TRUE,"reported","textfile",2,"22548774",0.002,1.6e-08,"SmoIndex",TRUE,"reported","uRBDLj",2,TRUE,NA
"90","rs67596067","G","A","G","A",-0.013,-0.0511,0.649,0.647336,FALSE,FALSE,FALSE,"VRAgRU",0.0294,0.0821,"outcome",TRUE,"reported","textfile",17,"50333733",0.002,1.2e-09,"SmoIndex",TRUE,"reported","uRBDLj",2,TRUE,NA
"91","rs6778080","T","C","T","C",0.016,0.0114,0.267,0.268623,FALSE,FALSE,FALSE,"VRAgRU",0.0316,0.718,"outcome",TRUE,"reported","textfile",3,"49317338",0.002,1.3e-12,"SmoIndex",TRUE,"reported","uRBDLj",2,TRUE,NA
"92","rs6779302","G","T","G","T",-0.013,0.0285,0.633,0.633231,FALSE,FALSE,FALSE,"VRAgRU",0.029,0.326,"outcome",TRUE,"reported","textfile",3,"16859710",0.002,1.2e-09,"SmoIndex",TRUE,"reported","uRBDLj",2,TRUE,NA
"93","rs6935954","A","G","A","G",0.014,-0.0303,0.421,0.42502,FALSE,FALSE,FALSE,"VRAgRU",0.0283,0.284,"outcome",TRUE,"reported","textfile",6,"26255451",0.002,8.2e-12,"SmoIndex",TRUE,"reported","uRBDLj",2,TRUE,NA
"94","rs6957896","C","T","C","T",-0.011,0.0237,0.503,0.503923,FALSE,FALSE,FALSE,"VRAgRU",0.028,0.399,"outcome",TRUE,"reported","textfile",7,"132309592",0.002,4.5e-08,"SmoIndex",TRUE,"reported","uRBDLj",2,TRUE,NA
"95","rs6962772","A","G","A","G",0.016,0.077,0.846,0.846066,FALSE,FALSE,FALSE,"VRAgRU",0.0388,0.047,"outcome",TRUE,"reported","textfile",7,"99081730",0.003,7.8e-09,"SmoIndex",TRUE,"reported","uRBDLj",2,TRUE,NA
"96","rs7039819","G","A","G","A",0.013,0.0278,0.427,0.4291,FALSE,FALSE,FALSE,"VRAgRU",0.0283,0.327,"outcome",TRUE,"reported","textfile",9,"82430418",0.002,5.1e-10,"SmoIndex",TRUE,"reported","uRBDLj",2,TRUE,NA
"97","rs7077678","C","T","C","T",0.012,-0.0259,0.623,0.622709,FALSE,FALSE,FALSE,"VRAgRU",0.029,0.372,"outcome",TRUE,"reported","textfile",10,"104438565",0.002,2.6e-09,"SmoIndex",TRUE,"reported","uRBDLj",2,TRUE,NA
"98","rs71367545","G","A","G","A",-0.015,-0.00107,0.791,0.789658,FALSE,FALSE,FALSE,"VRAgRU",0.0343,0.975,"outcome",TRUE,"reported","textfile",18,"77576337",0.002,1.4e-09,"SmoIndex",TRUE,"reported","uRBDLj",2,TRUE,NA
"99","rs7155595","A","C","A","C",-0.013,-0.0187,0.674,0.674404,FALSE,FALSE,FALSE,"VRAgRU",0.0299,0.532,"outcome",TRUE,"reported","textfile",14,"77502546",0.002,2.5e-09,"SmoIndex",TRUE,"reported","uRBDLj",2,TRUE,NA
"100","rs71627581","G","A","G","A",0.019,0.0595,0.889,0.887724,FALSE,FALSE,FALSE,"VRAgRU",0.0443,0.179,"outcome",TRUE,"reported","textfile",5,"43161351",0.003,1.6e-09,"SmoIndex",TRUE,"reported","uRBDLj",2,TRUE,NA
"101","rs72674867","A","T","A","T",0.013,0.0213,0.765,0.765323,FALSE,TRUE,FALSE,"VRAgRU",0.0331,0.52,"outcome",TRUE,"reported","textfile",8,"95578201",0.002,3.8e-08,"SmoIndex",TRUE,"reported","uRBDLj",2,TRUE,NA
"102","rs72678864","G","A","G","A",0.018,0.0205,0.829,0.826524,FALSE,FALSE,FALSE,"VRAgRU",0.037,0.58,"outcome",TRUE,"reported","textfile",4,"112422145",0.003,1.6e-11,"SmoIndex",TRUE,"reported","uRBDLj",2,TRUE,NA
"103","rs7297175","T","C","T","C",-0.012,-0.00626,0.431,0.433341,FALSE,FALSE,FALSE,"VRAgRU",0.0282,0.825,"outcome",TRUE,"reported","textfile",12,"56473808",0.002,6.6e-09,"SmoIndex",TRUE,"reported","uRBDLj",2,TRUE,NA
"104","rs732083","G","A","G","A",0.012,-0.03,0.333,0.333151,FALSE,FALSE,FALSE,"VRAgRU",0.0297,0.314,"outcome",TRUE,"reported","textfile",17,"37834367",0.002,1.5e-08,"SmoIndex",TRUE,"reported","uRBDLj",2,TRUE,NA
"105","rs73220544","A","C","A","C",-0.016,-0.0264,0.842,0.842021,FALSE,FALSE,FALSE,"VRAgRU",0.0386,0.494,"outcome",TRUE,"reported","textfile",3,"131074511",0.003,1.5e-08,"SmoIndex",TRUE,"reported","uRBDLj",2,TRUE,NA
"106","rs7333559","G","A","G","A",0.015,-0.0249,0.212,0.209455,FALSE,FALSE,FALSE,"VRAgRU",0.0346,0.471,"outcome",TRUE,"reported","textfile",13,"100546450",0.002,3.2e-10,"SmoIndex",TRUE,"reported","uRBDLj",2,TRUE,NA
"107","rs74086911","G","A","G","A",0.021,0.00293,0.925,0.925581,FALSE,FALSE,FALSE,"VRAgRU",0.0533,0.956,"outcome",TRUE,"reported","textfile",12,"50015942",0.004,2.1e-08,"SmoIndex",TRUE,"reported","uRBDLj",2,TRUE,NA
"108","rs7519626","C","T","C","T",0.012,0.00268,0.324,0.32222,FALSE,FALSE,FALSE,"VRAgRU",0.0299,0.929,"outcome",TRUE,"reported","textfile",1,"99514554",0.002,1.2e-08,"SmoIndex",TRUE,"reported","uRBDLj",2,TRUE,NA
"109","rs7528604","G","A","G","A",0.014,-0.0325,0.566,0.566541,FALSE,FALSE,FALSE,"VRAgRU",0.0283,0.252,"outcome",TRUE,"reported","textfile",1,"66407352",0.002,5.7e-12,"SmoIndex",TRUE,"reported","uRBDLj",2,TRUE,NA
"110","rs7553348","G","A","G","A",0.014,-0.0214,0.438,0.438045,FALSE,FALSE,FALSE,"VRAgRU",0.0282,0.448,"outcome",TRUE,"reported","textfile",1,"75005067",0.002,5.2e-12,"SmoIndex",TRUE,"reported","uRBDLj",2,TRUE,NA
"111","rs7569203","A","C","A","C",-0.016,-0.0173,0.689,0.690272,FALSE,FALSE,FALSE,"VRAgRU",0.0304,0.569,"outcome",TRUE,"reported","textfile",2,"45154418",0.002,7.4e-13,"SmoIndex",TRUE,"reported","uRBDLj",2,TRUE,NA
"112","rs75742406","G","A","G","A",0.014,-0.0121,0.739,0.736231,FALSE,FALSE,FALSE,"VRAgRU",0.0319,0.704,"outcome",TRUE,"reported","textfile",11,"17070365",0.002,1.3e-09,"SmoIndex",TRUE,"reported","uRBDLj",2,TRUE,NA
"113","rs76608582","C","A","C","A",0.031,0.0124,0.953,0.952076,FALSE,FALSE,FALSE,"VRAgRU",0.0689,0.857,"outcome",TRUE,"reported","textfile",19,"4474725",0.005,3.2e-10,"SmoIndex",TRUE,"reported","uRBDLj",2,TRUE,NA
"114","rs775758","A","T","A","T",0.012,-0.0824,0.433,0.433491,FALSE,TRUE,TRUE,"VRAgRU",0.0283,0.00358,"outcome",TRUE,"reported","textfile",3,"77582005",0.002,1.1e-08,"SmoIndex",TRUE,"reported","uRBDLj",2,FALSE,NA
"115","rs7766610","C","A","C","A",0.018,-0.00535,0.183,0.182272,FALSE,FALSE,FALSE,"VRAgRU",0.0362,0.883,"outcome",TRUE,"reported","textfile",6,"111707821",0.003,2.2e-12,"SmoIndex",TRUE,"reported","uRBDLj",2,TRUE,NA
"116","rs7807019","A","G","A","G",-0.015,-0.00979,0.54,0.5395,FALSE,FALSE,FALSE,"VRAgRU",0.0281,0.727,"outcome",TRUE,"reported","textfile",7,"117543063",0.002,6.7e-14,"SmoIndex",TRUE,"reported","uRBDLj",2,TRUE,NA
"117","rs8042134","T","G","T","G",-0.014,-0.00218,0.541,0.540994,FALSE,FALSE,FALSE,"VRAgRU",0.0283,0.939,"outcome",TRUE,"reported","textfile",15,"97514404",0.002,1.3e-12,"SmoIndex",TRUE,"reported","uRBDLj",2,TRUE,NA
"118","rs8042849","T","C","T","C",0.028,0.041,0.342,0.65917,FALSE,FALSE,FALSE,"VRAgRU",0.0295,0.164,"outcome",TRUE,"reported","textfile",15,"78817929",0.002,1.8e-39,"SmoIndex",TRUE,"reported","uRBDLj",2,TRUE,NA
"119","rs860326","C","T","C","T",0.012,0.0014,0.428,0.428205,FALSE,FALSE,FALSE,"VRAgRU",0.0283,0.96,"outcome",TRUE,"reported","textfile",14,"57342912",0.002,2.7e-09,"SmoIndex",TRUE,"reported","uRBDLj",2,TRUE,NA
"120","rs8614","C","A","C","A",-0.017,-0.0312,0.817,0.818036,FALSE,FALSE,FALSE,"VRAgRU",0.0362,0.388,"outcome",TRUE,"reported","textfile",17,"27588806",0.003,1.8e-10,"SmoIndex",TRUE,"reported","uRBDLj",2,TRUE,NA
"121","rs889398","C","T","C","T",0.013,-0.0124,0.588,0.587235,FALSE,FALSE,FALSE,"VRAgRU",0.0285,0.664,"outcome",TRUE,"reported","textfile",16,"69556715",0.002,6.3e-11,"SmoIndex",TRUE,"reported","uRBDLj",2,TRUE,NA
"122","rs9435340","T","A","T","A",0.012,-0.0214,0.344,0.345022,FALSE,TRUE,FALSE,"VRAgRU",0.0295,0.469,"outcome",TRUE,"reported","textfile",1,"107593201",0.002,1.2e-08,"SmoIndex",TRUE,"reported","uRBDLj",2,TRUE,NA
"123","rs9842947","C","T","C","T",-0.013,-0.0551,0.326,0.328993,FALSE,FALSE,FALSE,"VRAgRU",0.0298,0.0647,"outcome",TRUE,"reported","textfile",3,"157412246",0.002,3.1e-09,"SmoIndex",TRUE,"reported","uRBDLj",2,TRUE,NA
"124","rs986391","G","A","G","A",0.016,-0.0187,0.367,0.367012,FALSE,FALSE,FALSE,"VRAgRU",0.029,0.519,"outcome",TRUE,"reported","textfile",5,"166993972",0.002,9.4e-15,"SmoIndex",TRUE,"reported","uRBDLj",2,TRUE,NA
"125","rs9904288","T","C","T","C",0.012,-0.0578,0.708,0.71026,FALSE,FALSE,FALSE,"VRAgRU",0.0308,0.0603,"outcome",TRUE,"reported","textfile",17,"47031973",0.002,3.1e-08,"SmoIndex",TRUE,"reported","uRBDLj",2,TRUE,NA
"126","rs9919670","G","A","G","A",-0.022,-0.0372,0.612,0.61391,FALSE,FALSE,FALSE,"VRAgRU",0.0287,0.194,"outcome",TRUE,"reported","textfile",11,"112877304",0.002,7.6e-27,"SmoIndex",TRUE,"reported","uRBDLj",2,TRUE,NA
