"","SNP","effect_allele.exposure","other_allele.exposure","effect_allele.outcome","other_allele.outcome","beta.exposure","beta.outcome","eaf.exposure","eaf.outcome","remove","palindromic","ambiguous","id.outcome","se.outcome","pval.outcome","outcome","mr_keep.outcome","pval_origin.outcome","data_source.outcome","chr.exposure","pos.exposure","se.exposure","pval.exposure","exposure","mr_keep.exposure","pval_origin.exposure","id.exposure","action","mr_keep","samplesize.outcome"
"1","rs10052591","T","C","T","C",0.012,-0.0218,0.573,0.571484,FALSE,FALSE,FALSE,"eNdkSU",0.0276,0.429,"outcome",TRUE,"reported","textfile",5,"50812738",0.002,2.1e-09,"SmoIndex",TRUE,"reported","uRBDLj",2,TRUE,NA
"2","rs10226228","A","G","A","G",-0.016,-0.00692,0.63,0.6302,FALSE,FALSE,FALSE,"eNdkSU",0.0282,0.806,"outcome",TRUE,"reported","textfile",7,"32315613",0.002,2e-15,"SmoIndex",TRUE,"reported","uRBDLj",2,TRUE,NA
"3","rs10282292","C","T","C","T",0.013,0.0379,0.362,0.358997,FALSE,FALSE,FALSE,"eNdkSU",0.0285,0.183,"outcome",TRUE,"reported","textfile",7,"111092478",0.002,5.9e-10,"SmoIndex",TRUE,"reported","uRBDLj",2,TRUE,NA
"4","rs1050847","C","T","C","T",0.011,-0.0543,0.426,0.420335,FALSE,FALSE,FALSE,"eNdkSU",0.0276,0.0495,"outcome",TRUE,"reported","textfile",16,"87443734",0.002,1.4e-08,"SmoIndex",TRUE,"reported","uRBDLj",2,TRUE,NA
"5","rs10823968","A","T","A","T",0.012,0.0072,0.633,0.633292,FALSE,TRUE,FALSE,"eNdkSU",0.0285,0.801,"outcome",TRUE,"reported","textfile",10,"74738269",0.002,2.1e-08,"SmoIndex",TRUE,"reported","uRBDLj",2,TRUE,NA
"6","rs10879871","T","G","T","G",-0.014,0.0189,0.343,0.340473,FALSE,FALSE,FALSE,"eNdkSU",0.0287,0.51,"outcome",TRUE,"reported","textfile",12,"75380511",0.002,5e-11,"SmoIndex",TRUE,"reported","uRBDLj",2,TRUE,NA
"7","rs10918701","G","A","G","A",0.012,0.0314,0.372,0.369608,FALSE,FALSE,FALSE,"eNdkSU",0.0282,0.266,"outcome",TRUE,"reported","textfile",1,"162090536",0.002,2.1e-08,"SmoIndex",TRUE,"reported","uRBDLj",2,TRUE,NA
"8","rs10922907","A","T","A","T",0.015,0.02,0.451,0.450431,FALSE,TRUE,TRUE,"eNdkSU",0.0274,0.465,"outcome",TRUE,"reported","textfile",1,"91193049",0.002,3e-13,"SmoIndex",TRUE,"reported","uRBDLj",2,FALSE,NA
"9","rs11210229","A","G","A","G",0.017,0.0183,0.384,0.38118,FALSE,FALSE,FALSE,"eNdkSU",0.028,0.515,"outcome",TRUE,"reported","textfile",1,"73860028",0.002,2e-16,"SmoIndex",TRUE,"reported","uRBDLj",2,TRUE,NA
"10","rs112282219","G","A","G","A",-0.033,-0.0561,0.959,0.958265,FALSE,FALSE,FALSE,"eNdkSU",0.0684,0.412,"outcome",TRUE,"reported","textfile",11,"46632809",0.005,3.8e-11,"SmoIndex",TRUE,"reported","uRBDLj",2,TRUE,NA
"11","rs11255908","T","G","T","G",-0.015,-0.0107,0.743,0.74642,FALSE,FALSE,FALSE,"eNdkSU",0.0313,0.732,"outcome",TRUE,"reported","textfile",10,"8802912",0.002,2.3e-10,"SmoIndex",TRUE,"reported","uRBDLj",2,TRUE,NA
"12","rs113382419","C","A","C","A",-0.041,-0.0599,0.889,0.887861,FALSE,FALSE,FALSE,"eNdkSU",0.0433,0.166,"outcome",TRUE,"reported","textfile",9,"136463019",0.003,3e-37,"SmoIndex",TRUE,"reported","uRBDLj",2,TRUE,NA
"13","rs11768481","C","A","C","A",0.013,0.00409,0.666,0.667309,FALSE,FALSE,FALSE,"eNdkSU",0.029,0.888,"outcome",TRUE,"reported","textfile",7,"96629103",0.002,9.9e-10,"SmoIndex",TRUE,"reported","uRBDLj",2,TRUE,NA
"14","rs11783093","C","T","C","T",0.023,0.0133,0.839,0.838265,FALSE,FALSE,FALSE,"eNdkSU",0.0372,0.722,"outcome",TRUE,"reported","textfile",8,"27425349",0.003,1.2e-16,"SmoIndex",TRUE,"reported","uRBDLj",2,TRUE,NA
"15","rs11861214","G","T","G","T",0.014,0.0335,0.784,0.7842,FALSE,FALSE,FALSE,"eNdkSU",0.0331,0.311,"outcome",TRUE,"reported","textfile",16,"746611",0.002,2e-08,"SmoIndex",TRUE,"reported","uRBDLj",2,TRUE,NA
"16","rs1193237","G","C","G","C",-0.011,0.0431,0.439,0.439587,FALSE,TRUE,TRUE,"eNdkSU",0.0274,0.116,"outcome",TRUE,"reported","textfile",1,"7526486",0.002,2.8e-08,"SmoIndex",TRUE,"reported","uRBDLj",2,FALSE,NA
"17","rs11948770","T","C","T","C",-0.015,0.00953,0.768,0.768756,FALSE,FALSE,FALSE,"eNdkSU",0.0323,0.768,"outcome",TRUE,"reported","textfile",5,"13246336",0.002,4.9e-10,"SmoIndex",TRUE,"reported","uRBDLj",2,TRUE,NA
"18","rs12202536","A","G","A","G",-0.012,-0.0248,0.513,0.512516,FALSE,FALSE,FALSE,"eNdkSU",0.0272,0.361,"outcome",TRUE,"reported","textfile",6,"67475273",0.002,2.8e-09,"SmoIndex",TRUE,"reported","uRBDLj",2,TRUE,NA
"19","rs1221148","C","G","C","G",0.013,-0.0126,0.587,0.586106,FALSE,TRUE,FALSE,"eNdkSU",0.0276,0.648,"outcome",TRUE,"reported","textfile",9,"122046875",0.002,7.3e-11,"SmoIndex",TRUE,"reported","uRBDLj",2,TRUE,NA
"20","rs12244388","G","A","G","A",-0.019,0.0256,0.661,0.664032,FALSE,FALSE,FALSE,"eNdkSU",0.0288,0.375,"outcome",TRUE,"reported","textfile",10,"104640052",0.002,1.4e-19,"SmoIndex",TRUE,"reported","uRBDLj",2,TRUE,NA
"21","rs1246265","T","C","T","C",-0.013,-0.0414,0.305,0.304206,FALSE,FALSE,FALSE,"eNdkSU",0.0296,0.163,"outcome",TRUE,"reported","textfile",9,"86761745",0.002,4.2e-09,"SmoIndex",TRUE,"reported","uRBDLj",2,TRUE,NA
"22","rs12481282","G","C","G","C",-0.013,0.0212,0.722,0.721797,FALSE,TRUE,FALSE,"eNdkSU",0.0304,0.485,"outcome",TRUE,"reported","textfile",20,"44761377",0.002,7.8e-09,"SmoIndex",TRUE,"reported","uRBDLj",2,TRUE,NA
"23","rs12623702","A","G","A","G",-0.014,-0.0433,0.613,0.612739,FALSE,FALSE,FALSE,"eNdkSU",0.028,0.122,"outcome",TRUE,"reported","textfile",2,"202885506",0.002,7.7e-12,"SmoIndex",TRUE,"reported","uRBDLj",2,TRUE,NA
"24","rs12708665","A","G","A","G",-0.013,0.0294,0.285,0.284282,FALSE,FALSE,FALSE,"eNdkSU",0.0302,0.331,"outcome",TRUE,"reported","textfile",16,"24728227",0.002,3.5e-09,"SmoIndex",TRUE,"reported","uRBDLj",2,TRUE,NA
"25","rs12831617","C","T","C","T",-0.013,-0.0348,0.764,0.765877,FALSE,FALSE,FALSE,"eNdkSU",0.0322,0.279,"outcome",TRUE,"reported","textfile",12,"84758368",0.002,1.9e-08,"SmoIndex",TRUE,"reported","uRBDLj",2,TRUE,NA
"26","rs12967855","A","G","A","G",0.012,0.0224,0.331,0.330423,FALSE,FALSE,FALSE,"eNdkSU",0.029,0.441,"outcome",TRUE,"reported","textfile",18,"35138245",0.002,3.1e-08,"SmoIndex",TRUE,"reported","uRBDLj",2,TRUE,NA
"27","rs13009008","A","G","A","G",0.012,-0.0213,0.328,0.325146,FALSE,FALSE,FALSE,"eNdkSU",0.029,0.462,"outcome",TRUE,"reported","textfile",2,"174043233",0.002,4.6e-09,"SmoIndex",TRUE,"reported","uRBDLj",2,TRUE,NA
"28","rs13016665","C","A","C","A",-0.012,-0.023,0.577,0.576523,FALSE,FALSE,FALSE,"eNdkSU",0.0277,0.406,"outcome",TRUE,"reported","textfile",2,"57995348",0.002,1.8e-09,"SmoIndex",TRUE,"reported","uRBDLj",2,TRUE,NA
"29","rs13153393","A","G","A","G",-0.02,-0.065,0.884,0.884226,FALSE,FALSE,FALSE,"eNdkSU",0.0426,0.127,"outcome",TRUE,"reported","textfile",5,"167604213",0.003,2.5e-10,"SmoIndex",TRUE,"reported","uRBDLj",2,TRUE,NA
"30","rs13296519","G","T","G","T",-0.014,0.0211,0.606,0.605684,FALSE,FALSE,FALSE,"eNdkSU",0.0278,0.448,"outcome",TRUE,"reported","textfile",9,"128471924",0.002,8.1e-12,"SmoIndex",TRUE,"reported","uRBDLj",2,TRUE,NA
"31","rs136233","A","G","A","G",-0.014,-0.0359,0.809,0.807868,FALSE,FALSE,FALSE,"eNdkSU",0.0346,0.301,"outcome",TRUE,"reported","textfile",22,"31212410",0.003,1.8e-08,"SmoIndex",TRUE,"reported","uRBDLj",2,TRUE,NA
"32","rs147412694","G","A","G","A",-0.017,0.00882,0.85,0.850112,FALSE,FALSE,FALSE,"eNdkSU",0.0382,0.818,"outcome",TRUE,"reported","textfile",21,"40702786",0.003,2.9e-09,"SmoIndex",TRUE,"reported","uRBDLj",2,TRUE,NA
"33","rs17309874","G","A","G","A",-0.016,-0.0463,0.74,0.736908,FALSE,FALSE,FALSE,"eNdkSU",0.031,0.135,"outcome",TRUE,"reported","textfile",11,"27667236",0.002,9.7e-13,"SmoIndex",TRUE,"reported","uRBDLj",2,TRUE,NA
"34","rs17553262","A","C","A","C",-0.018,-0.0417,0.885,0.883914,FALSE,FALSE,FALSE,"eNdkSU",0.0426,0.328,"outcome",TRUE,"reported","textfile",10,"92912773",0.003,5.3e-09,"SmoIndex",TRUE,"reported","uRBDLj",2,TRUE,NA
"35","rs17576594","G","A","G","A",0.016,-0.0144,0.724,0.72277,FALSE,FALSE,FALSE,"eNdkSU",0.0305,0.637,"outcome",TRUE,"reported","textfile",4,"147952241",0.002,1.7e-12,"SmoIndex",TRUE,"reported","uRBDLj",2,TRUE,NA
"36","rs1922018","C","T","C","T",0.014,0.0343,0.364,0.36608,FALSE,FALSE,FALSE,"eNdkSU",0.0282,0.224,"outcome",TRUE,"reported","textfile",7,"3560401",0.002,3e-12,"SmoIndex",TRUE,"reported","uRBDLj",2,TRUE,NA
"37","rs1931263","G","T","G","T",-0.011,-0.0401,0.51,0.509585,FALSE,FALSE,FALSE,"eNdkSU",0.0272,0.141,"outcome",TRUE,"reported","textfile",1,"96175101",0.002,4e-08,"SmoIndex",TRUE,"reported","uRBDLj",2,TRUE,NA
"38","rs1933270","T","G","T","G",0.013,-0.0138,0.364,0.363234,FALSE,FALSE,FALSE,"eNdkSU",0.0282,0.626,"outcome",TRUE,"reported","textfile",1,"49977965",0.002,1.5e-10,"SmoIndex",TRUE,"reported","uRBDLj",2,TRUE,NA
"39","rs202645","A","G","A","G",-0.015,0.0252,0.203,0.201683,FALSE,FALSE,FALSE,"eNdkSU",0.0339,0.457,"outcome",TRUE,"reported","textfile",22,"41798520",0.002,3.9e-09,"SmoIndex",TRUE,"reported","uRBDLj",2,TRUE,NA
"40","rs2062882","G","A","G","A",-0.012,-0.0397,0.587,0.587316,FALSE,FALSE,FALSE,"eNdkSU",0.0279,0.155,"outcome",TRUE,"reported","textfile",8,"91839576",0.002,1.1e-08,"SmoIndex",TRUE,"reported","uRBDLj",2,TRUE,NA
"41","rs2080870","A","T","A","T",0.012,0.0332,0.258,0.258661,FALSE,TRUE,FALSE,"eNdkSU",0.031,0.285,"outcome",TRUE,"reported","textfile",5,"60388313",0.002,4.9e-08,"SmoIndex",TRUE,"reported","uRBDLj",2,TRUE,NA
"42","rs2254710","C","A","C","A",0.013,-0.018,0.236,0.237479,FALSE,FALSE,FALSE,"eNdkSU",0.032,0.573,"outcome",TRUE,"reported","textfile",6,"37477000",0.002,3.5e-08,"SmoIndex",TRUE,"reported","uRBDLj",2,TRUE,NA
"43","rs2401924","G","C","G","C",0.015,0.00244,0.502,0.501721,FALSE,TRUE,TRUE,"eNdkSU",0.0273,0.929,"outcome",TRUE,"reported","textfile",7,"115057862",0.002,2.7e-14,"SmoIndex",TRUE,"reported","uRBDLj",2,FALSE,NA
"44","rs245774","A","G","A","G",-0.013,-0.0409,0.272,0.271638,FALSE,FALSE,FALSE,"eNdkSU",0.0307,0.182,"outcome",TRUE,"reported","textfile",5,"170530930",0.002,7.4e-09,"SmoIndex",TRUE,"reported","uRBDLj",2,TRUE,NA
"45","rs2675638","G","A","G","A",0.012,0.0227,0.581,0.580779,FALSE,FALSE,FALSE,"eNdkSU",0.0275,0.408,"outcome",TRUE,"reported","textfile",10,"63576286",0.002,1.3e-09,"SmoIndex",TRUE,"reported","uRBDLj",2,TRUE,NA
"46","rs2678670","A","T","A","T",0.013,0.0123,0.486,0.488643,FALSE,TRUE,TRUE,"eNdkSU",0.0273,0.653,"outcome",TRUE,"reported","textfile",2,"104469564",0.002,3.1e-10,"SmoIndex",TRUE,"reported","uRBDLj",2,FALSE,NA
"47","rs2838834","C","T","C","T",-0.013,-0.0442,0.699,0.699321,FALSE,FALSE,FALSE,"eNdkSU",0.0297,0.137,"outcome",TRUE,"reported","textfile",21,"46665208",0.002,6.3e-10,"SmoIndex",TRUE,"reported","uRBDLj",2,TRUE,NA
"48","rs28485305","C","T","C","T",0.012,-0.0306,0.631,0.632594,FALSE,FALSE,FALSE,"eNdkSU",0.0283,0.278,"outcome",TRUE,"reported","textfile",15,"74044197",0.002,2.6e-08,"SmoIndex",TRUE,"reported","uRBDLj",2,TRUE,NA
"49","rs2867112","T","G","T","G",0.021,0.0785,0.835,0.835305,FALSE,FALSE,FALSE,"eNdkSU",0.0371,0.0346,"outcome",TRUE,"reported","textfile",2,"651349",0.003,4.8e-15,"SmoIndex",TRUE,"reported","uRBDLj",2,TRUE,NA
"50","rs2890772","G","T","G","T",-0.02,0.0129,0.413,0.411177,FALSE,FALSE,FALSE,"eNdkSU",0.0277,0.642,"outcome",TRUE,"reported","textfile",2,"146175106",0.002,2.1e-22,"SmoIndex",TRUE,"reported","uRBDLj",2,TRUE,NA
"51","rs2894808","T","A","T","A",-0.022,-0.0547,0.922,0.922329,FALSE,TRUE,FALSE,"eNdkSU",0.0512,0.285,"outcome",TRUE,"reported","textfile",6,"52861990",0.004,3.5e-09,"SmoIndex",TRUE,"reported","uRBDLj",2,TRUE,NA
"52","rs317021","T","A","T","A",-0.017,-0.0388,0.814,0.812185,FALSE,TRUE,FALSE,"eNdkSU",0.035,0.268,"outcome",TRUE,"reported","textfile",4,"35418368",0.003,1.1e-10,"SmoIndex",TRUE,"reported","uRBDLj",2,TRUE,NA
"53","rs326341","G","A","G","A",0.014,-0.0206,0.525,0.524083,FALSE,FALSE,FALSE,"eNdkSU",0.0273,0.451,"outcome",TRUE,"reported","textfile",3,"107811142",0.002,1.2e-11,"SmoIndex",TRUE,"reported","uRBDLj",2,TRUE,NA
"54","rs329120","C","T","C","T",0.014,0.00288,0.581,0.581655,FALSE,FALSE,FALSE,"eNdkSU",0.0276,0.917,"outcome",TRUE,"reported","textfile",5,"133861756",0.002,6.3e-12,"SmoIndex",TRUE,"reported","uRBDLj",2,TRUE,NA
"55","rs34866095","A","G","A","G",-0.012,-0.0192,0.686,0.686744,FALSE,FALSE,FALSE,"eNdkSU",0.0296,0.516,"outcome",TRUE,"reported","textfile",11,"16377356",0.002,1.2e-08,"SmoIndex",TRUE,"reported","uRBDLj",2,TRUE,NA
"56","rs348809","A","G","A","G",-0.012,-0.021,0.348,0.346933,FALSE,FALSE,FALSE,"eNdkSU",0.0286,0.462,"outcome",TRUE,"reported","textfile",20,"59032097",0.002,1.3e-08,"SmoIndex",TRUE,"reported","uRBDLj",2,TRUE,NA
"57","rs35169606","T","G","T","G",0.013,-0.0059,0.612,0.613616,FALSE,FALSE,FALSE,"eNdkSU",0.0283,0.835,"outcome",TRUE,"reported","textfile",8,"9604066",0.002,1.2e-09,"SmoIndex",TRUE,"reported","uRBDLj",2,TRUE,NA
"58","rs35175834","G","A","G","A",-0.024,-0.0152,0.788,0.788095,FALSE,FALSE,FALSE,"eNdkSU",0.0333,0.649,"outcome",TRUE,"reported","textfile",15,"47680815",0.002,4.6e-22,"SmoIndex",TRUE,"reported","uRBDLj",2,TRUE,NA
"59","rs35343344","C","A","C","A",0.013,0.044,0.733,0.732797,FALSE,FALSE,FALSE,"eNdkSU",0.0313,0.159,"outcome",TRUE,"reported","textfile",19,"18471610",0.002,8.8e-09,"SmoIndex",TRUE,"reported","uRBDLj",2,TRUE,NA
"60","rs359243","T","C","T","C",-0.013,-0.0649,0.393,0.392823,FALSE,FALSE,FALSE,"eNdkSU",0.028,0.0205,"outcome",TRUE,"reported","textfile",2,"60475509",0.002,9.5e-10,"SmoIndex",TRUE,"reported","uRBDLj",2,TRUE,NA
"61","rs369230","G","T","G","T",-0.013,-0.0247,0.308,0.311574,FALSE,FALSE,FALSE,"eNdkSU",0.0296,0.404,"outcome",TRUE,"reported","textfile",16,"89645437",0.002,1.8e-09,"SmoIndex",TRUE,"reported","uRBDLj",2,TRUE,NA
"62","rs3742365","T","C","T","C",-0.016,-0.0472,0.595,0.593302,FALSE,FALSE,FALSE,"eNdkSU",0.0278,0.0892,"outcome",TRUE,"reported","textfile",14,"104198251",0.002,2.5e-14,"SmoIndex",TRUE,"reported","uRBDLj",2,TRUE,NA
"63","rs3769949","T","A","T","A",-0.012,-0.00129,0.528,0.529186,FALSE,TRUE,TRUE,"eNdkSU",0.0272,0.962,"outcome",TRUE,"reported","textfile",2,"166199284",0.002,2.5e-09,"SmoIndex",TRUE,"reported","uRBDLj",2,FALSE,NA
"64","rs3811038","T","C","T","C",-0.014,-0.0652,0.724,0.722818,FALSE,FALSE,FALSE,"eNdkSU",0.0306,0.0333,"outcome",TRUE,"reported","textfile",2,"113240183",0.002,8.9e-10,"SmoIndex",TRUE,"reported","uRBDLj",2,TRUE,NA
"65","rs3896224","A","G","A","G",0.014,0.0461,0.585,0.587239,FALSE,FALSE,FALSE,"eNdkSU",0.0279,0.0986,"outcome",TRUE,"reported","textfile",10,"106467853",0.002,1.1e-11,"SmoIndex",TRUE,"reported","uRBDLj",2,TRUE,NA
"66","rs421983","T","C","T","C",0.013,0.0409,0.519,0.51848,FALSE,FALSE,FALSE,"eNdkSU",0.0272,0.133,"outcome",TRUE,"reported","textfile",3,"84892866",0.002,3.3e-10,"SmoIndex",TRUE,"reported","uRBDLj",2,TRUE,NA
"67","rs4391802","A","G","A","G",0.015,0.0107,0.707,0.708113,FALSE,FALSE,FALSE,"eNdkSU",0.03,0.721,"outcome",TRUE,"reported","textfile",11,"28674592",0.002,1.4e-11,"SmoIndex",TRUE,"reported","uRBDLj",2,TRUE,NA
"68","rs4473348","A","T","A","T",-0.015,-0.0557,0.25,0.250315,FALSE,TRUE,FALSE,"eNdkSU",0.0313,0.0756,"outcome",TRUE,"reported","textfile",2,"182073742",0.002,6.4e-11,"SmoIndex",TRUE,"reported","uRBDLj",2,TRUE,NA
"69","rs4543592","T","C","T","C",-0.012,0.0364,0.52,0.520542,FALSE,FALSE,FALSE,"eNdkSU",0.0273,0.182,"outcome",TRUE,"reported","textfile",9,"3014254",0.002,4.5e-10,"SmoIndex",TRUE,"reported","uRBDLj",2,TRUE,NA
"70","rs4571506","C","T","C","T",0.011,0.0347,0.54,0.542915,FALSE,FALSE,FALSE,"eNdkSU",0.0274,0.205,"outcome",TRUE,"reported","textfile",5,"87756918",0.002,1.5e-08,"SmoIndex",TRUE,"reported","uRBDLj",2,TRUE,NA
"71","rs4671357","T","C","T","C",-0.014,-0.0173,0.519,0.519067,FALSE,FALSE,FALSE,"eNdkSU",0.0273,0.527,"outcome",TRUE,"reported","textfile",2,"60136176",0.002,1.1e-11,"SmoIndex",TRUE,"reported","uRBDLj",2,TRUE,NA
"72","rs4731925","C","T","C","T",-0.012,-0.022,0.316,0.316424,FALSE,FALSE,FALSE,"eNdkSU",0.0292,0.452,"outcome",TRUE,"reported","textfile",7,"132664757",0.002,2.6e-08,"SmoIndex",TRUE,"reported","uRBDLj",2,TRUE,NA
"73","rs4814873","C","T","C","T",0.014,-0.0491,0.767,0.766999,FALSE,FALSE,FALSE,"eNdkSU",0.0322,0.128,"outcome",TRUE,"reported","textfile",20,"19616429",0.002,2.9e-09,"SmoIndex",TRUE,"reported","uRBDLj",2,TRUE,NA
"74","rs4949465","T","C","T","C",-0.017,-0.0742,0.87,0.870233,FALSE,FALSE,FALSE,"eNdkSU",0.0406,0.0674,"outcome",TRUE,"reported","textfile",1,"32178489",0.003,1.7e-08,"SmoIndex",TRUE,"reported","uRBDLj",2,TRUE,NA
"75","rs4957528","A","C","A","C",-0.015,0.0414,0.208,0.209012,FALSE,FALSE,FALSE,"eNdkSU",0.0339,0.222,"outcome",TRUE,"reported","textfile",5,"106420589",0.002,4.2e-09,"SmoIndex",TRUE,"reported","uRBDLj",2,TRUE,NA
"76","rs549845","G","A","G","A",0.016,-0.0422,0.301,0.299572,FALSE,FALSE,FALSE,"eNdkSU",0.0297,0.156,"outcome",TRUE,"reported","textfile",1,"44076469",0.002,8.3e-14,"SmoIndex",TRUE,"reported","uRBDLj",2,TRUE,NA
"77","rs57611503","G","A","G","A",0.011,0.0254,0.485,0.487878,FALSE,FALSE,FALSE,"eNdkSU",0.0277,0.36,"outcome",TRUE,"reported","textfile",16,"31165795",0.002,4e-08,"SmoIndex",TRUE,"reported","uRBDLj",2,TRUE,NA
"78","rs6011779","C","T","C","T",0.028,0.0898,0.191,0.190264,FALSE,FALSE,FALSE,"eNdkSU",0.0347,0.00976,"outcome",TRUE,"reported","textfile",20,"61984317",0.003,2.3e-27,"SmoIndex",TRUE,"reported","uRBDLj",2,TRUE,NA
"79","rs60952428","T","C","T","C",0.019,0.0331,0.909,0.910002,FALSE,FALSE,FALSE,"eNdkSU",0.0477,0.487,"outcome",TRUE,"reported","textfile",16,"75640521",0.003,3e-08,"SmoIndex",TRUE,"reported","uRBDLj",2,TRUE,NA
"80","rs6119897","G","A","G","A",-0.018,-0.028,0.762,0.762149,FALSE,FALSE,FALSE,"eNdkSU",0.0319,0.38,"outcome",TRUE,"reported","textfile",20,"31145415",0.002,3.6e-15,"SmoIndex",TRUE,"reported","uRBDLj",2,TRUE,NA
"81","rs61796681","A","T","A","T",-0.019,-0.0303,0.912,0.911204,FALSE,TRUE,FALSE,"eNdkSU",0.0478,0.526,"outcome",TRUE,"reported","textfile",4,"23678196",0.004,4.2e-08,"SmoIndex",TRUE,"reported","uRBDLj",2,TRUE,NA
"82","rs62098013","G","A","G","A",-0.012,0.00223,0.64,0.637427,FALSE,FALSE,FALSE,"eNdkSU",0.0286,0.938,"outcome",TRUE,"reported","textfile",18,"50863861",0.002,4.1e-09,"SmoIndex",TRUE,"reported","uRBDLj",2,TRUE,NA
"83","rs62135536","C","T","C","T",0.035,-0.164,0.968,0.967351,FALSE,FALSE,FALSE,"eNdkSU",0.0767,0.0321,"outcome",TRUE,"reported","textfile",2,"44326028",0.006,8e-10,"SmoIndex",TRUE,"reported","uRBDLj",2,TRUE,NA
"84","rs62155874","A","G","A","G",-0.024,0.00951,0.873,0.872681,FALSE,FALSE,FALSE,"eNdkSU",0.0408,0.816,"outcome",TRUE,"reported","textfile",2,"105973094",0.003,5.2e-16,"SmoIndex",TRUE,"reported","uRBDLj",2,TRUE,NA
"85","rs62175972","T","C","T","C",0.031,0.0201,0.966,0.966235,FALSE,FALSE,FALSE,"eNdkSU",0.0763,0.792,"outcome",TRUE,"reported","textfile",2,"161362830",0.006,1.7e-08,"SmoIndex",TRUE,"reported","uRBDLj",2,TRUE,NA
"86","rs624833","T","G","T","G",0.013,0.0419,0.695,0.693387,FALSE,FALSE,FALSE,"eNdkSU",0.0295,0.156,"outcome",TRUE,"reported","textfile",4,"2881256",0.002,6.6e-10,"SmoIndex",TRUE,"reported","uRBDLj",2,TRUE,NA
"87","rs6562474","C","G","C","G",0.012,-0.0358,0.651,0.652766,FALSE,TRUE,FALSE,"eNdkSU",0.0287,0.212,"outcome",TRUE,"reported","textfile",13,"67332812",0.002,1e-08,"SmoIndex",TRUE,"reported","uRBDLj",2,TRUE,NA
"88","rs6598539","T","C","T","C",-0.012,-0.0386,0.489,0.487929,FALSE,FALSE,FALSE,"eNdkSU",0.0273,0.157,"outcome",TRUE,"reported","textfile",15,"99204483",0.002,4.5e-09,"SmoIndex",TRUE,"reported","uRBDLj",2,TRUE,NA
"89","rs6741228","T","C","T","C",0.011,0.00247,0.433,0.432836,FALSE,FALSE,FALSE,"eNdkSU",0.0276,0.929,"outcome",TRUE,"reported","textfile",2,"22548774",0.002,1.6e-08,"SmoIndex",TRUE,"reported","uRBDLj",2,TRUE,NA
"90","rs67596067","G","A","G","A",-0.013,0.0102,0.649,0.647571,FALSE,FALSE,FALSE,"eNdkSU",0.0286,0.722,"outcome",TRUE,"reported","textfile",17,"50333733",0.002,1.2e-09,"SmoIndex",TRUE,"reported","uRBDLj",2,TRUE,NA
"91","rs6778080","T","C","T","C",0.016,0.00343,0.267,0.268519,FALSE,FALSE,FALSE,"eNdkSU",0.0308,0.911,"outcome",TRUE,"reported","textfile",3,"49317338",0.002,1.3e-12,"SmoIndex",TRUE,"reported","uRBDLj",2,TRUE,NA
"92","rs6779302","G","T","G","T",-0.013,-0.0164,0.633,0.633445,FALSE,FALSE,FALSE,"eNdkSU",0.0282,0.561,"outcome",TRUE,"reported","textfile",3,"16859710",0.002,1.2e-09,"SmoIndex",TRUE,"reported","uRBDLj",2,TRUE,NA
"93","rs6935954","A","G","A","G",0.014,-0.00511,0.421,0.425112,FALSE,FALSE,FALSE,"eNdkSU",0.0275,0.853,"outcome",TRUE,"reported","textfile",6,"26255451",0.002,8.2e-12,"SmoIndex",TRUE,"reported","uRBDLj",2,TRUE,NA
"94","rs6957896","C","T","C","T",-0.011,-0.0319,0.503,0.504001,FALSE,FALSE,FALSE,"eNdkSU",0.0272,0.241,"outcome",TRUE,"reported","textfile",7,"132309592",0.002,4.5e-08,"SmoIndex",TRUE,"reported","uRBDLj",2,TRUE,NA
"95","rs6962772","A","G","A","G",0.016,0.0131,0.846,0.845869,FALSE,FALSE,FALSE,"eNdkSU",0.0377,0.729,"outcome",TRUE,"reported","textfile",7,"99081730",0.003,7.8e-09,"SmoIndex",TRUE,"reported","uRBDLj",2,TRUE,NA
"96","rs7039819","G","A","G","A",0.013,-0.0114,0.427,0.428936,FALSE,FALSE,FALSE,"eNdkSU",0.0276,0.68,"outcome",TRUE,"reported","textfile",9,"82430418",0.002,5.1e-10,"SmoIndex",TRUE,"reported","uRBDLj",2,TRUE,NA
"97","rs7077678","C","T","C","T",0.012,0.0251,0.623,0.62253,FALSE,FALSE,FALSE,"eNdkSU",0.0282,0.372,"outcome",TRUE,"reported","textfile",10,"104438565",0.002,2.6e-09,"SmoIndex",TRUE,"reported","uRBDLj",2,TRUE,NA
"98","rs71367545","G","A","G","A",-0.015,0.0208,0.791,0.78971,FALSE,FALSE,FALSE,"eNdkSU",0.0333,0.533,"outcome",TRUE,"reported","textfile",18,"77576337",0.002,1.4e-09,"SmoIndex",TRUE,"reported","uRBDLj",2,TRUE,NA
"99","rs7155595","A","C","A","C",-0.013,0.0598,0.674,0.674363,FALSE,FALSE,FALSE,"eNdkSU",0.0291,0.04,"outcome",TRUE,"reported","textfile",14,"77502546",0.002,2.5e-09,"SmoIndex",TRUE,"reported","uRBDLj",2,TRUE,NA
"100","rs71627581","G","A","G","A",0.019,-0.00102,0.889,0.887644,FALSE,FALSE,FALSE,"eNdkSU",0.0431,0.981,"outcome",TRUE,"reported","textfile",5,"43161351",0.003,1.6e-09,"SmoIndex",TRUE,"reported","uRBDLj",2,TRUE,NA
"101","rs72674867","A","T","A","T",0.013,-0.0309,0.765,0.765211,FALSE,TRUE,FALSE,"eNdkSU",0.0322,0.336,"outcome",TRUE,"reported","textfile",8,"95578201",0.002,3.8e-08,"SmoIndex",TRUE,"reported","uRBDLj",2,TRUE,NA
"102","rs72678864","G","A","G","A",0.018,0.0284,0.829,0.826535,FALSE,FALSE,FALSE,"eNdkSU",0.036,0.43,"outcome",TRUE,"reported","textfile",4,"112422145",0.003,1.6e-11,"SmoIndex",TRUE,"reported","uRBDLj",2,TRUE,NA
"103","rs7297175","T","C","T","C",-0.012,-0.0568,0.431,0.433534,FALSE,FALSE,FALSE,"eNdkSU",0.0275,0.0385,"outcome",TRUE,"reported","textfile",12,"56473808",0.002,6.6e-09,"SmoIndex",TRUE,"reported","uRBDLj",2,TRUE,NA
"104","rs732083","G","A","G","A",0.012,0.0455,0.333,0.33313,FALSE,FALSE,FALSE,"eNdkSU",0.029,0.116,"outcome",TRUE,"reported","textfile",17,"37834367",0.002,1.5e-08,"SmoIndex",TRUE,"reported","uRBDLj",2,TRUE,NA
"105","rs73220544","A","C","A","C",-0.016,0.0193,0.842,0.842151,FALSE,FALSE,FALSE,"eNdkSU",0.0376,0.608,"outcome",TRUE,"reported","textfile",3,"131074511",0.003,1.5e-08,"SmoIndex",TRUE,"reported","uRBDLj",2,TRUE,NA
"106","rs7333559","G","A","G","A",0.015,-0.0146,0.212,0.209404,FALSE,FALSE,FALSE,"eNdkSU",0.0336,0.664,"outcome",TRUE,"reported","textfile",13,"100546450",0.002,3.2e-10,"SmoIndex",TRUE,"reported","uRBDLj",2,TRUE,NA
"107","rs74086911","G","A","G","A",0.021,0.0353,0.925,0.925645,FALSE,FALSE,FALSE,"eNdkSU",0.0518,0.496,"outcome",TRUE,"reported","textfile",12,"50015942",0.004,2.1e-08,"SmoIndex",TRUE,"reported","uRBDLj",2,TRUE,NA
"108","rs7519626","C","T","C","T",0.012,-0.00492,0.324,0.322128,FALSE,FALSE,FALSE,"eNdkSU",0.0291,0.866,"outcome",TRUE,"reported","textfile",1,"99514554",0.002,1.2e-08,"SmoIndex",TRUE,"reported","uRBDLj",2,TRUE,NA
"109","rs7528604","G","A","G","A",0.014,0.015,0.566,0.566354,FALSE,FALSE,FALSE,"eNdkSU",0.0276,0.588,"outcome",TRUE,"reported","textfile",1,"66407352",0.002,5.7e-12,"SmoIndex",TRUE,"reported","uRBDLj",2,TRUE,NA
"110","rs7553348","G","A","G","A",0.014,0.00792,0.438,0.437986,FALSE,FALSE,FALSE,"eNdkSU",0.0275,0.773,"outcome",TRUE,"reported","textfile",1,"75005067",0.002,5.2e-12,"SmoIndex",TRUE,"reported","uRBDLj",2,TRUE,NA
"111","rs7569203","A","C","A","C",-0.016,-0.0414,0.689,0.690222,FALSE,FALSE,FALSE,"eNdkSU",0.0295,0.161,"outcome",TRUE,"reported","textfile",2,"45154418",0.002,7.4e-13,"SmoIndex",TRUE,"reported","uRBDLj",2,TRUE,NA
"112","rs75742406","G","A","G","A",0.014,0.0516,0.739,0.736112,FALSE,FALSE,FALSE,"eNdkSU",0.031,0.0964,"outcome",TRUE,"reported","textfile",11,"17070365",0.002,1.3e-09,"SmoIndex",TRUE,"reported","uRBDLj",2,TRUE,NA
"113","rs76608582","C","A","C","A",0.031,-0.0143,0.953,0.952076,FALSE,FALSE,FALSE,"eNdkSU",0.0673,0.832,"outcome",TRUE,"reported","textfile",19,"4474725",0.005,3.2e-10,"SmoIndex",TRUE,"reported","uRBDLj",2,TRUE,NA
"114","rs775758","A","T","A","T",0.012,0.0225,0.433,0.43332,FALSE,TRUE,TRUE,"eNdkSU",0.0276,0.415,"outcome",TRUE,"reported","textfile",3,"77582005",0.002,1.1e-08,"SmoIndex",TRUE,"reported","uRBDLj",2,FALSE,NA
"115","rs7766610","C","A","C","A",0.018,-0.0207,0.183,0.182131,FALSE,FALSE,FALSE,"eNdkSU",0.0353,0.558,"outcome",TRUE,"reported","textfile",6,"111707821",0.003,2.2e-12,"SmoIndex",TRUE,"reported","uRBDLj",2,TRUE,NA
"116","rs7807019","A","G","A","G",-0.015,-0.00919,0.54,0.539644,FALSE,FALSE,FALSE,"eNdkSU",0.0273,0.737,"outcome",TRUE,"reported","textfile",7,"117543063",0.002,6.7e-14,"SmoIndex",TRUE,"reported","uRBDLj",2,TRUE,NA
"117","rs8042134","T","G","T","G",-0.014,0.0126,0.541,0.541014,FALSE,FALSE,FALSE,"eNdkSU",0.0275,0.647,"outcome",TRUE,"reported","textfile",15,"97514404",0.002,1.3e-12,"SmoIndex",TRUE,"reported","uRBDLj",2,TRUE,NA
"118","rs8042849","T","C","T","C",0.028,-0.0114,0.342,0.659367,FALSE,FALSE,FALSE,"eNdkSU",0.0287,0.693,"outcome",TRUE,"reported","textfile",15,"78817929",0.002,1.8e-39,"SmoIndex",TRUE,"reported","uRBDLj",2,TRUE,NA
"119","rs860326","C","T","C","T",0.012,0.021,0.428,0.428224,FALSE,FALSE,FALSE,"eNdkSU",0.0275,0.446,"outcome",TRUE,"reported","textfile",14,"57342912",0.002,2.7e-09,"SmoIndex",TRUE,"reported","uRBDLj",2,TRUE,NA
"120","rs8614","C","A","C","A",-0.017,0.0513,0.817,0.817963,FALSE,FALSE,FALSE,"eNdkSU",0.0353,0.145,"outcome",TRUE,"reported","textfile",17,"27588806",0.003,1.8e-10,"SmoIndex",TRUE,"reported","uRBDLj",2,TRUE,NA
"121","rs889398","C","T","C","T",0.013,0.0612,0.588,0.586662,FALSE,FALSE,FALSE,"eNdkSU",0.0278,0.0276,"outcome",TRUE,"reported","textfile",16,"69556715",0.002,6.3e-11,"SmoIndex",TRUE,"reported","uRBDLj",2,TRUE,NA
"122","rs9435340","T","A","T","A",0.012,0.00366,0.344,0.345049,FALSE,TRUE,FALSE,"eNdkSU",0.0287,0.899,"outcome",TRUE,"reported","textfile",1,"107593201",0.002,1.2e-08,"SmoIndex",TRUE,"reported","uRBDLj",2,TRUE,NA
"123","rs9842947","C","T","C","T",-0.013,0.00263,0.326,0.328984,FALSE,FALSE,FALSE,"eNdkSU",0.029,0.928,"outcome",TRUE,"reported","textfile",3,"157412246",0.002,3.1e-09,"SmoIndex",TRUE,"reported","uRBDLj",2,TRUE,NA
"124","rs986391","G","A","G","A",0.016,0.0614,0.367,0.367061,FALSE,FALSE,FALSE,"eNdkSU",0.0282,0.0296,"outcome",TRUE,"reported","textfile",5,"166993972",0.002,9.4e-15,"SmoIndex",TRUE,"reported","uRBDLj",2,TRUE,NA
"125","rs9904288","T","C","T","C",0.012,0.00146,0.708,0.710275,FALSE,FALSE,FALSE,"eNdkSU",0.03,0.961,"outcome",TRUE,"reported","textfile",17,"47031973",0.002,3.1e-08,"SmoIndex",TRUE,"reported","uRBDLj",2,TRUE,NA
"126","rs9919670","G","A","G","A",-0.022,-0.0265,0.612,0.61409,FALSE,FALSE,FALSE,"eNdkSU",0.0279,0.342,"outcome",TRUE,"reported","textfile",11,"112877304",0.002,7.6e-27,"SmoIndex",TRUE,"reported","uRBDLj",2,TRUE,NA
