"","SNP","effect_allele.exposure","other_allele.exposure","effect_allele.outcome","other_allele.outcome","beta.exposure","beta.outcome","eaf.exposure","eaf.outcome","remove","palindromic","ambiguous","id.outcome","se.outcome","pval.outcome","outcome","mr_keep.outcome","pval_origin.outcome","data_source.outcome","chr.exposure","pos.exposure","se.exposure","pval.exposure","exposure","mr_keep.exposure","pval_origin.exposure","id.exposure","action","mr_keep","samplesize.outcome"
"1","rs10052591","T","C","T","C",0.012,0.0156,0.573,0.5717,FALSE,FALSE,FALSE,"cl98fH",0.00948,0.0992,"outcome",TRUE,"reported","textfile",5,"50812738",0.002,2.1e-09,"SmoIndex",TRUE,"reported","uRBDLj",2,TRUE,NA
"2","rs10226228","A","G","A","G",-0.016,-0.0117,0.63,0.630354,FALSE,FALSE,FALSE,"cl98fH",0.00971,0.228,"outcome",TRUE,"reported","textfile",7,"32315613",0.002,2e-15,"SmoIndex",TRUE,"reported","uRBDLj",2,TRUE,NA
"3","rs10282292","C","T","C","T",0.013,0.00424,0.362,0.358894,FALSE,FALSE,FALSE,"cl98fH",0.00979,0.665,"outcome",TRUE,"reported","textfile",7,"111092478",0.002,5.9e-10,"SmoIndex",TRUE,"reported","uRBDLj",2,TRUE,NA
"4","rs1050847","C","T","C","T",0.011,-0.0297,0.426,0.420195,FALSE,FALSE,FALSE,"cl98fH",0.0095,0.00177,"outcome",TRUE,"reported","textfile",16,"87443734",0.002,1.4e-08,"SmoIndex",TRUE,"reported","uRBDLj",2,TRUE,NA
"5","rs10823968","A","T","A","T",0.012,0.00991,0.633,0.633075,FALSE,TRUE,FALSE,"cl98fH",0.0098,0.312,"outcome",TRUE,"reported","textfile",10,"74738269",0.002,2.1e-08,"SmoIndex",TRUE,"reported","uRBDLj",2,TRUE,NA
"6","rs10879871","T","G","T","G",-0.014,-0.0152,0.343,0.340209,FALSE,FALSE,FALSE,"cl98fH",0.00987,0.124,"outcome",TRUE,"reported","textfile",12,"75380511",0.002,5e-11,"SmoIndex",TRUE,"reported","uRBDLj",2,TRUE,NA
"7","rs10918701","G","A","G","A",0.012,-0.00426,0.372,0.369652,FALSE,FALSE,FALSE,"cl98fH",0.00968,0.66,"outcome",TRUE,"reported","textfile",1,"162090536",0.002,2.1e-08,"SmoIndex",TRUE,"reported","uRBDLj",2,TRUE,NA
"8","rs10922907","A","T","A","T",0.015,0.0103,0.451,0.450193,FALSE,TRUE,TRUE,"cl98fH",0.00942,0.275,"outcome",TRUE,"reported","textfile",1,"91193049",0.002,3e-13,"SmoIndex",TRUE,"reported","uRBDLj",2,FALSE,NA
"9","rs11210229","A","G","A","G",0.017,-0.0144,0.384,0.381259,FALSE,FALSE,FALSE,"cl98fH",0.00963,0.135,"outcome",TRUE,"reported","textfile",1,"73860028",0.002,2e-16,"SmoIndex",TRUE,"reported","uRBDLj",2,TRUE,NA
"10","rs112282219","G","A","G","A",-0.033,0.0598,0.959,0.958491,FALSE,FALSE,FALSE,"cl98fH",0.0236,0.0113,"outcome",TRUE,"reported","textfile",11,"46632809",0.005,3.8e-11,"SmoIndex",TRUE,"reported","uRBDLj",2,TRUE,NA
"11","rs11255908","T","G","T","G",-0.015,-0.00406,0.743,0.746845,FALSE,FALSE,FALSE,"cl98fH",0.0107,0.705,"outcome",TRUE,"reported","textfile",10,"8802912",0.002,2.3e-10,"SmoIndex",TRUE,"reported","uRBDLj",2,TRUE,NA
"12","rs113382419","C","A","C","A",-0.041,-0.0117,0.889,0.888051,FALSE,FALSE,FALSE,"cl98fH",0.0149,0.432,"outcome",TRUE,"reported","textfile",9,"136463019",0.003,3e-37,"SmoIndex",TRUE,"reported","uRBDLj",2,TRUE,NA
"13","rs11768481","C","A","C","A",0.013,0.00651,0.666,0.667223,FALSE,FALSE,FALSE,"cl98fH",0.00996,0.513,"outcome",TRUE,"reported","textfile",7,"96629103",0.002,9.9e-10,"SmoIndex",TRUE,"reported","uRBDLj",2,TRUE,NA
"14","rs11783093","C","T","C","T",0.023,-0.00101,0.839,0.83819,FALSE,FALSE,FALSE,"cl98fH",0.0128,0.937,"outcome",TRUE,"reported","textfile",8,"27425349",0.003,1.2e-16,"SmoIndex",TRUE,"reported","uRBDLj",2,TRUE,NA
"15","rs11861214","G","T","G","T",0.014,0.00574,0.784,0.783609,FALSE,FALSE,FALSE,"cl98fH",0.0113,0.613,"outcome",TRUE,"reported","textfile",16,"746611",0.002,2e-08,"SmoIndex",TRUE,"reported","uRBDLj",2,TRUE,NA
"16","rs1193237","G","C","G","C",-0.011,-0.0143,0.439,0.439404,FALSE,TRUE,TRUE,"cl98fH",0.00943,0.13,"outcome",TRUE,"reported","textfile",1,"7526486",0.002,2.8e-08,"SmoIndex",TRUE,"reported","uRBDLj",2,FALSE,NA
"17","rs11948770","T","C","T","C",-0.015,0.00188,0.768,0.768488,FALSE,FALSE,FALSE,"cl98fH",0.0111,0.866,"outcome",TRUE,"reported","textfile",5,"13246336",0.002,4.9e-10,"SmoIndex",TRUE,"reported","uRBDLj",2,TRUE,NA
"18","rs12202536","A","G","A","G",-0.012,-0.00457,0.513,0.512582,FALSE,FALSE,FALSE,"cl98fH",0.00935,0.625,"outcome",TRUE,"reported","textfile",6,"67475273",0.002,2.8e-09,"SmoIndex",TRUE,"reported","uRBDLj",2,TRUE,NA
"19","rs1221148","C","G","C","G",0.013,-0.0101,0.587,0.585642,FALSE,TRUE,FALSE,"cl98fH",0.00949,0.288,"outcome",TRUE,"reported","textfile",9,"122046875",0.002,7.3e-11,"SmoIndex",TRUE,"reported","uRBDLj",2,TRUE,NA
"20","rs12244388","G","A","G","A",-0.019,-0.00476,0.661,0.664004,FALSE,FALSE,FALSE,"cl98fH",0.0099,0.63,"outcome",TRUE,"reported","textfile",10,"104640052",0.002,1.4e-19,"SmoIndex",TRUE,"reported","uRBDLj",2,TRUE,NA
"21","rs1246265","T","C","T","C",-0.013,-0.0132,0.305,0.303855,FALSE,FALSE,FALSE,"cl98fH",0.0102,0.194,"outcome",TRUE,"reported","textfile",9,"86761745",0.002,4.2e-09,"SmoIndex",TRUE,"reported","uRBDLj",2,TRUE,NA
"22","rs12481282","G","C","G","C",-0.013,-0.0139,0.722,0.72167,FALSE,TRUE,FALSE,"cl98fH",0.0104,0.182,"outcome",TRUE,"reported","textfile",20,"44761377",0.002,7.8e-09,"SmoIndex",TRUE,"reported","uRBDLj",2,TRUE,NA
"23","rs12623702","A","G","A","G",-0.014,0.0174,0.613,0.612688,FALSE,FALSE,FALSE,"cl98fH",0.00963,0.0712,"outcome",TRUE,"reported","textfile",2,"202885506",0.002,7.7e-12,"SmoIndex",TRUE,"reported","uRBDLj",2,TRUE,NA
"24","rs12708665","A","G","A","G",-0.013,-0.000415,0.285,0.284348,FALSE,FALSE,FALSE,"cl98fH",0.0104,0.968,"outcome",TRUE,"reported","textfile",16,"24728227",0.002,3.5e-09,"SmoIndex",TRUE,"reported","uRBDLj",2,TRUE,NA
"25","rs12831617","C","T","C","T",-0.013,-0.00798,0.764,0.765966,FALSE,FALSE,FALSE,"cl98fH",0.011,0.47,"outcome",TRUE,"reported","textfile",12,"84758368",0.002,1.9e-08,"SmoIndex",TRUE,"reported","uRBDLj",2,TRUE,NA
"26","rs12967855","A","G","A","G",0.012,0.0288,0.331,0.330151,FALSE,FALSE,FALSE,"cl98fH",0.00998,0.00397,"outcome",TRUE,"reported","textfile",18,"35138245",0.002,3.1e-08,"SmoIndex",TRUE,"reported","uRBDLj",2,TRUE,NA
"27","rs13009008","A","G","A","G",0.012,-0.00819,0.328,0.325088,FALSE,FALSE,FALSE,"cl98fH",0.00998,0.412,"outcome",TRUE,"reported","textfile",2,"174043233",0.002,4.6e-09,"SmoIndex",TRUE,"reported","uRBDLj",2,TRUE,NA
"28","rs13016665","C","A","C","A",-0.012,0.000505,0.577,0.576456,FALSE,FALSE,FALSE,"cl98fH",0.00953,0.958,"outcome",TRUE,"reported","textfile",2,"57995348",0.002,1.8e-09,"SmoIndex",TRUE,"reported","uRBDLj",2,TRUE,NA
"29","rs13153393","A","G","A","G",-0.02,0.0021,0.884,0.884238,FALSE,FALSE,FALSE,"cl98fH",0.0147,0.886,"outcome",TRUE,"reported","textfile",5,"167604213",0.003,2.5e-10,"SmoIndex",TRUE,"reported","uRBDLj",2,TRUE,NA
"30","rs13296519","G","T","G","T",-0.014,0.0343,0.606,0.606242,FALSE,FALSE,FALSE,"cl98fH",0.00957,0.000342,"outcome",TRUE,"reported","textfile",9,"128471924",0.002,8.1e-12,"SmoIndex",TRUE,"reported","uRBDLj",2,TRUE,NA
"31","rs136233","A","G","A","G",-0.014,-0.000776,0.809,0.808359,FALSE,FALSE,FALSE,"cl98fH",0.0119,0.948,"outcome",TRUE,"reported","textfile",22,"31212410",0.003,1.8e-08,"SmoIndex",TRUE,"reported","uRBDLj",2,TRUE,NA
"32","rs147412694","G","A","G","A",-0.017,0.0178,0.85,0.850317,FALSE,FALSE,FALSE,"cl98fH",0.0132,0.176,"outcome",TRUE,"reported","textfile",21,"40702786",0.003,2.9e-09,"SmoIndex",TRUE,"reported","uRBDLj",2,TRUE,NA
"33","rs17309874","G","A","G","A",-0.016,0.0742,0.74,0.736884,FALSE,FALSE,FALSE,"cl98fH",0.0107,3.23e-12,"outcome",TRUE,"reported","textfile",11,"27667236",0.002,9.7e-13,"SmoIndex",TRUE,"reported","uRBDLj",2,TRUE,NA
"34","rs17553262","A","C","A","C",-0.018,-0.0207,0.885,0.883883,FALSE,FALSE,FALSE,"cl98fH",0.0147,0.157,"outcome",TRUE,"reported","textfile",10,"92912773",0.003,5.3e-09,"SmoIndex",TRUE,"reported","uRBDLj",2,TRUE,NA
"35","rs17576594","G","A","G","A",0.016,0.0226,0.724,0.722884,FALSE,FALSE,FALSE,"cl98fH",0.0105,0.0314,"outcome",TRUE,"reported","textfile",4,"147952241",0.002,1.7e-12,"SmoIndex",TRUE,"reported","uRBDLj",2,TRUE,NA
"36","rs1922018","C","T","C","T",0.014,0.00397,0.364,0.365858,FALSE,FALSE,FALSE,"cl98fH",0.00971,0.683,"outcome",TRUE,"reported","textfile",7,"3560401",0.002,3e-12,"SmoIndex",TRUE,"reported","uRBDLj",2,TRUE,NA
"37","rs1931263","G","T","G","T",-0.011,-0.0262,0.51,0.510016,FALSE,FALSE,FALSE,"cl98fH",0.00935,0.00507,"outcome",TRUE,"reported","textfile",1,"96175101",0.002,4e-08,"SmoIndex",TRUE,"reported","uRBDLj",2,TRUE,NA
"38","rs1933270","T","G","T","G",0.013,-0.00357,0.364,0.363485,FALSE,FALSE,FALSE,"cl98fH",0.0097,0.713,"outcome",TRUE,"reported","textfile",1,"49977965",0.002,1.5e-10,"SmoIndex",TRUE,"reported","uRBDLj",2,TRUE,NA
"39","rs202645","A","G","A","G",-0.015,0.0049,0.203,0.201487,FALSE,FALSE,FALSE,"cl98fH",0.0117,0.674,"outcome",TRUE,"reported","textfile",22,"41798520",0.002,3.9e-09,"SmoIndex",TRUE,"reported","uRBDLj",2,TRUE,NA
"40","rs2062882","G","A","G","A",-0.012,0.00127,0.587,0.587473,FALSE,FALSE,FALSE,"cl98fH",0.00958,0.894,"outcome",TRUE,"reported","textfile",8,"91839576",0.002,1.1e-08,"SmoIndex",TRUE,"reported","uRBDLj",2,TRUE,NA
"41","rs2080870","A","T","A","T",0.012,0.00653,0.258,0.258731,FALSE,TRUE,FALSE,"cl98fH",0.0107,0.54,"outcome",TRUE,"reported","textfile",5,"60388313",0.002,4.9e-08,"SmoIndex",TRUE,"reported","uRBDLj",2,TRUE,NA
"42","rs2254710","C","A","C","A",0.013,-0.00644,0.236,0.237646,FALSE,FALSE,FALSE,"cl98fH",0.011,0.558,"outcome",TRUE,"reported","textfile",6,"37477000",0.002,3.5e-08,"SmoIndex",TRUE,"reported","uRBDLj",2,TRUE,NA
"43","rs2401924","G","C","G","C",0.015,0.0168,0.502,0.501373,FALSE,TRUE,TRUE,"cl98fH",0.00936,0.0726,"outcome",TRUE,"reported","textfile",7,"115057862",0.002,2.7e-14,"SmoIndex",TRUE,"reported","uRBDLj",2,FALSE,NA
"44","rs245774","A","G","A","G",-0.013,-0.012,0.272,0.271759,FALSE,FALSE,FALSE,"cl98fH",0.0105,0.253,"outcome",TRUE,"reported","textfile",5,"170530930",0.002,7.4e-09,"SmoIndex",TRUE,"reported","uRBDLj",2,TRUE,NA
"45","rs2675638","G","A","G","A",0.012,0.0272,0.581,0.581163,FALSE,FALSE,FALSE,"cl98fH",0.00944,0.00393,"outcome",TRUE,"reported","textfile",10,"63576286",0.002,1.3e-09,"SmoIndex",TRUE,"reported","uRBDLj",2,TRUE,NA
"46","rs2678670","A","T","A","T",0.013,0.0256,0.486,0.48872,FALSE,TRUE,TRUE,"cl98fH",0.00937,0.0062,"outcome",TRUE,"reported","textfile",2,"104469564",0.002,3.1e-10,"SmoIndex",TRUE,"reported","uRBDLj",2,FALSE,NA
"47","rs2838834","C","T","C","T",-0.013,0.00389,0.699,0.699434,FALSE,FALSE,FALSE,"cl98fH",0.0102,0.703,"outcome",TRUE,"reported","textfile",21,"46665208",0.002,6.3e-10,"SmoIndex",TRUE,"reported","uRBDLj",2,TRUE,NA
"48","rs28485305","C","T","C","T",0.012,0.00578,0.631,0.632372,FALSE,FALSE,FALSE,"cl98fH",0.00972,0.552,"outcome",TRUE,"reported","textfile",15,"74044197",0.002,2.6e-08,"SmoIndex",TRUE,"reported","uRBDLj",2,TRUE,NA
"49","rs2867112","T","G","T","G",0.021,-0.00169,0.835,0.835413,FALSE,FALSE,FALSE,"cl98fH",0.0128,0.894,"outcome",TRUE,"reported","textfile",2,"651349",0.003,4.8e-15,"SmoIndex",TRUE,"reported","uRBDLj",2,TRUE,NA
"50","rs2890772","G","T","G","T",-0.02,-0.00823,0.413,0.411079,FALSE,FALSE,FALSE,"cl98fH",0.00952,0.387,"outcome",TRUE,"reported","textfile",2,"146175106",0.002,2.1e-22,"SmoIndex",TRUE,"reported","uRBDLj",2,TRUE,NA
"51","rs2894808","T","A","T","A",-0.022,-0.0293,0.922,0.92234,FALSE,TRUE,FALSE,"cl98fH",0.0175,0.0948,"outcome",TRUE,"reported","textfile",6,"52861990",0.004,3.5e-09,"SmoIndex",TRUE,"reported","uRBDLj",2,TRUE,NA
"52","rs317021","T","A","T","A",-0.017,-0.012,0.814,0.812212,FALSE,TRUE,FALSE,"cl98fH",0.012,0.321,"outcome",TRUE,"reported","textfile",4,"35418368",0.003,1.1e-10,"SmoIndex",TRUE,"reported","uRBDLj",2,TRUE,NA
"53","rs326341","G","A","G","A",0.014,0.00123,0.525,0.524042,FALSE,FALSE,FALSE,"cl98fH",0.00939,0.896,"outcome",TRUE,"reported","textfile",3,"107811142",0.002,1.2e-11,"SmoIndex",TRUE,"reported","uRBDLj",2,TRUE,NA
"54","rs329120","C","T","C","T",0.014,0.0135,0.581,0.58151,FALSE,FALSE,FALSE,"cl98fH",0.00949,0.154,"outcome",TRUE,"reported","textfile",5,"133861756",0.002,6.3e-12,"SmoIndex",TRUE,"reported","uRBDLj",2,TRUE,NA
"55","rs34866095","A","G","A","G",-0.012,-0.0177,0.686,0.686714,FALSE,FALSE,FALSE,"cl98fH",0.0102,0.0812,"outcome",TRUE,"reported","textfile",11,"16377356",0.002,1.2e-08,"SmoIndex",TRUE,"reported","uRBDLj",2,TRUE,NA
"56","rs348809","A","G","A","G",-0.012,-0.0199,0.348,0.347138,FALSE,FALSE,FALSE,"cl98fH",0.00982,0.0427,"outcome",TRUE,"reported","textfile",20,"59032097",0.002,1.3e-08,"SmoIndex",TRUE,"reported","uRBDLj",2,TRUE,NA
"57","rs35169606","T","G","T","G",0.013,0.00889,0.612,0.613181,FALSE,FALSE,FALSE,"cl98fH",0.00974,0.361,"outcome",TRUE,"reported","textfile",8,"9604066",0.002,1.2e-09,"SmoIndex",TRUE,"reported","uRBDLj",2,TRUE,NA
"58","rs35175834","G","A","G","A",-0.024,-0.0104,0.788,0.788146,FALSE,FALSE,FALSE,"cl98fH",0.0115,0.364,"outcome",TRUE,"reported","textfile",15,"47680815",0.002,4.6e-22,"SmoIndex",TRUE,"reported","uRBDLj",2,TRUE,NA
"59","rs35343344","C","A","C","A",0.013,0.034,0.733,0.732643,FALSE,FALSE,FALSE,"cl98fH",0.0107,0.00153,"outcome",TRUE,"reported","textfile",19,"18471610",0.002,8.8e-09,"SmoIndex",TRUE,"reported","uRBDLj",2,TRUE,NA
"60","rs359243","T","C","T","C",-0.013,-0.0222,0.393,0.393057,FALSE,FALSE,FALSE,"cl98fH",0.00962,0.0212,"outcome",TRUE,"reported","textfile",2,"60475509",0.002,9.5e-10,"SmoIndex",TRUE,"reported","uRBDLj",2,TRUE,NA
"61","rs369230","G","T","G","T",-0.013,0.00229,0.308,0.311459,FALSE,FALSE,FALSE,"cl98fH",0.0102,0.822,"outcome",TRUE,"reported","textfile",16,"89645437",0.002,1.8e-09,"SmoIndex",TRUE,"reported","uRBDLj",2,TRUE,NA
"62","rs3742365","T","C","T","C",-0.016,0.00406,0.595,0.593471,FALSE,FALSE,FALSE,"cl98fH",0.00955,0.671,"outcome",TRUE,"reported","textfile",14,"104198251",0.002,2.5e-14,"SmoIndex",TRUE,"reported","uRBDLj",2,TRUE,NA
"63","rs3769949","T","A","T","A",-0.012,0.0119,0.528,0.529636,FALSE,TRUE,TRUE,"cl98fH",0.00936,0.202,"outcome",TRUE,"reported","textfile",2,"166199284",0.002,2.5e-09,"SmoIndex",TRUE,"reported","uRBDLj",2,FALSE,NA
"64","rs3811038","T","C","T","C",-0.014,-0.0156,0.724,0.722888,FALSE,FALSE,FALSE,"cl98fH",0.0105,0.139,"outcome",TRUE,"reported","textfile",2,"113240183",0.002,8.9e-10,"SmoIndex",TRUE,"reported","uRBDLj",2,TRUE,NA
"65","rs3896224","A","G","A","G",0.014,0.0106,0.585,0.586898,FALSE,FALSE,FALSE,"cl98fH",0.00958,0.269,"outcome",TRUE,"reported","textfile",10,"106467853",0.002,1.1e-11,"SmoIndex",TRUE,"reported","uRBDLj",2,TRUE,NA
"66","rs421983","T","C","T","C",0.013,0.00577,0.519,0.518355,FALSE,FALSE,FALSE,"cl98fH",0.00937,0.538,"outcome",TRUE,"reported","textfile",3,"84892866",0.002,3.3e-10,"SmoIndex",TRUE,"reported","uRBDLj",2,TRUE,NA
"67","rs4391802","A","G","A","G",0.015,0.0229,0.707,0.707885,FALSE,FALSE,FALSE,"cl98fH",0.0103,0.0266,"outcome",TRUE,"reported","textfile",11,"28674592",0.002,1.4e-11,"SmoIndex",TRUE,"reported","uRBDLj",2,TRUE,NA
"68","rs4473348","A","T","A","T",-0.015,-0.00141,0.25,0.250654,FALSE,TRUE,FALSE,"cl98fH",0.0108,0.896,"outcome",TRUE,"reported","textfile",2,"182073742",0.002,6.4e-11,"SmoIndex",TRUE,"reported","uRBDLj",2,TRUE,NA
"69","rs4543592","T","C","T","C",-0.012,0.01,0.52,0.520726,FALSE,FALSE,FALSE,"cl98fH",0.00937,0.286,"outcome",TRUE,"reported","textfile",9,"3014254",0.002,4.5e-10,"SmoIndex",TRUE,"reported","uRBDLj",2,TRUE,NA
"70","rs4571506","C","T","C","T",0.011,-0.0102,0.54,0.543016,FALSE,FALSE,FALSE,"cl98fH",0.0094,0.276,"outcome",TRUE,"reported","textfile",5,"87756918",0.002,1.5e-08,"SmoIndex",TRUE,"reported","uRBDLj",2,TRUE,NA
"71","rs4671357","T","C","T","C",-0.014,0.00388,0.519,0.519583,FALSE,FALSE,FALSE,"cl98fH",0.0094,0.68,"outcome",TRUE,"reported","textfile",2,"60136176",0.002,1.1e-11,"SmoIndex",TRUE,"reported","uRBDLj",2,TRUE,NA
"72","rs4731925","C","T","C","T",-0.012,-0.0134,0.316,0.316184,FALSE,FALSE,FALSE,"cl98fH",0.01,0.182,"outcome",TRUE,"reported","textfile",7,"132664757",0.002,2.6e-08,"SmoIndex",TRUE,"reported","uRBDLj",2,TRUE,NA
"73","rs4814873","C","T","C","T",0.014,0.0115,0.767,0.767035,FALSE,FALSE,FALSE,"cl98fH",0.0111,0.3,"outcome",TRUE,"reported","textfile",20,"19616429",0.002,2.9e-09,"SmoIndex",TRUE,"reported","uRBDLj",2,TRUE,NA
"74","rs4949465","T","C","T","C",-0.017,-0.0308,0.87,0.870244,FALSE,FALSE,FALSE,"cl98fH",0.0139,0.0272,"outcome",TRUE,"reported","textfile",1,"32178489",0.003,1.7e-08,"SmoIndex",TRUE,"reported","uRBDLj",2,TRUE,NA
"75","rs4957528","A","C","A","C",-0.015,0.0212,0.208,0.208835,FALSE,FALSE,FALSE,"cl98fH",0.0116,0.0687,"outcome",TRUE,"reported","textfile",5,"106420589",0.002,4.2e-09,"SmoIndex",TRUE,"reported","uRBDLj",2,TRUE,NA
"76","rs549845","G","A","G","A",0.016,-0.00129,0.301,0.299582,FALSE,FALSE,FALSE,"cl98fH",0.0102,0.899,"outcome",TRUE,"reported","textfile",1,"44076469",0.002,8.3e-14,"SmoIndex",TRUE,"reported","uRBDLj",2,TRUE,NA
"77","rs57611503","G","A","G","A",0.011,-0.0138,0.485,0.487865,FALSE,FALSE,FALSE,"cl98fH",0.00952,0.147,"outcome",TRUE,"reported","textfile",16,"31165795",0.002,4e-08,"SmoIndex",TRUE,"reported","uRBDLj",2,TRUE,NA
"78","rs6011779","C","T","C","T",0.028,0.0258,0.191,0.190345,FALSE,FALSE,FALSE,"cl98fH",0.0119,0.0307,"outcome",TRUE,"reported","textfile",20,"61984317",0.003,2.3e-27,"SmoIndex",TRUE,"reported","uRBDLj",2,TRUE,NA
"79","rs60952428","T","C","T","C",0.019,0.0507,0.909,0.910099,FALSE,FALSE,FALSE,"cl98fH",0.0164,0.00206,"outcome",TRUE,"reported","textfile",16,"75640521",0.003,3e-08,"SmoIndex",TRUE,"reported","uRBDLj",2,TRUE,NA
"80","rs6119897","G","A","G","A",-0.018,0.00749,0.762,0.762401,FALSE,FALSE,FALSE,"cl98fH",0.011,0.495,"outcome",TRUE,"reported","textfile",20,"31145415",0.002,3.6e-15,"SmoIndex",TRUE,"reported","uRBDLj",2,TRUE,NA
"81","rs61796681","A","T","A","T",-0.019,0.00163,0.912,0.911241,FALSE,TRUE,FALSE,"cl98fH",0.0164,0.921,"outcome",TRUE,"reported","textfile",4,"23678196",0.004,4.2e-08,"SmoIndex",TRUE,"reported","uRBDLj",2,TRUE,NA
"82","rs62098013","G","A","G","A",-0.012,-0.0218,0.64,0.637599,FALSE,FALSE,FALSE,"cl98fH",0.00982,0.0267,"outcome",TRUE,"reported","textfile",18,"50863861",0.002,4.1e-09,"SmoIndex",TRUE,"reported","uRBDLj",2,TRUE,NA
"83","rs62135536","C","T","C","T",0.035,0.0227,0.968,0.967312,FALSE,FALSE,FALSE,"cl98fH",0.0264,0.39,"outcome",TRUE,"reported","textfile",2,"44326028",0.006,8e-10,"SmoIndex",TRUE,"reported","uRBDLj",2,TRUE,NA
"84","rs62155874","A","G","A","G",-0.024,-0.000146,0.873,0.872559,FALSE,FALSE,FALSE,"cl98fH",0.014,0.992,"outcome",TRUE,"reported","textfile",2,"105973094",0.003,5.2e-16,"SmoIndex",TRUE,"reported","uRBDLj",2,TRUE,NA
"85","rs62175972","T","C","T","C",0.031,-0.0198,0.966,0.966175,FALSE,FALSE,FALSE,"cl98fH",0.0261,0.449,"outcome",TRUE,"reported","textfile",2,"161362830",0.006,1.7e-08,"SmoIndex",TRUE,"reported","uRBDLj",2,TRUE,NA
"86","rs624833","T","G","T","G",0.013,0.029,0.695,0.693395,FALSE,FALSE,FALSE,"cl98fH",0.0101,0.00431,"outcome",TRUE,"reported","textfile",4,"2881256",0.002,6.6e-10,"SmoIndex",TRUE,"reported","uRBDLj",2,TRUE,NA
"87","rs6562474","C","G","C","G",0.012,-0.0178,0.651,0.652912,FALSE,TRUE,FALSE,"cl98fH",0.00986,0.0717,"outcome",TRUE,"reported","textfile",13,"67332812",0.002,1e-08,"SmoIndex",TRUE,"reported","uRBDLj",2,TRUE,NA
"88","rs6598539","T","C","T","C",-0.012,-0.00925,0.489,0.488181,FALSE,FALSE,FALSE,"cl98fH",0.00935,0.323,"outcome",TRUE,"reported","textfile",15,"99204483",0.002,4.5e-09,"SmoIndex",TRUE,"reported","uRBDLj",2,TRUE,NA
"89","rs6741228","T","C","T","C",0.011,0.0242,0.433,0.432382,FALSE,FALSE,FALSE,"cl98fH",0.00948,0.0107,"outcome",TRUE,"reported","textfile",2,"22548774",0.002,1.6e-08,"SmoIndex",TRUE,"reported","uRBDLj",2,TRUE,NA
"90","rs67596067","G","A","G","A",-0.013,-0.0126,0.649,0.647783,FALSE,FALSE,FALSE,"cl98fH",0.00982,0.198,"outcome",TRUE,"reported","textfile",17,"50333733",0.002,1.2e-09,"SmoIndex",TRUE,"reported","uRBDLj",2,TRUE,NA
"91","rs6778080","T","C","T","C",0.016,0.0335,0.267,0.268384,FALSE,FALSE,FALSE,"cl98fH",0.0106,0.00153,"outcome",TRUE,"reported","textfile",3,"49317338",0.002,1.3e-12,"SmoIndex",TRUE,"reported","uRBDLj",2,TRUE,NA
"92","rs6779302","G","T","G","T",-0.013,-0.00925,0.633,0.633705,FALSE,FALSE,FALSE,"cl98fH",0.00971,0.341,"outcome",TRUE,"reported","textfile",3,"16859710",0.002,1.2e-09,"SmoIndex",TRUE,"reported","uRBDLj",2,TRUE,NA
"93","rs6935954","A","G","A","G",0.014,0.0132,0.421,0.425124,FALSE,FALSE,FALSE,"cl98fH",0.00944,0.161,"outcome",TRUE,"reported","textfile",6,"26255451",0.002,8.2e-12,"SmoIndex",TRUE,"reported","uRBDLj",2,TRUE,NA
"94","rs6957896","C","T","C","T",-0.011,-0.00502,0.503,0.50417,FALSE,FALSE,FALSE,"cl98fH",0.00936,0.592,"outcome",TRUE,"reported","textfile",7,"132309592",0.002,4.5e-08,"SmoIndex",TRUE,"reported","uRBDLj",2,TRUE,NA
"95","rs6962772","A","G","A","G",0.016,0.0126,0.846,0.845848,FALSE,FALSE,FALSE,"cl98fH",0.013,0.329,"outcome",TRUE,"reported","textfile",7,"99081730",0.003,7.8e-09,"SmoIndex",TRUE,"reported","uRBDLj",2,TRUE,NA
"96","rs7039819","G","A","G","A",0.013,-0.00196,0.427,0.428637,FALSE,FALSE,FALSE,"cl98fH",0.00947,0.836,"outcome",TRUE,"reported","textfile",9,"82430418",0.002,5.1e-10,"SmoIndex",TRUE,"reported","uRBDLj",2,TRUE,NA
"97","rs7077678","C","T","C","T",0.012,-0.0177,0.623,0.622366,FALSE,FALSE,FALSE,"cl98fH",0.00968,0.0681,"outcome",TRUE,"reported","textfile",10,"104438565",0.002,2.6e-09,"SmoIndex",TRUE,"reported","uRBDLj",2,TRUE,NA
"98","rs71367545","G","A","G","A",-0.015,-0.0334,0.791,0.789989,FALSE,FALSE,FALSE,"cl98fH",0.0115,0.00358,"outcome",TRUE,"reported","textfile",18,"77576337",0.002,1.4e-09,"SmoIndex",TRUE,"reported","uRBDLj",2,TRUE,NA
"99","rs7155595","A","C","A","C",-0.013,0.00218,0.674,0.674341,FALSE,FALSE,FALSE,"cl98fH",0.01,0.827,"outcome",TRUE,"reported","textfile",14,"77502546",0.002,2.5e-09,"SmoIndex",TRUE,"reported","uRBDLj",2,TRUE,NA
"100","rs71627581","G","A","G","A",0.019,0.0211,0.889,0.887584,FALSE,FALSE,FALSE,"cl98fH",0.0148,0.152,"outcome",TRUE,"reported","textfile",5,"43161351",0.003,1.6e-09,"SmoIndex",TRUE,"reported","uRBDLj",2,TRUE,NA
"101","rs72674867","A","T","A","T",0.013,0.00747,0.765,0.765055,FALSE,TRUE,FALSE,"cl98fH",0.011,0.498,"outcome",TRUE,"reported","textfile",8,"95578201",0.002,3.8e-08,"SmoIndex",TRUE,"reported","uRBDLj",2,TRUE,NA
"102","rs72678864","G","A","G","A",0.018,-0.00352,0.829,0.826343,FALSE,FALSE,FALSE,"cl98fH",0.0123,0.775,"outcome",TRUE,"reported","textfile",4,"112422145",0.003,1.6e-11,"SmoIndex",TRUE,"reported","uRBDLj",2,TRUE,NA
"103","rs7297175","T","C","T","C",-0.012,-0.0228,0.431,0.433442,FALSE,FALSE,FALSE,"cl98fH",0.00944,0.0158,"outcome",TRUE,"reported","textfile",12,"56473808",0.002,6.6e-09,"SmoIndex",TRUE,"reported","uRBDLj",2,TRUE,NA
"104","rs732083","G","A","G","A",0.012,0.0072,0.333,0.333124,FALSE,FALSE,FALSE,"cl98fH",0.00995,0.469,"outcome",TRUE,"reported","textfile",17,"37834367",0.002,1.5e-08,"SmoIndex",TRUE,"reported","uRBDLj",2,TRUE,NA
"105","rs73220544","A","C","A","C",-0.016,-0.00848,0.842,0.842074,FALSE,FALSE,FALSE,"cl98fH",0.0129,0.511,"outcome",TRUE,"reported","textfile",3,"131074511",0.003,1.5e-08,"SmoIndex",TRUE,"reported","uRBDLj",2,TRUE,NA
"106","rs7333559","G","A","G","A",0.015,0.00301,0.212,0.209449,FALSE,FALSE,FALSE,"cl98fH",0.0115,0.794,"outcome",TRUE,"reported","textfile",13,"100546450",0.002,3.2e-10,"SmoIndex",TRUE,"reported","uRBDLj",2,TRUE,NA
"107","rs74086911","G","A","G","A",0.021,0.0569,0.925,0.925569,FALSE,FALSE,FALSE,"cl98fH",0.0178,0.00144,"outcome",TRUE,"reported","textfile",12,"50015942",0.004,2.1e-08,"SmoIndex",TRUE,"reported","uRBDLj",2,TRUE,NA
"108","rs7519626","C","T","C","T",0.012,0.00614,0.324,0.32188,FALSE,FALSE,FALSE,"cl98fH",0.01,0.539,"outcome",TRUE,"reported","textfile",1,"99514554",0.002,1.2e-08,"SmoIndex",TRUE,"reported","uRBDLj",2,TRUE,NA
"109","rs7528604","G","A","G","A",0.014,-0.00806,0.566,0.566548,FALSE,FALSE,FALSE,"cl98fH",0.00947,0.395,"outcome",TRUE,"reported","textfile",1,"66407352",0.002,5.7e-12,"SmoIndex",TRUE,"reported","uRBDLj",2,TRUE,NA
"110","rs7553348","G","A","G","A",0.014,0.00694,0.438,0.438108,FALSE,FALSE,FALSE,"cl98fH",0.00943,0.462,"outcome",TRUE,"reported","textfile",1,"75005067",0.002,5.2e-12,"SmoIndex",TRUE,"reported","uRBDLj",2,TRUE,NA
"111","rs7569203","A","C","A","C",-0.016,-0.0253,0.689,0.69017,FALSE,FALSE,FALSE,"cl98fH",0.0101,0.0127,"outcome",TRUE,"reported","textfile",2,"45154418",0.002,7.4e-13,"SmoIndex",TRUE,"reported","uRBDLj",2,TRUE,NA
"112","rs75742406","G","A","G","A",0.014,0.00832,0.739,0.736129,FALSE,FALSE,FALSE,"cl98fH",0.0107,0.435,"outcome",TRUE,"reported","textfile",11,"17070365",0.002,1.3e-09,"SmoIndex",TRUE,"reported","uRBDLj",2,TRUE,NA
"113","rs76608582","C","A","C","A",0.031,0.0438,0.953,0.952047,FALSE,FALSE,FALSE,"cl98fH",0.0231,0.0573,"outcome",TRUE,"reported","textfile",19,"4474725",0.005,3.2e-10,"SmoIndex",TRUE,"reported","uRBDLj",2,TRUE,NA
"114","rs775758","A","T","A","T",0.012,-0.0131,0.433,0.432981,FALSE,TRUE,TRUE,"cl98fH",0.00948,0.167,"outcome",TRUE,"reported","textfile",3,"77582005",0.002,1.1e-08,"SmoIndex",TRUE,"reported","uRBDLj",2,FALSE,NA
"115","rs7766610","C","A","C","A",0.018,0.00222,0.183,0.182152,FALSE,FALSE,FALSE,"cl98fH",0.0121,0.855,"outcome",TRUE,"reported","textfile",6,"111707821",0.003,2.2e-12,"SmoIndex",TRUE,"reported","uRBDLj",2,TRUE,NA
"116","rs7807019","A","G","A","G",-0.015,-0.00587,0.54,0.539295,FALSE,FALSE,FALSE,"cl98fH",0.00939,0.532,"outcome",TRUE,"reported","textfile",7,"117543063",0.002,6.7e-14,"SmoIndex",TRUE,"reported","uRBDLj",2,TRUE,NA
"117","rs8042134","T","G","T","G",-0.014,-0.00822,0.541,0.541088,FALSE,FALSE,FALSE,"cl98fH",0.00944,0.384,"outcome",TRUE,"reported","textfile",15,"97514404",0.002,1.3e-12,"SmoIndex",TRUE,"reported","uRBDLj",2,TRUE,NA
"118","rs8042849","T","C","T","C",0.028,-0.0137,0.342,0.659061,FALSE,FALSE,FALSE,"cl98fH",0.00988,0.167,"outcome",TRUE,"reported","textfile",15,"78817929",0.002,1.8e-39,"SmoIndex",TRUE,"reported","uRBDLj",2,TRUE,NA
"119","rs860326","C","T","C","T",0.012,0.00251,0.428,0.428147,FALSE,FALSE,FALSE,"cl98fH",0.00947,0.791,"outcome",TRUE,"reported","textfile",14,"57342912",0.002,2.7e-09,"SmoIndex",TRUE,"reported","uRBDLj",2,TRUE,NA
"120","rs8614","C","A","C","A",-0.017,0.00672,0.817,0.818134,FALSE,FALSE,FALSE,"cl98fH",0.0121,0.579,"outcome",TRUE,"reported","textfile",17,"27588806",0.003,1.8e-10,"SmoIndex",TRUE,"reported","uRBDLj",2,TRUE,NA
"121","rs889398","C","T","C","T",0.013,0.00916,0.588,0.586999,FALSE,FALSE,FALSE,"cl98fH",0.00954,0.337,"outcome",TRUE,"reported","textfile",16,"69556715",0.002,6.3e-11,"SmoIndex",TRUE,"reported","uRBDLj",2,TRUE,NA
"122","rs9435340","T","A","T","A",0.012,0.0201,0.344,0.344992,FALSE,TRUE,FALSE,"cl98fH",0.00988,0.0419,"outcome",TRUE,"reported","textfile",1,"107593201",0.002,1.2e-08,"SmoIndex",TRUE,"reported","uRBDLj",2,TRUE,NA
"123","rs9842947","C","T","C","T",-0.013,0.00436,0.326,0.328994,FALSE,FALSE,FALSE,"cl98fH",0.00997,0.662,"outcome",TRUE,"reported","textfile",3,"157412246",0.002,3.1e-09,"SmoIndex",TRUE,"reported","uRBDLj",2,TRUE,NA
"124","rs986391","G","A","G","A",0.016,-0.00125,0.367,0.366793,FALSE,FALSE,FALSE,"cl98fH",0.00971,0.898,"outcome",TRUE,"reported","textfile",5,"166993972",0.002,9.4e-15,"SmoIndex",TRUE,"reported","uRBDLj",2,TRUE,NA
"125","rs9904288","T","C","T","C",0.012,0.0031,0.708,0.710252,FALSE,FALSE,FALSE,"cl98fH",0.0103,0.763,"outcome",TRUE,"reported","textfile",17,"47031973",0.002,3.1e-08,"SmoIndex",TRUE,"reported","uRBDLj",2,TRUE,NA
"126","rs9919670","G","A","G","A",-0.022,-0.00529,0.612,0.614997,FALSE,FALSE,FALSE,"cl98fH",0.00959,0.582,"outcome",TRUE,"reported","textfile",11,"112877304",0.002,7.6e-27,"SmoIndex",TRUE,"reported","uRBDLj",2,TRUE,NA
