"","SNP","effect_allele.exposure","other_allele.exposure","effect_allele.outcome","other_allele.outcome","beta.exposure","beta.outcome","eaf.exposure","eaf.outcome","remove","palindromic","ambiguous","id.outcome","se.outcome","pval.outcome","outcome","mr_keep.outcome","pval_origin.outcome","data_source.outcome","chr.exposure","pos.exposure","se.exposure","pval.exposure","exposure","mr_keep.exposure","pval_origin.exposure","id.exposure","action","mr_keep","samplesize.outcome"
"1","rs10052591","T","C","T","C",0.012,-0.0158,0.573,0.571489,FALSE,FALSE,FALSE,"2ktUpi",0.0265,0.552,"outcome",TRUE,"reported","textfile",5,"50812738",0.002,2.1e-09,"SmoIndex",TRUE,"reported","uRBDLj",2,TRUE,NA
"2","rs10226228","A","G","A","G",-0.016,-0.0224,0.63,0.630148,FALSE,FALSE,FALSE,"2ktUpi",0.0271,0.408,"outcome",TRUE,"reported","textfile",7,"32315613",0.002,2e-15,"SmoIndex",TRUE,"reported","uRBDLj",2,TRUE,NA
"3","rs10282292","C","T","C","T",0.013,-0.0108,0.362,0.358971,FALSE,FALSE,FALSE,"2ktUpi",0.0273,0.692,"outcome",TRUE,"reported","textfile",7,"111092478",0.002,5.9e-10,"SmoIndex",TRUE,"reported","uRBDLj",2,TRUE,NA
"4","rs1050847","C","T","C","T",0.011,0.034,0.426,0.420166,FALSE,FALSE,FALSE,"2ktUpi",0.0266,0.2,"outcome",TRUE,"reported","textfile",16,"87443734",0.002,1.4e-08,"SmoIndex",TRUE,"reported","uRBDLj",2,TRUE,NA
"5","rs10823968","A","T","A","T",0.012,-0.0394,0.633,0.633256,FALSE,TRUE,FALSE,"2ktUpi",0.0274,0.15,"outcome",TRUE,"reported","textfile",10,"74738269",0.002,2.1e-08,"SmoIndex",TRUE,"reported","uRBDLj",2,TRUE,NA
"6","rs10879871","T","G","T","G",-0.014,0.0132,0.343,0.340372,FALSE,FALSE,FALSE,"2ktUpi",0.0276,0.632,"outcome",TRUE,"reported","textfile",12,"75380511",0.002,5e-11,"SmoIndex",TRUE,"reported","uRBDLj",2,TRUE,NA
"7","rs10918701","G","A","G","A",0.012,-0.00357,0.372,0.369618,FALSE,FALSE,FALSE,"2ktUpi",0.0271,0.895,"outcome",TRUE,"reported","textfile",1,"162090536",0.002,2.1e-08,"SmoIndex",TRUE,"reported","uRBDLj",2,TRUE,NA
"8","rs10922907","A","T","A","T",0.015,-0.00435,0.451,0.450478,FALSE,TRUE,TRUE,"2ktUpi",0.0263,0.869,"outcome",TRUE,"reported","textfile",1,"91193049",0.002,3e-13,"SmoIndex",TRUE,"reported","uRBDLj",2,FALSE,NA
"9","rs11210229","A","G","A","G",0.017,0.0513,0.384,0.381229,FALSE,FALSE,FALSE,"2ktUpi",0.027,0.057,"outcome",TRUE,"reported","textfile",1,"73860028",0.002,2e-16,"SmoIndex",TRUE,"reported","uRBDLj",2,TRUE,NA
"10","rs112282219","G","A","G","A",-0.033,0.0475,0.959,0.95832,FALSE,FALSE,FALSE,"2ktUpi",0.0659,0.471,"outcome",TRUE,"reported","textfile",11,"46632809",0.005,3.8e-11,"SmoIndex",TRUE,"reported","uRBDLj",2,TRUE,NA
"11","rs11255908","T","G","T","G",-0.015,-0.00947,0.743,0.746408,FALSE,FALSE,FALSE,"2ktUpi",0.03,0.752,"outcome",TRUE,"reported","textfile",10,"8802912",0.002,2.3e-10,"SmoIndex",TRUE,"reported","uRBDLj",2,TRUE,NA
"12","rs113382419","C","A","C","A",-0.041,0.00205,0.889,0.887899,FALSE,FALSE,FALSE,"2ktUpi",0.0416,0.961,"outcome",TRUE,"reported","textfile",9,"136463019",0.003,3e-37,"SmoIndex",TRUE,"reported","uRBDLj",2,TRUE,NA
"13","rs11768481","C","A","C","A",0.013,0.0181,0.666,0.667326,FALSE,FALSE,FALSE,"2ktUpi",0.0278,0.515,"outcome",TRUE,"reported","textfile",7,"96629103",0.002,9.9e-10,"SmoIndex",TRUE,"reported","uRBDLj",2,TRUE,NA
"14","rs11783093","C","T","C","T",0.023,-0.00631,0.839,0.838239,FALSE,FALSE,FALSE,"2ktUpi",0.0358,0.86,"outcome",TRUE,"reported","textfile",8,"27425349",0.003,1.2e-16,"SmoIndex",TRUE,"reported","uRBDLj",2,TRUE,NA
"15","rs11861214","G","T","G","T",0.014,0.0442,0.784,0.784163,FALSE,FALSE,FALSE,"2ktUpi",0.0317,0.163,"outcome",TRUE,"reported","textfile",16,"746611",0.002,2e-08,"SmoIndex",TRUE,"reported","uRBDLj",2,TRUE,NA
"16","rs1193237","G","C","G","C",-0.011,0.0477,0.439,0.439514,FALSE,TRUE,TRUE,"2ktUpi",0.0264,0.0709,"outcome",TRUE,"reported","textfile",1,"7526486",0.002,2.8e-08,"SmoIndex",TRUE,"reported","uRBDLj",2,FALSE,NA
"17","rs11948770","T","C","T","C",-0.015,-0.00759,0.768,0.768795,FALSE,FALSE,FALSE,"2ktUpi",0.0311,0.807,"outcome",TRUE,"reported","textfile",5,"13246336",0.002,4.9e-10,"SmoIndex",TRUE,"reported","uRBDLj",2,TRUE,NA
"18","rs12202536","A","G","A","G",-0.012,-0.00419,0.513,0.512338,FALSE,FALSE,FALSE,"2ktUpi",0.0262,0.873,"outcome",TRUE,"reported","textfile",6,"67475273",0.002,2.8e-09,"SmoIndex",TRUE,"reported","uRBDLj",2,TRUE,NA
"19","rs1221148","C","G","C","G",0.013,-0.00984,0.587,0.586122,FALSE,TRUE,FALSE,"2ktUpi",0.0265,0.711,"outcome",TRUE,"reported","textfile",9,"122046875",0.002,7.3e-11,"SmoIndex",TRUE,"reported","uRBDLj",2,TRUE,NA
"20","rs12244388","G","A","G","A",-0.019,0.0474,0.661,0.664048,FALSE,FALSE,FALSE,"2ktUpi",0.0277,0.0873,"outcome",TRUE,"reported","textfile",10,"104640052",0.002,1.4e-19,"SmoIndex",TRUE,"reported","uRBDLj",2,TRUE,NA
"21","rs1246265","T","C","T","C",-0.013,-0.033,0.305,0.304249,FALSE,FALSE,FALSE,"2ktUpi",0.0284,0.246,"outcome",TRUE,"reported","textfile",9,"86761745",0.002,4.2e-09,"SmoIndex",TRUE,"reported","uRBDLj",2,TRUE,NA
"22","rs12481282","G","C","G","C",-0.013,0.00355,0.722,0.721827,FALSE,TRUE,FALSE,"2ktUpi",0.0291,0.903,"outcome",TRUE,"reported","textfile",20,"44761377",0.002,7.8e-09,"SmoIndex",TRUE,"reported","uRBDLj",2,TRUE,NA
"23","rs12623702","A","G","A","G",-0.014,-0.00914,0.613,0.612808,FALSE,FALSE,FALSE,"2ktUpi",0.0269,0.734,"outcome",TRUE,"reported","textfile",2,"202885506",0.002,7.7e-12,"SmoIndex",TRUE,"reported","uRBDLj",2,TRUE,NA
"24","rs12708665","A","G","A","G",-0.013,-0.0382,0.285,0.284079,FALSE,FALSE,FALSE,"2ktUpi",0.0291,0.189,"outcome",TRUE,"reported","textfile",16,"24728227",0.002,3.5e-09,"SmoIndex",TRUE,"reported","uRBDLj",2,TRUE,NA
"25","rs12831617","C","T","C","T",-0.013,0.00724,0.764,0.766004,FALSE,FALSE,FALSE,"2ktUpi",0.0309,0.815,"outcome",TRUE,"reported","textfile",12,"84758368",0.002,1.9e-08,"SmoIndex",TRUE,"reported","uRBDLj",2,TRUE,NA
"26","rs12967855","A","G","A","G",0.012,-0.0136,0.331,0.330703,FALSE,FALSE,FALSE,"2ktUpi",0.0279,0.628,"outcome",TRUE,"reported","textfile",18,"35138245",0.002,3.1e-08,"SmoIndex",TRUE,"reported","uRBDLj",2,TRUE,NA
"27","rs13009008","A","G","A","G",0.012,0.0448,0.328,0.325249,FALSE,FALSE,FALSE,"2ktUpi",0.0278,0.107,"outcome",TRUE,"reported","textfile",2,"174043233",0.002,4.6e-09,"SmoIndex",TRUE,"reported","uRBDLj",2,TRUE,NA
"28","rs13016665","C","A","C","A",-0.012,-0.0265,0.577,0.576484,FALSE,FALSE,FALSE,"2ktUpi",0.0267,0.32,"outcome",TRUE,"reported","textfile",2,"57995348",0.002,1.8e-09,"SmoIndex",TRUE,"reported","uRBDLj",2,TRUE,NA
"29","rs13153393","A","G","A","G",-0.02,0.0472,0.884,0.88419,FALSE,FALSE,FALSE,"2ktUpi",0.0409,0.248,"outcome",TRUE,"reported","textfile",5,"167604213",0.003,2.5e-10,"SmoIndex",TRUE,"reported","uRBDLj",2,TRUE,NA
"30","rs13296519","G","T","G","T",-0.014,-0.043,0.606,0.60568,FALSE,FALSE,FALSE,"2ktUpi",0.0267,0.107,"outcome",TRUE,"reported","textfile",9,"128471924",0.002,8.1e-12,"SmoIndex",TRUE,"reported","uRBDLj",2,TRUE,NA
"31","rs136233","A","G","A","G",-0.014,-0.000748,0.809,0.807939,FALSE,FALSE,FALSE,"2ktUpi",0.0333,0.982,"outcome",TRUE,"reported","textfile",22,"31212410",0.003,1.8e-08,"SmoIndex",TRUE,"reported","uRBDLj",2,TRUE,NA
"32","rs147412694","G","A","G","A",-0.017,-0.068,0.85,0.850103,FALSE,FALSE,FALSE,"2ktUpi",0.0368,0.0648,"outcome",TRUE,"reported","textfile",21,"40702786",0.003,2.9e-09,"SmoIndex",TRUE,"reported","uRBDLj",2,TRUE,NA
"33","rs17309874","G","A","G","A",-0.016,0.00726,0.74,0.736803,FALSE,FALSE,FALSE,"2ktUpi",0.0298,0.807,"outcome",TRUE,"reported","textfile",11,"27667236",0.002,9.7e-13,"SmoIndex",TRUE,"reported","uRBDLj",2,TRUE,NA
"34","rs17553262","A","C","A","C",-0.018,-0.039,0.885,0.883837,FALSE,FALSE,FALSE,"2ktUpi",0.0409,0.34,"outcome",TRUE,"reported","textfile",10,"92912773",0.003,5.3e-09,"SmoIndex",TRUE,"reported","uRBDLj",2,TRUE,NA
"35","rs17576594","G","A","G","A",0.016,0.0161,0.724,0.722715,FALSE,FALSE,FALSE,"2ktUpi",0.0293,0.583,"outcome",TRUE,"reported","textfile",4,"147952241",0.002,1.7e-12,"SmoIndex",TRUE,"reported","uRBDLj",2,TRUE,NA
"36","rs1922018","C","T","C","T",0.014,0.042,0.364,0.366032,FALSE,FALSE,FALSE,"2ktUpi",0.0271,0.121,"outcome",TRUE,"reported","textfile",7,"3560401",0.002,3e-12,"SmoIndex",TRUE,"reported","uRBDLj",2,TRUE,NA
"37","rs1931263","G","T","G","T",-0.011,-0.0198,0.51,0.509653,FALSE,FALSE,FALSE,"2ktUpi",0.0261,0.449,"outcome",TRUE,"reported","textfile",1,"96175101",0.002,4e-08,"SmoIndex",TRUE,"reported","uRBDLj",2,TRUE,NA
"38","rs1933270","T","G","T","G",0.013,-0.0145,0.364,0.363388,FALSE,FALSE,FALSE,"2ktUpi",0.0271,0.594,"outcome",TRUE,"reported","textfile",1,"49977965",0.002,1.5e-10,"SmoIndex",TRUE,"reported","uRBDLj",2,TRUE,NA
"39","rs202645","A","G","A","G",-0.015,-0.0426,0.203,0.201877,FALSE,FALSE,FALSE,"2ktUpi",0.0326,0.192,"outcome",TRUE,"reported","textfile",22,"41798520",0.002,3.9e-09,"SmoIndex",TRUE,"reported","uRBDLj",2,TRUE,NA
"40","rs2062882","G","A","G","A",-0.012,0.0154,0.587,0.587445,FALSE,FALSE,FALSE,"2ktUpi",0.0268,0.565,"outcome",TRUE,"reported","textfile",8,"91839576",0.002,1.1e-08,"SmoIndex",TRUE,"reported","uRBDLj",2,TRUE,NA
"41","rs2080870","A","T","A","T",0.012,0.00162,0.258,0.258684,FALSE,TRUE,FALSE,"2ktUpi",0.0298,0.957,"outcome",TRUE,"reported","textfile",5,"60388313",0.002,4.9e-08,"SmoIndex",TRUE,"reported","uRBDLj",2,TRUE,NA
"42","rs2254710","C","A","C","A",0.013,0.0222,0.236,0.237468,FALSE,FALSE,FALSE,"2ktUpi",0.0307,0.469,"outcome",TRUE,"reported","textfile",6,"37477000",0.002,3.5e-08,"SmoIndex",TRUE,"reported","uRBDLj",2,TRUE,NA
"43","rs2401924","G","C","G","C",0.015,0.00834,0.502,0.501873,FALSE,TRUE,TRUE,"2ktUpi",0.0262,0.75,"outcome",TRUE,"reported","textfile",7,"115057862",0.002,2.7e-14,"SmoIndex",TRUE,"reported","uRBDLj",2,FALSE,NA
"44","rs245774","A","G","A","G",-0.013,0.00551,0.272,0.271452,FALSE,FALSE,FALSE,"2ktUpi",0.0295,0.852,"outcome",TRUE,"reported","textfile",5,"170530930",0.002,7.4e-09,"SmoIndex",TRUE,"reported","uRBDLj",2,TRUE,NA
"45","rs2675638","G","A","G","A",0.012,0.0701,0.581,0.58097,FALSE,FALSE,FALSE,"2ktUpi",0.0264,0.00795,"outcome",TRUE,"reported","textfile",10,"63576286",0.002,1.3e-09,"SmoIndex",TRUE,"reported","uRBDLj",2,TRUE,NA
"46","rs2678670","A","T","A","T",0.013,0.00607,0.486,0.488598,FALSE,TRUE,TRUE,"2ktUpi",0.0262,0.817,"outcome",TRUE,"reported","textfile",2,"104469564",0.002,3.1e-10,"SmoIndex",TRUE,"reported","uRBDLj",2,FALSE,NA
"47","rs2838834","C","T","C","T",-0.013,0.00628,0.699,0.699163,FALSE,FALSE,FALSE,"2ktUpi",0.0285,0.826,"outcome",TRUE,"reported","textfile",21,"46665208",0.002,6.3e-10,"SmoIndex",TRUE,"reported","uRBDLj",2,TRUE,NA
"48","rs28485305","C","T","C","T",0.012,0.0415,0.631,0.632425,FALSE,FALSE,FALSE,"2ktUpi",0.0272,0.127,"outcome",TRUE,"reported","textfile",15,"74044197",0.002,2.6e-08,"SmoIndex",TRUE,"reported","uRBDLj",2,TRUE,NA
"49","rs2867112","T","G","T","G",0.021,0.0417,0.835,0.835579,FALSE,FALSE,FALSE,"2ktUpi",0.0356,0.242,"outcome",TRUE,"reported","textfile",2,"651349",0.003,4.8e-15,"SmoIndex",TRUE,"reported","uRBDLj",2,TRUE,NA
"50","rs2890772","G","T","G","T",-0.02,0.019,0.413,0.411059,FALSE,FALSE,FALSE,"2ktUpi",0.0266,0.475,"outcome",TRUE,"reported","textfile",2,"146175106",0.002,2.1e-22,"SmoIndex",TRUE,"reported","uRBDLj",2,TRUE,NA
"51","rs2894808","T","A","T","A",-0.022,-0.015,0.922,0.922346,FALSE,TRUE,FALSE,"2ktUpi",0.0495,0.762,"outcome",TRUE,"reported","textfile",6,"52861990",0.004,3.5e-09,"SmoIndex",TRUE,"reported","uRBDLj",2,TRUE,NA
"52","rs317021","T","A","T","A",-0.017,-0.0534,0.814,0.812175,FALSE,TRUE,FALSE,"2ktUpi",0.0336,0.112,"outcome",TRUE,"reported","textfile",4,"35418368",0.003,1.1e-10,"SmoIndex",TRUE,"reported","uRBDLj",2,TRUE,NA
"53","rs326341","G","A","G","A",0.014,0.0124,0.525,0.523857,FALSE,FALSE,FALSE,"2ktUpi",0.0263,0.638,"outcome",TRUE,"reported","textfile",3,"107811142",0.002,1.2e-11,"SmoIndex",TRUE,"reported","uRBDLj",2,TRUE,NA
"54","rs329120","C","T","C","T",0.014,0.0272,0.581,0.581769,FALSE,FALSE,FALSE,"2ktUpi",0.0265,0.306,"outcome",TRUE,"reported","textfile",5,"133861756",0.002,6.3e-12,"SmoIndex",TRUE,"reported","uRBDLj",2,TRUE,NA
"55","rs34866095","A","G","A","G",-0.012,-0.0308,0.686,0.686264,FALSE,FALSE,FALSE,"2ktUpi",0.0284,0.279,"outcome",TRUE,"reported","textfile",11,"16377356",0.002,1.2e-08,"SmoIndex",TRUE,"reported","uRBDLj",2,TRUE,NA
"56","rs348809","A","G","A","G",-0.012,-0.0217,0.348,0.346866,FALSE,FALSE,FALSE,"2ktUpi",0.0275,0.429,"outcome",TRUE,"reported","textfile",20,"59032097",0.002,1.3e-08,"SmoIndex",TRUE,"reported","uRBDLj",2,TRUE,NA
"57","rs35169606","T","G","T","G",0.013,0.0202,0.612,0.613317,FALSE,FALSE,FALSE,"2ktUpi",0.0272,0.459,"outcome",TRUE,"reported","textfile",8,"9604066",0.002,1.2e-09,"SmoIndex",TRUE,"reported","uRBDLj",2,TRUE,NA
"58","rs35175834","G","A","G","A",-0.024,-0.0315,0.788,0.78806,FALSE,FALSE,FALSE,"2ktUpi",0.032,0.325,"outcome",TRUE,"reported","textfile",15,"47680815",0.002,4.6e-22,"SmoIndex",TRUE,"reported","uRBDLj",2,TRUE,NA
"59","rs35343344","C","A","C","A",0.013,0.0537,0.733,0.732951,FALSE,FALSE,FALSE,"2ktUpi",0.03,0.0738,"outcome",TRUE,"reported","textfile",19,"18471610",0.002,8.8e-09,"SmoIndex",TRUE,"reported","uRBDLj",2,TRUE,NA
"60","rs359243","T","C","T","C",-0.013,-0.048,0.393,0.39279,FALSE,FALSE,FALSE,"2ktUpi",0.0269,0.0749,"outcome",TRUE,"reported","textfile",2,"60475509",0.002,9.5e-10,"SmoIndex",TRUE,"reported","uRBDLj",2,TRUE,NA
"61","rs369230","G","T","G","T",-0.013,0.0357,0.308,0.311597,FALSE,FALSE,FALSE,"2ktUpi",0.0284,0.208,"outcome",TRUE,"reported","textfile",16,"89645437",0.002,1.8e-09,"SmoIndex",TRUE,"reported","uRBDLj",2,TRUE,NA
"62","rs3742365","T","C","T","C",-0.016,-0.0669,0.595,0.593207,FALSE,FALSE,FALSE,"2ktUpi",0.0267,0.0122,"outcome",TRUE,"reported","textfile",14,"104198251",0.002,2.5e-14,"SmoIndex",TRUE,"reported","uRBDLj",2,TRUE,NA
"63","rs3769949","T","A","T","A",-0.012,0.00586,0.528,0.529057,FALSE,TRUE,TRUE,"2ktUpi",0.0261,0.823,"outcome",TRUE,"reported","textfile",2,"166199284",0.002,2.5e-09,"SmoIndex",TRUE,"reported","uRBDLj",2,FALSE,NA
"64","rs3811038","T","C","T","C",-0.014,0.00544,0.724,0.722736,FALSE,FALSE,FALSE,"2ktUpi",0.0295,0.854,"outcome",TRUE,"reported","textfile",2,"113240183",0.002,8.9e-10,"SmoIndex",TRUE,"reported","uRBDLj",2,TRUE,NA
"65","rs3896224","A","G","A","G",0.014,0.0132,0.585,0.587497,FALSE,FALSE,FALSE,"2ktUpi",0.0268,0.624,"outcome",TRUE,"reported","textfile",10,"106467853",0.002,1.1e-11,"SmoIndex",TRUE,"reported","uRBDLj",2,TRUE,NA
"66","rs421983","T","C","T","C",0.013,-0.0154,0.519,0.518574,FALSE,FALSE,FALSE,"2ktUpi",0.0262,0.557,"outcome",TRUE,"reported","textfile",3,"84892866",0.002,3.3e-10,"SmoIndex",TRUE,"reported","uRBDLj",2,TRUE,NA
"67","rs4391802","A","G","A","G",0.015,0.00566,0.707,0.708179,FALSE,FALSE,FALSE,"2ktUpi",0.0288,0.844,"outcome",TRUE,"reported","textfile",11,"28674592",0.002,1.4e-11,"SmoIndex",TRUE,"reported","uRBDLj",2,TRUE,NA
"68","rs4473348","A","T","A","T",-0.015,-0.0349,0.25,0.250478,FALSE,TRUE,FALSE,"2ktUpi",0.0301,0.247,"outcome",TRUE,"reported","textfile",2,"182073742",0.002,6.4e-11,"SmoIndex",TRUE,"reported","uRBDLj",2,TRUE,NA
"69","rs4543592","T","C","T","C",-0.012,-0.0459,0.52,0.520435,FALSE,FALSE,FALSE,"2ktUpi",0.0262,0.0796,"outcome",TRUE,"reported","textfile",9,"3014254",0.002,4.5e-10,"SmoIndex",TRUE,"reported","uRBDLj",2,TRUE,NA
"70","rs4571506","C","T","C","T",0.011,0.0292,0.54,0.543106,FALSE,FALSE,FALSE,"2ktUpi",0.0263,0.266,"outcome",TRUE,"reported","textfile",5,"87756918",0.002,1.5e-08,"SmoIndex",TRUE,"reported","uRBDLj",2,TRUE,NA
"71","rs4671357","T","C","T","C",-0.014,-0.0182,0.519,0.519084,FALSE,FALSE,FALSE,"2ktUpi",0.0263,0.488,"outcome",TRUE,"reported","textfile",2,"60136176",0.002,1.1e-11,"SmoIndex",TRUE,"reported","uRBDLj",2,TRUE,NA
"72","rs4731925","C","T","C","T",-0.012,-0.0611,0.316,0.316338,FALSE,FALSE,FALSE,"2ktUpi",0.0281,0.0296,"outcome",TRUE,"reported","textfile",7,"132664757",0.002,2.6e-08,"SmoIndex",TRUE,"reported","uRBDLj",2,TRUE,NA
"73","rs4814873","C","T","C","T",0.014,0.0181,0.767,0.767077,FALSE,FALSE,FALSE,"2ktUpi",0.031,0.559,"outcome",TRUE,"reported","textfile",20,"19616429",0.002,2.9e-09,"SmoIndex",TRUE,"reported","uRBDLj",2,TRUE,NA
"74","rs4949465","T","C","T","C",-0.017,-0.0973,0.87,0.870122,FALSE,FALSE,FALSE,"2ktUpi",0.0389,0.0123,"outcome",TRUE,"reported","textfile",1,"32178489",0.003,1.7e-08,"SmoIndex",TRUE,"reported","uRBDLj",2,TRUE,NA
"75","rs4957528","A","C","A","C",-0.015,0.00562,0.208,0.209014,FALSE,FALSE,FALSE,"2ktUpi",0.0327,0.863,"outcome",TRUE,"reported","textfile",5,"106420589",0.002,4.2e-09,"SmoIndex",TRUE,"reported","uRBDLj",2,TRUE,NA
"76","rs549845","G","A","G","A",0.016,0.0159,0.301,0.29956,FALSE,FALSE,FALSE,"2ktUpi",0.0285,0.578,"outcome",TRUE,"reported","textfile",1,"44076469",0.002,8.3e-14,"SmoIndex",TRUE,"reported","uRBDLj",2,TRUE,NA
"77","rs57611503","G","A","G","A",0.011,0.0589,0.485,0.488015,FALSE,FALSE,FALSE,"2ktUpi",0.0266,0.0269,"outcome",TRUE,"reported","textfile",16,"31165795",0.002,4e-08,"SmoIndex",TRUE,"reported","uRBDLj",2,TRUE,NA
"78","rs6011779","C","T","C","T",0.028,0.0361,0.191,0.190315,FALSE,FALSE,FALSE,"2ktUpi",0.0334,0.28,"outcome",TRUE,"reported","textfile",20,"61984317",0.003,2.3e-27,"SmoIndex",TRUE,"reported","uRBDLj",2,TRUE,NA
"79","rs60952428","T","C","T","C",0.019,-0.00281,0.909,0.910071,FALSE,FALSE,FALSE,"2ktUpi",0.0459,0.951,"outcome",TRUE,"reported","textfile",16,"75640521",0.003,3e-08,"SmoIndex",TRUE,"reported","uRBDLj",2,TRUE,NA
"80","rs6119897","G","A","G","A",-0.018,-0.0197,0.762,0.762243,FALSE,FALSE,FALSE,"2ktUpi",0.0306,0.52,"outcome",TRUE,"reported","textfile",20,"31145415",0.002,3.6e-15,"SmoIndex",TRUE,"reported","uRBDLj",2,TRUE,NA
"81","rs61796681","A","T","A","T",-0.019,0.0245,0.912,0.911181,FALSE,TRUE,FALSE,"2ktUpi",0.0458,0.593,"outcome",TRUE,"reported","textfile",4,"23678196",0.004,4.2e-08,"SmoIndex",TRUE,"reported","uRBDLj",2,TRUE,NA
"82","rs62098013","G","A","G","A",-0.012,-0.0363,0.64,0.63734,FALSE,FALSE,FALSE,"2ktUpi",0.0275,0.186,"outcome",TRUE,"reported","textfile",18,"50863861",0.002,4.1e-09,"SmoIndex",TRUE,"reported","uRBDLj",2,TRUE,NA
"83","rs62135536","C","T","C","T",0.035,-0.0532,0.968,0.967268,FALSE,FALSE,FALSE,"2ktUpi",0.0735,0.469,"outcome",TRUE,"reported","textfile",2,"44326028",0.006,8e-10,"SmoIndex",TRUE,"reported","uRBDLj",2,TRUE,NA
"84","rs62155874","A","G","A","G",-0.024,-0.0039,0.873,0.87261,FALSE,FALSE,FALSE,"2ktUpi",0.0392,0.921,"outcome",TRUE,"reported","textfile",2,"105973094",0.003,5.2e-16,"SmoIndex",TRUE,"reported","uRBDLj",2,TRUE,NA
"85","rs62175972","T","C","T","C",0.031,0.0759,0.966,0.966252,FALSE,FALSE,FALSE,"2ktUpi",0.0736,0.303,"outcome",TRUE,"reported","textfile",2,"161362830",0.006,1.7e-08,"SmoIndex",TRUE,"reported","uRBDLj",2,TRUE,NA
"86","rs624833","T","G","T","G",0.013,0.0413,0.695,0.693519,FALSE,FALSE,FALSE,"2ktUpi",0.0284,0.145,"outcome",TRUE,"reported","textfile",4,"2881256",0.002,6.6e-10,"SmoIndex",TRUE,"reported","uRBDLj",2,TRUE,NA
"87","rs6562474","C","G","C","G",0.012,-0.0014,0.651,0.652807,FALSE,TRUE,FALSE,"2ktUpi",0.0276,0.96,"outcome",TRUE,"reported","textfile",13,"67332812",0.002,1e-08,"SmoIndex",TRUE,"reported","uRBDLj",2,TRUE,NA
"88","rs6598539","T","C","T","C",-0.012,0.00777,0.489,0.487698,FALSE,FALSE,FALSE,"2ktUpi",0.0262,0.766,"outcome",TRUE,"reported","textfile",15,"99204483",0.002,4.5e-09,"SmoIndex",TRUE,"reported","uRBDLj",2,TRUE,NA
"89","rs6741228","T","C","T","C",0.011,0.0488,0.433,0.432937,FALSE,FALSE,FALSE,"2ktUpi",0.0265,0.0656,"outcome",TRUE,"reported","textfile",2,"22548774",0.002,1.6e-08,"SmoIndex",TRUE,"reported","uRBDLj",2,TRUE,NA
"90","rs67596067","G","A","G","A",-0.013,-0.0432,0.649,0.647285,FALSE,FALSE,FALSE,"2ktUpi",0.0274,0.116,"outcome",TRUE,"reported","textfile",17,"50333733",0.002,1.2e-09,"SmoIndex",TRUE,"reported","uRBDLj",2,TRUE,NA
"91","rs6778080","T","C","T","C",0.016,0.00461,0.267,0.26858,FALSE,FALSE,FALSE,"2ktUpi",0.0296,0.876,"outcome",TRUE,"reported","textfile",3,"49317338",0.002,1.3e-12,"SmoIndex",TRUE,"reported","uRBDLj",2,TRUE,NA
"92","rs6779302","G","T","G","T",-0.013,-0.0353,0.633,0.633275,FALSE,FALSE,FALSE,"2ktUpi",0.0271,0.193,"outcome",TRUE,"reported","textfile",3,"16859710",0.002,1.2e-09,"SmoIndex",TRUE,"reported","uRBDLj",2,TRUE,NA
"93","rs6935954","A","G","A","G",0.014,0.0189,0.421,0.42497,FALSE,FALSE,FALSE,"2ktUpi",0.0264,0.475,"outcome",TRUE,"reported","textfile",6,"26255451",0.002,8.2e-12,"SmoIndex",TRUE,"reported","uRBDLj",2,TRUE,NA
"94","rs6957896","C","T","C","T",-0.011,-0.0447,0.503,0.504133,FALSE,FALSE,FALSE,"2ktUpi",0.0262,0.0874,"outcome",TRUE,"reported","textfile",7,"132309592",0.002,4.5e-08,"SmoIndex",TRUE,"reported","uRBDLj",2,TRUE,NA
"95","rs6962772","A","G","A","G",0.016,0.0755,0.846,0.846007,FALSE,FALSE,FALSE,"2ktUpi",0.0363,0.0375,"outcome",TRUE,"reported","textfile",7,"99081730",0.003,7.8e-09,"SmoIndex",TRUE,"reported","uRBDLj",2,TRUE,NA
"96","rs7039819","G","A","G","A",0.013,0.00107,0.427,0.429058,FALSE,FALSE,FALSE,"2ktUpi",0.0264,0.968,"outcome",TRUE,"reported","textfile",9,"82430418",0.002,5.1e-10,"SmoIndex",TRUE,"reported","uRBDLj",2,TRUE,NA
"97","rs7077678","C","T","C","T",0.012,0.0104,0.623,0.62262,FALSE,FALSE,FALSE,"2ktUpi",0.0271,0.701,"outcome",TRUE,"reported","textfile",10,"104438565",0.002,2.6e-09,"SmoIndex",TRUE,"reported","uRBDLj",2,TRUE,NA
"98","rs71367545","G","A","G","A",-0.015,0.04,0.791,0.789732,FALSE,FALSE,FALSE,"2ktUpi",0.0319,0.21,"outcome",TRUE,"reported","textfile",18,"77576337",0.002,1.4e-09,"SmoIndex",TRUE,"reported","uRBDLj",2,TRUE,NA
"99","rs7155595","A","C","A","C",-0.013,-0.0519,0.674,0.674426,FALSE,FALSE,FALSE,"2ktUpi",0.0279,0.0629,"outcome",TRUE,"reported","textfile",14,"77502546",0.002,2.5e-09,"SmoIndex",TRUE,"reported","uRBDLj",2,TRUE,NA
"100","rs71627581","G","A","G","A",0.019,0.0592,0.889,0.887691,FALSE,FALSE,FALSE,"2ktUpi",0.0414,0.153,"outcome",TRUE,"reported","textfile",5,"43161351",0.003,1.6e-09,"SmoIndex",TRUE,"reported","uRBDLj",2,TRUE,NA
"101","rs72674867","A","T","A","T",0.013,0.0241,0.765,0.765218,FALSE,TRUE,FALSE,"2ktUpi",0.0309,0.436,"outcome",TRUE,"reported","textfile",8,"95578201",0.002,3.8e-08,"SmoIndex",TRUE,"reported","uRBDLj",2,TRUE,NA
"102","rs72678864","G","A","G","A",0.018,-0.00206,0.829,0.826437,FALSE,FALSE,FALSE,"2ktUpi",0.0345,0.952,"outcome",TRUE,"reported","textfile",4,"112422145",0.003,1.6e-11,"SmoIndex",TRUE,"reported","uRBDLj",2,TRUE,NA
"103","rs7297175","T","C","T","C",-0.012,-0.00349,0.431,0.433407,FALSE,FALSE,FALSE,"2ktUpi",0.0264,0.895,"outcome",TRUE,"reported","textfile",12,"56473808",0.002,6.6e-09,"SmoIndex",TRUE,"reported","uRBDLj",2,TRUE,NA
"104","rs732083","G","A","G","A",0.012,-0.00597,0.333,0.333117,FALSE,FALSE,FALSE,"2ktUpi",0.0279,0.83,"outcome",TRUE,"reported","textfile",17,"37834367",0.002,1.5e-08,"SmoIndex",TRUE,"reported","uRBDLj",2,TRUE,NA
"105","rs73220544","A","C","A","C",-0.016,0.0166,0.842,0.842115,FALSE,FALSE,FALSE,"2ktUpi",0.0361,0.645,"outcome",TRUE,"reported","textfile",3,"131074511",0.003,1.5e-08,"SmoIndex",TRUE,"reported","uRBDLj",2,TRUE,NA
"106","rs7333559","G","A","G","A",0.015,0.0142,0.212,0.209374,FALSE,FALSE,FALSE,"2ktUpi",0.0323,0.661,"outcome",TRUE,"reported","textfile",13,"100546450",0.002,3.2e-10,"SmoIndex",TRUE,"reported","uRBDLj",2,TRUE,NA
"107","rs74086911","G","A","G","A",0.021,0.0347,0.925,0.925518,FALSE,FALSE,FALSE,"2ktUpi",0.0495,0.484,"outcome",TRUE,"reported","textfile",12,"50015942",0.004,2.1e-08,"SmoIndex",TRUE,"reported","uRBDLj",2,TRUE,NA
"108","rs7519626","C","T","C","T",0.012,-0.00182,0.324,0.322242,FALSE,FALSE,FALSE,"2ktUpi",0.0279,0.948,"outcome",TRUE,"reported","textfile",1,"99514554",0.002,1.2e-08,"SmoIndex",TRUE,"reported","uRBDLj",2,TRUE,NA
"109","rs7528604","G","A","G","A",0.014,-0.000739,0.566,0.566461,FALSE,FALSE,FALSE,"2ktUpi",0.0265,0.978,"outcome",TRUE,"reported","textfile",1,"66407352",0.002,5.7e-12,"SmoIndex",TRUE,"reported","uRBDLj",2,TRUE,NA
"110","rs7553348","G","A","G","A",0.014,-0.00728,0.438,0.437962,FALSE,FALSE,FALSE,"2ktUpi",0.0264,0.783,"outcome",TRUE,"reported","textfile",1,"75005067",0.002,5.2e-12,"SmoIndex",TRUE,"reported","uRBDLj",2,TRUE,NA
"111","rs7569203","A","C","A","C",-0.016,0.00723,0.689,0.690325,FALSE,FALSE,FALSE,"2ktUpi",0.0284,0.799,"outcome",TRUE,"reported","textfile",2,"45154418",0.002,7.4e-13,"SmoIndex",TRUE,"reported","uRBDLj",2,TRUE,NA
"112","rs75742406","G","A","G","A",0.014,0.0267,0.739,0.736201,FALSE,FALSE,FALSE,"2ktUpi",0.0298,0.371,"outcome",TRUE,"reported","textfile",11,"17070365",0.002,1.3e-09,"SmoIndex",TRUE,"reported","uRBDLj",2,TRUE,NA
"113","rs76608582","C","A","C","A",0.031,0.0396,0.953,0.952088,FALSE,FALSE,FALSE,"2ktUpi",0.0648,0.541,"outcome",TRUE,"reported","textfile",19,"4474725",0.005,3.2e-10,"SmoIndex",TRUE,"reported","uRBDLj",2,TRUE,NA
"114","rs775758","A","T","A","T",0.012,-0.0247,0.433,0.43346,FALSE,TRUE,TRUE,"2ktUpi",0.0265,0.35,"outcome",TRUE,"reported","textfile",3,"77582005",0.002,1.1e-08,"SmoIndex",TRUE,"reported","uRBDLj",2,FALSE,NA
"115","rs7766610","C","A","C","A",0.018,0.0363,0.183,0.182193,FALSE,FALSE,FALSE,"2ktUpi",0.0339,0.284,"outcome",TRUE,"reported","textfile",6,"111707821",0.003,2.2e-12,"SmoIndex",TRUE,"reported","uRBDLj",2,TRUE,NA
"116","rs7807019","A","G","A","G",-0.015,0.00128,0.54,0.539488,FALSE,FALSE,FALSE,"2ktUpi",0.0262,0.961,"outcome",TRUE,"reported","textfile",7,"117543063",0.002,6.7e-14,"SmoIndex",TRUE,"reported","uRBDLj",2,TRUE,NA
"117","rs8042134","T","G","T","G",-0.014,-0.0125,0.541,0.541008,FALSE,FALSE,FALSE,"2ktUpi",0.0264,0.636,"outcome",TRUE,"reported","textfile",15,"97514404",0.002,1.3e-12,"SmoIndex",TRUE,"reported","uRBDLj",2,TRUE,NA
"118","rs8042849","T","C","T","C",0.028,0.0237,0.342,0.659139,FALSE,FALSE,FALSE,"2ktUpi",0.0276,0.39,"outcome",TRUE,"reported","textfile",15,"78817929",0.002,1.8e-39,"SmoIndex",TRUE,"reported","uRBDLj",2,TRUE,NA
"119","rs860326","C","T","C","T",0.012,0.0622,0.428,0.428085,FALSE,FALSE,FALSE,"2ktUpi",0.0265,0.0188,"outcome",TRUE,"reported","textfile",14,"57342912",0.002,2.7e-09,"SmoIndex",TRUE,"reported","uRBDLj",2,TRUE,NA
"120","rs8614","C","A","C","A",-0.017,0.0479,0.817,0.818131,FALSE,FALSE,FALSE,"2ktUpi",0.0339,0.157,"outcome",TRUE,"reported","textfile",17,"27588806",0.003,1.8e-10,"SmoIndex",TRUE,"reported","uRBDLj",2,TRUE,NA
"121","rs889398","C","T","C","T",0.013,-0.00748,0.588,0.58717,FALSE,FALSE,FALSE,"2ktUpi",0.0267,0.779,"outcome",TRUE,"reported","textfile",16,"69556715",0.002,6.3e-11,"SmoIndex",TRUE,"reported","uRBDLj",2,TRUE,NA
"122","rs9435340","T","A","T","A",0.012,-0.00875,0.344,0.344829,FALSE,TRUE,FALSE,"2ktUpi",0.0276,0.751,"outcome",TRUE,"reported","textfile",1,"107593201",0.002,1.2e-08,"SmoIndex",TRUE,"reported","uRBDLj",2,TRUE,NA
"123","rs9842947","C","T","C","T",-0.013,-0.0111,0.326,0.328991,FALSE,FALSE,FALSE,"2ktUpi",0.0279,0.691,"outcome",TRUE,"reported","textfile",3,"157412246",0.002,3.1e-09,"SmoIndex",TRUE,"reported","uRBDLj",2,TRUE,NA
"124","rs986391","G","A","G","A",0.016,0.0104,0.367,0.366921,FALSE,FALSE,FALSE,"2ktUpi",0.0271,0.701,"outcome",TRUE,"reported","textfile",5,"166993972",0.002,9.4e-15,"SmoIndex",TRUE,"reported","uRBDLj",2,TRUE,NA
"125","rs9904288","T","C","T","C",0.012,0.00627,0.708,0.710228,FALSE,FALSE,FALSE,"2ktUpi",0.0287,0.827,"outcome",TRUE,"reported","textfile",17,"47031973",0.002,3.1e-08,"SmoIndex",TRUE,"reported","uRBDLj",2,TRUE,NA
"126","rs9919670","G","A","G","A",-0.022,-0.0427,0.612,0.613968,FALSE,FALSE,FALSE,"2ktUpi",0.0268,0.111,"outcome",TRUE,"reported","textfile",11,"112877304",0.002,7.6e-27,"SmoIndex",TRUE,"reported","uRBDLj",2,TRUE,NA
