"","SNP","effect_allele.exposure","other_allele.exposure","effect_allele.outcome","other_allele.outcome","beta.exposure","beta.outcome","eaf.exposure","eaf.outcome","remove","palindromic","ambiguous","id.outcome","se.outcome","pval.outcome","outcome","mr_keep.outcome","pval_origin.outcome","data_source.outcome","chr.exposure","pos.exposure","se.exposure","pval.exposure","exposure","mr_keep.exposure","pval_origin.exposure","id.exposure","action","mr_keep","samplesize.outcome"
"1","rs10052591","T","C","T","C",0.012,-0.021,0.573,0.571533,FALSE,FALSE,FALSE,"AUZQxH",0.0353,0.553,"outcome",TRUE,"reported","textfile",5,"50812738",0.002,2.1e-09,"SmoIndex",TRUE,"reported","uRBDLj",2,TRUE,NA
"2","rs10226228","A","G","A","G",-0.016,-0.0411,0.63,0.630103,FALSE,FALSE,FALSE,"AUZQxH",0.0362,0.257,"outcome",TRUE,"reported","textfile",7,"32315613",0.002,2e-15,"SmoIndex",TRUE,"reported","uRBDLj",2,TRUE,NA
"3","rs10282292","C","T","C","T",0.013,0.09,0.362,0.358833,FALSE,FALSE,FALSE,"AUZQxH",0.0365,0.0137,"outcome",TRUE,"reported","textfile",7,"111092478",0.002,5.9e-10,"SmoIndex",TRUE,"reported","uRBDLj",2,TRUE,NA
"4","rs1050847","C","T","C","T",0.011,0.0164,0.426,0.420217,FALSE,FALSE,FALSE,"AUZQxH",0.0354,0.644,"outcome",TRUE,"reported","textfile",16,"87443734",0.002,1.4e-08,"SmoIndex",TRUE,"reported","uRBDLj",2,TRUE,NA
"5","rs10823968","A","T","A","T",0.012,0.0351,0.633,0.633206,FALSE,TRUE,FALSE,"AUZQxH",0.0366,0.337,"outcome",TRUE,"reported","textfile",10,"74738269",0.002,2.1e-08,"SmoIndex",TRUE,"reported","uRBDLj",2,TRUE,NA
"6","rs10879871","T","G","T","G",-0.014,-0.00714,0.343,0.340254,FALSE,FALSE,FALSE,"AUZQxH",0.0368,0.846,"outcome",TRUE,"reported","textfile",12,"75380511",0.002,5e-11,"SmoIndex",TRUE,"reported","uRBDLj",2,TRUE,NA
"7","rs10918701","G","A","G","A",0.012,0.0446,0.372,0.369572,FALSE,FALSE,FALSE,"AUZQxH",0.0361,0.217,"outcome",TRUE,"reported","textfile",1,"162090536",0.002,2.1e-08,"SmoIndex",TRUE,"reported","uRBDLj",2,TRUE,NA
"8","rs10922907","A","T","A","T",0.015,-0.01,0.451,0.450404,FALSE,TRUE,TRUE,"AUZQxH",0.0351,0.775,"outcome",TRUE,"reported","textfile",1,"91193049",0.002,3e-13,"SmoIndex",TRUE,"reported","uRBDLj",2,FALSE,NA
"9","rs11210229","A","G","A","G",0.017,0.0126,0.384,0.381265,FALSE,FALSE,FALSE,"AUZQxH",0.0359,0.727,"outcome",TRUE,"reported","textfile",1,"73860028",0.002,2e-16,"SmoIndex",TRUE,"reported","uRBDLj",2,TRUE,NA
"10","rs112282219","G","A","G","A",-0.033,-0.011,0.959,0.958298,FALSE,FALSE,FALSE,"AUZQxH",0.0876,0.9,"outcome",TRUE,"reported","textfile",11,"46632809",0.005,3.8e-11,"SmoIndex",TRUE,"reported","uRBDLj",2,TRUE,NA
"11","rs11255908","T","G","T","G",-0.015,-0.0247,0.743,0.746498,FALSE,FALSE,FALSE,"AUZQxH",0.0401,0.538,"outcome",TRUE,"reported","textfile",10,"8802912",0.002,2.3e-10,"SmoIndex",TRUE,"reported","uRBDLj",2,TRUE,NA
"12","rs113382419","C","A","C","A",-0.041,0.0471,0.889,0.887922,FALSE,FALSE,FALSE,"AUZQxH",0.0555,0.396,"outcome",TRUE,"reported","textfile",9,"136463019",0.003,3e-37,"SmoIndex",TRUE,"reported","uRBDLj",2,TRUE,NA
"13","rs11768481","C","A","C","A",0.013,0.0217,0.666,0.667349,FALSE,FALSE,FALSE,"AUZQxH",0.0372,0.559,"outcome",TRUE,"reported","textfile",7,"96629103",0.002,9.9e-10,"SmoIndex",TRUE,"reported","uRBDLj",2,TRUE,NA
"14","rs11783093","C","T","C","T",0.023,-0.049,0.839,0.838256,FALSE,FALSE,FALSE,"AUZQxH",0.0477,0.304,"outcome",TRUE,"reported","textfile",8,"27425349",0.003,1.2e-16,"SmoIndex",TRUE,"reported","uRBDLj",2,TRUE,NA
"15","rs11861214","G","T","G","T",0.014,0.0436,0.784,0.784168,FALSE,FALSE,FALSE,"AUZQxH",0.0424,0.304,"outcome",TRUE,"reported","textfile",16,"746611",0.002,2e-08,"SmoIndex",TRUE,"reported","uRBDLj",2,TRUE,NA
"16","rs1193237","G","C","G","C",-0.011,-0.0203,0.439,0.439533,FALSE,TRUE,TRUE,"AUZQxH",0.0352,0.565,"outcome",TRUE,"reported","textfile",1,"7526486",0.002,2.8e-08,"SmoIndex",TRUE,"reported","uRBDLj",2,FALSE,NA
"17","rs11948770","T","C","T","C",-0.015,0.0632,0.768,0.768637,FALSE,FALSE,FALSE,"AUZQxH",0.0415,0.128,"outcome",TRUE,"reported","textfile",5,"13246336",0.002,4.9e-10,"SmoIndex",TRUE,"reported","uRBDLj",2,TRUE,NA
"18","rs12202536","A","G","A","G",-0.012,-0.0488,0.513,0.512434,FALSE,FALSE,FALSE,"AUZQxH",0.0349,0.162,"outcome",TRUE,"reported","textfile",6,"67475273",0.002,2.8e-09,"SmoIndex",TRUE,"reported","uRBDLj",2,TRUE,NA
"19","rs1221148","C","G","C","G",0.013,-0.0685,0.587,0.586132,FALSE,TRUE,FALSE,"AUZQxH",0.0354,0.0528,"outcome",TRUE,"reported","textfile",9,"122046875",0.002,7.3e-11,"SmoIndex",TRUE,"reported","uRBDLj",2,TRUE,NA
"20","rs12244388","G","A","G","A",-0.019,0.0543,0.661,0.663899,FALSE,FALSE,FALSE,"AUZQxH",0.0369,0.142,"outcome",TRUE,"reported","textfile",10,"104640052",0.002,1.4e-19,"SmoIndex",TRUE,"reported","uRBDLj",2,TRUE,NA
"21","rs1246265","T","C","T","C",-0.013,0.037,0.305,0.304401,FALSE,FALSE,FALSE,"AUZQxH",0.038,0.329,"outcome",TRUE,"reported","textfile",9,"86761745",0.002,4.2e-09,"SmoIndex",TRUE,"reported","uRBDLj",2,TRUE,NA
"22","rs12481282","G","C","G","C",-0.013,0.0756,0.722,0.721778,FALSE,TRUE,FALSE,"AUZQxH",0.0389,0.0521,"outcome",TRUE,"reported","textfile",20,"44761377",0.002,7.8e-09,"SmoIndex",TRUE,"reported","uRBDLj",2,TRUE,NA
"23","rs12623702","A","G","A","G",-0.014,-0.0486,0.613,0.612841,FALSE,FALSE,FALSE,"AUZQxH",0.0359,0.176,"outcome",TRUE,"reported","textfile",2,"202885506",0.002,7.7e-12,"SmoIndex",TRUE,"reported","uRBDLj",2,TRUE,NA
"24","rs12708665","A","G","A","G",-0.013,-0.0362,0.285,0.284187,FALSE,FALSE,FALSE,"AUZQxH",0.0388,0.35,"outcome",TRUE,"reported","textfile",16,"24728227",0.002,3.5e-09,"SmoIndex",TRUE,"reported","uRBDLj",2,TRUE,NA
"25","rs12831617","C","T","C","T",-0.013,-0.0983,0.764,0.765919,FALSE,FALSE,FALSE,"AUZQxH",0.0412,0.0172,"outcome",TRUE,"reported","textfile",12,"84758368",0.002,1.9e-08,"SmoIndex",TRUE,"reported","uRBDLj",2,TRUE,NA
"26","rs12967855","A","G","A","G",0.012,0.0604,0.331,0.330585,FALSE,FALSE,FALSE,"AUZQxH",0.0373,0.105,"outcome",TRUE,"reported","textfile",18,"35138245",0.002,3.1e-08,"SmoIndex",TRUE,"reported","uRBDLj",2,TRUE,NA
"27","rs13009008","A","G","A","G",0.012,0.0248,0.328,0.325292,FALSE,FALSE,FALSE,"AUZQxH",0.0372,0.505,"outcome",TRUE,"reported","textfile",2,"174043233",0.002,4.6e-09,"SmoIndex",TRUE,"reported","uRBDLj",2,TRUE,NA
"28","rs13016665","C","A","C","A",-0.012,-0.0665,0.577,0.576421,FALSE,FALSE,FALSE,"AUZQxH",0.0356,0.0617,"outcome",TRUE,"reported","textfile",2,"57995348",0.002,1.8e-09,"SmoIndex",TRUE,"reported","uRBDLj",2,TRUE,NA
"29","rs13153393","A","G","A","G",-0.02,0.00927,0.884,0.884219,FALSE,FALSE,FALSE,"AUZQxH",0.0547,0.865,"outcome",TRUE,"reported","textfile",5,"167604213",0.003,2.5e-10,"SmoIndex",TRUE,"reported","uRBDLj",2,TRUE,NA
"30","rs13296519","G","T","G","T",-0.014,-0.0136,0.606,0.605727,FALSE,FALSE,FALSE,"AUZQxH",0.0357,0.703,"outcome",TRUE,"reported","textfile",9,"128471924",0.002,8.1e-12,"SmoIndex",TRUE,"reported","uRBDLj",2,TRUE,NA
"31","rs136233","A","G","A","G",-0.014,0.00565,0.809,0.807893,FALSE,FALSE,FALSE,"AUZQxH",0.0444,0.899,"outcome",TRUE,"reported","textfile",22,"31212410",0.003,1.8e-08,"SmoIndex",TRUE,"reported","uRBDLj",2,TRUE,NA
"32","rs147412694","G","A","G","A",-0.017,-0.0634,0.85,0.850138,FALSE,FALSE,FALSE,"AUZQxH",0.0491,0.196,"outcome",TRUE,"reported","textfile",21,"40702786",0.003,2.9e-09,"SmoIndex",TRUE,"reported","uRBDLj",2,TRUE,NA
"33","rs17309874","G","A","G","A",-0.016,-0.0462,0.74,0.736866,FALSE,FALSE,FALSE,"AUZQxH",0.0397,0.245,"outcome",TRUE,"reported","textfile",11,"27667236",0.002,9.7e-13,"SmoIndex",TRUE,"reported","uRBDLj",2,TRUE,NA
"34","rs17553262","A","C","A","C",-0.018,-0.0362,0.885,0.883821,FALSE,FALSE,FALSE,"AUZQxH",0.0547,0.508,"outcome",TRUE,"reported","textfile",10,"92912773",0.003,5.3e-09,"SmoIndex",TRUE,"reported","uRBDLj",2,TRUE,NA
"35","rs17576594","G","A","G","A",0.016,-0.0832,0.724,0.722677,FALSE,FALSE,FALSE,"AUZQxH",0.0391,0.0332,"outcome",TRUE,"reported","textfile",4,"147952241",0.002,1.7e-12,"SmoIndex",TRUE,"reported","uRBDLj",2,TRUE,NA
"36","rs1922018","C","T","C","T",0.014,-0.0401,0.364,0.366128,FALSE,FALSE,FALSE,"AUZQxH",0.0362,0.267,"outcome",TRUE,"reported","textfile",7,"3560401",0.002,3e-12,"SmoIndex",TRUE,"reported","uRBDLj",2,TRUE,NA
"37","rs1931263","G","T","G","T",-0.011,-0.00719,0.51,0.509734,FALSE,FALSE,FALSE,"AUZQxH",0.0349,0.837,"outcome",TRUE,"reported","textfile",1,"96175101",0.002,4e-08,"SmoIndex",TRUE,"reported","uRBDLj",2,TRUE,NA
"38","rs1933270","T","G","T","G",0.013,0.00694,0.364,0.363237,FALSE,FALSE,FALSE,"AUZQxH",0.0362,0.848,"outcome",TRUE,"reported","textfile",1,"49977965",0.002,1.5e-10,"SmoIndex",TRUE,"reported","uRBDLj",2,TRUE,NA
"39","rs202645","A","G","A","G",-0.015,-0.00672,0.203,0.20183,FALSE,FALSE,FALSE,"AUZQxH",0.0435,0.877,"outcome",TRUE,"reported","textfile",22,"41798520",0.002,3.9e-09,"SmoIndex",TRUE,"reported","uRBDLj",2,TRUE,NA
"40","rs2062882","G","A","G","A",-0.012,-0.0257,0.587,0.587436,FALSE,FALSE,FALSE,"AUZQxH",0.0358,0.473,"outcome",TRUE,"reported","textfile",8,"91839576",0.002,1.1e-08,"SmoIndex",TRUE,"reported","uRBDLj",2,TRUE,NA
"41","rs2080870","A","T","A","T",0.012,0.0131,0.258,0.258685,FALSE,TRUE,FALSE,"AUZQxH",0.0398,0.741,"outcome",TRUE,"reported","textfile",5,"60388313",0.002,4.9e-08,"SmoIndex",TRUE,"reported","uRBDLj",2,TRUE,NA
"42","rs2254710","C","A","C","A",0.013,-0.012,0.236,0.237473,FALSE,FALSE,FALSE,"AUZQxH",0.041,0.769,"outcome",TRUE,"reported","textfile",6,"37477000",0.002,3.5e-08,"SmoIndex",TRUE,"reported","uRBDLj",2,TRUE,NA
"43","rs2401924","G","C","G","C",0.015,0.105,0.502,0.501696,FALSE,TRUE,TRUE,"AUZQxH",0.035,0.00278,"outcome",TRUE,"reported","textfile",7,"115057862",0.002,2.7e-14,"SmoIndex",TRUE,"reported","uRBDLj",2,FALSE,NA
"44","rs245774","A","G","A","G",-0.013,-0.0683,0.272,0.271422,FALSE,FALSE,FALSE,"AUZQxH",0.0393,0.0822,"outcome",TRUE,"reported","textfile",5,"170530930",0.002,7.4e-09,"SmoIndex",TRUE,"reported","uRBDLj",2,TRUE,NA
"45","rs2675638","G","A","G","A",0.012,0.0186,0.581,0.581018,FALSE,FALSE,FALSE,"AUZQxH",0.0353,0.598,"outcome",TRUE,"reported","textfile",10,"63576286",0.002,1.3e-09,"SmoIndex",TRUE,"reported","uRBDLj",2,TRUE,NA
"46","rs2678670","A","T","A","T",0.013,-0.0383,0.486,0.488538,FALSE,TRUE,TRUE,"AUZQxH",0.035,0.273,"outcome",TRUE,"reported","textfile",2,"104469564",0.002,3.1e-10,"SmoIndex",TRUE,"reported","uRBDLj",2,FALSE,NA
"47","rs2838834","C","T","C","T",-0.013,0.0369,0.699,0.699318,FALSE,FALSE,FALSE,"AUZQxH",0.0381,0.333,"outcome",TRUE,"reported","textfile",21,"46665208",0.002,6.3e-10,"SmoIndex",TRUE,"reported","uRBDLj",2,TRUE,NA
"48","rs28485305","C","T","C","T",0.012,0.0116,0.631,0.632505,FALSE,FALSE,FALSE,"AUZQxH",0.0362,0.748,"outcome",TRUE,"reported","textfile",15,"74044197",0.002,2.6e-08,"SmoIndex",TRUE,"reported","uRBDLj",2,TRUE,NA
"49","rs2867112","T","G","T","G",0.021,-0.00529,0.835,0.835591,FALSE,FALSE,FALSE,"AUZQxH",0.0476,0.912,"outcome",TRUE,"reported","textfile",2,"651349",0.003,4.8e-15,"SmoIndex",TRUE,"reported","uRBDLj",2,TRUE,NA
"50","rs2890772","G","T","G","T",-0.02,0.0568,0.413,0.41118,FALSE,FALSE,FALSE,"AUZQxH",0.0355,0.109,"outcome",TRUE,"reported","textfile",2,"146175106",0.002,2.1e-22,"SmoIndex",TRUE,"reported","uRBDLj",2,TRUE,NA
"51","rs2894808","T","A","T","A",-0.022,0.031,0.922,0.922339,FALSE,TRUE,FALSE,"AUZQxH",0.0656,0.637,"outcome",TRUE,"reported","textfile",6,"52861990",0.004,3.5e-09,"SmoIndex",TRUE,"reported","uRBDLj",2,TRUE,NA
"52","rs317021","T","A","T","A",-0.017,0.0422,0.814,0.812124,FALSE,TRUE,FALSE,"AUZQxH",0.0449,0.347,"outcome",TRUE,"reported","textfile",4,"35418368",0.003,1.1e-10,"SmoIndex",TRUE,"reported","uRBDLj",2,TRUE,NA
"53","rs326341","G","A","G","A",0.014,0.026,0.525,0.524002,FALSE,FALSE,FALSE,"AUZQxH",0.0351,0.457,"outcome",TRUE,"reported","textfile",3,"107811142",0.002,1.2e-11,"SmoIndex",TRUE,"reported","uRBDLj",2,TRUE,NA
"54","rs329120","C","T","C","T",0.014,0.011,0.581,0.581761,FALSE,FALSE,FALSE,"AUZQxH",0.0354,0.756,"outcome",TRUE,"reported","textfile",5,"133861756",0.002,6.3e-12,"SmoIndex",TRUE,"reported","uRBDLj",2,TRUE,NA
"55","rs34866095","A","G","A","G",-0.012,-0.0537,0.686,0.686361,FALSE,FALSE,FALSE,"AUZQxH",0.0379,0.157,"outcome",TRUE,"reported","textfile",11,"16377356",0.002,1.2e-08,"SmoIndex",TRUE,"reported","uRBDLj",2,TRUE,NA
"56","rs348809","A","G","A","G",-0.012,-0.0426,0.348,0.346871,FALSE,FALSE,FALSE,"AUZQxH",0.0367,0.245,"outcome",TRUE,"reported","textfile",20,"59032097",0.002,1.3e-08,"SmoIndex",TRUE,"reported","uRBDLj",2,TRUE,NA
"57","rs35169606","T","G","T","G",0.013,0.036,0.612,0.613347,FALSE,FALSE,FALSE,"AUZQxH",0.0363,0.322,"outcome",TRUE,"reported","textfile",8,"9604066",0.002,1.2e-09,"SmoIndex",TRUE,"reported","uRBDLj",2,TRUE,NA
"58","rs35175834","G","A","G","A",-0.024,-0.044,0.788,0.788007,FALSE,FALSE,FALSE,"AUZQxH",0.0427,0.303,"outcome",TRUE,"reported","textfile",15,"47680815",0.002,4.6e-22,"SmoIndex",TRUE,"reported","uRBDLj",2,TRUE,NA
"59","rs35343344","C","A","C","A",0.013,0.0559,0.733,0.733003,FALSE,FALSE,FALSE,"AUZQxH",0.0401,0.163,"outcome",TRUE,"reported","textfile",19,"18471610",0.002,8.8e-09,"SmoIndex",TRUE,"reported","uRBDLj",2,TRUE,NA
"60","rs359243","T","C","T","C",-0.013,-0.126,0.393,0.392879,FALSE,FALSE,FALSE,"AUZQxH",0.0359,0.000458,"outcome",TRUE,"reported","textfile",2,"60475509",0.002,9.5e-10,"SmoIndex",TRUE,"reported","uRBDLj",2,TRUE,NA
"61","rs369230","G","T","G","T",-0.013,-0.0302,0.308,0.311622,FALSE,FALSE,FALSE,"AUZQxH",0.0379,0.427,"outcome",TRUE,"reported","textfile",16,"89645437",0.002,1.8e-09,"SmoIndex",TRUE,"reported","uRBDLj",2,TRUE,NA
"62","rs3742365","T","C","T","C",-0.016,-0.0489,0.595,0.59324,FALSE,FALSE,FALSE,"AUZQxH",0.0356,0.169,"outcome",TRUE,"reported","textfile",14,"104198251",0.002,2.5e-14,"SmoIndex",TRUE,"reported","uRBDLj",2,TRUE,NA
"63","rs3769949","T","A","T","A",-0.012,-0.0265,0.528,0.529089,FALSE,TRUE,TRUE,"AUZQxH",0.0349,0.447,"outcome",TRUE,"reported","textfile",2,"166199284",0.002,2.5e-09,"SmoIndex",TRUE,"reported","uRBDLj",2,FALSE,NA
"64","rs3811038","T","C","T","C",-0.014,-0.00454,0.724,0.722758,FALSE,FALSE,FALSE,"AUZQxH",0.0392,0.908,"outcome",TRUE,"reported","textfile",2,"113240183",0.002,8.9e-10,"SmoIndex",TRUE,"reported","uRBDLj",2,TRUE,NA
"65","rs3896224","A","G","A","G",0.014,0.0702,0.585,0.587458,FALSE,FALSE,FALSE,"AUZQxH",0.0358,0.0498,"outcome",TRUE,"reported","textfile",10,"106467853",0.002,1.1e-11,"SmoIndex",TRUE,"reported","uRBDLj",2,TRUE,NA
"66","rs421983","T","C","T","C",0.013,-0.0297,0.519,0.518483,FALSE,FALSE,FALSE,"AUZQxH",0.0349,0.395,"outcome",TRUE,"reported","textfile",3,"84892866",0.002,3.3e-10,"SmoIndex",TRUE,"reported","uRBDLj",2,TRUE,NA
"67","rs4391802","A","G","A","G",0.015,0.0318,0.707,0.708083,FALSE,FALSE,FALSE,"AUZQxH",0.0385,0.409,"outcome",TRUE,"reported","textfile",11,"28674592",0.002,1.4e-11,"SmoIndex",TRUE,"reported","uRBDLj",2,TRUE,NA
"68","rs4473348","A","T","A","T",-0.015,0.0108,0.25,0.250425,FALSE,TRUE,FALSE,"AUZQxH",0.0402,0.788,"outcome",TRUE,"reported","textfile",2,"182073742",0.002,6.4e-11,"SmoIndex",TRUE,"reported","uRBDLj",2,TRUE,NA
"69","rs4543592","T","C","T","C",-0.012,-0.00377,0.52,0.520517,FALSE,FALSE,FALSE,"AUZQxH",0.035,0.914,"outcome",TRUE,"reported","textfile",9,"3014254",0.002,4.5e-10,"SmoIndex",TRUE,"reported","uRBDLj",2,TRUE,NA
"70","rs4571506","C","T","C","T",0.011,-0.00652,0.54,0.542998,FALSE,FALSE,FALSE,"AUZQxH",0.0351,0.852,"outcome",TRUE,"reported","textfile",5,"87756918",0.002,1.5e-08,"SmoIndex",TRUE,"reported","uRBDLj",2,TRUE,NA
"71","rs4671357","T","C","T","C",-0.014,-0.0813,0.519,0.518997,FALSE,FALSE,FALSE,"AUZQxH",0.035,0.0204,"outcome",TRUE,"reported","textfile",2,"60136176",0.002,1.1e-11,"SmoIndex",TRUE,"reported","uRBDLj",2,TRUE,NA
"72","rs4731925","C","T","C","T",-0.012,-0.055,0.316,0.316284,FALSE,FALSE,FALSE,"AUZQxH",0.0375,0.143,"outcome",TRUE,"reported","textfile",7,"132664757",0.002,2.6e-08,"SmoIndex",TRUE,"reported","uRBDLj",2,TRUE,NA
"73","rs4814873","C","T","C","T",0.014,0.00676,0.767,0.76707,FALSE,FALSE,FALSE,"AUZQxH",0.0413,0.87,"outcome",TRUE,"reported","textfile",20,"19616429",0.002,2.9e-09,"SmoIndex",TRUE,"reported","uRBDLj",2,TRUE,NA
"74","rs4949465","T","C","T","C",-0.017,-0.112,0.87,0.870127,FALSE,FALSE,FALSE,"AUZQxH",0.0519,0.0317,"outcome",TRUE,"reported","textfile",1,"32178489",0.003,1.7e-08,"SmoIndex",TRUE,"reported","uRBDLj",2,TRUE,NA
"75","rs4957528","A","C","A","C",-0.015,0.00866,0.208,0.209058,FALSE,FALSE,FALSE,"AUZQxH",0.0434,0.842,"outcome",TRUE,"reported","textfile",5,"106420589",0.002,4.2e-09,"SmoIndex",TRUE,"reported","uRBDLj",2,TRUE,NA
"76","rs549845","G","A","G","A",0.016,-0.000271,0.301,0.299783,FALSE,FALSE,FALSE,"AUZQxH",0.0381,0.994,"outcome",TRUE,"reported","textfile",1,"44076469",0.002,8.3e-14,"SmoIndex",TRUE,"reported","uRBDLj",2,TRUE,NA
"77","rs57611503","G","A","G","A",0.011,0.065,0.485,0.487977,FALSE,FALSE,FALSE,"AUZQxH",0.0355,0.0672,"outcome",TRUE,"reported","textfile",16,"31165795",0.002,4e-08,"SmoIndex",TRUE,"reported","uRBDLj",2,TRUE,NA
"78","rs6011779","C","T","C","T",0.028,0.0424,0.191,0.190284,FALSE,FALSE,FALSE,"AUZQxH",0.0445,0.341,"outcome",TRUE,"reported","textfile",20,"61984317",0.003,2.3e-27,"SmoIndex",TRUE,"reported","uRBDLj",2,TRUE,NA
"79","rs60952428","T","C","T","C",0.019,-0.0182,0.909,0.910088,FALSE,FALSE,FALSE,"AUZQxH",0.0612,0.766,"outcome",TRUE,"reported","textfile",16,"75640521",0.003,3e-08,"SmoIndex",TRUE,"reported","uRBDLj",2,TRUE,NA
"80","rs6119897","G","A","G","A",-0.018,-0.0313,0.762,0.762109,FALSE,FALSE,FALSE,"AUZQxH",0.0409,0.444,"outcome",TRUE,"reported","textfile",20,"31145415",0.002,3.6e-15,"SmoIndex",TRUE,"reported","uRBDLj",2,TRUE,NA
"81","rs61796681","A","T","A","T",-0.019,-0.0188,0.912,0.911201,FALSE,TRUE,FALSE,"AUZQxH",0.0613,0.759,"outcome",TRUE,"reported","textfile",4,"23678196",0.004,4.2e-08,"SmoIndex",TRUE,"reported","uRBDLj",2,TRUE,NA
"82","rs62098013","G","A","G","A",-0.012,0.0122,0.64,0.637391,FALSE,FALSE,FALSE,"AUZQxH",0.0367,0.738,"outcome",TRUE,"reported","textfile",18,"50863861",0.002,4.1e-09,"SmoIndex",TRUE,"reported","uRBDLj",2,TRUE,NA
"83","rs62135536","C","T","C","T",0.035,-0.00709,0.968,0.967342,FALSE,FALSE,FALSE,"AUZQxH",0.0985,0.943,"outcome",TRUE,"reported","textfile",2,"44326028",0.006,8e-10,"SmoIndex",TRUE,"reported","uRBDLj",2,TRUE,NA
"84","rs62155874","A","G","A","G",-0.024,-0.0134,0.873,0.872718,FALSE,FALSE,FALSE,"AUZQxH",0.0524,0.798,"outcome",TRUE,"reported","textfile",2,"105973094",0.003,5.2e-16,"SmoIndex",TRUE,"reported","uRBDLj",2,TRUE,NA
"85","rs62175972","T","C","T","C",0.031,-0.127,0.966,0.966267,FALSE,FALSE,FALSE,"AUZQxH",0.0979,0.194,"outcome",TRUE,"reported","textfile",2,"161362830",0.006,1.7e-08,"SmoIndex",TRUE,"reported","uRBDLj",2,TRUE,NA
"86","rs624833","T","G","T","G",0.013,0.00929,0.695,0.693572,FALSE,FALSE,FALSE,"AUZQxH",0.0379,0.806,"outcome",TRUE,"reported","textfile",4,"2881256",0.002,6.6e-10,"SmoIndex",TRUE,"reported","uRBDLj",2,TRUE,NA
"87","rs6562474","C","G","C","G",0.012,-0.0434,0.651,0.652868,FALSE,TRUE,FALSE,"AUZQxH",0.0368,0.239,"outcome",TRUE,"reported","textfile",13,"67332812",0.002,1e-08,"SmoIndex",TRUE,"reported","uRBDLj",2,TRUE,NA
"88","rs6598539","T","C","T","C",-0.012,-0.0402,0.489,0.487785,FALSE,FALSE,FALSE,"AUZQxH",0.0349,0.25,"outcome",TRUE,"reported","textfile",15,"99204483",0.002,4.5e-09,"SmoIndex",TRUE,"reported","uRBDLj",2,TRUE,NA
"89","rs6741228","T","C","T","C",0.011,-0.0175,0.433,0.43271,FALSE,FALSE,FALSE,"AUZQxH",0.0354,0.62,"outcome",TRUE,"reported","textfile",2,"22548774",0.002,1.6e-08,"SmoIndex",TRUE,"reported","uRBDLj",2,TRUE,NA
"90","rs67596067","G","A","G","A",-0.013,0.039,0.649,0.647294,FALSE,FALSE,FALSE,"AUZQxH",0.0366,0.288,"outcome",TRUE,"reported","textfile",17,"50333733",0.002,1.2e-09,"SmoIndex",TRUE,"reported","uRBDLj",2,TRUE,NA
"91","rs6778080","T","C","T","C",0.016,-0.0204,0.267,0.268644,FALSE,FALSE,FALSE,"AUZQxH",0.0394,0.605,"outcome",TRUE,"reported","textfile",3,"49317338",0.002,1.3e-12,"SmoIndex",TRUE,"reported","uRBDLj",2,TRUE,NA
"92","rs6779302","G","T","G","T",-0.013,0.0531,0.633,0.633377,FALSE,FALSE,FALSE,"AUZQxH",0.0362,0.143,"outcome",TRUE,"reported","textfile",3,"16859710",0.002,1.2e-09,"SmoIndex",TRUE,"reported","uRBDLj",2,TRUE,NA
"93","rs6935954","A","G","A","G",0.014,0.0309,0.421,0.425067,FALSE,FALSE,FALSE,"AUZQxH",0.0353,0.381,"outcome",TRUE,"reported","textfile",6,"26255451",0.002,8.2e-12,"SmoIndex",TRUE,"reported","uRBDLj",2,TRUE,NA
"94","rs6957896","C","T","C","T",-0.011,-0.00527,0.503,0.503989,FALSE,FALSE,FALSE,"AUZQxH",0.0349,0.88,"outcome",TRUE,"reported","textfile",7,"132309592",0.002,4.5e-08,"SmoIndex",TRUE,"reported","uRBDLj",2,TRUE,NA
"95","rs6962772","A","G","A","G",0.016,0.0945,0.846,0.846007,FALSE,FALSE,FALSE,"AUZQxH",0.0484,0.0507,"outcome",TRUE,"reported","textfile",7,"99081730",0.003,7.8e-09,"SmoIndex",TRUE,"reported","uRBDLj",2,TRUE,NA
"96","rs7039819","G","A","G","A",0.013,0.012,0.427,0.428931,FALSE,FALSE,FALSE,"AUZQxH",0.0353,0.734,"outcome",TRUE,"reported","textfile",9,"82430418",0.002,5.1e-10,"SmoIndex",TRUE,"reported","uRBDLj",2,TRUE,NA
"97","rs7077678","C","T","C","T",0.012,0.0125,0.623,0.622731,FALSE,FALSE,FALSE,"AUZQxH",0.0361,0.729,"outcome",TRUE,"reported","textfile",10,"104438565",0.002,2.6e-09,"SmoIndex",TRUE,"reported","uRBDLj",2,TRUE,NA
"98","rs71367545","G","A","G","A",-0.015,-0.0655,0.791,0.789607,FALSE,FALSE,FALSE,"AUZQxH",0.0427,0.125,"outcome",TRUE,"reported","textfile",18,"77576337",0.002,1.4e-09,"SmoIndex",TRUE,"reported","uRBDLj",2,TRUE,NA
"99","rs7155595","A","C","A","C",-0.013,-0.0206,0.674,0.674454,FALSE,FALSE,FALSE,"AUZQxH",0.0373,0.581,"outcome",TRUE,"reported","textfile",14,"77502546",0.002,2.5e-09,"SmoIndex",TRUE,"reported","uRBDLj",2,TRUE,NA
"100","rs71627581","G","A","G","A",0.019,0.0254,0.889,0.887684,FALSE,FALSE,FALSE,"AUZQxH",0.0552,0.645,"outcome",TRUE,"reported","textfile",5,"43161351",0.003,1.6e-09,"SmoIndex",TRUE,"reported","uRBDLj",2,TRUE,NA
"101","rs72674867","A","T","A","T",0.013,0.0528,0.765,0.765246,FALSE,TRUE,FALSE,"AUZQxH",0.0412,0.2,"outcome",TRUE,"reported","textfile",8,"95578201",0.002,3.8e-08,"SmoIndex",TRUE,"reported","uRBDLj",2,TRUE,NA
"102","rs72678864","G","A","G","A",0.018,0.0483,0.829,0.826456,FALSE,FALSE,FALSE,"AUZQxH",0.0461,0.294,"outcome",TRUE,"reported","textfile",4,"112422145",0.003,1.6e-11,"SmoIndex",TRUE,"reported","uRBDLj",2,TRUE,NA
"103","rs7297175","T","C","T","C",-0.012,-0.023,0.431,0.433412,FALSE,FALSE,FALSE,"AUZQxH",0.0352,0.514,"outcome",TRUE,"reported","textfile",12,"56473808",0.002,6.6e-09,"SmoIndex",TRUE,"reported","uRBDLj",2,TRUE,NA
"104","rs732083","G","A","G","A",0.012,-0.00511,0.333,0.333063,FALSE,FALSE,FALSE,"AUZQxH",0.0371,0.891,"outcome",TRUE,"reported","textfile",17,"37834367",0.002,1.5e-08,"SmoIndex",TRUE,"reported","uRBDLj",2,TRUE,NA
"105","rs73220544","A","C","A","C",-0.016,-0.0451,0.842,0.842025,FALSE,FALSE,FALSE,"AUZQxH",0.0481,0.348,"outcome",TRUE,"reported","textfile",3,"131074511",0.003,1.5e-08,"SmoIndex",TRUE,"reported","uRBDLj",2,TRUE,NA
"106","rs7333559","G","A","G","A",0.015,0.0663,0.212,0.209415,FALSE,FALSE,FALSE,"AUZQxH",0.0431,0.124,"outcome",TRUE,"reported","textfile",13,"100546450",0.002,3.2e-10,"SmoIndex",TRUE,"reported","uRBDLj",2,TRUE,NA
"107","rs74086911","G","A","G","A",0.021,0.0826,0.925,0.9256,FALSE,FALSE,FALSE,"AUZQxH",0.0664,0.214,"outcome",TRUE,"reported","textfile",12,"50015942",0.004,2.1e-08,"SmoIndex",TRUE,"reported","uRBDLj",2,TRUE,NA
"108","rs7519626","C","T","C","T",0.012,0.0679,0.324,0.32218,FALSE,FALSE,FALSE,"AUZQxH",0.0373,0.0684,"outcome",TRUE,"reported","textfile",1,"99514554",0.002,1.2e-08,"SmoIndex",TRUE,"reported","uRBDLj",2,TRUE,NA
"109","rs7528604","G","A","G","A",0.014,-0.0138,0.566,0.566456,FALSE,FALSE,FALSE,"AUZQxH",0.0353,0.697,"outcome",TRUE,"reported","textfile",1,"66407352",0.002,5.7e-12,"SmoIndex",TRUE,"reported","uRBDLj",2,TRUE,NA
"110","rs7553348","G","A","G","A",0.014,0.017,0.438,0.438104,FALSE,FALSE,FALSE,"AUZQxH",0.0352,0.63,"outcome",TRUE,"reported","textfile",1,"75005067",0.002,5.2e-12,"SmoIndex",TRUE,"reported","uRBDLj",2,TRUE,NA
"111","rs7569203","A","C","A","C",-0.016,-0.0199,0.689,0.690308,FALSE,FALSE,FALSE,"AUZQxH",0.0379,0.599,"outcome",TRUE,"reported","textfile",2,"45154418",0.002,7.4e-13,"SmoIndex",TRUE,"reported","uRBDLj",2,TRUE,NA
"112","rs75742406","G","A","G","A",0.014,0.0151,0.739,0.73606,FALSE,FALSE,FALSE,"AUZQxH",0.0398,0.705,"outcome",TRUE,"reported","textfile",11,"17070365",0.002,1.3e-09,"SmoIndex",TRUE,"reported","uRBDLj",2,TRUE,NA
"113","rs76608582","C","A","C","A",0.031,0.012,0.953,0.952043,FALSE,FALSE,FALSE,"AUZQxH",0.0859,0.889,"outcome",TRUE,"reported","textfile",19,"4474725",0.005,3.2e-10,"SmoIndex",TRUE,"reported","uRBDLj",2,TRUE,NA
"114","rs775758","A","T","A","T",0.012,-0.00294,0.433,0.43333,FALSE,TRUE,TRUE,"AUZQxH",0.0353,0.934,"outcome",TRUE,"reported","textfile",3,"77582005",0.002,1.1e-08,"SmoIndex",TRUE,"reported","uRBDLj",2,FALSE,NA
"115","rs7766610","C","A","C","A",0.018,0.0664,0.183,0.182154,FALSE,FALSE,FALSE,"AUZQxH",0.0452,0.142,"outcome",TRUE,"reported","textfile",6,"111707821",0.003,2.2e-12,"SmoIndex",TRUE,"reported","uRBDLj",2,TRUE,NA
"116","rs7807019","A","G","A","G",-0.015,-0.0795,0.54,0.539517,FALSE,FALSE,FALSE,"AUZQxH",0.035,0.0232,"outcome",TRUE,"reported","textfile",7,"117543063",0.002,6.7e-14,"SmoIndex",TRUE,"reported","uRBDLj",2,TRUE,NA
"117","rs8042134","T","G","T","G",-0.014,-0.0423,0.541,0.541061,FALSE,FALSE,FALSE,"AUZQxH",0.0352,0.23,"outcome",TRUE,"reported","textfile",15,"97514404",0.002,1.3e-12,"SmoIndex",TRUE,"reported","uRBDLj",2,TRUE,NA
"118","rs8042849","T","C","T","C",0.028,-0.00278,0.342,0.659285,FALSE,FALSE,FALSE,"AUZQxH",0.0368,0.94,"outcome",TRUE,"reported","textfile",15,"78817929",0.002,1.8e-39,"SmoIndex",TRUE,"reported","uRBDLj",2,TRUE,NA
"119","rs860326","C","T","C","T",0.012,0.029,0.428,0.428132,FALSE,FALSE,FALSE,"AUZQxH",0.0353,0.411,"outcome",TRUE,"reported","textfile",14,"57342912",0.002,2.7e-09,"SmoIndex",TRUE,"reported","uRBDLj",2,TRUE,NA
"120","rs8614","C","A","C","A",-0.017,-0.0709,0.817,0.818128,FALSE,FALSE,FALSE,"AUZQxH",0.0452,0.117,"outcome",TRUE,"reported","textfile",17,"27588806",0.003,1.8e-10,"SmoIndex",TRUE,"reported","uRBDLj",2,TRUE,NA
"121","rs889398","C","T","C","T",0.013,0.0492,0.588,0.586982,FALSE,FALSE,FALSE,"AUZQxH",0.0356,0.166,"outcome",TRUE,"reported","textfile",16,"69556715",0.002,6.3e-11,"SmoIndex",TRUE,"reported","uRBDLj",2,TRUE,NA
"122","rs9435340","T","A","T","A",0.012,0.0281,0.344,0.344861,FALSE,TRUE,FALSE,"AUZQxH",0.0369,0.446,"outcome",TRUE,"reported","textfile",1,"107593201",0.002,1.2e-08,"SmoIndex",TRUE,"reported","uRBDLj",2,TRUE,NA
"123","rs9842947","C","T","C","T",-0.013,0.0198,0.326,0.329001,FALSE,FALSE,FALSE,"AUZQxH",0.0372,0.595,"outcome",TRUE,"reported","textfile",3,"157412246",0.002,3.1e-09,"SmoIndex",TRUE,"reported","uRBDLj",2,TRUE,NA
"124","rs986391","G","A","G","A",0.016,0.0373,0.367,0.367026,FALSE,FALSE,FALSE,"AUZQxH",0.0362,0.303,"outcome",TRUE,"reported","textfile",5,"166993972",0.002,9.4e-15,"SmoIndex",TRUE,"reported","uRBDLj",2,TRUE,NA
"125","rs9904288","T","C","T","C",0.012,0.0405,0.708,0.710382,FALSE,FALSE,FALSE,"AUZQxH",0.0384,0.292,"outcome",TRUE,"reported","textfile",17,"47031973",0.002,3.1e-08,"SmoIndex",TRUE,"reported","uRBDLj",2,TRUE,NA
"126","rs9919670","G","A","G","A",-0.022,0.00574,0.612,0.61402,FALSE,FALSE,FALSE,"AUZQxH",0.0358,0.873,"outcome",TRUE,"reported","textfile",11,"112877304",0.002,7.6e-27,"SmoIndex",TRUE,"reported","uRBDLj",2,TRUE,NA
